game,drawNumber,drawDate,mainNumbers,bonusNumbers,salesAmount,carryoverAmount,prizeTiers
"loto6","1","2000-10-05","2 8 10 13 27 30","39","","0","[{""tier"":1,""winners"":2,""prizeYen"":45513600},{""tier"":2,""winners"":2,""prizeYen"":40961900},{""tier"":3,""winners"":262,""prizeYen"":375200},{""tier"":4,""winners"":12413,""prizeYen"":6900},{""tier"":5,""winners"":174452,""prizeYen"":1000}]"
"loto6","2","2000-10-12","1 9 16 20 21 43","5","","102580607","[{""tier"":1,""winners"":0,""prizeYen"":0},{""tier"":2,""winners"":7,""prizeYen"":13188800},{""tier"":3,""winners"":195,""prizeYen"":568100},{""tier"":4,""winners"":8426,""prizeYen"":11500},{""tier"":5,""winners"":144860,""prizeYen"":1000}]"
"loto6","3","2000-10-19","1 5 15 31 36 38","13","","0","[{""tier"":1,""winners"":2,""prizeYen"":121348100},{""tier"":2,""winners"":8,""prizeYen"":15762800},{""tier"":3,""winners"":164,""prizeYen"":922700},{""tier"":4,""winners"":9450,""prizeYen"":14100},{""tier"":5,""winners"":181437,""prizeYen"":1000}]"
"loto6","4","2000-10-26","16 18 26 27 34 40","13","","128819603","[{""tier"":1,""winners"":0,""prizeYen"":0},{""tier"":2,""winners"":3,""prizeYen"":38645500},{""tier"":3,""winners"":134,""prizeYen"":1038200},{""tier"":4,""winners"":8675,""prizeYen"":14100},{""tier"":5,""winners"":160892,""prizeYen"":1000}]"
"loto6","5","2000-11-02","9 15 21 23 27 28","43","","263982587","[{""tier"":1,""winners"":0,""prizeYen"":0},{""tier"":2,""winners"":9,""prizeYen"":13516100},{""tier"":3,""winners"":258,""prizeYen"":565700},{""tier"":4,""winners"":16473,""prizeYen"":7800},{""tier"":5,""winners"":239987,""prizeYen"":1000}]"
"loto6","6","2000-11-09","6 12 23 25 28 38","22","","124672751","[{""tier"":1,""winners"":1,""prizeYen"":400000000},{""tier"":2,""winners"":5,""prizeYen"":46923800},{""tier"":3,""winners"":787,""prizeYen"":357700},{""tier"":4,""winners"":36421,""prizeYen"":6800},{""tier"":5,""winners"":512712,""prizeYen"":1000}]"
"loto6","7","2000-11-16","7 19 21 23 33 35","26","","0","[{""tier"":1,""winners"":1,""prizeYen"":348644800},{""tier"":2,""winners"":12,""prizeYen"":16797700},{""tier"":3,""winners"":486,""prizeYen"":497700},{""tier"":4,""winners"":23473,""prizeYen"":9000},{""tier"":5,""winners"":354810,""prizeYen"":1000}]"
"loto6","8","2000-11-23","11 16 18 20 42 43","28","","206832135","[{""tier"":1,""winners"":0,""prizeYen"":0},{""tier"":2,""winners"":2,""prizeYen"":93073600},{""tier"":3,""winners"":183,""prizeYen"":1220600},{""tier"":4,""winners"":10337,""prizeYen"":19000},{""tier"":5,""winners"":216684,""prizeYen"":1000}]"
"loto6","9","2000-11-30","11 19 23 38 39 42","15","","56524796","[{""tier"":1,""winners"":1,""prizeYen"":400000000},{""tier"":2,""winners"":14,""prizeYen"":16051500},{""tier"":3,""winners"":548,""prizeYen"":492000},{""tier"":4,""winners"":25632,""prizeYen"":9200},{""tier"":5,""winners"":388610,""prizeYen"":1000}]"
"loto6","10","2000-12-07","1 3 19 21 35 39","26","","296543942","[{""tier"":1,""winners"":0,""prizeYen"":0},{""tier"":2,""winners"":11,""prizeYen"":19637700},{""tier"":3,""winners"":341,""prizeYen"":760100},{""tier"":4,""winners"":17984,""prizeYen"":12700},{""tier"":5,""winners"":311772,""prizeYen"":1000}]"
"loto6","11","2000-12-14","12 26 32 37 40 42","16","","184889411","[{""tier"":1,""winners"":1,""prizeYen"":400000000},{""tier"":2,""winners"":9,""prizeYen"":28834200},{""tier"":3,""winners"":330,""prizeYen"":943600},{""tier"":4,""winners"":21430,""prizeYen"":12800},{""tier"":5,""winners"":363490,""prizeYen"":1000}]"
"loto6","12","2000-12-21","14 17 27 28 35 39","22","","26830542","[{""tier"":1,""winners"":1,""prizeYen"":400000000},{""tier"":2,""winners"":30,""prizeYen"":7258100},{""tier"":3,""winners"":561,""prizeYen"":465700},{""tier"":4,""winners"":27984,""prizeYen"":8200},{""tier"":5,""winners"":432419,""prizeYen"":1000}]"
"loto6","13","2000-12-28","13 29 31 37 41 42","17","","0","[{""tier"":1,""winners"":3,""prizeYen"":90075800},{""tier"":2,""winners"":30,""prizeYen"":7301800},{""tier"":3,""winners"":474,""prizeYen"":554500},{""tier"":4,""winners"":25522,""prizeYen"":9000},{""tier"":5,""winners"":382472,""prizeYen"":1000}]"
"loto6","14","2001-01-04","2 8 11 35 37 38","43","","0","[{""tier"":1,""winners"":1,""prizeYen"":141844600},{""tier"":2,""winners"":2,""prizeYen"":63829500},{""tier"":3,""winners"":217,""prizeYen"":705900},{""tier"":4,""winners"":10272,""prizeYen"":13100},{""tier"":5,""winners"":201531,""prizeYen"":1000}]"
"loto6","15","2001-01-11","4 6 11 20 21 28","36","","202524583","[{""tier"":1,""winners"":0,""prizeYen"":0},{""tier"":2,""winners"":11,""prizeYen"":16570000},{""tier"":3,""winners"":425,""prizeYen"":514600},{""tier"":4,""winners"":19510,""prizeYen"":9800},{""tier"":5,""winners"":306777,""prizeYen"":1000}]"
"loto6","16","2001-01-18","5 12 13 29 34 35","30","","0","[{""tier"":1,""winners"":4,""prizeYen"":114690000},{""tier"":2,""winners"":7,""prizeYen"":32944200},{""tier"":3,""winners"":466,""prizeYen"":593800},{""tier"":4,""winners"":24815,""prizeYen"":9800},{""tier"":5,""winners"":403581,""prizeYen"":1000}]"
"loto6","17","2001-01-25","14 20 25 34 35 36","11","","249208924","[{""tier"":1,""winners"":0,""prizeYen"":0},{""tier"":2,""winners"":7,""prizeYen"":32040800},{""tier"":3,""winners"":209,""prizeYen"":1287700},{""tier"":4,""winners"":14265,""prizeYen"":16600},{""tier"":5,""winners"":264631,""prizeYen"":1000}]"
"loto6","18","2001-02-01","6 16 18 27 36 41","33","","0","[{""tier"":1,""winners"":4,""prizeYen"":130218200},{""tier"":2,""winners"":17,""prizeYen"":14382000},{""tier"":3,""winners"":674,""prizeYen"":435300},{""tier"":4,""winners"":31912,""prizeYen"":8100},{""tier"":5,""winners"":458603,""prizeYen"":1000}]"
"loto6","19","2001-02-08","4 8 12 30 33 43","14","","0","[{""tier"":1,""winners"":2,""prizeYen"":125271100},{""tier"":2,""winners"":10,""prizeYen"":22548600},{""tier"":3,""winners"":456,""prizeYen"":593300},{""tier"":4,""winners"":20349,""prizeYen"":11700},{""tier"":5,""winners"":335124,""prizeYen"":1000}]"
"loto6","20","2001-02-15","7 29 33 35 37 39","19","","0","[{""tier"":1,""winners"":2,""prizeYen"":123069600},{""tier"":2,""winners"":7,""prizeYen"":31646200},{""tier"":3,""winners"":257,""prizeYen"":1034300},{""tier"":4,""winners"":17282,""prizeYen"":13500},{""tier"":5,""winners"":320362,""prizeYen"":1000}]"
"loto6","21","2001-02-22","5 7 13 19 38 41","42","","224948364","[{""tier"":1,""winners"":0,""prizeYen"":0},{""tier"":2,""winners"":8,""prizeYen"":25306400},{""tier"":3,""winners"":665,""prizeYen"":365300},{""tier"":4,""winners"":27090,""prizeYen"":7900},{""tier"":5,""winners"":387888,""prizeYen"":1000}]"
"loto6","22","2001-03-01","8 12 16 19 20 35","41","","0","[{""tier"":1,""winners"":2,""prizeYen"":246918300},{""tier"":2,""winners"":21,""prizeYen"":11523600},{""tier"":3,""winners"":733,""prizeYen"":396100},{""tier"":4,""winners"":36405,""prizeYen"":7000},{""tier"":5,""winners"":491095,""prizeYen"":1000}]"
"loto6","23","2001-03-08","7 10 28 32 33 40","13","","0","[{""tier"":1,""winners"":2,""prizeYen"":123831800},{""tier"":2,""winners"":15,""prizeYen"":14859600},{""tier"":3,""winners"":297,""prizeYen"":900500},{""tier"":4,""winners"":17351,""prizeYen"":13500},{""tier"":5,""winners"":303659,""prizeYen"":1000}]"
"loto6","24","2001-03-15","15 18 19 30 36 38","13","","35077560","[{""tier"":1,""winners"":1,""prizeYen"":200000000},{""tier"":2,""winners"":7,""prizeYen"":30223900},{""tier"":3,""winners"":244,""prizeYen"":1040400},{""tier"":4,""winners"":15939,""prizeYen"":14000},{""tier"":5,""winners"":310560,""prizeYen"":1000}]"
"loto6","25","2001-03-22","11 32 34 37 40 43","8","","0","[{""tier"":1,""winners"":2,""prizeYen"":147444200},{""tier"":2,""winners"":3,""prizeYen"":77942500},{""tier"":3,""winners"":256,""prizeYen"":1096000},{""tier"":4,""winners"":14805,""prizeYen"":16700},{""tier"":5,""winners"":280461,""prizeYen"":1000}]"
"loto6","26","2001-03-29","3 4 11 12 13 43","22","","31090737","[{""tier"":1,""winners"":1,""prizeYen"":200000000},{""tier"":2,""winners"":4,""prizeYen"":51994900},{""tier"":3,""winners"":360,""prizeYen"":693200},{""tier"":4,""winners"":17821,""prizeYen"":12300},{""tier"":5,""winners"":331077,""prizeYen"":1000}]"
"loto6","27","2001-04-05","4 8 20 30 33 38","10","","0","[{""tier"":1,""winners"":1,""prizeYen"":282187900},{""tier"":2,""winners"":9,""prizeYen"":25109400},{""tier"":3,""winners"":446,""prizeYen"":608000},{""tier"":4,""winners"":24088,""prizeYen"":9900},{""tier"":5,""winners"":353601,""prizeYen"":1000}]"
"loto6","28","2001-04-12","6 11 15 20 31 41","7","","238045160","[{""tier"":1,""winners"":0,""prizeYen"":0},{""tier"":2,""winners"":3,""prizeYen"":71412900},{""tier"":3,""winners"":350,""prizeYen"":734500},{""tier"":4,""winners"":19547,""prizeYen"":11600},{""tier"":5,""winners"":350598,""prizeYen"":1000}]"
"loto6","29","2001-04-19","8 12 20 35 37 40","33","","0","[{""tier"":1,""winners"":9,""prizeYen"":57338900},{""tier"":2,""winners"":96,""prizeYen"":2606200},{""tier"":3,""winners"":1729,""prizeYen"":173600},{""tier"":4,""winners"":54200,""prizeYen"":4800},{""tier"":5,""winners"":607285,""prizeYen"":1000}]"
"loto6","30","2001-04-26","4 16 17 19 26 37","8","","258064512","[{""tier"":1,""winners"":0,""prizeYen"":0},{""tier"":2,""winners"":7,""prizeYen"":33179400},{""tier"":3,""winners"":370,""prizeYen"":753200},{""tier"":4,""winners"":23254,""prizeYen"":10500},{""tier"":5,""winners"":384916,""prizeYen"":1000}]"
"loto6","31","2001-05-03","7 18 22 25 28 43","4","","0","[{""tier"":1,""winners"":3,""prizeYen"":176674900},{""tier"":2,""winners"":18,""prizeYen"":13597800},{""tier"":3,""winners"":494,""prizeYen"":594500},{""tier"":4,""winners"":26667,""prizeYen"":9700},{""tier"":5,""winners"":417742,""prizeYen"":1000}]"
"loto6","32","2001-05-10","3 6 7 23 29 41","33","","0","[{""tier"":1,""winners"":2,""prizeYen"":122160100},{""tier"":2,""winners"":15,""prizeYen"":14659000},{""tier"":3,""winners"":409,""prizeYen"":645100},{""tier"":4,""winners"":23377,""prizeYen"":9900},{""tier"":5,""winners"":380930,""prizeYen"":1000}]"
"loto6","33","2001-05-17","8 17 22 25 29 41","13","","0","[{""tier"":1,""winners"":2,""prizeYen"":117951800},{""tier"":2,""winners"":38,""prizeYen"":5587100},{""tier"":3,""winners"":670,""prizeYen"":380200},{""tier"":4,""winners"":26279,""prizeYen"":8500},{""tier"":5,""winners"":362887,""prizeYen"":1000}]"
"loto6","34","2001-05-24","2 20 25 30 37 40","10","","41176145","[{""tier"":1,""winners"":1,""prizeYen"":200000000},{""tier"":2,""winners"":23,""prizeYen"":9437200},{""tier"":3,""winners"":254,""prizeYen"":1025400},{""tier"":4,""winners"":17218,""prizeYen"":13300},{""tier"":5,""winners"":298725,""prizeYen"":1000}]"
"loto6","35","2001-05-31","3 5 13 30 32 41","28","","0","[{""tier"":1,""winners"":1,""prizeYen"":282373700},{""tier"":2,""winners"":10,""prizeYen"":21707500},{""tier"":3,""winners"":408,""prizeYen"":638400},{""tier"":4,""winners"":20721,""prizeYen"":11000},{""tier"":5,""winners"":355420,""prizeYen"":1000}]"
"loto6","36","2001-06-07","1 16 20 23 30 40","17","","36788358","[{""tier"":1,""winners"":1,""prizeYen"":200000000},{""tier"":2,""winners"":7,""prizeYen"":30443900},{""tier"":3,""winners"":331,""prizeYen"":772500},{""tier"":4,""winners"":18447,""prizeYen"":12200},{""tier"":5,""winners"":296613,""prizeYen"":1000}]"
"loto6","37","2001-06-14","3 5 9 17 21 41","26","","0","[{""tier"":1,""winners"":3,""prizeYen"":88178700},{""tier"":2,""winners"":13,""prizeYen"":15767000},{""tier"":3,""winners"":656,""prizeYen"":374900},{""tier"":4,""winners"":28424,""prizeYen"":7600},{""tier"":5,""winners"":416971,""prizeYen"":1000}]"
"loto6","38","2001-06-21","2 9 26 27 34 43","42","","246032418","[{""tier"":1,""winners"":0,""prizeYen"":0},{""tier"":2,""winners"":2,""prizeYen"":110713600},{""tier"":3,""winners"":400,""prizeYen"":664200},{""tier"":4,""winners"":20089,""prizeYen"":11600},{""tier"":5,""winners"":317045,""prizeYen"":1000}]"
"loto6","39","2001-06-28","10 18 22 25 39 42","17","","0","[{""tier"":1,""winners"":8,""prizeYen"":67318200},{""tier"":2,""winners"":21,""prizeYen"":12536100},{""tier"":3,""winners"":980,""prizeYen"":322300},{""tier"":4,""winners"":40602,""prizeYen"":6800},{""tier"":5,""winners"":495866,""prizeYen"":1000}]"
"loto6","40","2001-07-05","5 17 25 34 38 39","2","","0","[{""tier"":1,""winners"":2,""prizeYen"":118547100},{""tier"":2,""winners"":18,""prizeYen"":11854600},{""tier"":3,""winners"":595,""prizeYen"":430300},{""tier"":4,""winners"":28282,""prizeYen"":7900},{""tier"":5,""winners"":400926,""prizeYen"":1000}]"
"loto6","41","2001-07-12","18 21 27 33 36 38","23","","36197335","[{""tier"":1,""winners"":1,""prizeYen"":200000000},{""tier"":2,""winners"":3,""prizeYen"":70858500},{""tier"":3,""winners"":442,""prizeYen"":577100},{""tier"":4,""winners"":24295,""prizeYen"":9200},{""tier"":5,""winners"":379418,""prizeYen"":1000}]"
"loto6","42","2001-07-19","4 15 21 24 33 37","9","","0","[{""tier"":1,""winners"":2,""prizeYen"":134394100},{""tier"":2,""winners"":26,""prizeYen"":8051100},{""tier"":3,""winners"":622,""prizeYen"":403800},{""tier"":4,""winners"":27142,""prizeYen"":8100},{""tier"":5,""winners"":378546,""prizeYen"":1000}]"
"loto6","43","2001-07-26","1 2 3 15 24 26","27","","0","[{""tier"":1,""winners"":3,""prizeYen"":75848800},{""tier"":2,""winners"":9,""prizeYen"":22754400},{""tier"":3,""winners"":397,""prizeYen"":619000},{""tier"":4,""winners"":17837,""prizeYen"":12100},{""tier"":5,""winners"":322186,""prizeYen"":1000}]"
"loto6","44","2001-08-02","3 16 24 31 34 42","36","","0","[{""tier"":1,""winners"":3,""prizeYen"":74421300},{""tier"":2,""winners"":6,""prizeYen"":33489200},{""tier"":3,""winners"":448,""prizeYen"":538200},{""tier"":4,""winners"":19627,""prizeYen"":10800},{""tier"":5,""winners"":309756,""prizeYen"":1000}]"
"loto6","45","2001-08-09","7 9 28 32 36 38","8","","14489512","[{""tier"":1,""winners"":1,""prizeYen"":200000000},{""tier"":2,""winners"":11,""prizeYen"":17548900},{""tier"":3,""winners"":330,""prizeYen"":701900},{""tier"":4,""winners"":16179,""prizeYen"":12600},{""tier"":5,""winners"":293971,""prizeYen"":1000}]"
"loto6","46","2001-08-16","11 14 21 24 25 42","41","","0","[{""tier"":1,""winners"":2,""prizeYen"":111752700},{""tier"":2,""winners"":7,""prizeYen"":26873200},{""tier"":3,""winners"":234,""prizeYen"":964600},{""tier"":4,""winners"":13933,""prizeYen"":14200},{""tier"":5,""winners"":276444,""prizeYen"":1000}]"
"loto6","47","2001-08-23","3 11 14 25 27 31","22","","0","[{""tier"":1,""winners"":5,""prizeYen"":40002200},{""tier"":2,""winners"":15,""prizeYen"":12000500},{""tier"":3,""winners"":557,""prizeYen"":387800},{""tier"":4,""winners"":27414,""prizeYen"":6900},{""tier"":5,""winners"":370999,""prizeYen"":1000}]"
"loto6","48","2001-08-30","2 5 28 30 33 40","26","","0","[{""tier"":1,""winners"":3,""prizeYen"":76260300},{""tier"":2,""winners"":7,""prizeYen"":29414400},{""tier"":3,""winners"":370,""prizeYen"":667700},{""tier"":4,""winners"":19683,""prizeYen"":11000},{""tier"":5,""winners"":332934,""prizeYen"":1000}]"
"loto6","49","2001-09-06","2 13 21 31 32 41","35","","0","[{""tier"":1,""winners"":2,""prizeYen"":118591400},{""tier"":2,""winners"":4,""prizeYen"":53365600},{""tier"":3,""winners"":390,""prizeYen"":656800},{""tier"":4,""winners"":18375,""prizeYen"":12200},{""tier"":5,""winners"":301244,""prizeYen"":1000}]"
"loto6","50","2001-09-13","5 13 15 25 27 39","40","","0","[{""tier"":1,""winners"":4,""prizeYen"":48427800},{""tier"":2,""winners"":19,""prizeYen"":9175700},{""tier"":3,""winners"":823,""prizeYen"":254200},{""tier"":4,""winners"":33048,""prizeYen"":5500},{""tier"":5,""winners"":426120,""prizeYen"":1000}]"
"loto6","51","2001-09-20","7 15 24 37 38 41","34","","0","[{""tier"":1,""winners"":7,""prizeYen"":29184600},{""tier"":2,""winners"":11,""prizeYen"":16714600},{""tier"":3,""winners"":821,""prizeYen"":268700},{""tier"":4,""winners"":30192,""prizeYen"":6400},{""tier"":5,""winners"":410150,""prizeYen"":1000}]"
"loto6","52","2001-09-27","1 16 24 25 36 42","21","","0","[{""tier"":1,""winners"":3,""prizeYen"":72304100},{""tier"":2,""winners"":19,""prizeYen"":10274700},{""tier"":3,""winners"":579,""prizeYen"":404500},{""tier"":4,""winners"":25193,""prizeYen"":8200},{""tier"":5,""winners"":366123,""prizeYen"":1000}]"
"loto6","53","2001-10-04","2 15 23 37 40 43","25","","0","[{""tier"":1,""winners"":6,""prizeYen"":36518100},{""tier"":2,""winners"":41,""prizeYen"":4809600},{""tier"":3,""winners"":900,""prizeYen"":262900},{""tier"":4,""winners"":26945,""prizeYen"":7700},{""tier"":5,""winners"":372118,""prizeYen"":1000}]"
"loto6","54","2001-10-11","14 25 26 31 37 42","7","","17333248","[{""tier"":1,""winners"":1,""prizeYen"":200000000},{""tier"":2,""winners"":35,""prizeYen"":5588500},{""tier"":3,""winners"":481,""prizeYen"":487900},{""tier"":4,""winners"":24408,""prizeYen"":8400},{""tier"":5,""winners"":351230,""prizeYen"":1000}]"
"loto6","55","2001-10-18","11 12 13 14 37 39","28","","256384594","[{""tier"":1,""winners"":0,""prizeYen"":0},{""tier"":2,""winners"":8,""prizeYen"":26893000},{""tier"":3,""winners"":316,""prizeYen"":817000},{""tier"":4,""winners"":18166,""prizeYen"":12500},{""tier"":5,""winners"":336327,""prizeYen"":1000}]"
"loto6","56","2001-10-25","10 13 25 31 32 42","40","","0","[{""tier"":1,""winners"":2,""prizeYen"":293594800},{""tier"":2,""winners"":22,""prizeYen"":13532800},{""tier"":3,""winners"":718,""prizeYen"":497500},{""tier"":4,""winners"":36905,""prizeYen"":8500},{""tier"":5,""winners"":567326,""prizeYen"":1000}]"
"loto6","57","2001-11-01","2 14 22 27 35 42","34","","0","[{""tier"":1,""winners"":14,""prizeYen"":17755700},{""tier"":2,""winners"":38,""prizeYen"":5887300},{""tier"":3,""winners"":1082,""prizeYen"":248100},{""tier"":4,""winners"":32221,""prizeYen"":7300},{""tier"":5,""winners"":418191,""prizeYen"":1000}]"
"loto6","58","2001-11-08","4 8 9 13 16 25","28","","0","[{""tier"":1,""winners"":2,""prizeYen"":116836200},{""tier"":2,""winners"":18,""prizeYen"":11683500},{""tier"":3,""winners"":552,""prizeYen"":457100},{""tier"":4,""winners"":28859,""prizeYen"":7700},{""tier"":5,""winners"":465006,""prizeYen"":1000}]"
"loto6","59","2001-11-15","9 15 17 30 32 41","31","","0","[{""tier"":1,""winners"":3,""prizeYen"":87561500},{""tier"":2,""winners"":9,""prizeYen"":26268200},{""tier"":3,""winners"":462,""prizeYen"":614000},{""tier"":4,""winners"":21725,""prizeYen"":11500},{""tier"":5,""winners"":357653,""prizeYen"":1000}]"
"loto6","60","2001-11-22","20 21 23 28 30 42","29","","76297998","[{""tier"":1,""winners"":1,""prizeYen"":200000000},{""tier"":2,""winners"":5,""prizeYen"":49733200},{""tier"":3,""winners"":259,""prizeYen"":1152100},{""tier"":4,""winners"":15326,""prizeYen"":17100},{""tier"":5,""winners"":312457,""prizeYen"":1000}]"
"loto6","61","2001-11-29","4 8 22 25 27 28","6","","0","[{""tier"":1,""winners"":1,""prizeYen"":338406300},{""tier"":2,""winners"":22,""prizeYen"":10722500},{""tier"":3,""winners"":576,""prizeYen"":491400},{""tier"":4,""winners"":27302,""prizeYen"":9100},{""tier"":5,""winners"":433854,""prizeYen"":1000}]"
"loto6","62","2001-12-06","2 3 9 12 15 30","42","","0","[{""tier"":1,""winners"":5,""prizeYen"":47591800},{""tier"":2,""winners"":11,""prizeYen"":19469200},{""tier"":3,""winners"":700,""prizeYen"":367100},{""tier"":4,""winners"":31169,""prizeYen"":7200},{""tier"":5,""winners"":462949,""prizeYen"":1000}]"
"loto6","63","2001-12-13","11 16 20 28 34 40","22","","0","[{""tier"":1,""winners"":3,""prizeYen"":86096500},{""tier"":2,""winners"":30,""prizeYen"":7748600},{""tier"":3,""winners"":555,""prizeYen"":502600},{""tier"":4,""winners"":24051,""prizeYen"":10200},{""tier"":5,""winners"":363569,""prizeYen"":1000}]"
"loto6","64","2001-12-20","2 14 19 22 32 41","9","","0","[{""tier"":1,""winners"":4,""prizeYen"":63574100},{""tier"":2,""winners"":15,""prizeYen"":15257600},{""tier"":3,""winners"":495,""prizeYen"":554800},{""tier"":4,""winners"":24469,""prizeYen"":9900},{""tier"":5,""winners"":394115,""prizeYen"":1000}]"
"loto6","65","2001-12-27","2 10 22 23 31 43","28","","0","[{""tier"":1,""winners"":2,""prizeYen"":138826100},{""tier"":2,""winners"":11,""prizeYen"":22716800},{""tier"":3,""winners"":438,""prizeYen"":684600},{""tier"":4,""winners"":21072,""prizeYen"":12500},{""tier"":5,""winners"":363414,""prizeYen"":1000}]"
"loto6","66","2002-01-10","7 15 17 30 33 35","14","","0","[{""tier"":1,""winners"":6,""prizeYen"":45895000},{""tier"":2,""winners"":11,""prizeYen"":22530100},{""tier"":3,""winners"":517,""prizeYen"":575200},{""tier"":4,""winners"":25519,""prizeYen"":10200},{""tier"":5,""winners"":418226,""prizeYen"":1000}]"
"loto6","67","2002-01-17","1 4 6 11 18 25","3","","0","[{""tier"":1,""winners"":5,""prizeYen"":47129400},{""tier"":2,""winners"":16,""prizeYen"":13255000},{""tier"":3,""winners"":901,""prizeYen"":282400},{""tier"":4,""winners"":33214,""prizeYen"":6700},{""tier"":5,""winners"":453927,""prizeYen"":1000}]"
"loto6","68","2002-01-24","16 23 30 35 37 39","38","","0","[{""tier"":1,""winners"":4,""prizeYen"":65075000},{""tier"":2,""winners"":6,""prizeYen"":39044600},{""tier"":3,""winners"":625,""prizeYen"":449700},{""tier"":4,""winners"":24938,""prizeYen"":9900},{""tier"":5,""winners"":359955,""prizeYen"":1000}]"
"loto6","69","2002-01-31","1 9 31 35 40 41","14","","78145012","[{""tier"":1,""winners"":1,""prizeYen"":200000000},{""tier"":2,""winners"":9,""prizeYen"":27814200},{""tier"":3,""winners"":261,""prizeYen"":1150900},{""tier"":4,""winners"":16382,""prizeYen"":16100},{""tier"":5,""winners"":310812,""prizeYen"":1000}]"
"loto6","70","2002-02-07","6 11 20 23 24 31","17","","0","[{""tier"":1,""winners"":1,""prizeYen"":381471200},{""tier"":2,""winners"":22,""prizeYen"":12408600},{""tier"":3,""winners"":523,""prizeYen"":626300},{""tier"":4,""winners"":33262,""prizeYen"":8600},{""tier"":5,""winners"":454256,""prizeYen"":1000}]"
"loto6","71","2002-02-14","1 10 11 13 19 20","3","","0","[{""tier"":1,""winners"":3,""prizeYen"":93395200},{""tier"":2,""winners"":27,""prizeYen"":9339400},{""tier"":3,""winners"":548,""prizeYen"":552100},{""tier"":4,""winners"":23930,""prizeYen"":11100},{""tier"":5,""winners"":374719,""prizeYen"":1000}]"
"loto6","72","2002-02-21","10 12 24 29 33 37","34","","0","[{""tier"":1,""winners"":3,""prizeYen"":89058400},{""tier"":2,""winners"":7,""prizeYen"":34350800},{""tier"":3,""winners"":651,""prizeYen"":443200},{""tier"":4,""winners"":25848,""prizeYen"":9800},{""tier"":5,""winners"":395378,""prizeYen"":1000}]"
"loto6","73","2002-02-28","1 6 15 19 27 36","25","","267385456","[{""tier"":1,""winners"":0,""prizeYen"":0},{""tier"":2,""winners"":11,""prizeYen"":21876800},{""tier"":3,""winners"":568,""prizeYen"":508400},{""tier"":4,""winners"":24885,""prizeYen"":10200},{""tier"":5,""winners"":390547,""prizeYen"":1000}]"
"loto6","74","2002-03-07","3 14 27 28 40 43","39","","0","[{""tier"":1,""winners"":3,""prizeYen"":216697800},{""tier"":2,""winners"":22,""prizeYen"":15656100},{""tier"":3,""winners"":906,""prizeYen"":456200},{""tier"":4,""winners"":44991,""prizeYen"":8100},{""tier"":5,""winners"":617550,""prizeYen"":1000}]"
"loto6","75","2002-03-14","2 4 9 19 23 31","18","","0","[{""tier"":1,""winners"":3,""prizeYen"":87271200},{""tier"":2,""winners"":14,""prizeYen"":16830700},{""tier"":3,""winners"":606,""prizeYen"":466500},{""tier"":4,""winners"":30814,""prizeYen"":8000},{""tier"":5,""winners"":469094,""prizeYen"":1000}]"
"loto6","76","2002-03-21","1 10 12 16 20 35","29","","0","[{""tier"":1,""winners"":3,""prizeYen"":82365800},{""tier"":2,""winners"":10,""prizeYen"":22238500},{""tier"":3,""winners"":461,""prizeYen"":578800},{""tier"":4,""winners"":25834,""prizeYen"":9100},{""tier"":5,""winners"":393610,""prizeYen"":1000}]"
"loto6","77","2002-03-28","5 10 15 28 37 38","13","","0","[{""tier"":1,""winners"":3,""prizeYen"":86328300},{""tier"":2,""winners"":14,""prizeYen"":16648800},{""tier"":3,""winners"":465,""prizeYen"":601500},{""tier"":4,""winners"":28836,""prizeYen"":8500},{""tier"":5,""winners"":416082,""prizeYen"":1000}]"
"loto6","78","2002-04-04","5 14 23 32 33 43","37","","0","[{""tier"":1,""winners"":7,""prizeYen"":38856500},{""tier"":2,""winners"":25,""prizeYen"":9791700},{""tier"":3,""winners"":970,""prizeYen"":302800},{""tier"":4,""winners"":34314,""prizeYen"":7500},{""tier"":5,""winners"":356876,""prizeYen"":1000}]"
"loto6","79","2002-04-11","20 22 27 32 36 43","23","","85172896","[{""tier"":1,""winners"":1,""prizeYen"":200000000},{""tier"":2,""winners"":10,""prizeYen"":25665300},{""tier"":3,""winners"":230,""prizeYen"":1339000},{""tier"":4,""winners"":13883,""prizeYen"":19500},{""tier"":5,""winners"":287997,""prizeYen"":1000}]"
"loto6","80","2002-04-18","1 4 12 16 19 34","18","","0","[{""tier"":1,""winners"":1,""prizeYen"":361173200},{""tier"":2,""winners"":14,""prizeYen"":17742700},{""tier"":3,""winners"":693,""prizeYen"":430100},{""tier"":4,""winners"":43581,""prizeYen"":6000},{""tier"":5,""winners"":475371,""prizeYen"":1000}]"
"loto6","81","2002-04-25","1 11 15 23 26 27","41","","0","[{""tier"":1,""winners"":3,""prizeYen"":82115000},{""tier"":2,""winners"":24,""prizeYen"":9237800},{""tier"":3,""winners"":643,""prizeYen"":413700},{""tier"":4,""winners"":33795,""prizeYen"":6900},{""tier"":5,""winners"":495723,""prizeYen"":1000}]"
"loto6","82","2002-05-02","10 12 19 25 26 39","28","","54432400","[{""tier"":1,""winners"":1,""prizeYen"":200000000},{""tier"":2,""winners"":18,""prizeYen"":12721500},{""tier"":3,""winners"":610,""prizeYen"":450400},{""tier"":4,""winners"":28322,""prizeYen"":8500},{""tier"":5,""winners"":439538,""prizeYen"":1000}]"
"loto6","83","2002-05-09","1 16 21 28 35 37","30","","0","[{""tier"":1,""winners"":1,""prizeYen"":338040600},{""tier"":2,""winners"":12,""prizeYen"":21270400},{""tier"":3,""winners"":589,""prizeYen"":520000},{""tier"":4,""winners"":28110,""prizeYen"":9600},{""tier"":5,""winners"":441331,""prizeYen"":1000}]"
"loto6","84","2002-05-16","17 19 26 28 35 37","40","","0","[{""tier"":1,""winners"":17,""prizeYen"":15692300},{""tier"":2,""winners"":8,""prizeYen"":30011300},{""tier"":3,""winners"":778,""prizeYen"":370300},{""tier"":4,""winners"":30147,""prizeYen"":8400},{""tier"":5,""winners"":398537,""prizeYen"":1000}]"
"loto6","85","2002-05-23","5 13 18 22 23 32","28","","245818952","[{""tier"":1,""winners"":0,""prizeYen"":0},{""tier"":2,""winners"":22,""prizeYen"":10056100},{""tier"":3,""winners"":723,""prizeYen"":367100},{""tier"":4,""winners"":37065,""prizeYen"":6300},{""tier"":5,""winners"":453131,""prizeYen"":1000}]"
"loto6","86","2002-05-30","3 7 16 24 29 36","26","","0","[{""tier"":1,""winners"":14,""prizeYen"":42353400},{""tier"":2,""winners"":27,""prizeYen"":11570800},{""tier"":3,""winners"":1793,""prizeYen"":209000},{""tier"":4,""winners"":51744,""prizeYen"":6300},{""tier"":5,""winners"":651376,""prizeYen"":1000}]"
"loto6","87","2002-06-06","3 8 12 36 39 41","10","","0","[{""tier"":1,""winners"":3,""prizeYen"":91415900},{""tier"":2,""winners"":7,""prizeYen"":35260100},{""tier"":3,""winners"":470,""prizeYen"":630100},{""tier"":4,""winners"":22651,""prizeYen"":11500},{""tier"":5,""winners"":372793,""prizeYen"":1000}]"
"loto6","88","2002-06-13","5 6 8 20 21 26","30","","0","[{""tier"":1,""winners"":4,""prizeYen"":64721700},{""tier"":2,""winners"":14,""prizeYen"":16642600},{""tier"":3,""winners"":411,""prizeYen"":680200},{""tier"":4,""winners"":20457,""prizeYen"":12000},{""tier"":5,""winners"":362961,""prizeYen"":1000}]"
"loto6","89","2002-06-20","3 13 23 30 35 43","21","","0","[{""tier"":1,""winners"":7,""prizeYen"":37734400},{""tier"":2,""winners"":14,""prizeYen"":16980300},{""tier"":3,""winners"":1734,""prizeYen"":164500},{""tier"":4,""winners"":29559,""prizeYen"":8500},{""tier"":5,""winners"":352769,""prizeYen"":1000}]"
"loto6","90","2002-06-27","13 15 17 18 30 32","9","","0","[{""tier"":1,""winners"":2,""prizeYen"":138036100},{""tier"":2,""winners"":9,""prizeYen"":27606900},{""tier"":3,""winners"":342,""prizeYen"":871700},{""tier"":4,""winners"":18739,""prizeYen"":14000},{""tier"":5,""winners"":330943,""prizeYen"":1000}]"
"loto6","91","2002-07-04","13 15 17 26 41 43","6","","272652637","[{""tier"":1,""winners"":0,""prizeYen"":0},{""tier"":2,""winners"":6,""prizeYen"":40897500},{""tier"":3,""winners"":360,""prizeYen"":817900},{""tier"":4,""winners"":18661,""prizeYen"":13900},{""tier"":5,""winners"":352120,""prizeYen"":1000}]"
"loto6","92","2002-07-11","5 17 20 24 28 40","16","","0","[{""tier"":1,""winners"":2,""prizeYen"":327322500},{""tier"":2,""winners"":13,""prizeYen"":26445300},{""tier"":3,""winners"":764,""prizeYen"":539900},{""tier"":4,""winners"":34763,""prizeYen"":10400},{""tier"":5,""winners"":558790,""prizeYen"":1000}]"
"loto6","93","2002-07-18","10 23 33 36 37 41","28","","90824312","[{""tier"":1,""winners"":1,""prizeYen"":200000000},{""tier"":2,""winners"":4,""prizeYen"":65434800},{""tier"":3,""winners"":293,""prizeYen"":1071900},{""tier"":4,""winners"":19838,""prizeYen"":13900},{""tier"":5,""winners"":383763,""prizeYen"":1000}]"
"loto6","94","2002-07-25","11 16 17 18 29 40","9","","0","[{""tier"":1,""winners"":3,""prizeYen"":129048500},{""tier"":2,""winners"":8,""prizeYen"":33335800},{""tier"":3,""winners"":430,""prizeYen"":744200},{""tier"":4,""winners"":25660,""prizeYen"":11000},{""tier"":5,""winners"":400459,""prizeYen"":1000}]"
"loto6","95","2002-08-01","2 3 12 15 25 27","33","","0","[{""tier"":1,""winners"":5,""prizeYen"":43829200},{""tier"":2,""winners"":13,""prizeYen"":15171500},{""tier"":3,""winners"":841,""prizeYen"":281400},{""tier"":4,""winners"":39241,""prizeYen"":5300},{""tier"":5,""winners"":558088,""prizeYen"":1000}]"
"loto6","96","2002-08-08","1 13 15 34 36 43","37","","0","[{""tier"":1,""winners"":2,""prizeYen"":128990100},{""tier"":2,""winners"":8,""prizeYen"":29022500},{""tier"":3,""winners"":418,""prizeYen"":666500},{""tier"":4,""winners"":20988,""prizeYen"":11700},{""tier"":5,""winners"":372713,""prizeYen"":1000}]"
"loto6","97","2002-08-15","4 10 17 34 35 42","43","","236692230","[{""tier"":1,""winners"":0,""prizeYen"":0},{""tier"":2,""winners"":4,""prizeYen"":53255200},{""tier"":3,""winners"":448,""prizeYen"":570500},{""tier"":4,""winners"":19939,""prizeYen"":11300},{""tier"":5,""winners"":323401,""prizeYen"":1000}]"
"loto6","98","2002-08-22","7 16 34 37 38 39","8","","189047171","[{""tier"":1,""winners"":1,""prizeYen"":400000000},{""tier"":2,""winners"":9,""prizeYen"":35235100},{""tier"":3,""winners"":464,""prizeYen"":820100},{""tier"":4,""winners"":27308,""prizeYen"":12200},{""tier"":5,""winners"":480615,""prizeYen"":1000}]"
"loto6","99","2002-08-29","5 9 12 28 29 39","27","","104053862","[{""tier"":1,""winners"":1,""prizeYen"":400000000},{""tier"":2,""winners"":23,""prizeYen"":12326200},{""tier"":3,""winners"":720,""prizeYen"":472500},{""tier"":4,""winners"":36592,""prizeYen"":8200},{""tier"":5,""winners"":554349,""prizeYen"":1000}]"
"loto6","100","2002-09-05","6 8 11 14 31 33","23","","0","[{""tier"":1,""winners"":11,""prizeYen"":38560400},{""tier"":2,""winners"":35,""prizeYen"":8231300},{""tier"":3,""winners"":1054,""prizeYen"":328000},{""tier"":4,""winners"":42163,""prizeYen"":7200},{""tier"":5,""winners"":591591,""prizeYen"":1000}]"
"loto6","101","2002-09-12","21 27 29 30 36 40","23","","114154706","[{""tier"":1,""winners"":1,""prizeYen"":200000000},{""tier"":2,""winners"":14,""prizeYen"":20195400},{""tier"":3,""winners"":246,""prizeYen"":1379200},{""tier"":4,""winners"":15862,""prizeYen"":18800},{""tier"":5,""winners"":320922,""prizeYen"":1000}]"
"loto6","102","2002-09-19","4 5 18 27 35 36","41","","0","[{""tier"":1,""winners"":4,""prizeYen"":103928500},{""tier"":2,""winners"":36,""prizeYen"":7538900},{""tier"":3,""winners"":916,""prizeYen"":355500},{""tier"":4,""winners"":32275,""prizeYen"":8900},{""tier"":5,""winners"":482669,""prizeYen"":1000}]"
"loto6","103","2002-09-26","1 16 17 27 29 34","39","","0","[{""tier"":1,""winners"":3,""prizeYen"":89200800},{""tier"":2,""winners"":15,""prizeYen"":16056000},{""tier"":3,""winners"":581,""prizeYen"":497400},{""tier"":4,""winners"":27080,""prizeYen"":9400},{""tier"":5,""winners"":459807,""prizeYen"":1000}]"
"loto6","104","2002-10-03","1 11 17 26 28 35","12","","0","[{""tier"":1,""winners"":6,""prizeYen"":42082300},{""tier"":2,""winners"":18,""prizeYen"":12624500},{""tier"":3,""winners"":818,""prizeYen"":333300},{""tier"":4,""winners"":35780,""prizeYen"":6700},{""tier"":5,""winners"":484032,""prizeYen"":1000}]"
"loto6","105","2002-10-10","1 9 14 22 25 34","18","","0","[{""tier"":1,""winners"":2,""prizeYen"":137026100},{""tier"":2,""winners"":16,""prizeYen"":15415300},{""tier"":3,""winners"":455,""prizeYen"":650400},{""tier"":4,""winners"":22948,""prizeYen"":11300},{""tier"":5,""winners"":398222,""prizeYen"":1000}]"
"loto6","106","2002-10-17","8 11 21 22 25 27","26","","0","[{""tier"":1,""winners"":2,""prizeYen"":128251100},{""tier"":2,""winners"":12,""prizeYen"":19237500},{""tier"":3,""winners"":539,""prizeYen"":513900},{""tier"":4,""winners"":28706,""prizeYen"":8500},{""tier"":5,""winners"":458153,""prizeYen"":1000}]"
"loto6","107","2002-10-24","4 5 11 12 28 32","37","","48191186","[{""tier"":1,""winners"":1,""prizeYen"":200000000},{""tier"":2,""winners"":15,""prizeYen"":14891300},{""tier"":3,""winners"":681,""prizeYen"":393600},{""tier"":4,""winners"":33377,""prizeYen"":7000},{""tier"":5,""winners"":489113,""prizeYen"":1000}]"
"loto6","108","2002-10-31","9 22 23 25 34 37","8","","0","[{""tier"":1,""winners"":4,""prizeYen"":84243100},{""tier"":2,""winners"":8,""prizeYen"":32487600},{""tier"":3,""winners"":502,""prizeYen"":621200},{""tier"":4,""winners"":29437,""prizeYen"":9300},{""tier"":5,""winners"":464491,""prizeYen"":1000}]"
"loto6","109","2002-11-07","2 5 12 18 30 41","24","","71918699","[{""tier"":1,""winners"":1,""prizeYen"":200000000},{""tier"":2,""winners"":23,""prizeYen"":10640200},{""tier"":3,""winners"":517,""prizeYen"":568000},{""tier"":4,""winners"":25729,""prizeYen"":10000},{""tier"":5,""winners"":414197,""prizeYen"":1000}]"
"loto6","110","2002-11-14","5 6 8 19 37 41","9","","381315724","[{""tier"":1,""winners"":0,""prizeYen"":0},{""tier"":2,""winners"":8,""prizeYen"":34806800},{""tier"":3,""winners"":487,""prizeYen"":686100},{""tier"":4,""winners"":25102,""prizeYen"":11700},{""tier"":5,""winners"":423201,""prizeYen"":1000}]"
"loto6","111","2002-11-21","11 15 21 31 32 43","24","","0","[{""tier"":1,""winners"":6,""prizeYen"":135843900},{""tier"":2,""winners"":20,""prizeYen"":19518400},{""tier"":3,""winners"":708,""prizeYen"":661600},{""tier"":4,""winners"":35077,""prizeYen"":11700},{""tier"":5,""winners"":566719,""prizeYen"":1000}]"
"loto6","112","2002-11-28","16 18 23 25 29 30","41","","90468272","[{""tier"":1,""winners"":1,""prizeYen"":200000000},{""tier"":2,""winners"":14,""prizeYen"":18672700},{""tier"":3,""winners"":565,""prizeYen"":555200},{""tier"":4,""winners"":27463,""prizeYen"":10000},{""tier"":5,""winners"":436302,""prizeYen"":1000}]"
"loto6","113","2002-12-05","3 17 27 29 30 42","6","","1913571","[{""tier"":1,""winners"":1,""prizeYen"":400000000},{""tier"":2,""winners"":8,""prizeYen"":35037200},{""tier"":3,""winners"":451,""prizeYen"":745800},{""tier"":4,""winners"":26272,""prizeYen"":11200},{""tier"":5,""winners"":455528,""prizeYen"":1000}]"
"loto6","114","2002-12-12","7 13 14 29 38 42","9","","0","[{""tier"":1,""winners"":3,""prizeYen"":96073000},{""tier"":2,""winners"":16,""prizeYen"":16104500},{""tier"":3,""winners"":832,""prizeYen"":371600},{""tier"":4,""winners"":33620,""prizeYen"":8100},{""tier"":5,""winners"":467545,""prizeYen"":1000}]"
"loto6","115","2002-12-19","8 9 11 27 37 39","18","","0","[{""tier"":1,""winners"":3,""prizeYen"":87704500},{""tier"":2,""winners"":22,""prizeYen"":10763600},{""tier"":3,""winners"":752,""prizeYen"":377800},{""tier"":4,""winners"":36388,""prizeYen"":6800},{""tier"":5,""winners"":552962,""prizeYen"":1000}]"
"loto6","116","2002-12-26","8 10 15 16 26 31","42","","97738341","[{""tier"":1,""winners"":1,""prizeYen"":200000000},{""tier"":2,""winners"":14,""prizeYen"":19140100},{""tier"":3,""winners"":552,""prizeYen"":582500},{""tier"":4,""winners"":27613,""prizeYen"":10200},{""tier"":5,""winners"":447169,""prizeYen"":1000}]"
"loto6","117","2003-01-09","5 7 19 20 38 43","4","","0","[{""tier"":1,""winners"":2,""prizeYen"":228456200},{""tier"":2,""winners"":13,""prizeYen"":24865600},{""tier"":3,""winners"":639,""prizeYen"":607000},{""tier"":4,""winners"":30088,""prizeYen"":11300},{""tier"":5,""winners"":466250,""prizeYen"":1000}]"
"loto6","118","2003-01-16","9 13 21 30 32 37","20","","0","[{""tier"":1,""winners"":7,""prizeYen"":43286000},{""tier"":2,""winners"":15,""prizeYen"":18179900},{""tier"":3,""winners"":614,""prizeYen"":532900},{""tier"":4,""winners"":26631,""prizeYen"":10800},{""tier"":5,""winners"":417829,""prizeYen"":1000}]"
"loto6","119","2003-01-23","3 4 11 12 15 30","17","","0","[{""tier"":1,""winners"":5,""prizeYen"":52449800},{""tier"":2,""winners"":17,""prizeYen"":13883600},{""tier"":3,""winners"":832,""prizeYen"":340400},{""tier"":4,""winners"":36069,""prizeYen"":6900},{""tier"":5,""winners"":529753,""prizeYen"":1000}]"
"loto6","120","2003-01-30","15 18 22 25 36 40","14","","0","[{""tier"":1,""winners"":2,""prizeYen"":143793600},{""tier"":2,""winners"":16,""prizeYen"":16176600},{""tier"":3,""winners"":574,""prizeYen"":541100},{""tier"":4,""winners"":28042,""prizeYen"":9700},{""tier"":5,""winners"":442494,""prizeYen"":1000}]"
"loto6","121","2003-02-06","3 8 10 22 28 41","35","","285431235","[{""tier"":1,""winners"":0,""prizeYen"":0},{""tier"":2,""winners"":19,""prizeYen"":13520300},{""tier"":3,""winners"":583,""prizeYen"":528700},{""tier"":4,""winners"":28864,""prizeYen"":9400},{""tier"":5,""winners"":460271,""prizeYen"":1000}]"
"loto6","122","2003-02-13","19 20 21 25 33 42","41","","301170783","[{""tier"":1,""winners"":1,""prizeYen"":400000000},{""tier"":2,""winners"":18,""prizeYen"":20786700},{""tier"":3,""winners"":705,""prizeYen"":636800},{""tier"":4,""winners"":35385,""prizeYen"":11100},{""tier"":5,""winners"":577268,""prizeYen"":1000}]"
"loto6","123","2003-02-20","14 21 26 28 29 31","8","","0","[{""tier"":1,""winners"":3,""prizeYen"":244266200},{""tier"":2,""winners"":16,""prizeYen"":24278800},{""tier"":3,""winners"":466,""prizeYen"":1000300},{""tier"":4,""winners"":29374,""prizeYen"":13900},{""tier"":5,""winners"":529941,""prizeYen"":1000}]"
"loto6","124","2003-02-27","4 17 23 30 39 40","28","","321968723","[{""tier"":1,""winners"":0,""prizeYen"":0},{""tier"":2,""winners"":17,""prizeYen"":17045200},{""tier"":3,""winners"":619,""prizeYen"":561700},{""tier"":4,""winners"":28010,""prizeYen"":10900},{""tier"":5,""winners"":442250,""prizeYen"":1000}]"
"loto6","125","2003-03-06","11 15 19 30 36 41","10","","0","[{""tier"":1,""winners"":6,""prizeYen"":121122400},{""tier"":2,""winners"":14,""prizeYen"":26020400},{""tier"":3,""winners"":777,""prizeYen"":562600},{""tier"":4,""winners"":41364,""prizeYen"":9300},{""tier"":5,""winners"":653963,""prizeYen"":1000}]"
"loto6","126","2003-03-13","5 6 9 10 21 38","20","","115172879","[{""tier"":1,""winners"":1,""prizeYen"":200000000},{""tier"":2,""winners"":9,""prizeYen"":31517000},{""tier"":3,""winners"":447,""prizeYen"":761400},{""tier"":4,""winners"":28682,""prizeYen"":10400},{""tier"":5,""winners"":474575,""prizeYen"":1000}]"
"loto6","127","2003-03-20","14 16 21 26 37 40","3","","69664311","[{""tier"":1,""winners"":1,""prizeYen"":400000000},{""tier"":2,""winners"":21,""prizeYen"":15192300},{""tier"":3,""winners"":441,""prizeYen"":868100},{""tier"":4,""winners"":29025,""prizeYen"":11600},{""tier"":5,""winners"":494314,""prizeYen"":1000}]"
"loto6","128","2003-03-27","6 10 18 20 29 39","21","","0","[{""tier"":1,""winners"":3,""prizeYen"":140907200},{""tier"":2,""winners"":9,""prizeYen"":35305400},{""tier"":3,""winners"":537,""prizeYen"":710000},{""tier"":4,""winners"":26124,""prizeYen"":12800},{""tier"":5,""winners"":434474,""prizeYen"":1000}]"
"loto6","129","2003-04-03","6 18 25 26 30 42","24","","107379873","[{""tier"":1,""winners"":1,""prizeYen"":200000000},{""tier"":2,""winners"":11,""prizeYen"":25149000},{""tier"":3,""winners"":557,""prizeYen"":595900},{""tier"":4,""winners"":28421,""prizeYen"":10300},{""tier"":5,""winners"":444317,""prizeYen"":1000}]"
"loto6","130","2003-04-10","22 30 31 34 38 39","2","","96226445","[{""tier"":1,""winners"":1,""prizeYen"":400000000},{""tier"":2,""winners"":9,""prizeYen"":38884300},{""tier"":3,""winners"":298,""prizeYen"":1409200},{""tier"":4,""winners"":18691,""prizeYen"":19800},{""tier"":5,""winners"":378820,""prizeYen"":1000}]"
"loto6","131","2003-04-17","6 30 33 34 40 43","1","","481310551","[{""tier"":1,""winners"":0,""prizeYen"":0},{""tier"":2,""winners"":6,""prizeYen"":57762100},{""tier"":3,""winners"":350,""prizeYen"":1188200},{""tier"":4,""winners"":18375,""prizeYen"":19900},{""tier"":5,""winners"":357941,""prizeYen"":1000}]"
"loto6","132","2003-04-24","3 18 23 31 32 37","1","","0","[{""tier"":1,""winners"":4,""prizeYen"":236257900},{""tier"":2,""winners"":15,""prizeYen"":27823000},{""tier"":3,""winners"":944,""prizeYen"":530500},{""tier"":4,""winners"":44871,""prizeYen"":9800},{""tier"":5,""winners"":704596,""prizeYen"":1000}]"
"loto6","133","2003-05-01","17 24 26 35 40 41","16","","128284143","[{""tier"":1,""winners"":1,""prizeYen"":200000000},{""tier"":2,""winners"":7,""prizeYen"":42207500},{""tier"":3,""winners"":549,""prizeYen"":645700},{""tier"":4,""winners"":34945,""prizeYen"":8900},{""tier"":5,""winners"":476667,""prizeYen"":1000}]"
"loto6","134","2003-05-08","2 6 11 14 18 19","21","","0","[{""tier"":1,""winners"":5,""prizeYen"":93700700},{""tier"":2,""winners"":29,""prizeYen"":10558400},{""tier"":3,""winners"":1147,""prizeYen"":320300},{""tier"":4,""winners"":37674,""prizeYen"":8600},{""tier"":5,""winners"":565949,""prizeYen"":1000}]"
"loto6","135","2003-05-15","7 13 30 33 35 36","11","","0","[{""tier"":1,""winners"":2,""prizeYen"":161139000},{""tier"":2,""winners"":20,""prizeYen"":14502300},{""tier"":3,""winners"":540,""prizeYen"":644500},{""tier"":4,""winners"":27509,""prizeYen"":11100},{""tier"":5,""winners"":461066,""prizeYen"":1000}]"
"loto6","136","2003-05-22","3 13 26 31 32 39","1","","0","[{""tier"":1,""winners"":2,""prizeYen"":155571800},{""tier"":2,""winners"":17,""prizeYen"":16472100},{""tier"":3,""winners"":631,""prizeYen"":532500},{""tier"":4,""winners"":31605,""prizeYen"":9300},{""tier"":5,""winners"":474385,""prizeYen"":1000}]"
"loto6","137","2003-05-29","10 13 20 22 25 42","14","","0","[{""tier"":1,""winners"":3,""prizeYen"":103964400},{""tier"":2,""winners"":8,""prizeYen"":35087700},{""tier"":3,""winners"":483,""prizeYen"":697300},{""tier"":4,""winners"":27067,""prizeYen"":10900},{""tier"":5,""winners"":459652,""prizeYen"":1000}]"
"loto6","138","2003-06-05","7 9 10 16 23 29","18","","0","[{""tier"":1,""winners"":2,""prizeYen"":146219800},{""tier"":2,""winners"":21,""prizeYen"":12533000},{""tier"":3,""winners"":661,""prizeYen"":477800},{""tier"":4,""winners"":32035,""prizeYen"":8600},{""tier"":5,""winners"":489733,""prizeYen"":1000}]"
"loto6","139","2003-06-12","10 21 22 28 37 41","12","","0","[{""tier"":1,""winners"":3,""prizeYen"":95226100},{""tier"":2,""winners"":15,""prizeYen"":17140500},{""tier"":3,""winners"":633,""prizeYen"":487400},{""tier"":4,""winners"":29914,""prizeYen"":9000},{""tier"":5,""winners"":456271,""prizeYen"":1000}]"
"loto6","140","2003-06-19","17 19 29 37 39 40","10","","0","[{""tier"":1,""winners"":2,""prizeYen"":146136000},{""tier"":2,""winners"":18,""prizeYen"":14613400},{""tier"":3,""winners"":452,""prizeYen"":698300},{""tier"":4,""winners"":23557,""prizeYen"":11800},{""tier"":5,""winners"":397975,""prizeYen"":1000}]"
"loto6","141","2003-06-26","8 9 14 24 32 39","30","","0","[{""tier"":1,""winners"":5,""prizeYen"":60720900},{""tier"":2,""winners"":6,""prizeYen"":45540300},{""tier"":3,""winners"":588,""prizeYen"":557600},{""tier"":4,""winners"":26131,""prizeYen"":11000},{""tier"":5,""winners"":417100,""prizeYen"":1000}]"
"loto6","142","2003-07-03","2 16 22 27 29 39","38","","0","[{""tier"":1,""winners"":4,""prizeYen"":76211200},{""tier"":2,""winners"":17,""prizeYen"":16138700},{""tier"":3,""winners"":500,""prizeYen"":658400},{""tier"":4,""winners"":27188,""prizeYen"":10600},{""tier"":5,""winners"":451878,""prizeYen"":1000}]"
"loto6","143","2003-07-10","17 21 22 27 33 41","43","","0","[{""tier"":1,""winners"":2,""prizeYen"":149820700},{""tier"":2,""winners"":6,""prizeYen"":44945800},{""tier"":3,""winners"":600,""prizeYen"":539300},{""tier"":4,""winners"":29506,""prizeYen"":9600},{""tier"":5,""winners"":478252,""prizeYen"":1000}]"
"loto6","144","2003-07-17","1 16 19 33 38 41","43","","315860676","[{""tier"":1,""winners"":0,""prizeYen"":0},{""tier"":2,""winners"":9,""prizeYen"":31585700},{""tier"":3,""winners"":447,""prizeYen"":763100},{""tier"":4,""winners"":23126,""prizeYen"":13000},{""tier"":5,""winners"":391656,""prizeYen"":1000}]"
"loto6","145","2003-07-24","1 4 10 21 23 38","7","","0","[{""tier"":1,""winners"":2,""prizeYen"":360495400},{""tier"":2,""winners"":19,""prizeYen"":19190200},{""tier"":3,""winners"":633,""prizeYen"":691200},{""tier"":4,""winners"":34171,""prizeYen"":11200},{""tier"":5,""winners"":581494,""prizeYen"":1000}]"
"loto6","146","2003-07-31","7 17 27 36 37 39","4","","0","[{""tier"":1,""winners"":21,""prizeYen"":13944100},{""tier"":2,""winners"":31,""prizeYen"":8501300},{""tier"":3,""winners"":2362,""prizeYen"":133800},{""tier"":4,""winners"":46090,""prizeYen"":6000},{""tier"":5,""winners"":495006,""prizeYen"":1000}]"
"loto6","147","2003-08-07","16 18 20 29 30 38","27","","85463241","[{""tier"":1,""winners"":1,""prizeYen"":200000000},{""tier"":2,""winners"":34,""prizeYen"":7556300},{""tier"":3,""winners"":520,""prizeYen"":592800},{""tier"":4,""winners"":27180,""prizeYen"":10000},{""tier"":5,""winners"":411783,""prizeYen"":1000}]"
"loto6","148","2003-08-14","3 16 18 20 28 29","9","","0","[{""tier"":1,""winners"":3,""prizeYen"":119125300},{""tier"":2,""winners"":21,""prizeYen"":11653300},{""tier"":3,""winners"":630,""prizeYen"":466100},{""tier"":4,""winners"":32245,""prizeYen"":8000},{""tier"":5,""winners"":453402,""prizeYen"":1000}]"
"loto6","149","2003-08-21","8 9 13 20 33 37","19","","0","[{""tier"":1,""winners"":3,""prizeYen"":95559500},{""tier"":2,""winners"":14,""prizeYen"":18429100},{""tier"":3,""winners"":556,""prizeYen"":556800},{""tier"":4,""winners"":26944,""prizeYen"":10100},{""tier"":5,""winners"":450544,""prizeYen"":1000}]"
"loto6","150","2003-08-28","10 11 18 20 31 43","27","","0","[{""tier"":1,""winners"":2,""prizeYen"":149826700},{""tier"":2,""winners"":12,""prizeYen"":22473800},{""tier"":3,""winners"":451,""prizeYen"":717500},{""tier"":4,""winners"":24350,""prizeYen"":11700},{""tier"":5,""winners"":411786,""prizeYen"":1000}]"
"loto6","151","2003-09-04","3 8 17 25 28 32","27","","0","[{""tier"":1,""winners"":7,""prizeYen"":39224600},{""tier"":2,""winners"":12,""prizeYen"":20592700},{""tier"":3,""winners"":960,""prizeYen"":308800},{""tier"":4,""winners"":36809,""prizeYen"":7100},{""tier"":5,""winners"":506863,""prizeYen"":1000}]"
"loto6","152","2003-09-11","4 8 12 16 31 33","17","","0","[{""tier"":1,""winners"":5,""prizeYen"":55085200},{""tier"":2,""winners"":15,""prizeYen"":16525400},{""tier"":3,""winners"":708,""prizeYen"":420100},{""tier"":4,""winners"":35019,""prizeYen"":7400},{""tier"":5,""winners"":482503,""prizeYen"":1000}]"
"loto6","153","2003-09-18","4 7 8 12 25 26","41","","0","[{""tier"":1,""winners"":6,""prizeYen"":43090900},{""tier"":2,""winners"":20,""prizeYen"":11634400},{""tier"":3,""winners"":1008,""prizeYen"":277000},{""tier"":4,""winners"":39483,""prizeYen"":6200},{""tier"":5,""winners"":529379,""prizeYen"":1000}]"
"loto6","154","2003-09-25","7 9 18 26 27 38","14","","0","[{""tier"":1,""winners"":7,""prizeYen"":35014200},{""tier"":2,""winners"":26,""prizeYen"":8484100},{""tier"":3,""winners"":1216,""prizeYen"":217600},{""tier"":4,""winners"":42850,""prizeYen"":5400},{""tier"":5,""winners"":558613,""prizeYen"":1000}]"
"loto6","155","2003-10-02","5 6 7 18 22 27","41","","0","[{""tier"":1,""winners"":6,""prizeYen"":42285800},{""tier"":2,""winners"":13,""prizeYen"":17564700},{""tier"":3,""winners"":635,""prizeYen"":431500},{""tier"":4,""winners"":35952,""prizeYen"":6700},{""tier"":5,""winners"":551355,""prizeYen"":1000}]"
"loto6","156","2003-10-09","6 20 22 29 30 35","39","","291019816","[{""tier"":1,""winners"":0,""prizeYen"":0},{""tier"":2,""winners"":6,""prizeYen"":43652500},{""tier"":3,""winners"":443,""prizeYen"":709400},{""tier"":4,""winners"":23213,""prizeYen"":11900},{""tier"":5,""winners"":398885,""prizeYen"":1000}]"
"loto6","157","2003-10-16","5 8 17 19 25 27","21","","250912445","[{""tier"":1,""winners"":1,""prizeYen"":400000000},{""tier"":2,""winners"":31,""prizeYen"":10448400},{""tier"":3,""winners"":1158,""prizeYen"":335600},{""tier"":4,""winners"":51448,""prizeYen"":6600},{""tier"":5,""winners"":767062,""prizeYen"":1000}]"
"loto6","158","2003-10-23","1 6 12 35 37 38","30","","0","[{""tier"":1,""winners"":2,""prizeYen"":328563300},{""tier"":2,""winners"":5,""prizeYen"":73117900},{""tier"":3,""winners"":523,""prizeYen"":838800},{""tier"":4,""winners"":30015,""prizeYen"":12800},{""tier"":5,""winners"":520668,""prizeYen"":1000}]"
"loto6","159","2003-10-30","12 23 30 31 38 42","6","","324533948","[{""tier"":1,""winners"":0,""prizeYen"":0},{""tier"":2,""winners"":22,""prizeYen"":13276200},{""tier"":3,""winners"":496,""prizeYen"":706600},{""tier"":4,""winners"":25406,""prizeYen"":12100},{""tier"":5,""winners"":424826,""prizeYen"":1000}]"
"loto6","160","2003-11-06","4 10 20 30 31 32","26","","0","[{""tier"":1,""winners"":2,""prizeYen"":380265800},{""tier"":2,""winners"":14,""prizeYen"":28028100},{""tier"":3,""winners"":714,""prizeYen"":659400},{""tier"":4,""winners"":34080,""prizeYen"":12100},{""tier"":5,""winners"":566949,""prizeYen"":1000}]"
"loto6","161","2003-11-13","23 26 28 33 38 42","8","","0","[{""tier"":1,""winners"":3,""prizeYen"":113803800},{""tier"":2,""winners"":14,""prizeYen"":21947600},{""tier"":3,""winners"":415,""prizeYen"":888400},{""tier"":4,""winners"":23098,""prizeYen"":14000},{""tier"":5,""winners"":432872,""prizeYen"":1000}]"
"loto6","162","2003-11-20","3 22 25 30 33 37","35","","301796845","[{""tier"":1,""winners"":0,""prizeYen"":0},{""tier"":2,""winners"":10,""prizeYen"":27161400},{""tier"":3,""winners"":745,""prizeYen"":437500},{""tier"":4,""winners"":35741,""prizeYen"":8000},{""tier"":5,""winners"":544352,""prizeYen"":1000}]"
"loto6","163","2003-11-27","2 3 11 17 24 34","28","","0","[{""tier"":1,""winners"":5,""prizeYen"":142049400},{""tier"":2,""winners"":29,""prizeYen"":12675900},{""tier"":3,""winners"":1100,""prizeYen"":401000},{""tier"":4,""winners"":52394,""prizeYen"":7400},{""tier"":5,""winners"":721197,""prizeYen"":1000}]"
"loto6","164","2003-12-04","1 2 13 14 35 38","32","","0","[{""tier"":1,""winners"":5,""prizeYen"":66335100},{""tier"":2,""winners"":15,""prizeYen"":19900300},{""tier"":3,""winners"":562,""prizeYen"":637300},{""tier"":4,""winners"":27004,""prizeYen"":11700},{""tier"":5,""winners"":455390,""prizeYen"":1000}]"
"loto6","165","2003-12-11","9 11 16 21 25 36","10","","0","[{""tier"":1,""winners"":2,""prizeYen"":146957800},{""tier"":2,""winners"":17,""prizeYen"":15560100},{""tier"":3,""winners"":785,""prizeYen"":404300},{""tier"":4,""winners"":36648,""prizeYen"":7600},{""tier"":5,""winners"":565557,""prizeYen"":1000}]"
"loto6","166","2003-12-18","14 18 20 28 34 38","17","","133626797","[{""tier"":1,""winners"":1,""prizeYen"":200000000},{""tier"":2,""winners"":6,""prizeYen"":50043500},{""tier"":3,""winners"":523,""prizeYen"":688900},{""tier"":4,""winners"":26144,""prizeYen"":12100},{""tier"":5,""winners"":450922,""prizeYen"":1000}]"
"loto6","167","2003-12-25","10 14 17 19 29 42","2","","0","[{""tier"":1,""winners"":3,""prizeYen"":174050500},{""tier"":2,""winners"":4,""prizeYen"":87417200},{""tier"":3,""winners"":476,""prizeYen"":881500},{""tier"":4,""winners"":29788,""prizeYen"":12400},{""tier"":5,""winners"":521789,""prizeYen"":1000}]"
"loto6","168","2004-01-08","1 6 31 32 36 39","42","","176352642","[{""tier"":1,""winners"":1,""prizeYen"":200000000},{""tier"":2,""winners"":5,""prizeYen"":67742800},{""tier"":3,""winners"":409,""prizeYen"":993700},{""tier"":4,""winners"":20594,""prizeYen"":17400},{""tier"":5,""winners"":395284,""prizeYen"":1000}]"
"loto6","169","2004-01-15","3 15 17 19 26 36","39","","0","[{""tier"":1,""winners"":3,""prizeYen"":176290100},{""tier"":2,""winners"":46,""prizeYen"":6897000},{""tier"":3,""winners"":950,""prizeYen"":400700},{""tier"":4,""winners"":41749,""prizeYen"":8000},{""tier"":5,""winners"":615261,""prizeYen"":1000}]"
"loto6","170","2004-01-22","10 12 15 17 30 31","6","","0","[{""tier"":1,""winners"":4,""prizeYen"":75230300},{""tier"":2,""winners"":21,""prizeYen"":12896500},{""tier"":3,""winners"":701,""prizeYen"":463600},{""tier"":4,""winners"":34052,""prizeYen"":8400},{""tier"":5,""winners"":542175,""prizeYen"":1000}]"
"loto6","171","2004-01-29","5 6 17 23 32 33","39","","0","[{""tier"":1,""winners"":6,""prizeYen"":51417700},{""tier"":2,""winners"":26,""prizeYen"":10678900},{""tier"":3,""winners"":852,""prizeYen"":391000},{""tier"":4,""winners"":36359,""prizeYen"":8000},{""tier"":5,""winners"":549298,""prizeYen"":1000}]"
"loto6","172","2004-02-05","10 11 22 23 33 34","27","","0","[{""tier"":1,""winners"":9,""prizeYen"":33745300},{""tier"":2,""winners"":40,""prizeYen"":6833300},{""tier"":3,""winners"":1539,""prizeYen"":213100},{""tier"":4,""winners"":42155,""prizeYen"":6800},{""tier"":5,""winners"":544358,""prizeYen"":1000}]"
"loto6","173","2004-02-12","6 10 22 30 31 35","18","","0","[{""tier"":1,""winners"":7,""prizeYen"":43030700},{""tier"":2,""winners"":46,""prizeYen"":5893200},{""tier"":3,""winners"":871,""prizeYen"":373400},{""tier"":4,""winners"":37546,""prizeYen"":7600},{""tier"":5,""winners"":509170,""prizeYen"":1000}]"
"loto6","174","2004-02-19","2 9 16 36 38 42","6","","125385155","[{""tier"":1,""winners"":1,""prizeYen"":200000000},{""tier"":2,""winners"":11,""prizeYen"":26622100},{""tier"":3,""winners"":534,""prizeYen"":658000},{""tier"":4,""winners"":25955,""prizeYen"":11900},{""tier"":5,""winners"":429455,""prizeYen"":1000}]"
"loto6","175","2004-02-26","2 3 10 22 28 40","43","","0","[{""tier"":1,""winners"":2,""prizeYen"":244241500},{""tier"":2,""winners"":12,""prizeYen"":27232100},{""tier"":3,""winners"":679,""prizeYen"":577500},{""tier"":4,""winners"":35191,""prizeYen"":9800},{""tier"":5,""winners"":553648,""prizeYen"":1000}]"
"loto6","176","2004-03-04","8 19 25 31 34 37","30","","0","[{""tier"":1,""winners"":5,""prizeYen"":62011300},{""tier"":2,""winners"":16,""prizeYen"":17440500},{""tier"":3,""winners"":642,""prizeYen"":521500},{""tier"":4,""winners"":30442,""prizeYen"":9700},{""tier"":5,""winners"":472530,""prizeYen"":1000}]"
"loto6","177","2004-03-11","6 18 19 30 36 41","27","","0","[{""tier"":1,""winners"":4,""prizeYen"":74875100},{""tier"":2,""winners"":22,""prizeYen"":12252100},{""tier"":3,""winners"":695,""prizeYen"":465400},{""tier"":4,""winners"":36586,""prizeYen"":7700},{""tier"":5,""winners"":481416,""prizeYen"":1000}]"
"loto6","178","2004-03-18","10 22 27 30 36 39","4","","0","[{""tier"":1,""winners"":6,""prizeYen"":47741800},{""tier"":2,""winners"":18,""prizeYen"":14322400},{""tier"":3,""winners"":898,""prizeYen"":344500},{""tier"":4,""winners"":38808,""prizeYen"":7000},{""tier"":5,""winners"":535362,""prizeYen"":1000}]"
"loto6","179","2004-03-25","3 6 11 13 15 16","23","","0","[{""tier"":1,""winners"":3,""prizeYen"":95437500},{""tier"":2,""winners"":28,""prizeYen"":9202800},{""tier"":3,""winners"":719,""prizeYen"":430000},{""tier"":4,""winners"":31445,""prizeYen"":8600},{""tier"":5,""winners"":511511,""prizeYen"":1000}]"
"loto6","180","2004-04-01","4 10 11 12 20 36","28","","0","[{""tier"":1,""winners"":2,""prizeYen"":136457500},{""tier"":2,""winners"":20,""prizeYen"":12281000},{""tier"":3,""winners"":640,""prizeYen"":460500},{""tier"":4,""winners"":36754,""prizeYen"":7000},{""tier"":5,""winners"":565095,""prizeYen"":1000}]"
"loto6","181","2004-04-08","1 2 7 21 29 30","23","","0","[{""tier"":1,""winners"":4,""prizeYen"":78004400},{""tier"":2,""winners"":28,""prizeYen"":10029000},{""tier"":3,""winners"":617,""prizeYen"":546100},{""tier"":4,""winners"":30463,""prizeYen"":9700},{""tier"":5,""winners"":463323,""prizeYen"":1000}]"
"loto6","182","2004-04-15","22 23 28 37 40 43","30","","0","[{""tier"":1,""winners"":3,""prizeYen"":108364000},{""tier"":2,""winners"":8,""prizeYen"":36572500},{""tier"":3,""winners"":507,""prizeYen"":692400},{""tier"":4,""winners"":26162,""prizeYen"":11800},{""tier"":5,""winners"":414760,""prizeYen"":1000}]"
"loto6","183","2004-04-22","14 29 31 36 38 40","33","","327385446","[{""tier"":1,""winners"":0,""prizeYen"":0},{""tier"":2,""winners"":10,""prizeYen"":29464400},{""tier"":3,""winners"":364,""prizeYen"":971300},{""tier"":4,""winners"":20314,""prizeYen"":15300},{""tier"":5,""winners"":374524,""prizeYen"":1000}]"
"loto6","184","2004-04-29","5 7 23 31 39 42","19","","0","[{""tier"":1,""winners"":3,""prizeYen"":252447300},{""tier"":2,""winners"":20,""prizeYen"":19347800},{""tier"":3,""winners"":630,""prizeYen"":737000},{""tier"":4,""winners"":33862,""prizeYen"":12000},{""tier"":5,""winners"":591263,""prizeYen"":1000}]"
"loto6","185","2004-05-06","8 13 14 18 35 41","33","","0","[{""tier"":1,""winners"":2,""prizeYen"":149621200},{""tier"":2,""winners"":12,""prizeYen"":22442900},{""tier"":3,""winners"":631,""prizeYen"":512100},{""tier"":4,""winners"":27670,""prizeYen"":10300},{""tier"":5,""winners"":453606,""prizeYen"":1000}]"
"loto6","186","2004-05-13","7 16 18 33 36 41","4","","104420387","[{""tier"":1,""winners"":1,""prizeYen"":200000000},{""tier"":2,""winners"":13,""prizeYen"":21075000},{""tier"":3,""winners"":577,""prizeYen"":569700},{""tier"":4,""winners"":28758,""prizeYen"":10000},{""tier"":5,""winners"":459147,""prizeYen"":1000}]"
"loto6","187","2004-05-20","12 21 22 27 39 40","25","","0","[{""tier"":1,""winners"":4,""prizeYen"":111906100},{""tier"":2,""winners"":20,""prizeYen"":15444000},{""tier"":3,""winners"":723,""prizeYen"":512600},{""tier"":4,""winners"":33610,""prizeYen"":9700},{""tier"":5,""winners"":532526,""prizeYen"":1000}]"
"loto6","188","2004-05-27","3 8 18 25 26 39","38","","0","[{""tier"":1,""winners"":10,""prizeYen"":27662200},{""tier"":2,""winners"":48,""prizeYen"":5186600},{""tier"":3,""winners"":995,""prizeYen"":300200},{""tier"":4,""winners"":41605,""prizeYen"":6300},{""tier"":5,""winners"":563542,""prizeYen"":1000}]"
"loto6","189","2004-06-03","3 32 35 36 39 40","5","","124632575","[{""tier"":1,""winners"":1,""prizeYen"":200000000},{""tier"":2,""winners"":3,""prizeYen"":97388900},{""tier"":3,""winners"":357,""prizeYen"":982000},{""tier"":4,""winners"":16537,""prizeYen"":18700},{""tier"":5,""winners"":327872,""prizeYen"":1000}]"
"loto6","190","2004-06-10","17 23 30 31 39 43","42","","58390423","[{""tier"":1,""winners"":1,""prizeYen"":400000000},{""tier"":2,""winners"":16,""prizeYen"":18773700},{""tier"":3,""winners"":807,""prizeYen"":446600},{""tier"":4,""winners"":39494,""prizeYen"":8000},{""tier"":5,""winners"":530766,""prizeYen"":1000}]"
"loto6","191","2004-06-17","4 7 25 27 34 43","35","","402133773","[{""tier"":1,""winners"":0,""prizeYen"":0},{""tier"":2,""winners"":8,""prizeYen"":38670700},{""tier"":3,""winners"":769,""prizeYen"":482700},{""tier"":4,""winners"":34899,""prizeYen"":9300},{""tier"":5,""winners"":438731,""prizeYen"":1000}]"
"loto6","192","2004-06-24","3 7 19 27 39 41","10","","0","[{""tier"":1,""winners"":12,""prizeYen"":70108900},{""tier"":2,""winners"":21,""prizeYen"":18821500},{""tier"":3,""winners"":1410,""prizeYen"":336300},{""tier"":4,""winners"":56873,""prizeYen"":7300},{""tier"":5,""winners"":796031,""prizeYen"":1000}]"
"loto6","193","2004-07-01","3 4 18 31 40 43","22","","333510049","[{""tier"":1,""winners"":0,""prizeYen"":0},{""tier"":2,""winners"":14,""prizeYen"":21439700},{""tier"":3,""winners"":463,""prizeYen"":777900},{""tier"":4,""winners"":24891,""prizeYen"":12700},{""tier"":5,""winners"":425852,""prizeYen"":1000}]"
"loto6","194","2004-07-08","4 11 12 21 36 38","37","","0","[{""tier"":1,""winners"":3,""prizeYen"":249322600},{""tier"":2,""winners"":13,""prizeYen"":28692900},{""tier"":3,""winners"":899,""prizeYen"":497800},{""tier"":4,""winners"":41940,""prizeYen"":9400},{""tier"":5,""winners"":657743,""prizeYen"":1000}]"
"loto6","195","2004-07-15","5 10 12 22 26 41","19","","0","[{""tier"":1,""winners"":2,""prizeYen"":149103500},{""tier"":2,""winners"":14,""prizeYen"":19170200},{""tier"":3,""winners"":648,""prizeYen"":497000},{""tier"":4,""winners"":34184,""prizeYen"":8300},{""tier"":5,""winners"":522154,""prizeYen"":1000}]"
"loto6","196","2004-07-22","4 5 11 16 30 33","14","","0","[{""tier"":1,""winners"":5,""prizeYen"":57127200},{""tier"":2,""winners"":16,""prizeYen"":16066900},{""tier"":3,""winners"":715,""prizeYen"":431400},{""tier"":4,""winners"":32665,""prizeYen"":8300},{""tier"":5,""winners"":502277,""prizeYen"":1000}]"
"loto6","197","2004-07-29","9 10 17 22 28 30","19","","0","[{""tier"":1,""winners"":7,""prizeYen"":37492700},{""tier"":2,""winners"":20,""prizeYen"":11810100},{""tier"":3,""winners"":887,""prizeYen"":319500},{""tier"":4,""winners"":40578,""prizeYen"":6100},{""tier"":5,""winners"":564216,""prizeYen"":1000}]"
"loto6","198","2004-08-05","4 5 6 17 20 42","10","","92471147","[{""tier"":1,""winners"":1,""prizeYen"":200000000},{""tier"":2,""winners"":18,""prizeYen"":14623400},{""tier"":3,""winners"":416,""prizeYen"":759200},{""tier"":4,""winners"":23134,""prizeYen"":12000},{""tier"":5,""winners"":403440,""prizeYen"":1000}]"
"loto6","199","2004-08-12","3 14 24 25 33 36","41","","0","[{""tier"":1,""winners"":16,""prizeYen"":25199600},{""tier"":2,""winners"":23,""prizeYen"":12158600},{""tier"":3,""winners"":928,""prizeYen"":361600},{""tier"":4,""winners"":36913,""prizeYen"":8000},{""tier"":5,""winners"":469822,""prizeYen"":1000}]"
"loto6","200","2004-08-19","4 7 11 19 25 28","2","","0","[{""tier"":1,""winners"":6,""prizeYen"":42904300},{""tier"":2,""winners"":28,""prizeYen"":8274300},{""tier"":3,""winners"":1172,""prizeYen"":237200},{""tier"":4,""winners"":43075,""prizeYen"":5600},{""tier"":5,""winners"":569759,""prizeYen"":1000}]"
"loto6","201","2004-08-26","10 13 16 17 24 39","43","","93913560","[{""tier"":1,""winners"":1,""prizeYen"":200000000},{""tier"":2,""winners"":17,""prizeYen"":15559900},{""tier"":3,""winners"":538,""prizeYen"":590000},{""tier"":4,""winners"":28480,""prizeYen"":9800},{""tier"":5,""winners"":476590,""prizeYen"":1000}]"
"loto6","202","2004-09-02","9 18 26 28 33 40","10","","0","[{""tier"":1,""winners"":2,""prizeYen"":212108900},{""tier"":2,""winners"":23,""prizeYen"":12924800},{""tier"":3,""winners"":681,""prizeYen"":523800},{""tier"":4,""winners"":32600,""prizeYen"":9600},{""tier"":5,""winners"":507362,""prizeYen"":1000}]"
"loto6","203","2004-09-09","12 18 20 27 35 37","39","","0","[{""tier"":1,""winners"":3,""prizeYen"":97543500},{""tier"":2,""winners"":17,""prizeYen"":15492000},{""tier"":3,""winners"":524,""prizeYen"":603100},{""tier"":4,""winners"":28999,""prizeYen"":9600},{""tier"":5,""winners"":463118,""prizeYen"":1000}]"
"loto6","204","2004-09-16","2 17 20 25 39 42","30","","0","[{""tier"":1,""winners"":2,""prizeYen"":150342700},{""tier"":2,""winners"":11,""prizeYen"":24601300},{""tier"":3,""winners"":666,""prizeYen"":487500},{""tier"":4,""winners"":26249,""prizeYen"":10900},{""tier"":5,""winners"":434708,""prizeYen"":1000}]"
"loto6","205","2004-09-23","4 7 9 16 18 34","26","","0","[{""tier"":1,""winners"":3,""prizeYen"":87669500},{""tier"":2,""winners"":26,""prizeYen"":9104000},{""tier"":3,""winners"":545,""prizeYen"":521100},{""tier"":4,""winners"":29674,""prizeYen"":8400},{""tier"":5,""winners"":462072,""prizeYen"":1000}]"
"loto6","206","2004-09-30","1 3 16 22 41 43","13","","0","[{""tier"":1,""winners"":2,""prizeYen"":148159800},{""tier"":2,""winners"":13,""prizeYen"":20514200},{""tier"":3,""winners"":440,""prizeYen"":727300},{""tier"":4,""winners"":25201,""prizeYen"":11200},{""tier"":5,""winners"":393101,""prizeYen"":1000}]"
"loto6","207","2004-10-07","17 21 23 30 31 34","5","","283282291","[{""tier"":1,""winners"":0,""prizeYen"":0},{""tier"":2,""winners"":12,""prizeYen"":21245900},{""tier"":3,""winners"":675,""prizeYen"":453200},{""tier"":4,""winners"":28023,""prizeYen"":9600},{""tier"":5,""winners"":443162,""prizeYen"":1000}]"
"loto6","208","2004-10-14","18 24 29 32 35 39","23","","0","[{""tier"":1,""winners"":2,""prizeYen"":332831600},{""tier"":2,""winners"":30,""prizeYen"":11471300},{""tier"":3,""winners"":1154,""prizeYen"":357800},{""tier"":4,""winners"":41540,""prizeYen"":8700},{""tier"":5,""winners"":600793,""prizeYen"":1000}]"
"loto6","209","2004-10-21","8 27 30 35 40 41","9","","314141705","[{""tier"":1,""winners"":0,""prizeYen"":0},{""tier"":2,""winners"":10,""prizeYen"":28272500},{""tier"":3,""winners"":346,""prizeYen"":980500},{""tier"":4,""winners"":22480,""prizeYen"":13300},{""tier"":5,""winners"":405469,""prizeYen"":1000}]"
"loto6","210","2004-10-28","1 6 21 22 37 40","19","","0","[{""tier"":1,""winners"":2,""prizeYen"":390786900},{""tier"":2,""winners"":34,""prizeYen"":12373000},{""tier"":3,""winners"":651,""prizeYen"":775400},{""tier"":4,""winners"":31624,""prizeYen"":14000},{""tier"":5,""winners"":550161,""prizeYen"":1000}]"
"loto6","211","2004-11-04","10 14 23 26 33 36","24","","105864743","[{""tier"":1,""winners"":1,""prizeYen"":200000000},{""tier"":2,""winners"":11,""prizeYen"":25025000},{""tier"":3,""winners"":679,""prizeYen"":486400},{""tier"":4,""winners"":31702,""prizeYen"":9100},{""tier"":5,""winners"":505649,""prizeYen"":1000}]"
"loto6","212","2004-11-11","1 11 17 32 35 39","20","","0","[{""tier"":1,""winners"":2,""prizeYen"":241846900},{""tier"":2,""winners"":11,""prizeYen"":30913000},{""tier"":3,""winners"":731,""prizeYen"":558200},{""tier"":4,""winners"":34780,""prizeYen"":10300},{""tier"":5,""winners"":576766,""prizeYen"":1000}]"
"loto6","213","2004-11-18","4 7 18 26 29 43","8","","118533875","[{""tier"":1,""winners"":1,""prizeYen"":200000000},{""tier"":2,""winners"":16,""prizeYen"":17917300},{""tier"":3,""winners"":805,""prizeYen"":427300},{""tier"":4,""winners"":32064,""prizeYen"":9400},{""tier"":5,""winners"":483257,""prizeYen"":1000}]"
"loto6","214","2004-11-25","4 7 9 11 20 36","32","","0","[{""tier"":1,""winners"":3,""prizeYen"":155943200},{""tier"":2,""winners"":20,""prizeYen"":15718100},{""tier"":3,""winners"":1035,""prizeYen"":364400},{""tier"":4,""winners"":43702,""prizeYen"":7600},{""tier"":5,""winners"":620966,""prizeYen"":1000}]"
"loto6","215","2004-12-02","1 4 13 18 22 31","30","","0","[{""tier"":1,""winners"":4,""prizeYen"":80653700},{""tier"":2,""winners"":14,""prizeYen"":20739300},{""tier"":3,""winners"":818,""prizeYen"":425900},{""tier"":4,""winners"":33467,""prizeYen"":9100},{""tier"":5,""winners"":482450,""prizeYen"":1000}]"
"loto6","216","2004-12-09","9 21 29 33 35 41","27","","0","[{""tier"":1,""winners"":3,""prizeYen"":108838100},{""tier"":2,""winners"":14,""prizeYen"":20990000},{""tier"":3,""winners"":481,""prizeYen"":733100},{""tier"":4,""winners"":26088,""prizeYen"":11900},{""tier"":5,""winners"":433817,""prizeYen"":1000}]"
"loto6","217","2004-12-16","8 19 23 27 29 39","28","","0","[{""tier"":1,""winners"":4,""prizeYen"":74449600},{""tier"":2,""winners"":13,""prizeYen"":20616600},{""tier"":3,""winners"":744,""prizeYen"":432200},{""tier"":4,""winners"":38211,""prizeYen"":7400},{""tier"":5,""winners"":571142,""prizeYen"":1000}]"
"loto6","218","2004-12-23","8 10 18 22 31 36","4","","0","[{""tier"":1,""winners"":5,""prizeYen"":55485900},{""tier"":2,""winners"":56,""prizeYen"":4458600},{""tier"":3,""winners"":1061,""prizeYen"":282300},{""tier"":4,""winners"":43053,""prizeYen"":6100},{""tier"":5,""winners"":544653,""prizeYen"":1000}]"
"loto6","219","2004-12-30","27 28 29 34 35 39","33","","122412467","[{""tier"":1,""winners"":1,""prizeYen"":200000000},{""tier"":2,""winners"":9,""prizeYen"":32240900},{""tier"":3,""winners"":322,""prizeYen"":1081300},{""tier"":4,""winners"":19134,""prizeYen"":16000},{""tier"":5,""winners"":388187,""prizeYen"":1000}]"
"loto6","220","2005-01-06","23 25 26 29 33 37","40","","428004419","[{""tier"":1,""winners"":0,""prizeYen"":0},{""tier"":2,""winners"":29,""prizeYen"":9483800},{""tier"":3,""winners"":594,""prizeYen"":555600},{""tier"":4,""winners"":28534,""prizeYen"":10200},{""tier"":5,""winners"":481907,""prizeYen"":1000}]"
"loto6","221","2005-01-13","8 27 30 31 38 42","13","","0","[{""tier"":1,""winners"":3,""prizeYen"":320380000},{""tier"":2,""winners"":34,""prizeYen"":14112200},{""tier"":3,""winners"":972,""prizeYen"":592300},{""tier"":4,""winners"":52311,""prizeYen"":9700},{""tier"":5,""winners"":805082,""prizeYen"":1000}]"
"loto6","222","2005-01-20","4 14 15 22 29 31","20","","0","[{""tier"":1,""winners"":4,""prizeYen"":84878500},{""tier"":2,""winners"":31,""prizeYen"":9856700},{""tier"":3,""winners"":697,""prizeYen"":526000},{""tier"":4,""winners"":34211,""prizeYen"":9400},{""tier"":5,""winners"":531776,""prizeYen"":1000}]"
"loto6","223","2005-01-27","7 9 19 26 30 32","3","","0","[{""tier"":1,""winners"":4,""prizeYen"":84933700},{""tier"":2,""winners"":18,""prizeYen"":16986500},{""tier"":3,""winners"":645,""prizeYen"":568800},{""tier"":4,""winners"":34183,""prizeYen"":9400},{""tier"":5,""winners"":531115,""prizeYen"":1000}]"
"loto6","224","2005-02-03","12 17 18 19 30 35","13","","121214401","[{""tier"":1,""winners"":1,""prizeYen"":200000000},{""tier"":2,""winners"":6,""prizeYen"":48181700},{""tier"":3,""winners"":490,""prizeYen"":707900},{""tier"":4,""winners"":29910,""prizeYen"":10200},{""tier"":5,""winners"":520974,""prizeYen"":1000}]"
"loto6","225","2005-02-10","9 11 21 31 35 38","13","","0","[{""tier"":1,""winners"":4,""prizeYen"":127130900},{""tier"":2,""winners"":12,""prizeYen"":29047900},{""tier"":3,""winners"":620,""prizeYen"":674600},{""tier"":4,""winners"":32974,""prizeYen"":11100},{""tier"":5,""winners"":571393,""prizeYen"":1000}]"
"loto6","226","2005-02-17","8 26 36 40 42 43","21","","158668297","[{""tier"":1,""winners"":1,""prizeYen"":200000000},{""tier"":2,""winners"":4,""prizeYen"":80699600},{""tier"":3,""winners"":274,""prizeYen"":1413700},{""tier"":4,""winners"":18629,""prizeYen"":18300},{""tier"":5,""winners"":352899,""prizeYen"":1000}]"
"loto6","227","2005-02-24","6 13 17 29 32 36","35","","0","[{""tier"":1,""winners"":9,""prizeYen"":59350200},{""tier"":2,""winners"":34,""prizeYen"":9939100},{""tier"":3,""winners"":1131,""prizeYen"":358500},{""tier"":4,""winners"":40394,""prizeYen"":8800},{""tier"":5,""winners"":574188,""prizeYen"":1000}]"
"loto6","228","2005-03-03","5 8 17 26 36 39","34","","0","[{""tier"":1,""winners"":4,""prizeYen"":75758600},{""tier"":2,""winners"":18,""prizeYen"":15151500},{""tier"":3,""winners"":913,""prizeYen"":358400},{""tier"":4,""winners"":38526,""prizeYen"":7400},{""tier"":5,""winners"":560175,""prizeYen"":1000}]"
"loto6","229","2005-03-10","8 16 21 24 27 36","20","","0","[{""tier"":1,""winners"":3,""prizeYen"":103016200},{""tier"":2,""winners"":17,""prizeYen"":16361200},{""tier"":3,""winners"":828,""prizeYen"":403100},{""tier"":4,""winners"":37875,""prizeYen"":7700},{""tier"":5,""winners"":535949,""prizeYen"":1000}]"
"loto6","230","2005-03-17","4 9 18 31 36 42","34","","0","[{""tier"":1,""winners"":167,""prizeYen"":1814700},{""tier"":2,""winners"":29,""prizeYen"":9405200},{""tier"":3,""winners"":1057,""prizeYen"":309600},{""tier"":4,""winners"":37865,""prizeYen"":7600},{""tier"":5,""winners"":521030,""prizeYen"":1000}]"
"loto6","231","2005-03-24","1 4 6 16 18 43","41","","0","[{""tier"":1,""winners"":4,""prizeYen"":78093700},{""tier"":2,""winners"":23,""prizeYen"":12223200},{""tier"":3,""winners"":514,""prizeYen"":656300},{""tier"":4,""winners"":25725,""prizeYen"":11500},{""tier"":5,""winners"":431276,""prizeYen"":1000}]"
"loto6","232","2005-03-31","1 5 7 26 39 43","32","","321250560","[{""tier"":1,""winners"":0,""prizeYen"":0},{""tier"":2,""winners"":14,""prizeYen"":20651600},{""tier"":3,""winners"":448,""prizeYen"":774400},{""tier"":4,""winners"":24482,""prizeYen"":12500},{""tier"":5,""winners"":427608,""prizeYen"":1000}]"
"loto6","233","2005-04-07","6 18 26 40 41 42","9","","0","[{""tier"":1,""winners"":3,""prizeYen"":252078300},{""tier"":2,""winners"":27,""prizeYen"":14499300},{""tier"":3,""winners"":693,""prizeYen"":677800},{""tier"":4,""winners"":39478,""prizeYen"":10400},{""tier"":5,""winners"":627079,""prizeYen"":1000}]"
"loto6","234","2005-04-14","11 17 24 26 27 30","19","","0","[{""tier"":1,""winners"":3,""prizeYen"":110799800},{""tier"":2,""winners"":25,""prizeYen"":11966200},{""tier"":3,""winners"":594,""prizeYen"":604300},{""tier"":4,""winners"":34875,""prizeYen"":9000},{""tier"":5,""winners"":606646,""prizeYen"":1000}]"
"loto6","235","2005-04-21","6 21 23 24 28 39","38","","0","[{""tier"":1,""winners"":3,""prizeYen"":107700400},{""tier"":2,""winners"":19,""prizeYen"":15304600},{""tier"":3,""winners"":549,""prizeYen"":635600},{""tier"":4,""winners"":30264,""prizeYen"":10100},{""tier"":5,""winners"":495064,""prizeYen"":1000}]"
"loto6","236","2005-04-28","1 8 9 14 34 38","4","","0","[{""tier"":1,""winners"":2,""prizeYen"":170375000},{""tier"":2,""winners"":13,""prizeYen"":23590100},{""tier"":3,""winners"":408,""prizeYen"":901900},{""tier"":4,""winners"":22849,""prizeYen"":14200},{""tier"":5,""winners"":421434,""prizeYen"":1000}]"
"loto6","237","2005-05-05","1 3 11 13 27 37","30","","0","[{""tier"":1,""winners"":3,""prizeYen"":92756600},{""tier"":2,""winners"":12,""prizeYen"":20870000},{""tier"":3,""winners"":693,""prizeYen"":433600},{""tier"":4,""winners"":31188,""prizeYen"":8500},{""tier"":5,""winners"":482027,""prizeYen"":1000}]"
"loto6","238","2005-05-12","5 10 15 20 33 37","30","","0","[{""tier"":1,""winners"":4,""prizeYen"":82060000},{""tier"":2,""winners"":33,""prizeYen"":8951900},{""tier"":3,""winners"":838,""prizeYen"":423000},{""tier"":4,""winners"":36088,""prizeYen"":8600},{""tier"":5,""winners"":491848,""prizeYen"":1000}]"
"loto6","239","2005-05-19","4 9 18 30 31 40","24","","0","[{""tier"":1,""winners"":7,""prizeYen"":41395900},{""tier"":2,""winners"":24,""prizeYen"":10866300},{""tier"":3,""winners"":1313,""prizeYen"":238300},{""tier"":4,""winners"":48989,""prizeYen"":5600},{""tier"":5,""winners"":589955,""prizeYen"":1000}]"
"loto6","240","2005-05-26","11 15 26 31 36 39","12","","0","[{""tier"":1,""winners"":3,""prizeYen"":99489600},{""tier"":2,""winners"":16,""prizeYen"":16788700},{""tier"":3,""winners"":706,""prizeYen"":456500},{""tier"":4,""winners"":35610,""prizeYen"":7900},{""tier"":5,""winners"":543807,""prizeYen"":1000}]"
"loto6","241","2005-06-02","8 14 27 33 36 40","20","","0","[{""tier"":1,""winners"":4,""prizeYen"":73985600},{""tier"":2,""winners"":28,""prizeYen"":9512300},{""tier"":3,""winners"":921,""prizeYen"":347000},{""tier"":4,""winners"":36165,""prizeYen"":7700},{""tier"":5,""winners"":520271,""prizeYen"":1000}]"
"loto6","242","2005-06-09","1 10 13 22 29 32","38","","314953610","[{""tier"":1,""winners"":0,""prizeYen"":0},{""tier"":2,""winners"":13,""prizeYen"":21804200},{""tier"":3,""winners"":469,""prizeYen"":725200},{""tier"":4,""winners"":24567,""prizeYen"":12200},{""tier"":5,""winners"":423934,""prizeYen"":1000}]"
"loto6","243","2005-06-16","5 34 35 38 42 43","8","","3380993","[{""tier"":1,""winners"":2,""prizeYen"":400000000},{""tier"":2,""winners"":11,""prizeYen"":39961800},{""tier"":3,""winners"":548,""prizeYen"":962500},{""tier"":4,""winners"":26821,""prizeYen"":17300},{""tier"":5,""winners"":493091,""prizeYen"":1000}]"
"loto6","244","2005-06-23","11 12 30 36 38 39","37","","0","[{""tier"":1,""winners"":2,""prizeYen"":166561100},{""tier"":2,""winners"":24,""prizeYen"":12365100},{""tier"":3,""winners"":748,""prizeYen"":476000},{""tier"":4,""winners"":40144,""prizeYen"":7800},{""tier"":5,""winners"":605688,""prizeYen"":1000}]"
"loto6","245","2005-06-30","3 6 18 24 28 36","21","","0","[{""tier"":1,""winners"":7,""prizeYen"":41996300},{""tier"":2,""winners"":52,""prizeYen"":5087900},{""tier"":3,""winners"":1479,""prizeYen"":214600},{""tier"":4,""winners"":55734,""prizeYen"":5000},{""tier"":5,""winners"":625386,""prizeYen"":1000}]"
"loto6","246","2005-07-07","16 28 32 34 39 42","38","","0","[{""tier"":1,""winners"":2,""prizeYen"":173662500},{""tier"":2,""winners"":15,""prizeYen"":20839300},{""tier"":3,""winners"":540,""prizeYen"":694600},{""tier"":4,""winners"":25543,""prizeYen"":12900},{""tier"":5,""winners"":409576,""prizeYen"":1000}]"
"loto6","247","2005-07-14","8 16 30 32 34 39","13","","0","[{""tier"":1,""winners"":2,""prizeYen"":163484400},{""tier"":2,""winners"":23,""prizeYen"":12794300},{""tier"":3,""winners"":769,""prizeYen"":459100},{""tier"":4,""winners"":36207,""prizeYen"":8600},{""tier"":5,""winners"":478175,""prizeYen"":1000}]"
"loto6","248","2005-07-21","11 32 35 36 39 41","6","","0","[{""tier"":1,""winners"":3,""prizeYen"":102052700},{""tier"":2,""winners"":22,""prizeYen"":12524500},{""tier"":3,""winners"":702,""prizeYen"":471000},{""tier"":4,""winners"":34381,""prizeYen"":8400},{""tier"":5,""winners"":510966,""prizeYen"":1000}]"
"loto6","249","2005-07-28","1 3 17 23 33 35","18","","0","[{""tier"":1,""winners"":3,""prizeYen"":104654700},{""tier"":2,""winners"":12,""prizeYen"":23547100},{""tier"":3,""winners"":593,""prizeYen"":571800},{""tier"":4,""winners"":29982,""prizeYen"":9900},{""tier"":5,""winners"":479145,""prizeYen"":1000}]"
"loto6","250","2005-08-04","3 8 9 13 22 42","11","","0","[{""tier"":1,""winners"":3,""prizeYen"":102354500},{""tier"":2,""winners"":17,""prizeYen"":16256100},{""tier"":3,""winners"":476,""prizeYen"":696600},{""tier"":4,""winners"":26737,""prizeYen"":10900},{""tier"":5,""winners"":464662,""prizeYen"":1000}]"
"loto6","251","2005-08-11","2 12 19 25 29 36","26","","0","[{""tier"":1,""winners"":4,""prizeYen"":73942000},{""tier"":2,""winners"":19,""prizeYen"":14009900},{""tier"":3,""winners"":846,""prizeYen"":377500},{""tier"":4,""winners"":31927,""prizeYen"":8800},{""tier"":5,""winners"":462951,""prizeYen"":1000}]"
"loto6","252","2005-08-18","2 6 13 22 32 33","12","","0","[{""tier"":1,""winners"":3,""prizeYen"":102828600},{""tier"":2,""winners"":27,""prizeYen"":10282700},{""tier"":3,""winners"":502,""prizeYen"":663600},{""tier"":4,""winners"":26541,""prizeYen"":11000},{""tier"":5,""winners"":427097,""prizeYen"":1000}]"
"loto6","253","2005-08-25","15 16 19 22 36 43","13","","125134321","[{""tier"":1,""winners"":1,""prizeYen"":200000000},{""tier"":2,""winners"":9,""prizeYen"":32513100},{""tier"":3,""winners"":404,""prizeYen"":869100},{""tier"":4,""winners"":22356,""prizeYen"":13800},{""tier"":5,""winners"":401299,""prizeYen"":1000}]"
"loto6","254","2005-09-01","12 13 22 23 25 29","40","","0","[{""tier"":1,""winners"":4,""prizeYen"":121926400},{""tier"":2,""winners"":15,""prizeYen"":21754100},{""tier"":3,""winners"":1021,""prizeYen"":383500},{""tier"":4,""winners"":40587,""prizeYen"":8500},{""tier"":5,""winners"":650348,""prizeYen"":1000}]"
"loto6","255","2005-09-08","6 7 12 17 34 42","8","","0","[{""tier"":1,""winners"":4,""prizeYen"":80324400},{""tier"":2,""winners"":9,""prizeYen"":32129500},{""tier"":3,""winners"":498,""prizeYen"":696700},{""tier"":4,""winners"":26656,""prizeYen"":11400},{""tier"":5,""winners"":458832,""prizeYen"":1000}]"
"loto6","256","2005-09-15","15 17 18 28 30 37","40","","0","[{""tier"":1,""winners"":2,""prizeYen"":151371100},{""tier"":2,""winners"":14,""prizeYen"":19461800},{""tier"":3,""winners"":556,""prizeYen"":588000},{""tier"":4,""winners"":32087,""prizeYen"":8900},{""tier"":5,""winners"":527172,""prizeYen"":1000}]"
"loto6","257","2005-09-22","7 15 29 30 39 40","11","","0","[{""tier"":1,""winners"":2,""prizeYen"":157898300},{""tier"":2,""winners"":23,""prizeYen"":12357100},{""tier"":3,""winners"":640,""prizeYen"":532900},{""tier"":4,""winners"":29676,""prizeYen"":10100},{""tier"":5,""winners"":470404,""prizeYen"":1000}]"
"loto6","258","2005-09-29","3 15 16 17 25 31","40","","98183285","[{""tier"":1,""winners"":1,""prizeYen"":200000000},{""tier"":2,""winners"":17,""prizeYen"":15786000},{""tier"":3,""winners"":637,""prizeYen"":505500},{""tier"":4,""winners"":33593,""prizeYen"":8400},{""tier"":5,""winners"":541701,""prizeYen"":1000}]"
"loto6","259","2005-10-06","1 12 15 23 34 42","27","","0","[{""tier"":1,""winners"":21,""prizeYen"":22911800},{""tier"":2,""winners"":75,""prizeYen"":4595500},{""tier"":3,""winners"":1867,""prizeYen"":221500},{""tier"":4,""winners"":43748,""prizeYen"":8300},{""tier"":5,""winners"":496807,""prizeYen"":1000}]"
"loto6","260","2005-10-13","11 15 21 31 37 41","30","","0","[{""tier"":1,""winners"":9,""prizeYen"":34541200},{""tier"":2,""winners"":30,""prizeYen"":9326000},{""tier"":3,""winners"":1469,""prizeYen"":228500},{""tier"":4,""winners"":47666,""prizeYen"":6200},{""tier"":5,""winners"":502569,""prizeYen"":1000}]"
"loto6","261","2005-10-20","6 17 18 21 35 41","32","","0","[{""tier"":1,""winners"":6,""prizeYen"":54815100},{""tier"":2,""winners"":27,""prizeYen"":10962900},{""tier"":3,""winners"":673,""prizeYen"":527700},{""tier"":4,""winners"":30809,""prizeYen"":10100},{""tier"":5,""winners"":508889,""prizeYen"":1000}]"
"loto6","262","2005-10-27","5 7 11 19 21 25","27","","0","[{""tier"":1,""winners"":5,""prizeYen"":62629500},{""tier"":2,""winners"":27,""prizeYen"":10438100},{""tier"":3,""winners"":967,""prizeYen"":349700},{""tier"":4,""winners"":43956,""prizeYen"":6700},{""tier"":5,""winners"":622653,""prizeYen"":1000}]"
"loto6","263","2005-11-03","1 5 13 22 39 41","4","","120489556","[{""tier"":1,""winners"":1,""prizeYen"":200000000},{""tier"":2,""winners"":8,""prizeYen"":36054700},{""tier"":3,""winners"":560,""prizeYen"":618000},{""tier"":4,""winners"":28780,""prizeYen"":10600},{""tier"":5,""winners"":462376,""prizeYen"":1000}]"
"loto6","264","2005-11-10","2 5 6 8 20 27","43","","511391329","[{""tier"":1,""winners"":0,""prizeYen"":0},{""tier"":2,""winners"":22,""prizeYen"":15991200},{""tier"":3,""winners"":918,""prizeYen"":459800},{""tier"":4,""winners"":41654,""prizeYen"":8900},{""tier"":5,""winners"":626574,""prizeYen"":1000}]"
"loto6","265","2005-11-17","2 3 16 22 23 28","40","","0","[{""tier"":1,""winners"":5,""prizeYen"":242164500},{""tier"":2,""winners"":63,""prizeYen"":9991700},{""tier"":3,""winners"":1874,""prizeYen"":403000},{""tier"":4,""winners"":91258,""prizeYen"":7300},{""tier"":5,""winners"":1300948,""prizeYen"":1000}]"
"loto6","266","2005-11-24","11 15 18 24 30 39","7","","0","[{""tier"":1,""winners"":8,""prizeYen"":40409400},{""tier"":2,""winners"":38,""prizeYen"":7656400},{""tier"":3,""winners"":1105,""prizeYen"":315900},{""tier"":4,""winners"":60208,""prizeYen"":5100},{""tier"":5,""winners"":725507,""prizeYen"":1000}]"
"loto6","267","2005-12-01","3 5 8 22 35 38","41","","0","[{""tier"":1,""winners"":6,""prizeYen"":58511500},{""tier"":2,""winners"":21,""prizeYen"":15045700},{""tier"":3,""winners"":1168,""prizeYen"":324600},{""tier"":4,""winners"":39284,""prizeYen"":8500},{""tier"":5,""winners"":595326,""prizeYen"":1000}]"
"loto6","268","2005-12-08","3 6 8 14 24 36","15","","0","[{""tier"":1,""winners"":5,""prizeYen"":65174700},{""tier"":2,""winners"":30,""prizeYen"":9776100},{""tier"":3,""winners"":945,""prizeYen"":372400},{""tier"":4,""winners"":46523,""prizeYen"":6600},{""tier"":5,""winners"":633369,""prizeYen"":1000}]"
"loto6","269","2005-12-15","1 10 13 15 21 23","36","","0","[{""tier"":1,""winners"":3,""prizeYen"":116598700},{""tier"":2,""winners"":19,""prizeYen"":16569100},{""tier"":3,""winners"":644,""prizeYen"":586600},{""tier"":4,""winners"":33557,""prizeYen"":9900},{""tier"":5,""winners"":545691,""prizeYen"":1000}]"
"loto6","270","2005-12-22","17 19 21 29 33 38","30","","0","[{""tier"":1,""winners"":4,""prizeYen"":85350100},{""tier"":2,""winners"":17,""prizeYen"":18073900},{""tier"":3,""winners"":597,""prizeYen"":617600},{""tier"":4,""winners"":35078,""prizeYen"":9200},{""tier"":5,""winners"":506032,""prizeYen"":1000}]"
"loto6","271","2005-12-29","9 10 19 25 40 41","8","","0","[{""tier"":1,""winners"":2,""prizeYen"":181185700},{""tier"":2,""winners"":12,""prizeYen"":27177600},{""tier"":3,""winners"":498,""prizeYen"":785800},{""tier"":4,""winners"":29107,""prizeYen"":11800},{""tier"":5,""winners"":473784,""prizeYen"":1000}]"
"loto6","272","2006-01-05","7 12 13 20 23 26","41","","262959262","[{""tier"":1,""winners"":0,""prizeYen"":0},{""tier"":2,""winners"":5,""prizeYen"":47332200},{""tier"":3,""winners"":549,""prizeYen"":517200},{""tier"":4,""winners"":29542,""prizeYen"":8400},{""tier"":5,""winners"":462372,""prizeYen"":1000}]"
"loto6","273","2006-01-12","4 18 20 21 29 40","37","","0","[{""tier"":1,""winners"":2,""prizeYen"":387920800},{""tier"":2,""winners"":18,""prizeYen"":25643800},{""tier"":3,""winners"":774,""prizeYen"":715600},{""tier"":4,""winners"":41249,""prizeYen"":11800},{""tier"":5,""winners"":684190,""prizeYen"":1000}]"
"loto6","274","2006-01-19","4 5 14 27 31 39","6","","0","[{""tier"":1,""winners"":6,""prizeYen"":58469500},{""tier"":2,""winners"":20,""prizeYen"":15786600},{""tier"":3,""winners"":875,""prizeYen"":433000},{""tier"":4,""winners"":39609,""prizeYen"":8400},{""tier"":5,""winners"":604694,""prizeYen"":1000}]"
"loto6","275","2006-01-26","4 13 15 31 33 40","8","","0","[{""tier"":1,""winners"":3,""prizeYen"":123320300},{""tier"":2,""winners"":13,""prizeYen"":25612400},{""tier"":3,""winners"":635,""prizeYen"":629200},{""tier"":4,""winners"":32391,""prizeYen"":10800},{""tier"":5,""winners"":525035,""prizeYen"":1000}]"
"loto6","276","2006-02-02","6 11 27 30 33 36","34","","0","[{""tier"":1,""winners"":2,""prizeYen"":161097700},{""tier"":2,""winners"":7,""prizeYen"":41424700},{""tier"":3,""winners"":1040,""prizeYen"":334500},{""tier"":4,""winners"":50043,""prizeYen"":6100},{""tier"":5,""winners"":682705,""prizeYen"":1000}]"
"loto6","277","2006-02-09","7 9 18 20 30 38","23","","155943073","[{""tier"":1,""winners"":1,""prizeYen"":200000000},{""tier"":2,""winners"":18,""prizeYen"":17796900},{""tier"":3,""winners"":728,""prizeYen"":528000},{""tier"":4,""winners"":34402,""prizeYen"":9800},{""tier"":5,""winners"":538743,""prizeYen"":1000}]"
"loto6","278","2006-02-16","9 13 14 17 22 38","33","","0","[{""tier"":1,""winners"":4,""prizeYen"":146432500},{""tier"":2,""winners"":37,""prizeYen"":10454100},{""tier"":3,""winners"":966,""prizeYen"":480500},{""tier"":4,""winners"":44092,""prizeYen"":9200},{""tier"":5,""winners"":693545,""prizeYen"":1000}]"
"loto6","279","2006-02-23","7 11 12 23 30 43","27","","0","[{""tier"":1,""winners"":8,""prizeYen"":41770000},{""tier"":2,""winners"":31,""prizeYen"":9701300},{""tier"":3,""winners"":845,""prizeYen"":427000},{""tier"":4,""winners"":40845,""prizeYen"":7700},{""tier"":5,""winners"":617622,""prizeYen"":1000}]"
"loto6","280","2006-03-02","6 12 26 37 38 39","25","","149238699","[{""tier"":1,""winners"":1,""prizeYen"":200000000},{""tier"":2,""winners"":24,""prizeYen"":13096300},{""tier"":3,""winners"":661,""prizeYen"":570600},{""tier"":4,""winners"":33543,""prizeYen"":9900},{""tier"":5,""winners"":516835,""prizeYen"":1000}]"
"loto6","281","2006-03-09","3 9 10 11 19 35","30","","0","[{""tier"":1,""winners"":16,""prizeYen"":35304900},{""tier"":2,""winners"":30,""prizeYen"":12469100},{""tier"":3,""winners"":1043,""prizeYen"":430300},{""tier"":4,""winners"":49663,""prizeYen"":7900},{""tier"":5,""winners"":754250,""prizeYen"":1000}]"
"loto6","282","2006-03-16","1 9 17 31 41 43","23","","171519931","[{""tier"":1,""winners"":1,""prizeYen"":200000000},{""tier"":2,""winners"":15,""prizeYen"":22291000},{""tier"":3,""winners"":432,""prizeYen"":928700},{""tier"":4,""winners"":26417,""prizeYen"":13300},{""tier"":5,""winners"":436044,""prizeYen"":1000}]"
"loto6","283","2006-03-23","6 9 16 22 27 37","36","","569155297","[{""tier"":1,""winners"":0,""prizeYen"":0},{""tier"":2,""winners"":24,""prizeYen"":14911100},{""tier"":3,""winners"":835,""prizeYen"":514300},{""tier"":4,""winners"":42427,""prizeYen"":8900},{""tier"":5,""winners"":668482,""prizeYen"":1000}]"
"loto6","284","2006-03-30","20 26 30 33 35 38","4","","0","[{""tier"":1,""winners"":6,""prizeYen"":215518000},{""tier"":2,""winners"":12,""prizeYen"":54296000},{""tier"":3,""winners"":858,""prizeYen"":911200},{""tier"":4,""winners"":50333,""prizeYen"":13700},{""tier"":5,""winners"":897975,""prizeYen"":1000}]"
"loto6","285","2006-04-06","1 3 9 14 16 29","37","","0","[{""tier"":1,""winners"":7,""prizeYen"":52459200},{""tier"":2,""winners"":19,""prizeYen"":17394200},{""tier"":3,""winners"":881,""prizeYen"":450100},{""tier"":4,""winners"":44927,""prizeYen"":7700},{""tier"":5,""winners"":604703,""prizeYen"":1000}]"
"loto6","286","2006-04-13","10 11 14 28 31 41","3","","0","[{""tier"":1,""winners"":5,""prizeYen"":75107400},{""tier"":2,""winners"":29,""prizeYen"":11654400},{""tier"":3,""winners"":628,""prizeYen"":645800},{""tier"":4,""winners"":38214,""prizeYen"":9300},{""tier"":5,""winners"":576836,""prizeYen"":1000}]"
"loto6","287","2006-04-20","1 5 18 34 35 39","7","","396114792","[{""tier"":1,""winners"":0,""prizeYen"":0},{""tier"":2,""winners"":8,""prizeYen"":44562500},{""tier"":3,""winners"":548,""prizeYen"":780600},{""tier"":4,""winners"":29657,""prizeYen"":12700},{""tier"":5,""winners"":511572,""prizeYen"":1000}]"
"loto6","288","2006-04-27","3 4 11 25 28 33","35","","0","[{""tier"":1,""winners"":11,""prizeYen"":81646100},{""tier"":2,""winners"":29,""prizeYen"":15578900},{""tier"":3,""winners"":1670,""prizeYen"":324600},{""tier"":4,""winners"":74101,""prizeYen"":6400},{""tier"":5,""winners"":1054770,""prizeYen"":1000}]"
"loto6","289","2006-05-04","7 9 12 17 34 38","3","","0","[{""tier"":1,""winners"":3,""prizeYen"":107375300},{""tier"":2,""winners"":17,""prizeYen"":17053500},{""tier"":3,""winners"":785,""prizeYen"":443100},{""tier"":4,""winners"":37274,""prizeYen"":8200},{""tier"":5,""winners"":580848,""prizeYen"":1000}]"
"loto6","290","2006-05-11","11 13 15 17 22 43","8","","165935026","[{""tier"":1,""winners"":1,""prizeYen"":200000000},{""tier"":2,""winners"":14,""prizeYen"":23524100},{""tier"":3,""winners"":661,""prizeYen"":597800},{""tier"":4,""winners"":34170,""prizeYen"":10200},{""tier"":5,""winners"":582816,""prizeYen"":1000}]"
"loto6","291","2006-05-18","10 15 20 28 41 43","19","","0","[{""tier"":1,""winners"":2,""prizeYen"":321480300},{""tier"":2,""winners"":18,""prizeYen"":23851000},{""tier"":3,""winners"":558,""prizeYen"":923200},{""tier"":4,""winners"":29402,""prizeYen"":15400},{""tier"":5,""winners"":524293,""prizeYen"":1000}]"
"loto6","292","2006-05-25","7 14 27 31 34 39","40","","0","[{""tier"":1,""winners"":6,""prizeYen"":58877300},{""tier"":2,""winners"":20,""prizeYen"":15896700},{""tier"":3,""winners"":1288,""prizeYen"":296200},{""tier"":4,""winners"":44633,""prizeYen"":7500},{""tier"":5,""winners"":587415,""prizeYen"":1000}]"
"loto6","293","2006-06-01","6 8 15 17 36 43","38","","150000456","[{""tier"":1,""winners"":1,""prizeYen"":200000000},{""tier"":2,""winners"":9,""prizeYen"":34999700},{""tier"":3,""winners"":742,""prizeYen"":509400},{""tier"":4,""winners"":33344,""prizeYen"":10000},{""tier"":5,""winners"":560170,""prizeYen"":1000}]"
"loto6","294","2006-06-08","2 5 13 14 17 20","21","","0","[{""tier"":1,""winners"":3,""prizeYen"":192565900},{""tier"":2,""winners"":20,""prizeYen"":19246200},{""tier"":3,""winners"":792,""prizeYen"":583200},{""tier"":4,""winners"":36313,""prizeYen"":11200},{""tier"":5,""winners"":624171,""prizeYen"":1000}]"
"loto6","295","2006-06-15","9 12 18 20 37 43","5","","0","[{""tier"":1,""winners"":2,""prizeYen"":178474100},{""tier"":2,""winners"":11,""prizeYen"":29204600},{""tier"":3,""winners"":527,""prizeYen"":731500},{""tier"":4,""winners"":28057,""prizeYen"":12100},{""tier"":5,""winners"":483583,""prizeYen"":1000}]"
"loto6","296","2006-06-22","4 19 27 30 31 37","10","","0","[{""tier"":1,""winners"":4,""prizeYen"":86071800},{""tier"":2,""winners"":31,""prizeYen"":9995300},{""tier"":3,""winners"":607,""prizeYen"":612500},{""tier"":4,""winners"":32547,""prizeYen"":10000},{""tier"":5,""winners"":541632,""prizeYen"":1000}]"
"loto6","297","2006-06-29","6 8 9 20 38 40","2","","345952300","[{""tier"":1,""winners"":0,""prizeYen"":0},{""tier"":2,""winners"":18,""prizeYen"":17297400},{""tier"":3,""winners"":604,""prizeYen"":618500},{""tier"":4,""winners"":31131,""prizeYen"":10500},{""tier"":5,""winners"":532627,""prizeYen"":1000}]"
"loto6","298","2006-07-06","12 25 29 31 35 40","26","","0","[{""tier"":1,""winners"":5,""prizeYen"":175332300},{""tier"":2,""winners"":19,""prizeYen"":25138600},{""tier"":3,""winners"":693,""prizeYen"":827000},{""tier"":4,""winners"":35922,""prizeYen"":14000},{""tier"":5,""winners"":625906,""prizeYen"":1000}]"
"loto6","299","2006-07-13","2 4 5 17 35 41","18","","151330859","[{""tier"":1,""winners"":1,""prizeYen"":200000000},{""tier"":2,""winners"":16,""prizeYen"":19762100},{""tier"":3,""winners"":529,""prizeYen"":717200},{""tier"":4,""winners"":28815,""prizeYen"":11600},{""tier"":5,""winners"":513768,""prizeYen"":1000}]"
"loto6","300","2006-07-20","4 7 29 33 36 39","9","","148357187","[{""tier"":1,""winners"":1,""prizeYen"":400000000},{""tier"":2,""winners"":27,""prizeYen"":13234000},{""tier"":3,""winners"":855,""prizeYen"":501500},{""tier"":4,""winners"":40231,""prizeYen"":9400},{""tier"":5,""winners"":645107,""prizeYen"":1000}]"
"loto6","301","2006-07-27","4 5 6 9 10 11","33","","0","[{""tier"":1,""winners"":28,""prizeYen"":18472800},{""tier"":2,""winners"":24,""prizeYen"":13833000},{""tier"":3,""winners"":2276,""prizeYen"":175000},{""tier"":4,""winners"":67600,""prizeYen"":5100},{""tier"":5,""winners"":832106,""prizeYen"":1000}]"
"loto6","302","2006-08-03","2 4 13 23 38 40","24","","0","[{""tier"":1,""winners"":2,""prizeYen"":177884000},{""tier"":2,""winners"":10,""prizeYen"":32018800},{""tier"":3,""winners"":470,""prizeYen"":817500},{""tier"":4,""winners"":25301,""prizeYen"":13300},{""tier"":5,""winners"":469829,""prizeYen"":1000}]"
"loto6","303","2006-08-10","4 24 31 35 37 39","13","","341285528","[{""tier"":1,""winners"":0,""prizeYen"":0},{""tier"":2,""winners"":12,""prizeYen"":25596100},{""tier"":3,""winners"":470,""prizeYen"":784200},{""tier"":4,""winners"":27443,""prizeYen"":11800},{""tier"":5,""winners"":469843,""prizeYen"":1000}]"
"loto6","304","2006-08-17","3 7 8 15 17 31","27","","0","[{""tier"":1,""winners"":7,""prizeYen"":105413200},{""tier"":2,""winners"":44,""prizeYen"":8112300},{""tier"":3,""winners"":1486,""prizeYen"":288200},{""tier"":4,""winners"":68958,""prizeYen"":5400},{""tier"":5,""winners"":956735,""prizeYen"":1000}]"
"loto6","305","2006-08-24","1 2 5 23 31 34","43","","156982123","[{""tier"":1,""winners"":1,""prizeYen"":200000000},{""tier"":2,""winners"":31,""prizeYen"":10363900},{""tier"":3,""winners"":429,""prizeYen"":898600},{""tier"":4,""winners"":27755,""prizeYen"":12200},{""tier"":5,""winners"":515418,""prizeYen"":1000}]"
"loto6","306","2006-08-31","1 20 25 28 31 42","2","","621967283","[{""tier"":1,""winners"":0,""prizeYen"":0},{""tier"":2,""winners"":17,""prizeYen"":24616600},{""tier"":3,""winners"":508,""prizeYen"":988500},{""tier"":4,""winners"":26809,""prizeYen"":16500},{""tier"":5,""winners"":500596,""prizeYen"":1000}]"
"loto6","307","2006-09-07","1 7 11 32 33 40","27","","0","[{""tier"":1,""winners"":6,""prizeYen"":251095100},{""tier"":2,""winners"":72,""prizeYen"":11057400},{""tier"":3,""winners"":1311,""prizeYen"":728700},{""tier"":4,""winners"":70910,""prizeYen"":11800},{""tier"":5,""winners"":1233004,""prizeYen"":1000}]"
"loto6","308","2006-09-14","3 13 18 20 23 28","35","","393902973","[{""tier"":1,""winners"":0,""prizeYen"":0},{""tier"":2,""winners"":20,""prizeYen"":17725400},{""tier"":3,""winners"":995,""prizeYen"":427500},{""tier"":4,""winners"":35968,""prizeYen"":10400},{""tier"":5,""winners"":611161,""prizeYen"":1000}]"
"loto6","309","2006-09-21","1 4 26 36 41 42","9","","183009018","[{""tier"":1,""winners"":2,""prizeYen"":400000000},{""tier"":2,""winners"":22,""prizeYen"":24099500},{""tier"":3,""winners"":578,""prizeYen"":1100700},{""tier"":4,""winners"":32619,""prizeYen"":17200},{""tier"":5,""winners"":635711,""prizeYen"":1000}]"
"loto6","310","2006-09-28","3 4 5 18 28 37","26","","236306765","[{""tier"":1,""winners"":1,""prizeYen"":400000000},{""tier"":2,""winners"":31,""prizeYen"":13160100},{""tier"":3,""winners"":1075,""prizeYen"":455400},{""tier"":4,""winners"":53713,""prizeYen"":8000},{""tier"":5,""winners"":885422,""prizeYen"":1000}]"
"loto6","311","2006-10-05","1 16 22 36 37 42","34","","373090476","[{""tier"":1,""winners"":1,""prizeYen"":400000000},{""tier"":2,""winners"":17,""prizeYen"":28417700},{""tier"":3,""winners"":779,""prizeYen"":744100},{""tier"":4,""winners"":37821,""prizeYen"":13500},{""tier"":5,""winners"":643952,""prizeYen"":1000}]"
"loto6","312","2006-10-12","2 17 22 29 38 42","16","","0","[{""tier"":1,""winners"":10,""prizeYen"":89457600},{""tier"":2,""winners"":28,""prizeYen"":16761900},{""tier"":3,""winners"":1159,""prizeYen"":485900},{""tier"":4,""winners"":49776,""prizeYen"":9900},{""tier"":5,""winners"":770395,""prizeYen"":1000}]"
"loto6","313","2006-10-19","1 19 21 31 32 40","33","","0","[{""tier"":1,""winners"":3,""prizeYen"":143877200},{""tier"":2,""winners"":14,""prizeYen"":27747500},{""tier"":3,""winners"":568,""prizeYen"":820700},{""tier"":4,""winners"":30598,""prizeYen"":13400},{""tier"":5,""winners"":527413,""prizeYen"":1000}]"
"loto6","314","2006-10-26","3 8 14 30 38 43","6","","0","[{""tier"":1,""winners"":4,""prizeYen"":100991800},{""tier"":2,""winners"":19,""prizeYen"":19135100},{""tier"":3,""winners"":942,""prizeYen"":463100},{""tier"":4,""winners"":40687,""prizeYen"":9400},{""tier"":5,""winners"":638140,""prizeYen"":1000}]"
"loto6","315","2006-11-02","1 2 17 24 40 41","31","","0","[{""tier"":1,""winners"":5,""prizeYen"":80557100},{""tier"":2,""winners"":8,""prizeYen"":45312900},{""tier"":3,""winners"":718,""prizeYen"":605800},{""tier"":4,""winners"":35032,""prizeYen"":10900},{""tier"":5,""winners"":589722,""prizeYen"":1000}]"
"loto6","316","2006-11-09","3 4 20 30 40 41","31","","0","[{""tier"":1,""winners"":4,""prizeYen"":97231600},{""tier"":2,""winners"":47,""prizeYen"":7447400},{""tier"":3,""winners"":1095,""prizeYen"":383500},{""tier"":4,""winners"":41065,""prizeYen"":9000},{""tier"":5,""winners"":592309,""prizeYen"":1000}]"
"loto6","317","2006-11-16","7 8 15 30 35 36","40","","0","[{""tier"":1,""winners"":7,""prizeYen"":54347200},{""tier"":2,""winners"":16,""prizeYen"":21399000},{""tier"":3,""winners"":835,""prizeYen"":492000},{""tier"":4,""winners"":37239,""prizeYen"":9700},{""tier"":5,""winners"":592070,""prizeYen"":1000}]"
"loto6","318","2006-11-23","2 7 13 16 36 37","41","","351468038","[{""tier"":1,""winners"":0,""prizeYen"":0},{""tier"":2,""winners"":18,""prizeYen"":17573200},{""tier"":3,""winners"":656,""prizeYen"":578600},{""tier"":4,""winners"":33569,""prizeYen"":9900},{""tier"":5,""winners"":545572,""prizeYen"":1000}]"
"loto6","319","2006-11-30","15 20 23 28 37 40","17","","0","[{""tier"":1,""winners"":7,""prizeYen"":122102000},{""tier"":2,""winners"":22,""prizeYen"":20587100},{""tier"":3,""winners"":985,""prizeYen"":551700},{""tier"":4,""winners"":45095,""prizeYen"":10600},{""tier"":5,""winners"":733517,""prizeYen"":1000}]"
"loto6","320","2006-12-07","1 5 25 27 38 41","9","","0","[{""tier"":1,""winners"":4,""prizeYen"":91305900},{""tier"":2,""winners"":62,""prizeYen"":5301500},{""tier"":3,""winners"":802,""prizeYen"":491800},{""tier"":4,""winners"":39199,""prizeYen"":8800},{""tier"":5,""winners"":621107,""prizeYen"":1000}]"
"loto6","321","2006-12-14","21 29 31 36 38 41","10","","4972560","[{""tier"":1,""winners"":2,""prizeYen"":200000000},{""tier"":2,""winners"":5,""prizeYen"":72894400},{""tier"":3,""winners"":431,""prizeYen"":1014700},{""tier"":4,""winners"":24349,""prizeYen"":15800},{""tier"":5,""winners"":455986,""prizeYen"":1000}]"
"loto6","322","2006-12-21","18 19 22 25 35 42","36","","0","[{""tier"":1,""winners"":3,""prizeYen"":144517000},{""tier"":2,""winners"":13,""prizeYen"":29670500},{""tier"":3,""winners"":559,""prizeYen"":828000},{""tier"":4,""winners"":32675,""prizeYen"":12400},{""tier"":5,""winners"":556547,""prizeYen"":1000}]"
"loto6","323","2006-12-28","9 11 21 23 33 39","26","","0","[{""tier"":1,""winners"":8,""prizeYen"":45430600},{""tier"":2,""winners"":36,""prizeYen"":9086000},{""tier"":3,""winners"":1308,""prizeYen"":300000},{""tier"":4,""winners"":52241,""prizeYen"":6600},{""tier"":5,""winners"":719915,""prizeYen"":1000}]"
"loto6","324","2007-01-04","5 13 27 37 39 41","36","","0","[{""tier"":1,""winners"":4,""prizeYen"":64827500},{""tier"":2,""winners"":5,""prizeYen"":46675400},{""tier"":3,""winners"":700,""prizeYen"":400000},{""tier"":4,""winners"":30387,""prizeYen"":8100},{""tier"":5,""winners"":429471,""prizeYen"":1000}]"
"loto6","325","2007-01-11","6 7 18 29 33 39","43","","0","[{""tier"":1,""winners"":5,""prizeYen"":71887400},{""tier"":2,""winners"":21,""prizeYen"":15404300},{""tier"":3,""winners"":940,""prizeYen"":412900},{""tier"":4,""winners"":44027,""prizeYen"":7700},{""tier"":5,""winners"":628723,""prizeYen"":1000}]"
"loto6","326","2007-01-18","1 7 9 14 23 43","19","","0","[{""tier"":1,""winners"":6,""prizeYen"":60713700},{""tier"":2,""winners"":23,""prizeYen"":14254300},{""tier"":3,""winners"":822,""prizeYen"":478600},{""tier"":4,""winners"":39088,""prizeYen"":8800},{""tier"":5,""winners"":613322,""prizeYen"":1000}]"
"loto6","327","2007-01-25","6 12 14 28 31 36","35","","0","[{""tier"":1,""winners"":6,""prizeYen"":61984500},{""tier"":2,""winners"":23,""prizeYen"":14552700},{""tier"":3,""winners"":974,""prizeYen"":412300},{""tier"":4,""winners"":39321,""prizeYen"":9000},{""tier"":5,""winners"":577332,""prizeYen"":1000}]"
"loto6","328","2007-02-01","3 7 10 12 19 36","35","","0","[{""tier"":1,""winners"":7,""prizeYen"":49885200},{""tier"":2,""winners"":29,""prizeYen"":10837000},{""tier"":3,""winners"":983,""prizeYen"":383600},{""tier"":4,""winners"":46700,""prizeYen"":7100},{""tier"":5,""winners"":666801,""prizeYen"":1000}]"
"loto6","329","2007-02-08","6 8 15 17 39 40","37","","0","[{""tier"":1,""winners"":5,""prizeYen"":71021800},{""tier"":2,""winners"":41,""prizeYen"":7795000},{""tier"":3,""winners"":993,""prizeYen"":386200},{""tier"":4,""winners"":42028,""prizeYen"":8000},{""tier"":5,""winners"":634990,""prizeYen"":1000}]"
"loto6","330","2007-02-15","5 12 16 19 28 39","34","","0","[{""tier"":1,""winners"":5,""prizeYen"":69426800},{""tier"":2,""winners"":47,""prizeYen"":6647100},{""tier"":3,""winners"":1031,""prizeYen"":363600},{""tier"":4,""winners"":45057,""prizeYen"":7300},{""tier"":5,""winners"":639494,""prizeYen"":1000}]"
"loto6","331","2007-02-22","2 8 17 24 32 38","35","","0","[{""tier"":1,""winners"":21,""prizeYen"":16619900},{""tier"":2,""winners"":42,""prizeYen"":7478900},{""tier"":3,""winners"":1699,""prizeYen"":221800},{""tier"":4,""winners"":50014,""prizeYen"":6600},{""tier"":5,""winners"":633008,""prizeYen"":1000}]"
"loto6","332","2007-03-01","7 8 16 24 26 34","19","","166985277","[{""tier"":1,""winners"":1,""prizeYen"":200000000},{""tier"":2,""winners"":27,""prizeYen"":12232700},{""tier"":3,""winners"":678,""prizeYen"":584500},{""tier"":4,""winners"":33220,""prizeYen"":10500},{""tier"":5,""winners"":554114,""prizeYen"":1000}]"
"loto6","333","2007-03-08","1 5 7 15 41 42","38","","193805491","[{""tier"":1,""winners"":1,""prizeYen"":400000000},{""tier"":2,""winners"":24,""prizeYen"":16005600},{""tier"":3,""winners"":700,""prizeYen"":658500},{""tier"":4,""winners"":40493,""prizeYen"":10000},{""tier"":5,""winners"":693694,""prizeYen"":1000}]"
"loto6","334","2007-03-15","11 14 17 18 34 36","23","","0","[{""tier"":1,""winners"":5,""prizeYen"":127946200},{""tier"":2,""winners"":21,""prizeYen"":19110900},{""tier"":3,""winners"":650,""prizeYen"":740900},{""tier"":4,""winners"":40826,""prizeYen"":10400},{""tier"":5,""winners"":666072,""prizeYen"":1000}]"
"loto6","335","2007-03-22","4 5 10 23 36 42","8","","0","[{""tier"":1,""winners"":2,""prizeYen"":176764900},{""tier"":2,""winners"":22,""prizeYen"":14462400},{""tier"":3,""winners"":724,""prizeYen"":527300},{""tier"":4,""winners"":33907,""prizeYen"":9900},{""tier"":5,""winners"":563946,""prizeYen"":1000}]"
"loto6","336","2007-03-29","3 6 13 17 20 29","11","","142382016","[{""tier"":1,""winners"":1,""prizeYen"":200000000},{""tier"":2,""winners"":33,""prizeYen"":9337600},{""tier"":3,""winners"":1120,""prizeYen"":330100},{""tier"":4,""winners"":41124,""prizeYen"":7900},{""tier"":5,""winners"":624890,""prizeYen"":1000}]"
"loto6","337","2007-04-05","5 15 16 20 34 39","29","","0","[{""tier"":1,""winners"":2,""prizeYen"":286729500},{""tier"":2,""winners"":16,""prizeYen"":24247800},{""tier"":3,""winners"":634,""prizeYen"":734300},{""tier"":4,""winners"":35174,""prizeYen"":11600},{""tier"":5,""winners"":600581,""prizeYen"":1000}]"
"loto6","338","2007-04-12","8 10 25 31 39 40","35","","158712142","[{""tier"":1,""winners"":1,""prizeYen"":200000000},{""tier"":2,""winners"":13,""prizeYen"":24833700},{""tier"":3,""winners"":683,""prizeYen"":567200},{""tier"":4,""winners"":35069,""prizeYen"":9700},{""tier"":5,""winners"":562456,""prizeYen"":1000}]"
"loto6","339","2007-04-19","3 5 9 26 34 36","12","","0","[{""tier"":1,""winners"":4,""prizeYen"":144874000},{""tier"":2,""winners"":24,""prizeYen"":15779200},{""tier"":3,""winners"":720,""prizeYen"":631100},{""tier"":4,""winners"":42201,""prizeYen"":9400},{""tier"":5,""winners"":692611,""prizeYen"":1000}]"
"loto6","340","2007-04-26","4 10 13 31 35 42","7","","0","[{""tier"":1,""winners"":3,""prizeYen"":125206400},{""tier"":2,""winners"":18,""prizeYen"":18780800},{""tier"":3,""winners"":669,""prizeYen"":606300},{""tier"":4,""winners"":35970,""prizeYen"":9900},{""tier"":5,""winners"":565132,""prizeYen"":1000}]"
"loto6","341","2007-05-03","4 14 23 25 28 35","41","","0","[{""tier"":1,""winners"":2,""prizeYen"":167679400},{""tier"":2,""winners"":15,""prizeYen"":20121300},{""tier"":3,""winners"":593,""prizeYen"":610700},{""tier"":4,""winners"":30118,""prizeYen"":10600},{""tier"":5,""winners"":501326,""prizeYen"":1000}]"
"loto6","342","2007-05-10","8 15 26 27 34 38","10","","0","[{""tier"":1,""winners"":7,""prizeYen"":47713500},{""tier"":2,""winners"":27,""prizeYen"":11133000},{""tier"":3,""winners"":1246,""prizeYen"":289400},{""tier"":4,""winners"":46444,""prizeYen"":6800},{""tier"":5,""winners"":622155,""prizeYen"":1000}]"
"loto6","343","2007-05-17","13 28 29 37 38 41","35","","0","[{""tier"":1,""winners"":3,""prizeYen"":122221000},{""tier"":2,""winners"":18,""prizeYen"":18332900},{""tier"":3,""winners"":540,""prizeYen"":733300},{""tier"":4,""winners"":29299,""prizeYen"":11900},{""tier"":5,""winners"":498484,""prizeYen"":1000}]"
"loto6","344","2007-05-24","8 11 16 20 28 36","42","","0","[{""tier"":1,""winners"":7,""prizeYen"":47837300},{""tier"":2,""winners"":27,""prizeYen"":11161900},{""tier"":3,""winners"":982,""prizeYen"":368200},{""tier"":4,""winners"":41610,""prizeYen"":7600},{""tier"":5,""winners"":606647,""prizeYen"":1000}]"
"loto6","345","2007-05-31","10 21 22 25 35 37","18","","161031732","[{""tier"":1,""winners"":1,""prizeYen"":200000000},{""tier"":2,""winners"":11,""prizeYen"":29538700},{""tier"":3,""winners"":525,""prizeYen"":742600},{""tier"":4,""winners"":29520,""prizeYen"":11600},{""tier"":5,""winners"":490711,""prizeYen"":1000}]"
"loto6","346","2007-06-07","4 9 11 12 32 38","16","","0","[{""tier"":1,""winners"":2,""prizeYen"":275055600},{""tier"":2,""winners"":35,""prizeYen"":10004800},{""tier"":3,""winners"":877,""prizeYen"":479100},{""tier"":4,""winners"":47540,""prizeYen"":7700},{""tier"":5,""winners"":726427,""prizeYen"":1000}]"
"loto6","347","2007-06-14","8 20 23 27 32 33","13","","0","[{""tier"":1,""winners"":2,""prizeYen"":175074200},{""tier"":2,""winners"":14,""prizeYen"":22509300},{""tier"":3,""winners"":525,""prizeYen"":720200},{""tier"":4,""winners"":27683,""prizeYen"":12000},{""tier"":5,""winners"":482381,""prizeYen"":1000}]"
"loto6","348","2007-06-21","4 5 6 27 36 38","13","","0","[{""tier"":1,""winners"":4,""prizeYen"":83409800},{""tier"":2,""winners"":30,""prizeYen"":10009000},{""tier"":3,""winners"":796,""prizeYen"":452600},{""tier"":4,""winners"":36706,""prizeYen"":8600},{""tier"":5,""winners"":618057,""prizeYen"":1000}]"
"loto6","349","2007-06-28","8 13 15 19 20 30","25","","156226705","[{""tier"":1,""winners"":1,""prizeYen"":200000000},{""tier"":2,""winners"":23,""prizeYen"":13939100},{""tier"":3,""winners"":537,""prizeYen"":716400},{""tier"":4,""winners"":31439,""prizeYen"":10700},{""tier"":5,""winners"":543255,""prizeYen"":1000}]"
"loto6","350","2007-07-05","13 18 25 26 29 40","6","","0","[{""tier"":1,""winners"":5,""prizeYen"":117204300},{""tier"":2,""winners"":41,""prizeYen"":9434400},{""tier"":3,""winners"":869,""prizeYen"":534100},{""tier"":4,""winners"":43846,""prizeYen"":9300},{""tier"":5,""winners"":645046,""prizeYen"":1000}]"
"loto6","351","2007-07-12","3 13 16 24 26 43","15","","0","[{""tier"":1,""winners"":3,""prizeYen"":122807000},{""tier"":2,""winners"":9,""prizeYen"":36841700},{""tier"":3,""winners"":543,""prizeYen"":732700},{""tier"":4,""winners"":29158,""prizeYen"":12000},{""tier"":5,""winners"":505304,""prizeYen"":1000}]"
"loto6","352","2007-07-19","6 8 24 25 34 38","10","","0","[{""tier"":1,""winners"":2,""prizeYen"":168600600},{""tier"":2,""winners"":28,""prizeYen"":10838500},{""tier"":3,""winners"":726,""prizeYen"":501600},{""tier"":4,""winners"":36921,""prizeYen"":8700},{""tier"":5,""winners"":574516,""prizeYen"":1000}]"
"loto6","353","2007-07-26","1 9 15 16 22 26","29","","0","[{""tier"":1,""winners"":3,""prizeYen"":111962100},{""tier"":2,""winners"":23,""prizeYen"":13143200},{""tier"":3,""winners"":689,""prizeYen"":526400},{""tier"":4,""winners"":34872,""prizeYen"":9100},{""tier"":5,""winners"":557065,""prizeYen"":1000}]"
"loto6","354","2007-08-02","4 6 22 31 34 41","43","","0","[{""tier"":1,""winners"":4,""prizeYen"":86609200},{""tier"":2,""winners"":14,""prizeYen"":22270700},{""tier"":3,""winners"":526,""prizeYen"":711300},{""tier"":4,""winners"":25183,""prizeYen"":13100},{""tier"":5,""winners"":445362,""prizeYen"":1000}]"
"loto6","355","2007-08-09","1 11 24 26 36 37","39","","129310297","[{""tier"":1,""winners"":1,""prizeYen"":200000000},{""tier"":2,""winners"":9,""prizeYen"":32930700},{""tier"":3,""winners"":513,""prizeYen"":693200},{""tier"":4,""winners"":26928,""prizeYen"":11600},{""tier"":5,""winners"":464452,""prizeYen"":1000}]"
"loto6","356","2007-08-16","1 5 8 12 17 29","28","","0","[{""tier"":1,""winners"":8,""prizeYen"":57225400},{""tier"":2,""winners"":50,""prizeYen"":5912800},{""tier"":3,""winners"":1333,""prizeYen"":266100},{""tier"":4,""winners"":52813,""prizeYen"":5900},{""tier"":5,""winners"":707934,""prizeYen"":1000}]"
"loto6","357","2007-08-23","2 10 11 12 19 38","6","","0","[{""tier"":1,""winners"":2,""prizeYen"":159167600},{""tier"":2,""winners"":22,""prizeYen"":13022600},{""tier"":3,""winners"":624,""prizeYen"":550900},{""tier"":4,""winners"":36294,""prizeYen"":8300},{""tier"":5,""winners"":573760,""prizeYen"":1000}]"
"loto6","358","2007-08-30","12 31 32 34 39 42","30","","0","[{""tier"":1,""winners"":5,""prizeYen"":74317800},{""tier"":2,""winners"":12,""prizeYen"":27868900},{""tier"":3,""winners"":346,""prizeYen"":1159800},{""tier"":4,""winners"":21223,""prizeYen"":16600},{""tier"":5,""winners"":391588,""prizeYen"":1000}]"
"loto6","359","2007-09-06","3 5 19 20 23 27","40","","0","[{""tier"":1,""winners"":7,""prizeYen"":44620000},{""tier"":2,""winners"":22,""prizeYen"":12777400},{""tier"":3,""winners"":900,""prizeYen"":374800},{""tier"":4,""winners"":40487,""prizeYen"":7300},{""tier"":5,""winners"":592367,""prizeYen"":1000}]"
"loto6","360","2007-09-13","2 3 6 14 26 42","25","","0","[{""tier"":1,""winners"":3,""prizeYen"":109515400},{""tier"":2,""winners"":23,""prizeYen"":12856000},{""tier"":3,""winners"":633,""prizeYen"":560500},{""tier"":4,""winners"":34354,""prizeYen"":9100},{""tier"":5,""winners"":523482,""prizeYen"":1000}]"
"loto6","361","2007-09-20","1 21 28 30 37 43","31","","155254196","[{""tier"":1,""winners"":1,""prizeYen"":200000000},{""tier"":2,""winners"":14,""prizeYen"":22837500},{""tier"":3,""winners"":338,""prizeYen"":1135100},{""tier"":4,""winners"":21817,""prizeYen"":15500},{""tier"":5,""winners"":395746,""prizeYen"":1000}]"
"loto6","362","2007-09-27","7 10 15 20 37 40","28","","155988946","[{""tier"":1,""winners"":1,""prizeYen"":400000000},{""tier"":2,""winners"":28,""prizeYen"":12880600},{""tier"":3,""winners"":849,""prizeYen"":509700},{""tier"":4,""winners"":41017,""prizeYen"":9300},{""tier"":5,""winners"":608688,""prizeYen"":1000}]"
"loto6","363","2007-10-04","3 6 7 22 27 31","4","","0","[{""tier"":1,""winners"":4,""prizeYen"":135647000},{""tier"":2,""winners"":20,""prizeYen"":17396800},{""tier"":3,""winners"":1014,""prizeYen"":411700},{""tier"":4,""winners"":49696,""prizeYen"":7400},{""tier"":5,""winners"":754674,""prizeYen"":1000}]"
"loto6","364","2007-10-11","7 11 12 19 33 42","36","","123559186","[{""tier"":1,""winners"":1,""prizeYen"":200000000},{""tier"":2,""winners"":17,""prizeYen"":17129400},{""tier"":3,""winners"":819,""prizeYen"":426600},{""tier"":4,""winners"":38583,""prizeYen"":7900},{""tier"":5,""winners"":584167,""prizeYen"":1000}]"
"loto6","365","2007-10-18","6 19 20 28 36 37","11","","0","[{""tier"":1,""winners"":8,""prizeYen"":65370900},{""tier"":2,""winners"":30,""prizeYen"":11982100},{""tier"":3,""winners"":951,""prizeYen"":453500},{""tier"":4,""winners"":41249,""prizeYen"":9200},{""tier"":5,""winners"":609966,""prizeYen"":1000}]"
"loto6","366","2007-10-25","12 13 15 18 30 41","21","","149473061","[{""tier"":1,""winners"":1,""prizeYen"":200000000},{""tier"":2,""winners"":13,""prizeYen"":24194000},{""tier"":3,""winners"":478,""prizeYen"":789500},{""tier"":4,""winners"":28345,""prizeYen"":11700},{""tier"":5,""winners"":508386,""prizeYen"":1000}]"
"loto6","367","2007-11-01","10 13 17 38 41 43","28","","573641861","[{""tier"":1,""winners"":0,""prizeYen"":0},{""tier"":2,""winners"":15,""prizeYen"":25449900},{""tier"":3,""winners"":670,""prizeYen"":683700},{""tier"":4,""winners"":30982,""prizeYen"":13000},{""tier"":5,""winners"":539183,""prizeYen"":1000}]"
"loto6","368","2007-11-08","7 10 18 21 33 35","13","","0","[{""tier"":1,""winners"":7,""prizeYen"":162710200},{""tier"":2,""winners"":50,""prizeYen"":10175800},{""tier"":3,""winners"":1185,""prizeYen"":515200},{""tier"":4,""winners"":54987,""prizeYen"":9700},{""tier"":5,""winners"":833762,""prizeYen"":1000}]"
"loto6","369","2007-11-15","3 9 12 16 18 37","14","","0","[{""tier"":1,""winners"":2,""prizeYen"":175763000},{""tier"":2,""winners"":24,""prizeYen"":13182100},{""tier"":3,""winners"":1074,""prizeYen"":353400},{""tier"":4,""winners"":50069,""prizeYen"":6600},{""tier"":5,""winners"":707811,""prizeYen"":1000}]"
"loto6","370","2007-11-22","2 11 13 15 16 32","43","","0","[{""tier"":1,""winners"":3,""prizeYen"":122240300},{""tier"":2,""winners"":12,""prizeYen"":27503800},{""tier"":3,""winners"":567,""prizeYen"":698500},{""tier"":4,""winners"":33415,""prizeYen"":10400},{""tier"":5,""winners"":561326,""prizeYen"":1000}]"
"loto6","371","2007-11-29","14 15 23 24 32 34","31","","0","[{""tier"":1,""winners"":2,""prizeYen"":187511200},{""tier"":2,""winners"":16,""prizeYen"":21094800},{""tier"":3,""winners"":671,""prizeYen"":603600},{""tier"":4,""winners"":33706,""prizeYen"":10500},{""tier"":5,""winners"":511210,""prizeYen"":1000}]"
"loto6","372","2007-12-06","7 19 28 33 35 39","21","","0","[{""tier"":1,""winners"":7,""prizeYen"":49670900},{""tier"":2,""winners"":44,""prizeYen"":7111900},{""tier"":3,""winners"":895,""prizeYen"":419500},{""tier"":4,""winners"":39608,""prizeYen"":8300},{""tier"":5,""winners"":581411,""prizeYen"":1000}]"
"loto6","373","2007-12-13","7 14 15 19 35 43","30","","0","[{""tier"":1,""winners"":2,""prizeYen"":183116900},{""tier"":2,""winners"":13,""prizeYen"":25354400},{""tier"":3,""winners"":639,""prizeYen"":618900},{""tier"":4,""winners"":28539,""prizeYen"":12200},{""tier"":5,""winners"":496127,""prizeYen"":1000}]"
"loto6","374","2007-12-20","4 24 25 26 27 34","28","","173275826","[{""tier"":1,""winners"":1,""prizeYen"":200000000},{""tier"":2,""winners"":8,""prizeYen"":41993100},{""tier"":3,""winners"":614,""prizeYen"":656500},{""tier"":4,""winners"":30089,""prizeYen"":11800},{""tier"":5,""winners"":516313,""prizeYen"":1000}]"
"loto6","375","2007-12-27","7 9 14 17 36 37","11","","0","[{""tier"":1,""winners"":7,""prizeYen"":85281700},{""tier"":2,""winners"":27,""prizeYen"":14123000},{""tier"":3,""winners"":1005,""prizeYen"":455300},{""tier"":4,""winners"":51103,""prizeYen"":7800},{""tier"":5,""winners"":790808,""prizeYen"":1000}]"
"loto6","376","2008-01-10","20 21 25 27 34 38","16","","229208996","[{""tier"":1,""winners"":1,""prizeYen"":200000000},{""tier"":2,""winners"":13,""prizeYen"":29714200},{""tier"":3,""winners"":574,""prizeYen"":807500},{""tier"":4,""winners"":30153,""prizeYen"":13500},{""tier"":5,""winners"":523665,""prizeYen"":1000}]"
"loto6","377","2008-01-17","2 3 8 20 21 24","13","","0","[{""tier"":1,""winners"":3,""prizeYen"":229941100},{""tier"":2,""winners"":17,""prizeYen"":24385200},{""tier"":3,""winners"":971,""prizeYen"":512300},{""tier"":4,""winners"":45375,""prizeYen"":9600},{""tier"":5,""winners"":721998,""prizeYen"":1000}]"
"loto6","378","2008-01-24","11 13 19 26 36 43","31","","373680466","[{""tier"":1,""winners"":0,""prizeYen"":0},{""tier"":2,""winners"":17,""prizeYen"":19782900},{""tier"":3,""winners"":594,""prizeYen"":679400},{""tier"":4,""winners"":31661,""prizeYen"":11200},{""tier"":5,""winners"":554038,""prizeYen"":1000}]"
"loto6","379","2008-01-31","8 13 15 21 33 34","5","","83541865","[{""tier"":1,""winners"":2,""prizeYen"":400000000},{""tier"":2,""winners"":36,""prizeYen"":12746400},{""tier"":3,""winners"":1143,""prizeYen"":481700},{""tier"":4,""winners"":55878,""prizeYen"":8600},{""tier"":5,""winners"":823269,""prizeYen"":1000}]"
"loto6","380","2008-02-07","17 22 25 26 27 43","16","","154457620","[{""tier"":1,""winners"":1,""prizeYen"":400000000},{""tier"":2,""winners"":13,""prizeYen"":32601500},{""tier"":3,""winners"":527,""prizeYen"":965000},{""tier"":4,""winners"":33075,""prizeYen"":13500},{""tier"":5,""winners"":600042,""prizeYen"":1000}]"
"loto6","381","2008-02-14","4 13 15 22 39 41","30","","216556788","[{""tier"":1,""winners"":1,""prizeYen"":400000000},{""tier"":2,""winners"":27,""prizeYen"":15403100},{""tier"":3,""winners"":1048,""prizeYen"":476200},{""tier"":4,""winners"":48892,""prizeYen"":9000},{""tier"":5,""winners"":713287,""prizeYen"":1000}]"
"loto6","382","2008-02-21","2 6 15 28 29 43","14","","0","[{""tier"":1,""winners"":5,""prizeYen"":145712100},{""tier"":2,""winners"":31,""prizeYen"":14864500},{""tier"":3,""winners"":943,""prizeYen"":586300},{""tier"":4,""winners"":44725,""prizeYen"":10900},{""tier"":5,""winners"":698390,""prizeYen"":1000}]"
"loto6","383","2008-02-28","7 12 17 18 24 28","43","","157062818","[{""tier"":1,""winners"":1,""prizeYen"":200000000},{""tier"":2,""winners"":18,""prizeYen"":17852900},{""tier"":3,""winners"":985,""prizeYen"":391400},{""tier"":4,""winners"":48560,""prizeYen"":7000},{""tier"":5,""winners"":736718,""prizeYen"":1000}]"
"loto6","384","2008-03-06","17 19 20 22 33 41","35","","0","[{""tier"":1,""winners"":2,""prizeYen"":315257400},{""tier"":2,""winners"":14,""prizeYen"":30435900},{""tier"":3,""winners"":682,""prizeYen"":749700},{""tier"":4,""winners"":36073,""prizeYen"":12500},{""tier"":5,""winners"":617720,""prizeYen"":1000}]"
"loto6","385","2008-03-13","6 31 34 35 37 40","7","","215450404","[{""tier"":1,""winners"":1,""prizeYen"":200000000},{""tier"":2,""winners"":14,""prizeYen"":26707200},{""tier"":3,""winners"":442,""prizeYen"":1015100},{""tier"":4,""winners"":23648,""prizeYen"":16700},{""tier"":5,""winners"":428575,""prizeYen"":1000}]"
"loto6","386","2008-03-20","2 9 11 15 23 25","27","","0","[{""tier"":1,""winners"":7,""prizeYen"":84544000},{""tier"":2,""winners"":39,""prizeYen"":8685100},{""tier"":3,""winners"":1163,""prizeYen"":349400},{""tier"":4,""winners"":52595,""prizeYen"":6800},{""tier"":5,""winners"":777811,""prizeYen"":1000}]"
"loto6","387","2008-03-27","12 16 19 27 30 32","38","","0","[{""tier"":1,""winners"":4,""prizeYen"":92433900},{""tier"":2,""winners"":27,""prizeYen"":12324400},{""tier"":3,""winners"":750,""prizeYen"":532400},{""tier"":4,""winners"":34279,""prizeYen"":10200},{""tier"":5,""winners"":562244,""prizeYen"":1000}]"
"loto6","388","2008-04-03","5 12 14 18 20 31","2","","0","[{""tier"":1,""winners"":2,""prizeYen"":178489700},{""tier"":2,""winners"":24,""prizeYen"":13386600},{""tier"":3,""winners"":649,""prizeYen"":594000},{""tier"":4,""winners"":34951,""prizeYen"":9700},{""tier"":5,""winners"":560245,""prizeYen"":1000}]"
"loto6","389","2008-04-10","6 12 22 25 31 35","28","","0","[{""tier"":1,""winners"":5,""prizeYen"":69907800},{""tier"":2,""winners"":26,""prizeYen"":12099300},{""tier"":3,""winners"":552,""prizeYen"":683800},{""tier"":4,""winners"":33082,""prizeYen"":10000},{""tier"":5,""winners"":542637,""prizeYen"":1000}]"
"loto6","390","2008-04-17","5 16 17 22 39 43","21","","0","[{""tier"":1,""winners"":4,""prizeYen"":89878900},{""tier"":2,""winners"":13,""prizeYen"":24889300},{""tier"":3,""winners"":793,""prizeYen"":489600},{""tier"":4,""winners"":34466,""prizeYen"":9900},{""tier"":5,""winners"":540062,""prizeYen"":1000}]"
"loto6","391","2008-04-24","8 20 23 24 29 38","43","","0","[{""tier"":1,""winners"":3,""prizeYen"":114851700},{""tier"":2,""winners"":15,""prizeYen"":20673100},{""tier"":3,""winners"":710,""prizeYen"":524100},{""tier"":4,""winners"":36002,""prizeYen"":9100},{""tier"":5,""winners"":571704,""prizeYen"":1000}]"
"loto6","392","2008-05-01","10 15 18 30 31 37","11","","0","[{""tier"":1,""winners"":6,""prizeYen"":56764100},{""tier"":2,""winners"":38,""prizeYen"":8066400},{""tier"":3,""winners"":920,""prizeYen"":399800},{""tier"":4,""winners"":39058,""prizeYen"":8300},{""tier"":5,""winners"":575670,""prizeYen"":1000}]"
"loto6","393","2008-05-08","7 18 27 37 38 43","35","","0","[{""tier"":1,""winners"":2,""prizeYen"":173104900},{""tier"":2,""winners"":13,""prizeYen"":23968100},{""tier"":3,""winners"":780,""prizeYen"":479300},{""tier"":4,""winners"":35152,""prizeYen"":9300},{""tier"":5,""winners"":508467,""prizeYen"":1000}]"
"loto6","394","2008-05-15","14 27 28 31 37 40","18","","360112917","[{""tier"":1,""winners"":0,""prizeYen"":0},{""tier"":2,""winners"":7,""prizeYen"":46299800},{""tier"":3,""winners"":483,""prizeYen"":805200},{""tier"":4,""winners"":26149,""prizeYen"":13100},{""tier"":5,""winners"":460263,""prizeYen"":1000}]"
"loto6","395","2008-05-22","15 21 26 28 42 43","39","","812785066","[{""tier"":1,""winners"":0,""prizeYen"":0},{""tier"":2,""winners"":11,""prizeYen"":37036400},{""tier"":3,""winners"":524,""prizeYen"":932900},{""tier"":4,""winners"":31179,""prizeYen"":13800},{""tier"":5,""winners"":577940,""prizeYen"":1000}]"
"loto6","396","2008-05-29","9 12 21 26 33 40","5","","0","[{""tier"":1,""winners"":6,""prizeYen"":235393800},{""tier"":2,""winners"":57,""prizeYen"":9466900},{""tier"":3,""winners"":1300,""prizeYen"":498100},{""tier"":4,""winners"":57709,""prizeYen"":9800},{""tier"":5,""winners"":867064,""prizeYen"":1000}]"
"loto6","397","2008-06-05","15 16 23 30 39 43","11","","160074643","[{""tier"":1,""winners"":1,""prizeYen"":200000000},{""tier"":2,""winners"":13,""prizeYen"":24928000},{""tier"":3,""winners"":583,""prizeYen"":667000},{""tier"":4,""winners"":32626,""prizeYen"":10500},{""tier"":5,""winners"":534661,""prizeYen"":1000}]"
"loto6","398","2008-06-12","2 31 36 37 39 43","13","","214752039","[{""tier"":1,""winners"":1,""prizeYen"":400000000},{""tier"":2,""winners"":15,""prizeYen"":27280400},{""tier"":3,""winners"":472,""prizeYen"":1040300},{""tier"":4,""winners"":25960,""prizeYen"":16600},{""tier"":5,""winners"":493826,""prizeYen"":1000}]"
"loto6","399","2008-06-19","1 14 17 28 31 37","21","","0","[{""tier"":1,""winners"":5,""prizeYen"":130837500},{""tier"":2,""winners"":20,""prizeYen"":19774400},{""tier"":3,""winners"":927,""prizeYen"":511900},{""tier"":4,""winners"":45178,""prizeYen"":9200},{""tier"":5,""winners"":695851,""prizeYen"":1000}]"
"loto6","400","2008-06-26","4 9 19 22 23 33","38","","0","[{""tier"":1,""winners"":4,""prizeYen"":91116600},{""tier"":2,""winners"":31,""prizeYen"":10581100},{""tier"":3,""winners"":1138,""prizeYen"":345800},{""tier"":4,""winners"":40139,""prizeYen"":8600},{""tier"":5,""winners"":603603,""prizeYen"":1000}]"
"loto6","401","2008-07-03","14 15 27 34 35 42","37","","0","[{""tier"":1,""winners"":8,""prizeYen"":46775300},{""tier"":2,""winners"":15,""prizeYen"":22451900},{""tier"":3,""winners"":784,""prizeYen"":515400},{""tier"":4,""winners"":36074,""prizeYen"":9800},{""tier"":5,""winners"":552114,""prizeYen"":1000}]"
"loto6","402","2008-07-10","3 18 23 24 29 33","28","","0","[{""tier"":1,""winners"":2,""prizeYen"":177704700},{""tier"":2,""winners"":16,""prizeYen"":19991600},{""tier"":3,""winners"":807,""prizeYen"":475600},{""tier"":4,""winners"":41087,""prizeYen"":8200},{""tier"":5,""winners"":639725,""prizeYen"":1000}]"
"loto6","403","2008-07-17","8 10 13 20 24 33","23","","161098341","[{""tier"":1,""winners"":1,""prizeYen"":200000000},{""tier"":2,""winners"":21,""prizeYen"":15475500},{""tier"":3,""winners"":661,""prizeYen"":589900},{""tier"":4,""winners"":34065,""prizeYen"":10000},{""tier"":5,""winners"":559457,""prizeYen"":1000}]"
"loto6","404","2008-07-24","3 10 14 18 26 43","33","","0","[{""tier"":1,""winners"":4,""prizeYen"":139117700},{""tier"":2,""winners"":31,""prizeYen"":11478400},{""tier"":3,""winners"":817,""prizeYen"":522600},{""tier"":4,""winners"":37294,""prizeYen"":10000},{""tier"":5,""winners"":584518,""prizeYen"":1000}]"
"loto6","405","2008-07-31","6 13 19 20 30 31","8","","0","[{""tier"":1,""winners"":2,""prizeYen"":175637000},{""tier"":2,""winners"":26,""prizeYen"":12159300},{""tier"":3,""winners"":794,""prizeYen"":477700},{""tier"":4,""winners"":37151,""prizeYen"":9000},{""tier"":5,""winners"":550150,""prizeYen"":1000}]"
"loto6","406","2008-08-07","1 2 4 16 36 37","40","","349343178","[{""tier"":1,""winners"":0,""prizeYen"":0},{""tier"":2,""winners"":13,""prizeYen"":24185000},{""tier"":3,""winners"":463,""prizeYen"":814800},{""tier"":4,""winners"":28100,""prizeYen"":11800},{""tier"":5,""winners"":479977,""prizeYen"":1000}]"
"loto6","407","2008-08-14","11 18 19 30 37 39","38","","0","[{""tier"":1,""winners"":3,""prizeYen"":250783000},{""tier"":2,""winners"":15,""prizeYen"":24180100},{""tier"":3,""winners"":1034,""prizeYen"":420900},{""tier"":4,""winners"":46317,""prizeYen"":8200},{""tier"":5,""winners"":663076,""prizeYen"":1000}]"
"loto6","408","2008-08-21","12 20 23 28 31 32","39","","143879862","[{""tier"":1,""winners"":1,""prizeYen"":200000000},{""tier"":2,""winners"":14,""prizeYen"":22106300},{""tier"":3,""winners"":766,""prizeYen"":484800},{""tier"":4,""winners"":36282,""prizeYen"":9000},{""tier"":5,""winners"":616372,""prizeYen"":1000}]"
"loto6","409","2008-08-28","6 13 17 27 28 36","33","","0","[{""tier"":1,""winners"":6,""prizeYen"":88449700},{""tier"":2,""winners"":44,""prizeYen"":7912100},{""tier"":3,""winners"":1497,""prizeYen"":279000},{""tier"":4,""winners"":59388,""prizeYen"":6200},{""tier"":5,""winners"":805669,""prizeYen"":1000}]"
"loto6","410","2008-09-04","2 12 16 20 42 43","28","","199416745","[{""tier"":1,""winners"":1,""prizeYen"":200000000},{""tier"":2,""winners"":14,""prizeYen"":25676500},{""tier"":3,""winners"":431,""prizeYen"":1000800},{""tier"":4,""winners"":25714,""prizeYen"":14700},{""tier"":5,""winners"":453564,""prizeYen"":1000}]"
"loto6","411","2008-09-11","2 4 6 24 35 39","34","","0","[{""tier"":1,""winners"":2,""prizeYen"":320327800},{""tier"":2,""winners"":20,""prizeYen"":19855500},{""tier"":3,""winners"":701,""prizeYen"":679700},{""tier"":4,""winners"":36100,""prizeYen"":11600},{""tier"":5,""winners"":613991,""prizeYen"":1000}]"
"loto6","412","2008-09-18","2 6 7 9 16 19","33","","0","[{""tier"":1,""winners"":2,""prizeYen"":174393800},{""tier"":2,""winners"":13,""prizeYen"":24146600},{""tier"":3,""winners"":1020,""prizeYen"":369300},{""tier"":4,""winners"":47886,""prizeYen"":6900},{""tier"":5,""winners"":596846,""prizeYen"":1000}]"
"loto6","413","2008-09-25","2 14 15 26 35 37","25","","0","[{""tier"":1,""winners"":2,""prizeYen"":176762900},{""tier"":2,""winners"":23,""prizeYen"":13833400},{""tier"":3,""winners"":866,""prizeYen"":440800},{""tier"":4,""winners"":39779,""prizeYen"":8400},{""tier"":5,""winners"":558027,""prizeYen"":1000}]"
"loto6","414","2008-10-02","1 2 4 5 9 25","15","","0","[{""tier"":1,""winners"":9,""prizeYen"":37013100},{""tier"":2,""winners"":42,""prizeYen"":7138100},{""tier"":3,""winners"":2060,""prizeYen"":174600},{""tier"":4,""winners"":59174,""prizeYen"":5300},{""tier"":5,""winners"":633819,""prizeYen"":1000}]"
"loto6","415","2008-10-09","9 28 33 34 37 43","41","","0","[{""tier"":1,""winners"":3,""prizeYen"":122294100},{""tier"":2,""winners"":14,""prizeYen"":23585000},{""tier"":3,""winners"":438,""prizeYen"":904600},{""tier"":4,""winners"":29361,""prizeYen"":11900},{""tier"":5,""winners"":455941,""prizeYen"":1000}]"
"loto6","416","2008-10-16","12 15 22 24 29 37","6","","0","[{""tier"":1,""winners"":4,""prizeYen"":83817100},{""tier"":2,""winners"":37,""prizeYen"":8155100},{""tier"":3,""winners"":754,""prizeYen"":480200},{""tier"":4,""winners"":37629,""prizeYen"":8400},{""tier"":5,""winners"":582514,""prizeYen"":1000}]"
"loto6","417","2008-10-23","3 20 23 30 31 37","6","","0","[{""tier"":1,""winners"":7,""prizeYen"":47161500},{""tier"":2,""winners"":18,""prizeYen"":16506300},{""tier"":3,""winners"":886,""prizeYen"":402400},{""tier"":4,""winners"":38587,""prizeYen"":8100},{""tier"":5,""winners"":587511,""prizeYen"":1000}]"
"loto6","418","2008-10-30","3 12 16 25 32 36","34","","0","[{""tier"":1,""winners"":5,""prizeYen"":68409400},{""tier"":2,""winners"":21,""prizeYen"":14659000},{""tier"":3,""winners"":1006,""prizeYen"":367200},{""tier"":4,""winners"":41911,""prizeYen"":7700},{""tier"":5,""winners"":617490,""prizeYen"":1000}]"
"loto6","419","2008-11-06","5 8 16 25 26 30","1","","0","[{""tier"":1,""winners"":6,""prizeYen"":56856200},{""tier"":2,""winners"":22,""prizeYen"":13955400},{""tier"":3,""winners"":894,""prizeYen"":412100},{""tier"":4,""winners"":38618,""prizeYen"":8400},{""tier"":5,""winners"":595766,""prizeYen"":1000}]"
"loto6","420","2008-11-13","14 19 21 28 29 31","24","","158669748","[{""tier"":1,""winners"":1,""prizeYen"":200000000},{""tier"":2,""winners"":16,""prizeYen"":20174900},{""tier"":3,""winners"":670,""prizeYen"":578100},{""tier"":4,""winners"":27695,""prizeYen"":12300},{""tier"":5,""winners"":489704,""prizeYen"":1000}]"
"loto6","421","2008-11-20","2 6 8 10 25 34","31","","557769048","[{""tier"":1,""winners"":0,""prizeYen"":0},{""tier"":2,""winners"":17,""prizeYen"":21128600},{""tier"":3,""winners"":788,""prizeYen"":546900},{""tier"":4,""winners"":41588,""prizeYen"":9100},{""tier"":5,""winners"":627824,""prizeYen"":1000}]"
"loto6","422","2008-11-27","5 6 7 8 28 38","36","","0","[{""tier"":1,""winners"":6,""prizeYen"":175377500},{""tier"":2,""winners"":27,""prizeYen"":16483000},{""tier"":3,""winners"":1102,""prizeYen"":484600},{""tier"":4,""winners"":54825,""prizeYen"":8500},{""tier"":5,""winners"":851502,""prizeYen"":1000}]"
"loto6","423","2008-12-04","1 2 3 30 35 36","21","","0","[{""tier"":1,""winners"":7,""prizeYen"":54458300},{""tier"":2,""winners"":12,""prizeYen"":28590300},{""tier"":3,""winners"":752,""prizeYen"":547400},{""tier"":4,""winners"":30415,""prizeYen"":11900},{""tier"":5,""winners"":517971,""prizeYen"":1000}]"
"loto6","424","2008-12-11","3 13 17 25 40 41","4","","0","[{""tier"":1,""winners"":5,""prizeYen"":73205100},{""tier"":2,""winners"":22,""prizeYen"":14973600},{""tier"":3,""winners"":774,""prizeYen"":510700},{""tier"":4,""winners"":37821,""prizeYen"":9200},{""tier"":5,""winners"":575531,""prizeYen"":1000}]"
"loto6","425","2008-12-18","2 3 12 20 34 43","4","","0","[{""tier"":1,""winners"":3,""prizeYen"":126522400},{""tier"":2,""winners"":23,""prizeYen"":14852500},{""tier"":3,""winners"":605,""prizeYen"":677500},{""tier"":4,""winners"":33552,""prizeYen"":10700},{""tier"":5,""winners"":554135,""prizeYen"":1000}]"
"loto6","426","2008-12-25","6 8 9 29 32 37","4","","379846586","[{""tier"":1,""winners"":0,""prizeYen"":0},{""tier"":2,""winners"":16,""prizeYen"":21366100},{""tier"":3,""winners"":660,""prizeYen"":621500},{""tier"":4,""winners"":34273,""prizeYen"":10500},{""tier"":5,""winners"":595051,""prizeYen"":1000}]"
"loto6","427","2009-01-08","5 12 13 33 39 42","20","","501345283","[{""tier"":1,""winners"":1,""prizeYen"":400000000},{""tier"":2,""winners"":23,""prizeYen"":20406200},{""tier"":3,""winners"":1055,""prizeYen"":533800},{""tier"":4,""winners"":55227,""prizeYen"":8900},{""tier"":5,""winners"":864421,""prizeYen"":1000}]"
"loto6","428","2009-01-15","8 16 18 35 42 43","13","","260645829","[{""tier"":1,""winners"":2,""prizeYen"":400000000},{""tier"":2,""winners"":20,""prizeYen"":25168300},{""tier"":3,""winners"":723,""prizeYen"":835400},{""tier"":4,""winners"":39419,""prizeYen"":13500},{""tier"":5,""winners"":690385,""prizeYen"":1000}]"
"loto6","429","2009-01-22","17 25 29 33 37 42","7","","0","[{""tier"":1,""winners"":6,""prizeYen"":124626900},{""tier"":2,""winners"":39,""prizeYen"":11241000},{""tier"":3,""winners"":1285,""prizeYen"":409400},{""tier"":4,""winners"":51221,""prizeYen"":9000},{""tier"":5,""winners"":730912,""prizeYen"":1000}]"
"loto6","430","2009-01-29","1 8 18 26 34 42","21","","0","[{""tier"":1,""winners"":9,""prizeYen"":45402100},{""tier"":2,""winners"":17,""prizeYen"":21632600},{""tier"":3,""winners"":957,""prizeYen"":461100},{""tier"":4,""winners"":35788,""prizeYen"":10800},{""tier"":5,""winners"":551549,""prizeYen"":1000}]"
"loto6","431","2009-02-05","1 5 19 20 35 41","33","","0","[{""tier"":1,""winners"":5,""prizeYen"":80148800},{""tier"":2,""winners"":21,""prizeYen"":17174500},{""tier"":3,""winners"":713,""prizeYen"":607000},{""tier"":4,""winners"":34548,""prizeYen"":11000},{""tier"":5,""winners"":546187,""prizeYen"":1000}]"
"loto6","432","2009-02-12","8 20 23 24 42 43","16","","196225409","[{""tier"":1,""winners"":1,""prizeYen"":200000000},{""tier"":2,""winners"":15,""prizeYen"":23773300},{""tier"":3,""winners"":585,""prizeYen"":731400},{""tier"":4,""winners"":29792,""prizeYen"":12600},{""tier"":5,""winners"":506914,""prizeYen"":1000}]"
"loto6","433","2009-02-19","3 9 11 24 26 34","25","","0","[{""tier"":1,""winners"":2,""prizeYen"":311043700},{""tier"":2,""winners"":26,""prizeYen"":14741200},{""tier"":3,""winners"":994,""prizeYen"":462700},{""tier"":4,""winners"":46531,""prizeYen"":8700},{""tier"":5,""winners"":711769,""prizeYen"":1000}]"
"loto6","434","2009-02-26","3 12 19 33 35 36","37","","0","[{""tier"":1,""winners"":2,""prizeYen"":177908600},{""tier"":2,""winners"":19,""prizeYen"":16854300},{""tier"":3,""winners"":886,""prizeYen"":433700},{""tier"":4,""winners"":42418,""prizeYen"":7900},{""tier"":5,""winners"":644439,""prizeYen"":1000}]"
"loto6","435","2009-03-05","2 11 12 28 35 37","27","","0","[{""tier"":1,""winners"":5,""prizeYen"":68935600},{""tier"":2,""winners"":45,""prizeYen"":6893500},{""tier"":3,""winners"":1546,""prizeYen"":240700},{""tier"":4,""winners"":45704,""prizeYen"":7100},{""tier"":5,""winners"":658184,""prizeYen"":1000}]"
"loto6","436","2009-03-12","4 12 21 22 27 38","31","","0","[{""tier"":1,""winners"":12,""prizeYen"":28645400},{""tier"":2,""winners"":37,""prizeYen"":8361200},{""tier"":3,""winners"":1208,""prizeYen"":307300},{""tier"":4,""winners"":45875,""prizeYen"":7100},{""tier"":5,""winners"":621114,""prizeYen"":1000}]"
"loto6","437","2009-03-19","2 5 11 21 23 43","15","","150092785","[{""tier"":1,""winners"":1,""prizeYen"":200000000},{""tier"":2,""winners"":16,""prizeYen"":19692500},{""tier"":3,""winners"":693,""prizeYen"":545500},{""tier"":4,""winners"":34009,""prizeYen"":9800},{""tier"":5,""winners"":556602,""prizeYen"":1000}]"
"loto6","438","2009-03-26","3 9 16 17 20 31","42","","0","[{""tier"":1,""winners"":3,""prizeYen"":180663800},{""tier"":2,""winners"":14,""prizeYen"":25193200},{""tier"":3,""winners"":951,""prizeYen"":445000},{""tier"":4,""winners"":45468,""prizeYen"":8200},{""tier"":5,""winners"":691145,""prizeYen"":1000}]"
"loto6","439","2009-04-02","11 14 20 28 32 41","27","","174128470","[{""tier"":1,""winners"":1,""prizeYen"":200000000},{""tier"":2,""winners"":16,""prizeYen"":21044500},{""tier"":3,""winners"":573,""prizeYen"":705100},{""tier"":4,""winners"":28892,""prizeYen"":12300},{""tier"":5,""winners"":482658,""prizeYen"":1000}]"
"loto6","440","2009-04-09","9 23 29 30 31 39","18","","0","[{""tier"":1,""winners"":2,""prizeYen"":290149600},{""tier"":2,""winners"":25,""prizeYen"":14622000},{""tier"":3,""winners"":716,""prizeYen"":612600},{""tier"":4,""winners"":40743,""prizeYen"":9400},{""tier"":5,""winners"":643678,""prizeYen"":1000}]"
"loto6","441","2009-04-16","10 18 33 34 39 41","21","","182760744","[{""tier"":1,""winners"":1,""prizeYen"":200000000},{""tier"":2,""winners"":18,""prizeYen"":19137800},{""tier"":3,""winners"":527,""prizeYen"":784300},{""tier"":4,""winners"":27717,""prizeYen"":13100},{""tier"":5,""winners"":472470,""prizeYen"":1000}]"
"loto6","442","2009-04-23","2 23 26 35 41 42","38","","0","[{""tier"":1,""winners"":2,""prizeYen"":307923300},{""tier"":2,""winners"":18,""prizeYen"":21654100},{""tier"":3,""winners"":565,""prizeYen"":827800},{""tier"":4,""winners"":31873,""prizeYen"":12900},{""tier"":5,""winners"":566012,""prizeYen"":1000}]"
"loto6","443","2009-04-30","6 10 21 22 23 35","5","","0","[{""tier"":1,""winners"":3,""prizeYen"":119517000},{""tier"":2,""winners"":22,""prizeYen"":14667800},{""tier"":3,""winners"":668,""prizeYen"":579600},{""tier"":4,""winners"":33437,""prizeYen"":10200},{""tier"":5,""winners"":526918,""prizeYen"":1000}]"
"loto6","444","2009-05-07","5 13 16 18 24 32","30","","0","[{""tier"":1,""winners"":7,""prizeYen"":46888600},{""tier"":2,""winners"":27,""prizeYen"":10940500},{""tier"":3,""winners"":983,""prizeYen"":360600},{""tier"":4,""winners"":39187,""prizeYen"":7900},{""tier"":5,""winners"":552693,""prizeYen"":1000}]"
"loto6","445","2009-05-14","10 20 23 26 37 40","9","","0","[{""tier"":1,""winners"":3,""prizeYen"":121570500},{""tier"":2,""winners"":23,""prizeYen"":14271200},{""tier"":3,""winners"":537,""prizeYen"":733400},{""tier"":4,""winners"":27326,""prizeYen"":12700},{""tier"":5,""winners"":479442,""prizeYen"":1000}]"
"loto6","446","2009-05-21","3 8 17 26 27 36","13","","0","[{""tier"":1,""winners"":8,""prizeYen"":38559600},{""tier"":2,""winners"":22,""prizeYen"":12619400},{""tier"":3,""winners"":1150,""prizeYen"":289600},{""tier"":4,""winners"":45655,""prizeYen"":6400},{""tier"":5,""winners"":641644,""prizeYen"":1000}]"
"loto6","447","2009-05-28","15 23 29 36 42 43","34","","0","[{""tier"":1,""winners"":4,""prizeYen"":88208400},{""tier"":2,""winners"":11,""prizeYen"":28867900},{""tier"":3,""winners"":616,""prizeYen"":618500},{""tier"":4,""winners"":27727,""prizeYen"":12100},{""tier"":5,""winners"":455019,""prizeYen"":1000}]"
"loto6","448","2009-06-04","9 23 32 35 39 42","37","","342760382","[{""tier"":1,""winners"":0,""prizeYen"":0},{""tier"":2,""winners"":7,""prizeYen"":44068800},{""tier"":3,""winners"":554,""prizeYen"":668100},{""tier"":4,""winners"":29409,""prizeYen"":11100},{""tier"":5,""winners"":483768,""prizeYen"":1000}]"
"loto6","449","2009-06-11","19 20 21 23 27 32","24","","0","[{""tier"":1,""winners"":3,""prizeYen"":267032600},{""tier"":2,""winners"":16,""prizeYen"":25781200},{""tier"":3,""winners"":683,""prizeYen"":724700},{""tier"":4,""winners"":36443,""prizeYen"":11900},{""tier"":5,""winners"":601680,""prizeYen"":1000}]"
"loto6","450","2009-06-18","15 20 21 32 40 42","27","","0","[{""tier"":1,""winners"":2,""prizeYen"":187581700},{""tier"":2,""winners"":14,""prizeYen"":24117400},{""tier"":3,""winners"":396,""prizeYen"":1023100},{""tier"":4,""winners"":23306,""prizeYen"":15300},{""tier"":5,""winners"":414549,""prizeYen"":1000}]"
"loto6","451","2009-06-25","6 14 16 19 26 39","21","","0","[{""tier"":1,""winners"":3,""prizeYen"":115968300},{""tier"":2,""winners"":16,""prizeYen"":19569400},{""tier"":3,""winners"":672,""prizeYen"":559100},{""tier"":4,""winners"":33718,""prizeYen"":9800},{""tier"":5,""winners"":534015,""prizeYen"":1000}]"
"loto6","452","2009-07-02","1 5 25 27 29 40","19","","154890181","[{""tier"":1,""winners"":1,""prizeYen"":200000000},{""tier"":2,""winners"":15,""prizeYen"":21293200},{""tier"":3,""winners"":585,""prizeYen"":655100},{""tier"":4,""winners"":29210,""prizeYen"":11500},{""tier"":5,""winners"":506996,""prizeYen"":1000}]"
"loto6","453","2009-07-09","7 17 19 27 35 40","41","","0","[{""tier"":1,""winners"":4,""prizeYen"":139198600},{""tier"":2,""winners"":25,""prizeYen"":14468400},{""tier"":3,""winners"":931,""prizeYen"":466200},{""tier"":4,""winners"":44299,""prizeYen"":8600},{""tier"":5,""winners"":651172,""prizeYen"":1000}]"
"loto6","454","2009-07-16","2 16 18 27 42 43","12","","0","[{""tier"":1,""winners"":2,""prizeYen"":172374800},{""tier"":2,""winners"":20,""prizeYen"":15513500},{""tier"":3,""winners"":647,""prizeYen"":575400},{""tier"":4,""winners"":31999,""prizeYen"":10200},{""tier"":5,""winners"":500547,""prizeYen"":1000}]"
"loto6","455","2009-07-23","11 20 26 28 30 43","24","","344887602","[{""tier"":1,""winners"":0,""prizeYen"":0},{""tier"":2,""winners"":5,""prizeYen"":62079200},{""tier"":3,""winners"":437,""prizeYen"":852300},{""tier"":4,""winners"":24797,""prizeYen"":13200},{""tier"":5,""winners"":452045,""prizeYen"":1000}]"
"loto6","456","2009-07-30","3 7 15 25 30 39","22","","0","[{""tier"":1,""winners"":6,""prizeYen"":124171600},{""tier"":2,""winners"":24,""prizeYen"":15005200},{""tier"":3,""winners"":1314,""prizeYen"":328800},{""tier"":4,""winners"":55534,""prizeYen"":6800},{""tier"":5,""winners"":792400,""prizeYen"":1000}]"
"loto6","457","2009-08-06","10 12 27 32 34 43","42","","356528307","[{""tier"":1,""winners"":0,""prizeYen"":0},{""tier"":2,""winners"":8,""prizeYen"":40109000},{""tier"":3,""winners"":489,""prizeYen"":787400},{""tier"":4,""winners"":24966,""prizeYen"":13600},{""tier"":5,""winners"":428542,""prizeYen"":1000}]"
"loto6","458","2009-08-13","1 18 27 30 36 40","5","","0","[{""tier"":1,""winners"":2,""prizeYen"":389430700},{""tier"":2,""winners"":20,""prizeYen"":19004800},{""tier"":3,""winners"":685,""prizeYen"":665800},{""tier"":4,""winners"":34662,""prizeYen"":11600},{""tier"":5,""winners"":582183,""prizeYen"":1000}]"
"loto6","459","2009-08-20","11 13 27 31 37 43","30","","0","[{""tier"":1,""winners"":5,""prizeYen"":66346300},{""tier"":2,""winners"":42,""prizeYen"":7108400},{""tier"":3,""winners"":780,""prizeYen"":459300},{""tier"":4,""winners"":36390,""prizeYen"":8600},{""tier"":5,""winners"":568589,""prizeYen"":1000}]"
"loto6","460","2009-08-27","18 22 23 32 35 40","7","","0","[{""tier"":1,""winners"":2,""prizeYen"":181193700},{""tier"":2,""winners"":21,""prizeYen"":15530700},{""tier"":3,""winners"":527,""prizeYen"":742600},{""tier"":4,""winners"":29732,""prizeYen"":11600},{""tier"":5,""winners"":489513,""prizeYen"":1000}]"
"loto6","461","2009-09-03","8 10 13 30 32 42","12","","155487414","[{""tier"":1,""winners"":1,""prizeYen"":200000000},{""tier"":2,""winners"":23,""prizeYen"":13910200},{""tier"":3,""winners"":523,""prizeYen"":734000},{""tier"":4,""winners"":28639,""prizeYen"":11800},{""tier"":5,""winners"":479736,""prizeYen"":1000}]"
"loto6","462","2009-09-10","2 4 6 16 31 33","5","","170002065","[{""tier"":1,""winners"":1,""prizeYen"":400000000},{""tier"":2,""winners"":17,""prizeYen"":21944700},{""tier"":3,""winners"":773,""prizeYen"":579100},{""tier"":4,""winners"":38897,""prizeYen"":10100},{""tier"":5,""winners"":647761,""prizeYen"":1000}]"
"loto6","463","2009-09-17","10 13 16 25 30 42","28","","0","[{""tier"":1,""winners"":2,""prizeYen"":302909200},{""tier"":2,""winners"":14,""prizeYen"":28016500},{""tier"":3,""winners"":818,""prizeYen"":575400},{""tier"":4,""winners"":41645,""prizeYen"":9900},{""tier"":5,""winners"":635813,""prizeYen"":1000}]"
"loto6","464","2009-09-24","10 21 22 25 27 37","36","","0","[{""tier"":1,""winners"":3,""prizeYen"":115943100},{""tier"":2,""winners"":21,""prizeYen"":14906800},{""tier"":3,""winners"":915,""prizeYen"":410500},{""tier"":4,""winners"":28852,""prizeYen"":11400},{""tier"":5,""winners"":488662,""prizeYen"":1000}]"
"loto6","465","2009-10-01","6 24 27 30 32 38","13","","153752840","[{""tier"":1,""winners"":1,""prizeYen"":200000000},{""tier"":2,""winners"":32,""prizeYen"":9949200},{""tier"":3,""winners"":630,""prizeYen"":606400},{""tier"":4,""winners"":30298,""prizeYen"":11100},{""tier"":5,""winners"":522761,""prizeYen"":1000}]"
"loto6","466","2009-10-08","1 4 19 28 34 40","14","","0","[{""tier"":1,""winners"":2,""prizeYen"":282223000},{""tier"":2,""winners"":18,""prizeYen"":20534400},{""tier"":3,""winners"":535,""prizeYen"":829000},{""tier"":4,""winners"":29725,""prizeYen"":13100},{""tier"":5,""winners"":500368,""prizeYen"":1000}]"
"loto6","467","2009-10-15","18 19 20 24 32 43","41","","161707398","[{""tier"":1,""winners"":1,""prizeYen"":200000000},{""tier"":2,""winners"":15,""prizeYen"":21702200},{""tier"":3,""winners"":460,""prizeYen"":849200},{""tier"":4,""winners"":25724,""prizeYen"":13300},{""tier"":5,""winners"":445377,""prizeYen"":1000}]"
"loto6","468","2009-10-22","9 17 26 30 34 40","33","","0","[{""tier"":1,""winners"":6,""prizeYen"":96632000},{""tier"":2,""winners"":20,""prizeYen"":18813600},{""tier"":3,""winners"":781,""prizeYen"":578100},{""tier"":4,""winners"":35937,""prizeYen"":11000},{""tier"":5,""winners"":589401,""prizeYen"":1000}]"
"loto6","469","2009-10-29","10 12 20 35 40 43","28","","155586703","[{""tier"":1,""winners"":1,""prizeYen"":200000000},{""tier"":2,""winners"":22,""prizeYen"":14546600},{""tier"":3,""winners"":606,""prizeYen"":633700},{""tier"":4,""winners"":33186,""prizeYen"":10200},{""tier"":5,""winners"":502816,""prizeYen"":1000}]"
"loto6","470","2009-11-05","1 11 17 23 38 43","18","","0","[{""tier"":1,""winners"":3,""prizeYen"":190687700},{""tier"":2,""winners"":18,""prizeYen"":20823600},{""tier"":3,""winners"":1011,""prizeYen"":444800},{""tier"":4,""winners"":41797,""prizeYen"":9400},{""tier"":5,""winners"":653213,""prizeYen"":1000}]"
"loto6","471","2009-11-12","2 13 14 22 23 32","34","","148143871","[{""tier"":1,""winners"":1,""prizeYen"":200000000},{""tier"":2,""winners"":29,""prizeYen"":10804300},{""tier"":3,""winners"":778,""prizeYen"":483200},{""tier"":4,""winners"":33456,""prizeYen"":9900},{""tier"":5,""winners"":528544,""prizeYen"":1000}]"
"loto6","472","2009-11-19","10 17 28 30 36 42","5","","0","[{""tier"":1,""winners"":5,""prizeYen"":108556500},{""tier"":2,""winners"":33,""prizeYen"":10762700},{""tier"":3,""winners"":1041,""prizeYen"":409400},{""tier"":4,""winners"":39885,""prizeYen"":9400},{""tier"":5,""winners"":619200,""prizeYen"":1000}]"
"loto6","473","2009-11-26","6 16 17 22 34 37","26","","0","[{""tier"":1,""winners"":4,""prizeYen"":86978400},{""tier"":2,""winners"":13,""prizeYen"":24086100},{""tier"":3,""winners"":695,""prizeYen"":540600},{""tier"":4,""winners"":33576,""prizeYen"":9800},{""tier"":5,""winners"":524208,""prizeYen"":1000}]"
"loto6","474","2009-12-03","12 15 19 25 28 41","18","","0","[{""tier"":1,""winners"":4,""prizeYen"":84734500},{""tier"":2,""winners"":10,""prizeYen"":30504100},{""tier"":3,""winners"":637,""prizeYen"":574600},{""tier"":4,""winners"":31955,""prizeYen"":10100},{""tier"":5,""winners"":547231,""prizeYen"":1000}]"
"loto6","475","2009-12-10","5 9 10 27 33 42","2","","0","[{""tier"":1,""winners"":5,""prizeYen"":66677900},{""tier"":2,""winners"":19,""prizeYen"":15792000},{""tier"":3,""winners"":705,""prizeYen"":510700},{""tier"":4,""winners"":36640,""prizeYen"":8600},{""tier"":5,""winners"":588651,""prizeYen"":1000}]"
"loto6","476","2009-12-17","7 17 22 30 36 40","2","","0","[{""tier"":1,""winners"":5,""prizeYen"":69405900},{""tier"":2,""winners"":21,""prizeYen"":14872500},{""tier"":3,""winners"":795,""prizeYen"":471400},{""tier"":4,""winners"":37257,""prizeYen"":8800},{""tier"":5,""winners"":561557,""prizeYen"":1000}]"
"loto6","477","2009-12-24","12 14 16 18 38 41","17","","0","[{""tier"":1,""winners"":2,""prizeYen"":185142100},{""tier"":2,""winners"":10,""prizeYen"":33325200},{""tier"":3,""winners"":540,""prizeYen"":740500},{""tier"":4,""winners"":28238,""prizeYen"":12400},{""tier"":5,""winners"":511958,""prizeYen"":1000}]"
"loto6","478","2010-01-07","11 14 23 30 31 38","42","","0","[{""tier"":1,""winners"":4,""prizeYen"":97985600},{""tier"":2,""winners"":22,""prizeYen"":16033800},{""tier"":3,""winners"":767,""prizeYen"":551800},{""tier"":4,""winners"":37199,""prizeYen"":10000},{""tier"":5,""winners"":609892,""prizeYen"":1000}]"
"loto6","479","2010-01-14","5 7 14 17 20 27","3","","334091926","[{""tier"":1,""winners"":0,""prizeYen"":0},{""tier"":2,""winners"":23,""prizeYen"":13073000},{""tier"":3,""winners"":687,""prizeYen"":525200},{""tier"":4,""winners"":36853,""prizeYen"":8600},{""tier"":5,""winners"":581499,""prizeYen"":1000}]"
"loto6","480","2010-01-21","2 5 17 18 35 38","34","","0","[{""tier"":1,""winners"":5,""prizeYen"":162529400},{""tier"":2,""winners"":26,""prizeYen"":16565200},{""tier"":3,""winners"":1076,""prizeYen"":480300},{""tier"":4,""winners"":48210,""prizeYen"":9400},{""tier"":5,""winners"":740131,""prizeYen"":1000}]"
"loto6","481","2010-01-28","2 9 11 24 25 34","20","","0","[{""tier"":1,""winners"":7,""prizeYen"":52528600},{""tier"":2,""winners"":24,""prizeYen"":13788600},{""tier"":3,""winners"":860,""prizeYen"":461700},{""tier"":4,""winners"":38137,""prizeYen"":9100},{""tier"":5,""winners"":580328,""prizeYen"":1000}]"
"loto6","482","2010-02-04","4 30 31 36 37 38","19","","185205326","[{""tier"":1,""winners"":1,""prizeYen"":200000000},{""tier"":2,""winners"":13,""prizeYen"":26667800},{""tier"":3,""winners"":513,""prizeYen"":810900},{""tier"":4,""winners"":29910,""prizeYen"":12200},{""tier"":5,""winners"":463710,""prizeYen"":1000}]"
"loto6","483","2010-02-11","2 8 15 24 33 35","30","","0","[{""tier"":1,""winners"":5,""prizeYen"":117617400},{""tier"":2,""winners"":20,""prizeYen"":18129500},{""tier"":3,""winners"":1010,""prizeYen"":430800},{""tier"":4,""winners"":44288,""prizeYen"":8600},{""tier"":5,""winners"":663426,""prizeYen"":1000}]"
"loto6","484","2010-02-18","13 19 25 29 32 35","42","","366827066","[{""tier"":1,""winners"":0,""prizeYen"":0},{""tier"":2,""winners"":15,""prizeYen"":22009400},{""tier"":3,""winners"":609,""prizeYen"":650500},{""tier"":4,""winners"":30517,""prizeYen"":11400},{""tier"":5,""winners"":508117,""prizeYen"":1000}]"
"loto6","485","2010-02-25","14 26 30 33 34 39","19","","0","[{""tier"":1,""winners"":5,""prizeYen"":169451600},{""tier"":2,""winners"":19,""prizeYen"":22757000},{""tier"":3,""winners"":903,""prizeYen"":574500},{""tier"":4,""winners"":47248,""prizeYen"":9600},{""tier"":5,""winners"":691301,""prizeYen"":1000}]"
"loto6","486","2010-03-04","16 25 27 29 34 41","6","","0","[{""tier"":1,""winners"":2,""prizeYen"":183823800},{""tier"":2,""winners"":18,""prizeYen"":18382200},{""tier"":3,""winners"":523,""prizeYen"":759100},{""tier"":4,""winners"":31618,""prizeYen"":11000},{""tier"":5,""winners"":514756,""prizeYen"":1000}]"
"loto6","487","2010-03-11","2 6 8 19 22 34","30","","142982442","[{""tier"":1,""winners"":1,""prizeYen"":200000000},{""tier"":2,""winners"":20,""prizeYen"":15434000},{""tier"":3,""winners"":727,""prizeYen"":509500},{""tier"":4,""winners"":36659,""prizeYen"":8900},{""tier"":5,""winners"":554497,""prizeYen"":1000}]"
"loto6","488","2010-03-18","5 15 29 34 39 42","6","","0","[{""tier"":1,""winners"":6,""prizeYen"":95637700},{""tier"":2,""winners"":10,""prizeYen"":38775600},{""tier"":3,""winners"":635,""prizeYen"":732700},{""tier"":4,""winners"":34446,""prizeYen"":11900},{""tier"":5,""winners"":555668,""prizeYen"":1000}]"
"loto6","489","2010-03-25","6 8 12 30 33 43","36","","0","[{""tier"":1,""winners"":2,""prizeYen"":165569500},{""tier"":2,""winners"":14,""prizeYen"":21287300},{""tier"":3,""winners"":831,""prizeYen"":430300},{""tier"":4,""winners"":34674,""prizeYen"":9000},{""tier"":5,""winners"":560792,""prizeYen"":1000}]"
"loto6","490","2010-04-01","5 9 13 28 34 40","10","","0","[{""tier"":1,""winners"":9,""prizeYen"":38002200},{""tier"":2,""winners"":21,""prizeYen"":14657800},{""tier"":3,""winners"":1040,""prizeYen"":355100},{""tier"":4,""winners"":39290,""prizeYen"":8200},{""tier"":5,""winners"":548251,""prizeYen"":1000}]"
"loto6","491","2010-04-08","7 9 20 27 31 34","33","","0","[{""tier"":1,""winners"":2,""prizeYen"":175121000},{""tier"":2,""winners"":10,""prizeYen"":31521500},{""tier"":3,""winners"":623,""prizeYen"":607100},{""tier"":4,""winners"":31498,""prizeYen"":10500},{""tier"":5,""winners"":520813,""prizeYen"":1000}]"
"loto6","492","2010-04-15","1 8 12 20 23 37","10","","0","[{""tier"":1,""winners"":3,""prizeYen"":112832800},{""tier"":2,""winners"":31,""prizeYen"":9827200},{""tier"":3,""winners"":1475,""prizeYen"":247800},{""tier"":4,""winners"":40740,""prizeYen"":7900},{""tier"":5,""winners"":595137,""prizeYen"":1000}]"
"loto6","493","2010-04-22","8 26 30 36 41 42","20","","162923672","[{""tier"":1,""winners"":1,""prizeYen"":200000000},{""tier"":2,""winners"":11,""prizeYen"":29693400},{""tier"":3,""winners"":453,""prizeYen"":865200},{""tier"":4,""winners"":25351,""prizeYen"":13600},{""tier"":5,""winners"":459941,""prizeYen"":1000}]"
"loto6","494","2010-04-29","8 16 19 23 26 31","6","","0","[{""tier"":1,""winners"":2,""prizeYen"":275247400},{""tier"":2,""winners"":31,""prizeYen"":11251900},{""tier"":3,""winners"":825,""prizeYen"":507300},{""tier"":4,""winners"":39322,""prizeYen"":9300},{""tier"":5,""winners"":629143,""prizeYen"":1000}]"
"loto6","495","2010-05-06","4 6 20 21 29 33","31","","0","[{""tier"":1,""winners"":2,""prizeYen"":172205100},{""tier"":2,""winners"":15,""prizeYen"":20664400},{""tier"":3,""winners"":646,""prizeYen"":575700},{""tier"":4,""winners"":30663,""prizeYen"":10700},{""tier"":5,""winners"":492484,""prizeYen"":1000}]"
"loto6","496","2010-05-13","2 6 11 29 32 41","3","","0","[{""tier"":1,""winners"":2,""prizeYen"":174851300},{""tier"":2,""winners"":15,""prizeYen"":20981900},{""tier"":3,""winners"":605,""prizeYen"":624200},{""tier"":4,""winners"":29750,""prizeYen"":11100},{""tier"":5,""winners"":501377,""prizeYen"":1000}]"
"loto6","497","2010-05-20","6 12 14 17 36 40","34","","0","[{""tier"":1,""winners"":2,""prizeYen"":168004700},{""tier"":2,""winners"":13,""prizeYen"":23261900},{""tier"":3,""winners"":611,""prizeYen"":593900},{""tier"":4,""winners"":29930,""prizeYen"":10600},{""tier"":5,""winners"":503318,""prizeYen"":1000}]"
"loto6","498","2010-05-27","1 25 36 41 42 43","39","","0","[{""tier"":1,""winners"":3,""prizeYen"":122945500},{""tier"":2,""winners"":6,""prizeYen"":55324900},{""tier"":3,""winners"":452,""prizeYen"":881200},{""tier"":4,""winners"":26401,""prizeYen"":13300},{""tier"":5,""winners"":384562,""prizeYen"":1000}]"
"loto6","499","2010-06-03","3 9 15 16 22 35","12","","0","[{""tier"":1,""winners"":5,""prizeYen"":61831300},{""tier"":2,""winners"":15,""prizeYen"":18549200},{""tier"":3,""winners"":1206,""prizeYen"":276800},{""tier"":4,""winners"":44506,""prizeYen"":6600},{""tier"":5,""winners"":590564,""prizeYen"":1000}]"
"loto6","500","2010-06-10","6 20 28 31 34 38","10","","329751773","[{""tier"":1,""winners"":0,""prizeYen"":0},{""tier"":2,""winners"":21,""prizeYen"":14132000},{""tier"":3,""winners"":548,""prizeYen"":649800},{""tier"":4,""winners"":29351,""prizeYen"":10700},{""tier"":5,""winners"":481031,""prizeYen"":1000}]"
"loto6","501","2010-06-17","3 17 21 23 36 38","7","","0","[{""tier"":1,""winners"":3,""prizeYen"":250666200},{""tier"":2,""winners"":36,""prizeYen"":10556000},{""tier"":3,""winners"":1010,""prizeYen"":451500},{""tier"":4,""winners"":46799,""prizeYen"":8500},{""tier"":5,""winners"":705028,""prizeYen"":1000}]"
"loto6","502","2010-06-24","9 12 27 28 29 41","7","","0","[{""tier"":1,""winners"":3,""prizeYen"":112499300},{""tier"":2,""winners"":20,""prizeYen"":15187200},{""tier"":3,""winners"":659,""prizeYen"":553100},{""tier"":4,""winners"":32333,""prizeYen"":9900},{""tier"":5,""winners"":525645,""prizeYen"":1000}]"
"loto6","503","2010-07-01","1 18 25 27 28 39","11","","338627846","[{""tier"":1,""winners"":0,""prizeYen"":0},{""tier"":2,""winners"":11,""prizeYen"":27705600},{""tier"":3,""winners"":436,""prizeYen"":838700},{""tier"":4,""winners"":28103,""prizeYen"":11400},{""tier"":5,""winners"":507607,""prizeYen"":1000}]"
"loto6","504","2010-07-08","12 21 22 27 29 31","35","","0","[{""tier"":1,""winners"":2,""prizeYen"":389247400},{""tier"":2,""winners"":10,""prizeYen"":39587600},{""tier"":3,""winners"":751,""prizeYen"":632500},{""tier"":4,""winners"":38256,""prizeYen"":10900},{""tier"":5,""winners"":615282,""prizeYen"":1000}]"
"loto6","505","2010-07-15","19 21 27 33 34 43","41","","0","[{""tier"":1,""winners"":2,""prizeYen"":173454100},{""tier"":2,""winners"":9,""prizeYen"":34690500},{""tier"":3,""winners"":557,""prizeYen"":672600},{""tier"":4,""winners"":26879,""prizeYen"":12200},{""tier"":5,""winners"":456954,""prizeYen"":1000}]"
"loto6","506","2010-07-22","5 11 21 27 37 39","26","","105233732","[{""tier"":1,""winners"":1,""prizeYen"":200000000},{""tier"":2,""winners"":14,""prizeYen"":19621900},{""tier"":3,""winners"":784,""prizeYen"":420400},{""tier"":4,""winners"":34034,""prizeYen"":8500},{""tier"":5,""winners"":533818,""prizeYen"":1000}]"
"loto6","507","2010-07-29","5 14 19 21 28 31","17","","0","[{""tier"":1,""winners"":5,""prizeYen"":94246300},{""tier"":2,""winners"":26,""prizeYen"":12669000},{""tier"":3,""winners"":1054,""prizeYen"":375000},{""tier"":4,""winners"":34848,""prizeYen"":10000},{""tier"":5,""winners"":542243,""prizeYen"":1000}]"
"loto6","508","2010-08-05","1 7 14 15 24 42","13","","0","[{""tier"":1,""winners"":2,""prizeYen"":160256700},{""tier"":2,""winners"":18,""prizeYen"":16025500},{""tier"":3,""winners"":614,""prizeYen"":563700},{""tier"":4,""winners"":28377,""prizeYen"":10700},{""tier"":5,""winners"":460344,""prizeYen"":1000}]"
"loto6","509","2010-08-12","3 4 12 18 27 28","40","","0","[{""tier"":1,""winners"":8,""prizeYen"":33283400},{""tier"":2,""winners"":21,""prizeYen"":11411300},{""tier"":3,""winners"":902,""prizeYen"":318800},{""tier"":4,""winners"":40130,""prizeYen"":6300},{""tier"":5,""winners"":593453,""prizeYen"":1000}]"
"loto6","510","2010-08-19","12 15 26 35 41 43","25","","0","[{""tier"":1,""winners"":2,""prizeYen"":165406800},{""tier"":2,""winners"":9,""prizeYen"":33081000},{""tier"":3,""winners"":461,""prizeYen"":775000},{""tier"":4,""winners"":24763,""prizeYen"":12700},{""tier"":5,""winners"":419750,""prizeYen"":1000}]"
"loto6","511","2010-08-26","4 22 23 27 38 43","9","","129522708","[{""tier"":1,""winners"":1,""prizeYen"":200000000},{""tier"":2,""winners"":16,""prizeYen"":18535400},{""tier"":3,""winners"":592,""prizeYen"":601100},{""tier"":4,""winners"":28539,""prizeYen"":11000},{""tier"":5,""winners"":472151,""prizeYen"":1000}]"
"loto6","512","2010-09-02","14 20 23 25 33 39","34","","521203478","[{""tier"":1,""winners"":0,""prizeYen"":0},{""tier"":2,""winners"":15,""prizeYen"":23500600},{""tier"":3,""winners"":582,""prizeYen"":726800},{""tier"":4,""winners"":30689,""prizeYen"":12100},{""tier"":5,""winners"":538848,""prizeYen"":1000}]"
"loto6","513","2010-09-09","1 6 12 14 15 19","18","","225321048","[{""tier"":1,""winners"":2,""prizeYen"":400000000},{""tier"":2,""winners"":22,""prizeYen"":20622800},{""tier"":3,""winners"":976,""prizeYen"":557800},{""tier"":4,""winners"":46255,""prizeYen"":10300},{""tier"":5,""winners"":770956,""prizeYen"":1000}]"
"loto6","514","2010-09-16","6 7 14 15 19 41","31","","0","[{""tier"":1,""winners"":4,""prizeYen"":162511800},{""tier"":2,""winners"":16,""prizeYen"":23890600},{""tier"":3,""winners"":640,""prizeYen"":716700},{""tier"":4,""winners"":47295,""prizeYen"":8500},{""tier"":5,""winners"":673230,""prizeYen"":1000}]"
"loto6","515","2010-09-23","2 3 23 25 33 35","34","","0","[{""tier"":1,""winners"":2,""prizeYen"":158927600},{""tier"":2,""winners"":10,""prizeYen"":28606700},{""tier"":3,""winners"":661,""prizeYen"":519300},{""tier"":4,""winners"":29270,""prizeYen"":10300},{""tier"":5,""winners"":505092,""prizeYen"":1000}]"
"loto6","516","2010-09-30","2 14 16 17 29 30","10","","0","[{""tier"":1,""winners"":7,""prizeYen"":47592700},{""tier"":2,""winners"":17,""prizeYen"":17637100},{""tier"":3,""winners"":762,""prizeYen"":472100},{""tier"":4,""winners"":33029,""prizeYen"":9600},{""tier"":5,""winners"":503159,""prizeYen"":1000}]"
"loto6","517","2010-10-07","6 10 13 14 28 37","39","","0","[{""tier"":1,""winners"":5,""prizeYen"":63548100},{""tier"":2,""winners"":21,""prizeYen"":13617300},{""tier"":3,""winners"":737,""prizeYen"":465600},{""tier"":4,""winners"":37626,""prizeYen"":8000},{""tier"":5,""winners"":557666,""prizeYen"":1000}]"
"loto6","518","2010-10-14","14 31 34 35 40 42","25","","350353170","[{""tier"":1,""winners"":0,""prizeYen"":0},{""tier"":2,""winners"":330,""prizeYen"":955500},{""tier"":3,""winners"":486,""prizeYen"":778500},{""tier"":4,""winners"":20963,""prizeYen"":15900},{""tier"":5,""winners"":373291,""prizeYen"":1000}]"
"loto6","519","2010-10-21","1 13 25 29 30 33","35","","370281518","[{""tier"":1,""winners"":1,""prizeYen"":400000000},{""tier"":2,""winners"":13,""prizeYen"":29071700},{""tier"":3,""winners"":856,""prizeYen"":529800},{""tier"":4,""winners"":40120,""prizeYen"":9900},{""tier"":5,""winners"":644369,""prizeYen"":1000}]"
"loto6","520","2010-10-28","2 4 12 14 26 43","40","","0","[{""tier"":1,""winners"":2,""prizeYen"":390605500},{""tier"":2,""winners"":13,""prizeYen"":28448700},{""tier"":3,""winners"":792,""prizeYen"":560300},{""tier"":4,""winners"":43020,""prizeYen"":9100},{""tier"":5,""winners"":684805,""prizeYen"":1000}]"
"loto6","521","2010-11-04","1 8 15 21 23 30","33","","0","[{""tier"":1,""winners"":3,""prizeYen"":108565700},{""tier"":2,""winners"":15,""prizeYen"":19541600},{""tier"":3,""winners"":854,""prizeYen"":411800},{""tier"":4,""winners"":36284,""prizeYen"":8500},{""tier"":5,""winners"":551976,""prizeYen"":1000}]"
"loto6","522","2010-11-11","3 6 16 23 25 43","37","","115546724","[{""tier"":1,""winners"":1,""prizeYen"":200000000},{""tier"":2,""winners"":26,""prizeYen"":10922600},{""tier"":3,""winners"":779,""prizeYen"":437400},{""tier"":4,""winners"":40635,""prizeYen"":7300},{""tier"":5,""winners"":597221,""prizeYen"":1000}]"
"loto6","523","2010-11-18","7 8 26 27 41 43","16","","0","[{""tier"":1,""winners"":2,""prizeYen"":254076500},{""tier"":2,""winners"":10,""prizeYen"":35334200},{""tier"":3,""winners"":582,""prizeYen"":728500},{""tier"":4,""winners"":31665,""prizeYen"":11800},{""tier"":5,""winners"":565950,""prizeYen"":1000}]"
"loto6","524","2010-11-25","7 11 14 18 35 40","43","","0","[{""tier"":1,""winners"":3,""prizeYen"":111882600},{""tier"":2,""winners"":17,""prizeYen"":17769400},{""tier"":3,""winners"":599,""prizeYen"":605100},{""tier"":4,""winners"":29855,""prizeYen"":10700},{""tier"":5,""winners"":501421,""prizeYen"":1000}]"
"loto6","525","2010-12-02","1 11 17 28 33 38","20","","0","[{""tier"":1,""winners"":2,""prizeYen"":164193200},{""tier"":2,""winners"":12,""prizeYen"":24628700},{""tier"":3,""winners"":708,""prizeYen"":500900},{""tier"":4,""winners"":34702,""prizeYen"":9000},{""tier"":5,""winners"":529471,""prizeYen"":1000}]"
"loto6","526","2010-12-09","8 14 18 19 26 27","23","","0","[{""tier"":1,""winners"":6,""prizeYen"":50949600},{""tier"":2,""winners"":23,""prizeYen"":11961900},{""tier"":3,""winners"":722,""prizeYen"":457200},{""tier"":4,""winners"":38359,""prizeYen"":7500},{""tier"":5,""winners"":605650,""prizeYen"":1000}]"
"loto6","527","2010-12-16","5 7 12 23 39 41","9","","0","[{""tier"":1,""winners"":12,""prizeYen"":26477800},{""tier"":2,""winners"":21,""prizeYen"":13617000},{""tier"":3,""winners"":978,""prizeYen"":350800},{""tier"":4,""winners"":41474,""prizeYen"":7200},{""tier"":5,""winners"":608545,""prizeYen"":1000}]"
"loto6","528","2010-12-23","2 5 12 21 28 32","41","","0","[{""tier"":1,""winners"":3,""prizeYen"":108386000},{""tier"":2,""winners"":23,""prizeYen"":12723400},{""tier"":3,""winners"":728,""prizeYen"":482300},{""tier"":4,""winners"":36119,""prizeYen"":8500},{""tier"":5,""winners"":550831,""prizeYen"":1000}]"
"loto6","529","2010-12-30","6 19 21 24 31 41","7","","0","[{""tier"":1,""winners"":3,""prizeYen"":113263900},{""tier"":2,""winners"":12,""prizeYen"":25484100},{""tier"":3,""winners"":518,""prizeYen"":708400},{""tier"":4,""winners"":28120,""prizeYen"":11500},{""tier"":5,""winners"":468235,""prizeYen"":1000}]"
"loto6","530","2011-01-06","1 10 19 30 33 36","35","","0","[{""tier"":1,""winners"":2,""prizeYen"":147676000},{""tier"":2,""winners"":5,""prizeYen"":53162900},{""tier"":3,""winners"":476,""prizeYen"":670100},{""tier"":4,""winners"":24189,""prizeYen"":11600},{""tier"":5,""winners"":418573,""prizeYen"":1000}]"
"loto6","531","2011-01-13","5 12 16 24 26 33","8","","0","[{""tier"":1,""winners"":4,""prizeYen"":78364400},{""tier"":2,""winners"":39,""prizeYen"":7233500},{""tier"":3,""winners"":936,""prizeYen"":361600},{""tier"":4,""winners"":38907,""prizeYen"":7600},{""tier"":5,""winners"":552027,""prizeYen"":1000}]"
"loto6","532","2011-01-20","23 28 33 35 37 42","4","","0","[{""tier"":1,""winners"":4,""prizeYen"":84134600},{""tier"":2,""winners"":10,""prizeYen"":30288200},{""tier"":3,""winners"":430,""prizeYen"":845200},{""tier"":4,""winners"":24751,""prizeYen"":12900},{""tier"":5,""winners"":454581,""prizeYen"":1000}]"
"loto6","533","2011-01-27","6 16 24 31 41 43","7","","338087603","[{""tier"":1,""winners"":0,""prizeYen"":0},{""tier"":2,""winners"":15,""prizeYen"":20285000},{""tier"":3,""winners"":587,""prizeYen"":622000},{""tier"":4,""winners"":27959,""prizeYen"":11500},{""tier"":5,""winners"":471181,""prizeYen"":1000}]"
"loto6","534","2011-02-03","1 2 19 22 26 37","43","","0","[{""tier"":1,""winners"":3,""prizeYen"":260126800},{""tier"":2,""winners"":24,""prizeYen"":16585800},{""tier"":3,""winners"":813,""prizeYen"":587500},{""tier"":4,""winners"":40087,""prizeYen"":10500},{""tier"":5,""winners"":653340,""prizeYen"":1000}]"
"loto6","535","2011-02-10","6 14 23 24 27 32","11","","0","[{""tier"":1,""winners"":2,""prizeYen"":158577900},{""tier"":2,""winners"":27,""prizeYen"":10571700},{""tier"":3,""winners"":858,""prizeYen"":399200},{""tier"":4,""winners"":42184,""prizeYen"":7100},{""tier"":5,""winners"":599533,""prizeYen"":1000}]"
"loto6","536","2011-02-17","4 10 12 14 23 36","2","","0","[{""tier"":1,""winners"":3,""prizeYen"":106394100},{""tier"":2,""winners"":19,""prizeYen"":15119000},{""tier"":3,""winners"":718,""prizeYen"":480100},{""tier"":4,""winners"":37350,""prizeYen"":8100},{""tier"":5,""winners"":583978,""prizeYen"":1000}]"
"loto6","537","2011-02-24","10 18 22 24 26 37","12","","0","[{""tier"":1,""winners"":4,""prizeYen"":82263100},{""tier"":2,""winners"":30,""prizeYen"":9871400},{""tier"":3,""winners"":686,""prizeYen"":518000},{""tier"":4,""winners"":33260,""prizeYen"":9400},{""tier"":5,""winners"":523468,""prizeYen"":1000}]"
"loto6","538","2011-03-03","2 11 14 23 26 33","28","","0","[{""tier"":1,""winners"":6,""prizeYen"":47501800},{""tier"":2,""winners"":23,""prizeYen"":11152500},{""tier"":3,""winners"":1427,""prizeYen"":215700},{""tier"":4,""winners"":52245,""prizeYen"":5100},{""tier"":5,""winners"":670870,""prizeYen"":1000}]"
"loto6","539","2011-03-10","3 10 13 17 18 28","24","","0","[{""tier"":1,""winners"":3,""prizeYen"":100041200},{""tier"":2,""winners"":25,""prizeYen"":10804300},{""tier"":3,""winners"":721,""prizeYen"":449500},{""tier"":4,""winners"":35375,""prizeYen"":8000},{""tier"":5,""winners"":573008,""prizeYen"":1000}]"
"loto6","540","2011-03-17","15 23 29 35 36 41","42","","0","[{""tier"":1,""winners"":2,""prizeYen"":135523300},{""tier"":2,""winners"":20,""prizeYen"":12196900},{""tier"":3,""winners"":611,""prizeYen"":479000},{""tier"":4,""winners"":25408,""prizeYen"":10100},{""tier"":5,""winners"":397689,""prizeYen"":1000}]"
"loto6","541","2011-03-24","3 4 5 28 34 43","20","","0","[{""tier"":1,""winners"":2,""prizeYen"":147042700},{""tier"":2,""winners"":15,""prizeYen"":17644900},{""tier"":3,""winners"":558,""prizeYen"":569100},{""tier"":4,""winners"":24726,""prizeYen"":11300},{""tier"":5,""winners"":421564,""prizeYen"":1000}]"
"loto6","542","2011-03-31","10 14 23 35 38 41","17","","0","[{""tier"":1,""winners"":2,""prizeYen"":148400100},{""tier"":2,""winners"":19,""prizeYen"":14058800},{""tier"":3,""winners"":706,""prizeYen"":454000},{""tier"":4,""winners"":33515,""prizeYen"":8400},{""tier"":5,""winners"":486715,""prizeYen"":1000}]"
"loto6","543","2011-04-04","15 17 18 19 22 31","30","","16529901","[{""tier"":1,""winners"":1,""prizeYen"":200000000},{""tier"":2,""winners"":6,""prizeYen"":32479200},{""tier"":3,""winners"":284,""prizeYen"":823400},{""tier"":4,""winners"":16246,""prizeYen"":12600},{""tier"":5,""winners"":286262,""prizeYen"":1000}]"
"loto6","544","2011-04-07","11 14 16 32 41 42","33","","0","[{""tier"":1,""winners"":1,""prizeYen"":291430300},{""tier"":2,""winners"":10,""prizeYen"":24740800},{""tier"":3,""winners"":362,""prizeYen"":820100},{""tier"":4,""winners"":21022,""prizeYen"":12400},{""tier"":5,""winners"":349804,""prizeYen"":1000}]"
"loto6","545","2011-04-11","16 21 24 28 32 36","35","","0","[{""tier"":1,""winners"":5,""prizeYen"":43344900},{""tier"":2,""winners"":8,""prizeYen"":24381300},{""tier"":3,""winners"":644,""prizeYen"":363400},{""tier"":4,""winners"":21390,""prizeYen"":9600},{""tier"":5,""winners"":296841,""prizeYen"":1000}]"
"loto6","546","2011-04-14","1 14 30 34 40 43","27","","252398526","[{""tier"":1,""winners"":0,""prizeYen"":0},{""tier"":2,""winners"":12,""prizeYen"":18929700},{""tier"":3,""winners"":300,""prizeYen"":908600},{""tier"":4,""winners"":17838,""prizeYen"":13400},{""tier"":5,""winners"":292576,""prizeYen"":1000}]"
"loto6","547","2011-04-18","6 10 11 30 32 39","27","","128575535","[{""tier"":1,""winners"":1,""prizeYen"":400000000},{""tier"":2,""winners"":21,""prizeYen"":11836000},{""tier"":3,""winners"":493,""prizeYen"":605000},{""tier"":4,""winners"":24120,""prizeYen"":10900},{""tier"":5,""winners"":406685,""prizeYen"":1000}]"
"loto6","548","2011-04-21","12 13 16 28 29 35","5","","0","[{""tier"":1,""winners"":3,""prizeYen"":131851000},{""tier"":2,""winners"":23,""prizeYen"":10446800},{""tier"":3,""winners"":686,""prizeYen"":420300},{""tier"":4,""winners"":30040,""prizeYen"":8400},{""tier"":5,""winners"":453404,""prizeYen"":1000}]"
"loto6","549","2011-04-25","5 14 27 29 32 33","16","","0","[{""tier"":1,""winners"":2,""prizeYen"":103276900},{""tier"":2,""winners"":16,""prizeYen"":11618500},{""tier"":3,""winners"":521,""prizeYen"":428100},{""tier"":4,""winners"":25412,""prizeYen"":7700},{""tier"":5,""winners"":367194,""prizeYen"":1000}]"
"loto6","550","2011-04-28","12 15 19 32 36 42","37","","0","[{""tier"":1,""winners"":2,""prizeYen"":123179400},{""tier"":2,""winners"":7,""prizeYen"":31674400},{""tier"":3,""winners"":371,""prizeYen"":717100},{""tier"":4,""winners"":19442,""prizeYen"":12000},{""tier"":5,""winners"":334639,""prizeYen"":1000}]"
"loto6","551","2011-05-02","15 16 19 21 26 42","10","","0","[{""tier"":1,""winners"":2,""prizeYen"":111725000},{""tier"":2,""winners"":8,""prizeYen"":25137900},{""tier"":3,""winners"":258,""prizeYen"":935300},{""tier"":4,""winners"":15142,""prizeYen"":14000},{""tier"":5,""winners"":282252,""prizeYen"":1000}]"
"loto6","552","2011-05-05","13 22 26 30 40 41","8","","0","[{""tier"":1,""winners"":3,""prizeYen"":71653900},{""tier"":2,""winners"":11,""prizeYen"":17587600},{""tier"":3,""winners"":266,""prizeYen"":872700},{""tier"":4,""winners"":14804,""prizeYen"":13800},{""tier"":5,""winners"":262941,""prizeYen"":1000}]"
"loto6","553","2011-05-09","3 9 11 15 27 37","10","","187430365","[{""tier"":1,""winners"":0,""prizeYen"":0},{""tier"":2,""winners"":16,""prizeYen"":10542800},{""tier"":3,""winners"":729,""prizeYen"":277600},{""tier"":4,""winners"":29564,""prizeYen"":6000},{""tier"":5,""winners"":395440,""prizeYen"":1000}]"
"loto6","554","2011-05-12","16 27 34 35 36 38","37","","0","[{""tier"":1,""winners"":2,""prizeYen"":228838200},{""tier"":2,""winners"":7,""prizeYen"":34745600},{""tier"":3,""winners"":381,""prizeYen"":766000},{""tier"":4,""winners"":21745,""prizeYen"":11800},{""tier"":5,""winners"":374276,""prizeYen"":1000}]"
"loto6","555","2011-05-16","2 3 7 9 36 42","5","","0","[{""tier"":1,""winners"":2,""prizeYen"":104317600},{""tier"":2,""winners"":10,""prizeYen"":18777000},{""tier"":3,""winners"":263,""prizeYen"":856700},{""tier"":4,""winners"":18339,""prizeYen"":10800},{""tier"":5,""winners"":316443,""prizeYen"":1000}]"
"loto6","556","2011-05-19","6 9 13 17 29 30","25","","0","[{""tier"":1,""winners"":3,""prizeYen"":70910400},{""tier"":2,""winners"":23,""prizeYen"":8324100},{""tier"":3,""winners"":667,""prizeYen"":344400},{""tier"":4,""winners"":26187,""prizeYen"":7700},{""tier"":5,""winners"":370865,""prizeYen"":1000}]"
"loto6","557","2011-05-23","6 18 23 32 38 43","37","","0","[{""tier"":1,""winners"":4,""prizeYen"":49388600},{""tier"":2,""winners"":7,""prizeYen"":25399600},{""tier"":3,""winners"":453,""prizeYen"":470900},{""tier"":4,""winners"":18740,""prizeYen"":10000},{""tier"":5,""winners"":291498,""prizeYen"":1000}]"
"loto6","558","2011-05-26","4 32 33 38 41 43","2","","0","[{""tier"":1,""winners"":2,""prizeYen"":120430500},{""tier"":2,""winners"":6,""prizeYen"":36128800},{""tier"":3,""winners"":266,""prizeYen"":977900},{""tier"":4,""winners"":14000,""prizeYen"":16300},{""tier"":5,""winners"":261299,""prizeYen"":1000}]"
"loto6","559","2011-05-30","2 7 16 25 26 43","3","","0","[{""tier"":1,""winners"":1,""prizeYen"":196540700},{""tier"":2,""winners"":7,""prizeYen"":25269300},{""tier"":3,""winners"":449,""prizeYen"":472700},{""tier"":4,""winners"":20192,""prizeYen"":9200},{""tier"":5,""winners"":284616,""prizeYen"":1000}]"
"loto6","560","2011-06-02","4 17 19 37 39 42","16","","21887100","[{""tier"":1,""winners"":1,""prizeYen"":200000000},{""tier"":2,""winners"":12,""prizeYen"":16641300},{""tier"":3,""winners"":415,""prizeYen"":577400},{""tier"":4,""winners"":19158,""prizeYen"":11000},{""tier"":5,""winners"":310543,""prizeYen"":1000}]"
"loto6","561","2011-06-06","4 14 30 35 40 41","29","","0","[{""tier"":1,""winners"":2,""prizeYen"":127969000},{""tier"":2,""winners"":13,""prizeYen"":16203300},{""tier"":3,""winners"":330,""prizeYen"":765900},{""tier"":4,""winners"":16911,""prizeYen"":13100},{""tier"":5,""winners"":289532,""prizeYen"":1000}]"
"loto6","562","2011-06-09","9 10 11 25 30 37","12","","0","[{""tier"":1,""winners"":3,""prizeYen"":67477800},{""tier"":2,""winners"":11,""prizeYen"":16562600},{""tier"":3,""winners"":651,""prizeYen"":335800},{""tier"":4,""winners"":27057,""prizeYen"":7100},{""tier"":5,""winners"":377390,""prizeYen"":1000}]"
"loto6","563","2011-06-13","4 5 26 28 34 38","8","","0","[{""tier"":1,""winners"":2,""prizeYen"":97738500},{""tier"":2,""winners"":9,""prizeYen"":19547500},{""tier"":3,""winners"":265,""prizeYen"":796600},{""tier"":4,""winners"":16392,""prizeYen"":11300},{""tier"":5,""winners"":281145,""prizeYen"":1000}]"
"loto6","564","2011-06-16","3 12 18 24 34 39","16","","0","[{""tier"":1,""winners"":4,""prizeYen"":52001000},{""tier"":2,""winners"":16,""prizeYen"":11700100},{""tier"":3,""winners"":632,""prizeYen"":355400},{""tier"":4,""winners"":25207,""prizeYen"":7800},{""tier"":5,""winners"":365051,""prizeYen"":1000}]"
"loto6","565","2011-06-20","3 6 8 21 28 32","10","","0","[{""tier"":1,""winners"":3,""prizeYen"":63900800},{""tier"":2,""winners"":8,""prizeYen"":21566300},{""tier"":3,""winners"":381,""prizeYen"":543400},{""tier"":4,""winners"":20021,""prizeYen"":9100},{""tier"":5,""winners"":325544,""prizeYen"":1000}]"
"loto6","566","2011-06-23","10 17 18 29 30 41","7","","13672968","[{""tier"":1,""winners"":1,""prizeYen"":200000000},{""tier"":2,""winners"":13,""prizeYen"":14792600},{""tier"":3,""winners"":480,""prizeYen"":480700},{""tier"":4,""winners"":20450,""prizeYen"":9900},{""tier"":5,""winners"":316480,""prizeYen"":1000}]"
"loto6","567","2011-06-27","7 13 17 23 28 34","25","","225606974","[{""tier"":1,""winners"":0,""prizeYen"":0},{""tier"":2,""winners"":10,""prizeYen"":19073800},{""tier"":3,""winners"":478,""prizeYen"":478800},{""tier"":4,""winners"":24006,""prizeYen"":8400},{""tier"":5,""winners"":373462,""prizeYen"":1000}]"
"loto6","568","2011-06-30","7 10 15 31 32 42","41","","0","[{""tier"":1,""winners"":2,""prizeYen"":258596800},{""tier"":2,""winners"":7,""prizeYen"":37489300},{""tier"":3,""winners"":397,""prizeYen"":793200},{""tier"":4,""winners"":21753,""prizeYen"":12700},{""tier"":5,""winners"":371942,""prizeYen"":1000}]"
"loto6","569","2011-07-04","4 19 21 25 28 40","38","","204274190","[{""tier"":1,""winners"":0,""prizeYen"":0},{""tier"":2,""winners"":11,""prizeYen"":16713100},{""tier"":3,""winners"":352,""prizeYen"":626700},{""tier"":4,""winners"":17418,""prizeYen"":11100},{""tier"":5,""winners"":284885,""prizeYen"":1000}]"
"loto6","570","2011-07-07","2 4 10 28 38 43","25","","0","[{""tier"":1,""winners"":2,""prizeYen"":239144300},{""tier"":2,""winners"":8,""prizeYen"":30826300},{""tier"":3,""winners"":468,""prizeYen"":632300},{""tier"":4,""winners"":24134,""prizeYen"":10800},{""tier"":5,""winners"":400893,""prizeYen"":1000}]"
"loto6","571","2011-07-11","6 20 21 23 33 38","10","","0","[{""tier"":1,""winners"":5,""prizeYen"":39891900},{""tier"":2,""winners"":14,""prizeYen"":12822300},{""tier"":3,""winners"":340,""prizeYen"":633500},{""tier"":4,""winners"":17605,""prizeYen"":10700},{""tier"":5,""winners"":288081,""prizeYen"":1000}]"
"loto6","572","2011-07-14","10 12 18 38 42 43","40","","0","[{""tier"":1,""winners"":3,""prizeYen"":71561100},{""tier"":2,""winners"":15,""prizeYen"":12880800},{""tier"":3,""winners"":315,""prizeYen"":736000},{""tier"":4,""winners"":17514,""prizeYen"":11600},{""tier"":5,""winners"":300750,""prizeYen"":1000}]"
"loto6","573","2011-07-18","3 5 21 30 37 38","11","","178729671","[{""tier"":1,""winners"":0,""prizeYen"":0},{""tier"":2,""winners"":8,""prizeYen"":20106900},{""tier"":3,""winners"":234,""prizeYen"":824800},{""tier"":4,""winners"":14588,""prizeYen"":11600},{""tier"":5,""winners"":248440,""prizeYen"":1000}]"
"loto6","574","2011-07-21","4 11 16 20 26 43","9","","28280571","[{""tier"":1,""winners"":1,""prizeYen"":400000000},{""tier"":2,""winners"":13,""prizeYen"":17276400},{""tier"":3,""winners"":402,""prizeYen"":670400},{""tier"":4,""winners"":21123,""prizeYen"":11200},{""tier"":5,""winners"":358572,""prizeYen"":1000}]"
"loto6","575","2011-07-25","4 11 17 21 23 30","18","","0","[{""tier"":1,""winners"":2,""prizeYen"":112039700},{""tier"":2,""winners"":23,""prizeYen"":7661600},{""tier"":3,""winners"":643,""prizeYen"":328800},{""tier"":4,""winners"":28881,""prizeYen"":6400},{""tier"":5,""winners"":407575,""prizeYen"":1000}]"
"loto6","576","2011-07-28","8 9 21 24 29 37","1","","15342210","[{""tier"":1,""winners"":1,""prizeYen"":200000000},{""tier"":2,""winners"":8,""prizeYen"":24225700},{""tier"":3,""winners"":368,""prizeYen"":631900},{""tier"":4,""winners"":19121,""prizeYen"":10700},{""tier"":5,""winners"":307743,""prizeYen"":1000}]"
"loto6","577","2011-08-01","3 12 29 31 36 37","26","","0","[{""tier"":1,""winners"":1,""prizeYen"":231169700},{""tier"":2,""winners"":3,""prizeYen"":64747600},{""tier"":3,""winners"":351,""prizeYen"":664000},{""tier"":4,""winners"":19404,""prizeYen"":10500},{""tier"":5,""winners"":318599,""prizeYen"":1000}]"
"loto6","578","2011-08-04","16 22 23 27 33 37","36","","202161370","[{""tier"":1,""winners"":0,""prizeYen"":0},{""tier"":2,""winners"":6,""prizeYen"":30323900},{""tier"":3,""winners"":355,""prizeYen"":615000},{""tier"":4,""winners"":19300,""prizeYen"":9900},{""tier"":5,""winners"":321664,""prizeYen"":1000}]"
"loto6","579","2011-08-08","6 8 17 19 23 42","32","","0","[{""tier"":1,""winners"":2,""prizeYen"":213388800},{""tier"":2,""winners"":20,""prizeYen"":10107600},{""tier"":3,""winners"":658,""prizeYen"":368600},{""tier"":4,""winners"":28300,""prizeYen"":7500},{""tier"":5,""winners"":425962,""prizeYen"":1000}]"
"loto6","580","2011-08-11","12 15 17 25 35 43","32","","1053505","[{""tier"":1,""winners"":1,""prizeYen"":200000000},{""tier"":2,""winners"":9,""prizeYen"":20105100},{""tier"":3,""winners"":339,""prizeYen"":640500},{""tier"":4,""winners"":17370,""prizeYen"":11000},{""tier"":5,""winners"":290242,""prizeYen"":1000}]"
"loto6","581","2011-08-15","5 22 28 29 35 39","21","","0","[{""tier"":1,""winners"":3,""prizeYen"":66884900},{""tier"":2,""winners"":12,""prizeYen"":14969900},{""tier"":3,""winners"":326,""prizeYen"":661200},{""tier"":4,""winners"":16710,""prizeYen"":11300},{""tier"":5,""winners"":277643,""prizeYen"":1000}]"
"loto6","582","2011-08-18","7 10 14 25 32 38","13","","0","[{""tier"":1,""winners"":4,""prizeYen"":50665600},{""tier"":2,""winners"":21,""prizeYen"":8685400},{""tier"":3,""winners"":589,""prizeYen"":371600},{""tier"":4,""winners"":24301,""prizeYen"":7900},{""tier"":5,""winners"":344143,""prizeYen"":1000}]"
"loto6","583","2011-08-22","2 12 17 18 40 43","16","","197194180","[{""tier"":1,""winners"":0,""prizeYen"":0},{""tier"":2,""winners"":3,""prizeYen"":59157700},{""tier"":3,""winners"":285,""prizeYen"":747200},{""tier"":4,""winners"":14998,""prizeYen"":12500},{""tier"":5,""winners"":278447,""prizeYen"":1000}]"
"loto6","584","2011-08-25","10 11 24 26 37 38","21","","0","[{""tier"":1,""winners"":6,""prizeYen"":74482300},{""tier"":2,""winners"":19,""prizeYen"":11827700},{""tier"":3,""winners"":709,""prizeYen"":380300},{""tier"":4,""winners"":29191,""prizeYen"":8100},{""tier"":5,""winners"":435520,""prizeYen"":1000}]"
"loto6","585","2011-08-29","1 28 32 34 41 42","22","","212812345","[{""tier"":1,""winners"":0,""prizeYen"":0},{""tier"":2,""winners"":4,""prizeYen"":47882300},{""tier"":3,""winners"":210,""prizeYen"":1094400},{""tier"":4,""winners"":13380,""prizeYen"":15100},{""tier"":5,""winners"":252122,""prizeYen"":1000}]"
"loto6","586","2011-09-01","6 7 10 23 36 42","11","","0","[{""tier"":1,""winners"":3,""prizeYen"":160511600},{""tier"":2,""winners"":32,""prizeYen"":7557700},{""tier"":3,""winners"":530,""prizeYen"":547500},{""tier"":4,""winners"":26689,""prizeYen"":9500},{""tier"":5,""winners"":434041,""prizeYen"":1000}]"
"loto6","587","2011-09-05","10 12 18 27 33 40","42","","0","[{""tier"":1,""winners"":2,""prizeYen"":94929700},{""tier"":2,""winners"":10,""prizeYen"":17087200},{""tier"":3,""winners"":554,""prizeYen"":370100},{""tier"":4,""winners"":22141,""prizeYen"":8100},{""tier"":5,""winners"":327508,""prizeYen"":1000}]"
"loto6","588","2011-09-08","8 13 18 33 34 36","23","","20985545","[{""tier"":1,""winners"":1,""prizeYen"":200000000},{""tier"":2,""winners"":6,""prizeYen"":33147500},{""tier"":3,""winners"":326,""prizeYen"":732000},{""tier"":4,""winners"":18222,""prizeYen"":11500},{""tier"":5,""winners"":310738,""prizeYen"":1000}]"
"loto6","589","2011-09-12","1 9 10 28 41 42","33","","0","[{""tier"":1,""winners"":2,""prizeYen"":122477600},{""tier"":2,""winners"":6,""prizeYen"":33595100},{""tier"":3,""winners"":384,""prizeYen"":629900},{""tier"":4,""winners"":20031,""prizeYen"":10600},{""tier"":5,""winners"":326899,""prizeYen"":1000}]"
"loto6","590","2011-09-15","20 24 25 27 32 37","2","","24741779","[{""tier"":1,""winners"":1,""prizeYen"":200000000},{""tier"":2,""winners"":9,""prizeYen"":22473900},{""tier"":3,""winners"":221,""prizeYen"":1098200},{""tier"":4,""winners"":14443,""prizeYen"":14800},{""tier"":5,""winners"":275109,""prizeYen"":1000}]"
"loto6","591","2011-09-19","1 13 16 22 27 33","5","","0","[{""tier"":1,""winners"":2,""prizeYen"":114611500},{""tier"":2,""winners"":18,""prizeYen"":10223900},{""tier"":3,""winners"":406,""prizeYen"":543900},{""tier"":4,""winners"":19869,""prizeYen"":9800},{""tier"":5,""winners"":299067,""prizeYen"":1000}]"
"loto6","592","2011-09-22","12 14 22 23 34 41","36","","0","[{""tier"":1,""winners"":1,""prizeYen"":191762100},{""tier"":2,""winners"":17,""prizeYen"":10152000},{""tier"":3,""winners"":475,""prizeYen"":436000},{""tier"":4,""winners"":22975,""prizeYen"":7900},{""tier"":5,""winners"":339215,""prizeYen"":1000}]"
"loto6","593","2011-09-26","2 10 16 26 29 30","4","","0","[{""tier"":1,""winners"":1,""prizeYen"":197255100},{""tier"":2,""winners"":12,""prizeYen"":14794000},{""tier"":3,""winners"":329,""prizeYen"":647500},{""tier"":4,""winners"":17830,""prizeYen"":10500},{""tier"":5,""winners"":288808,""prizeYen"":1000}]"
"loto6","594","2011-09-29","4 5 15 30 34 38","2","","212375624","[{""tier"":1,""winners"":0,""prizeYen"":0},{""tier"":2,""winners"":8,""prizeYen"":23892000},{""tier"":3,""winners"":333,""prizeYen"":688700},{""tier"":4,""winners"":17466,""prizeYen"":11500},{""tier"":5,""winners"":298887,""prizeYen"":1000}]"
"loto6","595","2011-10-03","1 5 15 22 39 40","27","","0","[{""tier"":1,""winners"":5,""prizeYen"":93810400},{""tier"":2,""winners"":14,""prizeYen"":16500400},{""tier"":3,""winners"":426,""prizeYen"":650700},{""tier"":4,""winners"":23236,""prizeYen"":10500},{""tier"":5,""winners"":343604,""prizeYen"":1000}]"
"loto6","596","2011-10-06","2 13 17 24 29 34","12","","0","[{""tier"":1,""winners"":2,""prizeYen"":103166100},{""tier"":2,""winners"":7,""prizeYen"":26528100},{""tier"":3,""winners"":469,""prizeYen"":475100},{""tier"":4,""winners"":21257,""prizeYen"":9200},{""tier"":5,""winners"":304086,""prizeYen"":1000}]"
"loto6","597","2011-10-10","3 4 7 13 16 23","1","","0","[{""tier"":1,""winners"":3,""prizeYen"":54331900},{""tier"":2,""winners"":14,""prizeYen"":10478200},{""tier"":3,""winners"":425,""prizeYen"":414100},{""tier"":4,""winners"":21785,""prizeYen"":7100},{""tier"":5,""winners"":347248,""prizeYen"":1000}]"
"loto6","598","2011-10-13","6 10 15 21 36 41","40","","199108103","[{""tier"":1,""winners"":0,""prizeYen"":0},{""tier"":2,""winners"":9,""prizeYen"":19910600},{""tier"":3,""winners"":420,""prizeYen"":511900},{""tier"":4,""winners"":19994,""prizeYen"":9400},{""tier"":5,""winners"":313777,""prizeYen"":1000}]"
"loto6","599","2011-10-17","1 2 8 13 27 39","36","","0","[{""tier"":1,""winners"":2,""prizeYen"":216314000},{""tier"":2,""winners"":12,""prizeYen"":17513800},{""tier"":3,""winners"":574,""prizeYen"":439300},{""tier"":4,""winners"":27515,""prizeYen"":8000},{""tier"":5,""winners"":413034,""prizeYen"":1000}]"
"loto6","600","2011-10-20","3 20 23 24 28 35","26","","205182997","[{""tier"":1,""winners"":0,""prizeYen"":0},{""tier"":2,""winners"":3,""prizeYen"":61554300},{""tier"":3,""winners"":369,""prizeYen"":600500},{""tier"":4,""winners"":18770,""prizeYen"":10400},{""tier"":5,""winners"":313122,""prizeYen"":1000}]"
"loto6","601","2011-10-24","6 22 25 26 30 39","32","","458553485","[{""tier"":1,""winners"":0,""prizeYen"":0},{""tier"":2,""winners"":13,""prizeYen"":17540800},{""tier"":3,""winners"":383,""prizeYen"":714400},{""tier"":4,""winners"":23207,""prizeYen"":10400},{""tier"":5,""winners"":374024,""prizeYen"":1000}]"
"loto6","602","2011-10-27","8 13 15 18 24 41","27","","391868219","[{""tier"":1,""winners"":1,""prizeYen"":400000000},{""tier"":2,""winners"":23,""prizeYen"":13042600},{""tier"":3,""winners"":613,""prizeYen"":587200},{""tier"":4,""winners"":34318,""prizeYen"":9200},{""tier"":5,""winners"":536251,""prizeYen"":1000}]"
"loto6","603","2011-10-31","3 8 18 21 23 42","17","","0","[{""tier"":1,""winners"":3,""prizeYen"":226379100},{""tier"":2,""winners"":15,""prizeYen"":17236000},{""tier"":3,""winners"":618,""prizeYen"":502000},{""tier"":4,""winners"":32360,""prizeYen"":8400},{""tier"":5,""winners"":493929,""prizeYen"":1000}]"
"loto6","604","2011-11-03","9 15 20 22 28 43","37","","0","[{""tier"":1,""winners"":2,""prizeYen"":107591000},{""tier"":2,""winners"":20,""prizeYen"":9683100},{""tier"":3,""winners"":394,""prizeYen"":589800},{""tier"":4,""winners"":19180,""prizeYen"":10600},{""tier"":5,""winners"":308770,""prizeYen"":1000}]"
"loto6","605","2011-11-07","1 4 13 25 38 43","11","","0","[{""tier"":1,""winners"":5,""prizeYen"":41549700},{""tier"":2,""winners"":7,""prizeYen"":26710300},{""tier"":3,""winners"":530,""prizeYen"":423300},{""tier"":4,""winners"":21275,""prizeYen"":9300},{""tier"":5,""winners"":325676,""prizeYen"":1000}]"
"loto6","606","2011-11-10","8 15 24 26 35 42","7","","0","[{""tier"":1,""winners"":3,""prizeYen"":70446700},{""tier"":2,""winners"":16,""prizeYen"":11887700},{""tier"":3,""winners"":676,""prizeYen"":337600},{""tier"":4,""winners"":24831,""prizeYen"":8100},{""tier"":5,""winners"":349500,""prizeYen"":1000}]"
"loto6","607","2011-11-14","2 3 8 12 20 21","16","","0","[{""tier"":1,""winners"":3,""prizeYen"":63061400},{""tier"":2,""winners"":27,""prizeYen"":6306000},{""tier"":3,""winners"":729,""prizeYen"":280200},{""tier"":4,""winners"":25683,""prizeYen"":7000},{""tier"":5,""winners"":356009,""prizeYen"":1000}]"
"loto6","608","2011-11-17","4 6 16 17 18 26","40","","0","[{""tier"":1,""winners"":4,""prizeYen"":49879600},{""tier"":2,""winners"":9,""prizeYen"":19951600},{""tier"":3,""winners"":451,""prizeYen"":477700},{""tier"":4,""winners"":22482,""prizeYen"":8400},{""tier"":5,""winners"":351603,""prizeYen"":1000}]"
"loto6","609","2011-11-21","18 24 36 37 39 41","1","","196369972","[{""tier"":1,""winners"":0,""prizeYen"":0},{""tier"":2,""winners"":6,""prizeYen"":29455200},{""tier"":3,""winners"":365,""prizeYen"":581000},{""tier"":4,""winners"":16988,""prizeYen"":11000},{""tier"":5,""winners"":283630,""prizeYen"":1000}]"
"loto6","610","2011-11-24","2 5 12 23 26 41","36","","0","[{""tier"":1,""winners"":7,""prizeYen"":60543300},{""tier"":2,""winners"":15,""prizeYen"":13645800},{""tier"":3,""winners"":671,""prizeYen"":366000},{""tier"":4,""winners"":29970,""prizeYen"":7200},{""tier"":5,""winners"":443681,""prizeYen"":1000}]"
"loto6","611","2011-11-28","10 12 14 24 34 39","16","","0","[{""tier"":1,""winners"":2,""prizeYen"":99847700},{""tier"":2,""winners"":8,""prizeYen"":22465500},{""tier"":3,""winners"":308,""prizeYen"":700200},{""tier"":4,""winners"":17249,""prizeYen"":11000},{""tier"":5,""winners"":289498,""prizeYen"":1000}]"
"loto6","612","2011-12-01","7 18 31 32 39 40","35","","218722379","[{""tier"":1,""winners"":0,""prizeYen"":0},{""tier"":2,""winners"":4,""prizeYen"":49212100},{""tier"":3,""winners"":304,""prizeYen"":777000},{""tier"":4,""winners"":16442,""prizeYen"":12600},{""tier"":5,""winners"":272948,""prizeYen"":1000}]"
"loto6","613","2011-12-05","2 6 18 26 32 37","5","","0","[{""tier"":1,""winners"":7,""prizeYen"":66079000},{""tier"":2,""winners"":11,""prizeYen"":19949600},{""tier"":3,""winners"":1183,""prizeYen"":222500},{""tier"":4,""winners"":27476,""prizeYen"":8400},{""tier"":5,""winners"":401658,""prizeYen"":1000}]"
"loto6","614","2011-12-08","2 6 22 25 31 42","1","","0","[{""tier"":1,""winners"":2,""prizeYen"":102950100},{""tier"":2,""winners"":11,""prizeYen"":16846200},{""tier"":3,""winners"":366,""prizeYen"":607500},{""tier"":4,""winners"":18779,""prizeYen"":10400},{""tier"":5,""winners"":299443,""prizeYen"":1000}]"
"loto6","615","2011-12-12","6 16 24 32 36 43","28","","0","[{""tier"":1,""winners"":2,""prizeYen"":97869700},{""tier"":2,""winners"":27,""prizeYen"":6524500},{""tier"":3,""winners"":575,""prizeYen"":367600},{""tier"":4,""winners"":23808,""prizeYen"":7800},{""tier"":5,""winners"":322023,""prizeYen"":1000}]"
"loto6","616","2011-12-15","4 7 18 19 24 35","17","","7179695","[{""tier"":1,""winners"":1,""prizeYen"":200000000},{""tier"":2,""winners"":9,""prizeYen"":20717700},{""tier"":3,""winners"":534,""prizeYen"":419000},{""tier"":4,""winners"":22908,""prizeYen"":8600},{""tier"":5,""winners"":351260,""prizeYen"":1000}]"
"loto6","617","2011-12-19","5 8 18 28 34 35","10","","0","[{""tier"":1,""winners"":1,""prizeYen"":217255800},{""tier"":2,""winners"":19,""prizeYen"":9950800},{""tier"":3,""winners"":576,""prizeYen"":393800},{""tier"":4,""winners"":25174,""prizeYen"":7900},{""tier"":5,""winners"":377746,""prizeYen"":1000}]"
"loto6","618","2011-12-22","4 15 21 31 35 42","13","","0","[{""tier"":1,""winners"":2,""prizeYen"":115085500},{""tier"":2,""winners"":5,""prizeYen"":41430400},{""tier"":3,""winners"":311,""prizeYen"":799300},{""tier"":4,""winners"":15653,""prizeYen"":14000},{""tier"":5,""winners"":277694,""prizeYen"":1000}]"
"loto6","619","2011-12-26","2 11 29 31 33 38","14","","204786165","[{""tier"":1,""winners"":0,""prizeYen"":0},{""tier"":2,""winners"":12,""prizeYen"":15358800},{""tier"":3,""winners"":313,""prizeYen"":706600},{""tier"":4,""winners"":18990,""prizeYen"":10200},{""tier"":5,""winners"":294412,""prizeYen"":1000}]"
"loto6","620","2011-12-29","7 10 13 19 31 38","12","","85310686","[{""tier"":1,""winners"":1,""prizeYen"":400000000},{""tier"":2,""winners"":14,""prizeYen"":18033500},{""tier"":3,""winners"":709,""prizeYen"":427300},{""tier"":4,""winners"":27367,""prizeYen"":9700},{""tier"":5,""winners"":416383,""prizeYen"":1000}]"
"loto6","621","2012-01-05","6 15 16 28 36 40","20","","0","[{""tier"":1,""winners"":1,""prizeYen"":327545100},{""tier"":2,""winners"":12,""prizeYen"":18167400},{""tier"":3,""winners"":725,""prizeYen"":360800},{""tier"":4,""winners"":27671,""prizeYen"":8300},{""tier"":5,""winners"":396698,""prizeYen"":1000}]"
"loto6","622","2012-01-09","7 16 18 20 27 36","41","","0","[{""tier"":1,""winners"":5,""prizeYen"":38782000},{""tier"":2,""winners"":10,""prizeYen"":17451700},{""tier"":3,""winners"":542,""prizeYen"":386300},{""tier"":4,""winners"":22907,""prizeYen"":8000},{""tier"":5,""winners"":319195,""prizeYen"":1000}]"
"loto6","623","2012-01-12","7 8 16 35 39 42","9","","210483046","[{""tier"":1,""winners"":0,""prizeYen"":0},{""tier"":2,""winners"":7,""prizeYen"":27061800},{""tier"":3,""winners"":378,""prizeYen"":601300},{""tier"":4,""winners"":19952,""prizeYen"":10000},{""tier"":5,""winners"":336343,""prizeYen"":1000}]"
"loto6","624","2012-01-16","4 8 12 22 25 30","43","","0","[{""tier"":1,""winners"":3,""prizeYen"":155194100},{""tier"":2,""winners"":23,""prizeYen"":9982000},{""tier"":3,""winners"":943,""prizeYen"":292100},{""tier"":4,""winners"":33619,""prizeYen"":7200},{""tier"":5,""winners"":468721,""prizeYen"":1000}]"
"loto6","625","2012-01-19","5 17 26 37 39 42","20","","0","[{""tier"":1,""winners"":13,""prizeYen"":16095600},{""tier"":2,""winners"":7,""prizeYen"":26902500},{""tier"":3,""winners"":795,""prizeYen"":284200},{""tier"":4,""winners"":24804,""prizeYen"":8000},{""tier"":5,""winners"":332653,""prizeYen"":1000}]"
"loto6","626","2012-01-23","6 13 14 22 26 28","10","","0","[{""tier"":1,""winners"":1,""prizeYen"":190646100},{""tier"":2,""winners"":11,""prizeYen"":15598100},{""tier"":3,""winners"":511,""prizeYen"":402900},{""tier"":4,""winners"":23174,""prizeYen"":7800},{""tier"":5,""winners"":341824,""prizeYen"":1000}]"
"loto6","627","2012-01-26","2 4 7 19 34 42","30","","10424389","[{""tier"":1,""winners"":1,""prizeYen"":200000000},{""tier"":2,""winners"":8,""prizeYen"":23672500},{""tier"":3,""winners"":385,""prizeYen"":590200},{""tier"":4,""winners"":19797,""prizeYen"":10100},{""tier"":5,""winners"":316328,""prizeYen"":1000}]"
"loto6","628","2012-01-30","7 13 15 18 29 38","30","","0","[{""tier"":1,""winners"":4,""prizeYen"":56958800},{""tier"":2,""winners"":16,""prizeYen"":12229200},{""tier"":3,""winners"":560,""prizeYen"":419200},{""tier"":4,""winners"":25191,""prizeYen"":8200},{""tier"":5,""winners"":376882,""prizeYen"":1000}]"
"loto6","629","2012-02-02","6 16 21 30 34 43","36","","14218330","[{""tier"":1,""winners"":1,""prizeYen"":200000000},{""tier"":2,""winners"":10,""prizeYen"":19279400},{""tier"":3,""winners"":368,""prizeYen"":628600},{""tier"":4,""winners"":17139,""prizeYen"":11900},{""tier"":5,""winners"":285832,""prizeYen"":1000}]"
"loto6","630","2012-02-06","3 7 13 18 19 41","38","","0","[{""tier"":1,""winners"":1,""prizeYen"":223115200},{""tier"":2,""winners"":23,""prizeYen"":8174100},{""tier"":3,""winners"":436,""prizeYen"":517400},{""tier"":4,""winners"":24093,""prizeYen"":8200},{""tier"":5,""winners"":391762,""prizeYen"":1000}]"
"loto6","631","2012-02-09","2 5 7 10 36 40","12","","207747957","[{""tier"":1,""winners"":0,""prizeYen"":0},{""tier"":2,""winners"":10,""prizeYen"":18697100},{""tier"":3,""winners"":324,""prizeYen"":692400},{""tier"":4,""winners"":18380,""prizeYen"":10700},{""tier"":5,""winners"":311525,""prizeYen"":1000}]"
"loto6","632","2012-02-13","3 4 14 21 22 25","26","","0","[{""tier"":1,""winners"":3,""prizeYen"":154298100},{""tier"":2,""winners"":16,""prizeYen"":14351800},{""tier"":3,""winners"":439,""prizeYen"":627600},{""tier"":4,""winners"":23110,""prizeYen"":10500},{""tier"":5,""winners"":404680,""prizeYen"":1000}]"
"loto6","633","2012-02-16","7 9 11 14 15 18","5","","0","[{""tier"":1,""winners"":1,""prizeYen"":195269800},{""tier"":2,""winners"":14,""prizeYen"":12552900},{""tier"":3,""winners"":451,""prizeYen"":467600},{""tier"":4,""winners"":22977,""prizeYen"":8000},{""tier"":5,""winners"":366488,""prizeYen"":1000}]"
"loto6","634","2012-02-20","8 10 13 15 20 40","23","","0","[{""tier"":1,""winners"":2,""prizeYen"":100888700},{""tier"":2,""winners"":19,""prizeYen"":9557700},{""tier"":3,""winners"":426,""prizeYen"":511500},{""tier"":4,""winners"":20246,""prizeYen"":9400},{""tier"":5,""winners"":308373,""prizeYen"":1000}]"
"loto6","635","2012-02-23","8 11 12 15 41 43","22","","194658716","[{""tier"":1,""winners"":0,""prizeYen"":0},{""tier"":2,""winners"":14,""prizeYen"":12513600},{""tier"":3,""winners"":344,""prizeYen"":611100},{""tier"":4,""winners"":18914,""prizeYen"":9800},{""tier"":5,""winners"":327988,""prizeYen"":1000}]"
"loto6","636","2012-02-27","2 12 21 23 24 26","36","","428409654","[{""tier"":1,""winners"":0,""prizeYen"":0},{""tier"":2,""winners"":17,""prizeYen"":12374900},{""tier"":3,""winners"":586,""prizeYen"":430800},{""tier"":4,""winners"":30232,""prizeYen"":7300},{""tier"":5,""winners"":445457,""prizeYen"":1000}]"
"loto6","637","2012-03-01","7 12 16 28 31 34","11","","0","[{""tier"":1,""winners"":7,""prizeYen"":103124900},{""tier"":2,""winners"":26,""prizeYen"":10158300},{""tier"":3,""winners"":914,""prizeYen"":346700},{""tier"":4,""winners"":37538,""prizeYen"":7400},{""tier"":5,""winners"":537198,""prizeYen"":1000}]"
"loto6","638","2012-03-05","6 11 19 28 35 40","14","","0","[{""tier"":1,""winners"":3,""prizeYen"":64471000},{""tier"":2,""winners"":27,""prizeYen"":6447000},{""tier"":3,""winners"":541,""prizeYen"":386100},{""tier"":4,""winners"":20996,""prizeYen"":8700},{""tier"":5,""winners"":311594,""prizeYen"":1000}]"
"loto6","639","2012-03-08","1 16 20 24 33 34","8","","0","[{""tier"":1,""winners"":3,""prizeYen"":73500100},{""tier"":2,""winners"":9,""prizeYen"":22049800},{""tier"":3,""winners"":244,""prizeYen"":975900},{""tier"":4,""winners"":13892,""prizeYen"":15100},{""tier"":5,""winners"":257490,""prizeYen"":1000}]"
"loto6","640","2012-03-12","3 11 18 20 33 39","22","","0","[{""tier"":1,""winners"":4,""prizeYen"":45794500},{""tier"":2,""winners"":13,""prizeYen"":12681400},{""tier"":3,""winners"":554,""prizeYen"":357000},{""tier"":4,""winners"":22316,""prizeYen"":7800},{""tier"":5,""winners"":320161,""prizeYen"":1000}]"
"loto6","641","2012-03-15","3 14 21 24 26 29","32","","199596984","[{""tier"":1,""winners"":0,""prizeYen"":0},{""tier"":2,""winners"":12,""prizeYen"":14969600},{""tier"":3,""winners"":310,""prizeYen"":695300},{""tier"":4,""winners"":17750,""prizeYen"":10700},{""tier"":5,""winners"":292039,""prizeYen"":1000}]"
"loto6","642","2012-03-19","8 13 14 21 33 41","18","","0","[{""tier"":1,""winners"":2,""prizeYen"":217597800},{""tier"":2,""winners"":16,""prizeYen"":13252300},{""tier"":3,""winners"":524,""prizeYen"":485500},{""tier"":4,""winners"":23662,""prizeYen"":9400},{""tier"":5,""winners"":354763,""prizeYen"":1000}]"
"loto6","643","2012-03-22","2 6 21 31 35 37","15","","203432373","[{""tier"":1,""winners"":0,""prizeYen"":0},{""tier"":2,""winners"":13,""prizeYen"":14083600},{""tier"":3,""winners"":238,""prizeYen"":923100},{""tier"":4,""winners"":15660,""prizeYen"":12300},{""tier"":5,""winners"":257069,""prizeYen"":1000}]"
"loto6","644","2012-03-26","4 14 22 23 26 42","2","","0","[{""tier"":1,""winners"":3,""prizeYen"":145189300},{""tier"":2,""winners"":12,""prizeYen"":17410000},{""tier"":3,""winners"":550,""prizeYen"":455800},{""tier"":4,""winners"":26231,""prizeYen"":8400},{""tier"":5,""winners"":406187,""prizeYen"":1000}]"
"loto6","645","2012-03-29","3 10 12 32 33 43","31","","0","[{""tier"":1,""winners"":2,""prizeYen"":99339200},{""tier"":2,""winners"":2,""prizeYen"":89404500},{""tier"":3,""winners"":358,""prizeYen"":599300},{""tier"":4,""winners"":18174,""prizeYen"":10400},{""tier"":5,""winners"":302976,""prizeYen"":1000}]"
"loto6","646","2012-04-02","9 12 14 24 28 33","37","","0","[{""tier"":1,""winners"":2,""prizeYen"":91242400},{""tier"":2,""winners"":19,""prizeYen"":8643900},{""tier"":3,""winners"":465,""prizeYen"":423800},{""tier"":4,""winners"":23268,""prizeYen"":7400},{""tier"":5,""winners"":350110,""prizeYen"":1000}]"
"loto6","647","2012-04-05","2 7 15 22 36 43","27","","0","[{""tier"":1,""winners"":1,""prizeYen"":193138200},{""tier"":2,""winners"":18,""prizeYen"":9656800},{""tier"":3,""winners"":533,""prizeYen"":391300},{""tier"":4,""winners"":21602,""prizeYen"":8500},{""tier"":5,""winners"":309863,""prizeYen"":1000}]"
"loto6","648","2012-04-09","22 26 27 28 36 43","1","","205827665","[{""tier"":1,""winners"":0,""prizeYen"":0},{""tier"":2,""winners"":2,""prizeYen"":92621600},{""tier"":3,""winners"":205,""prizeYen"":1084300},{""tier"":4,""winners"":11961,""prizeYen"":16300},{""tier"":5,""winners"":239199,""prizeYen"":1000}]"
"loto6","649","2012-04-12","14 22 29 33 36 40","38","","461680353","[{""tier"":1,""winners"":0,""prizeYen"":0},{""tier"":2,""winners"":25,""prizeYen"":9210600},{""tier"":3,""winners"":508,""prizeYen"":543900},{""tier"":4,""winners"":25727,""prizeYen"":9400},{""tier"":5,""winners"":362512,""prizeYen"":1000}]"
"loto6","650","2012-04-16","12 31 34 40 41 43","6","","406949113","[{""tier"":1,""winners"":1,""prizeYen"":400000000},{""tier"":2,""winners"":10,""prizeYen"":31073900},{""tier"":3,""winners"":396,""prizeYen"":941600},{""tier"":4,""winners"":22211,""prizeYen"":14800},{""tier"":5,""winners"":403488,""prizeYen"":1000}]"
"loto6","651","2012-04-19","4 15 17 34 38 40","5","","0","[{""tier"":1,""winners"":2,""prizeYen"":356844900},{""tier"":2,""winners"":13,""prizeYen"":21235700},{""tier"":3,""winners"":477,""prizeYen"":694500},{""tier"":4,""winners"":24738,""prizeYen"":11800},{""tier"":5,""winners"":405707,""prizeYen"":1000}]"
"loto6","652","2012-04-23","1 10 16 19 20 39","29","","0","[{""tier"":1,""winners"":2,""prizeYen"":105070900},{""tier"":2,""winners"":9,""prizeYen"":21014000},{""tier"":3,""winners"":335,""prizeYen"":677400},{""tier"":4,""winners"":17568,""prizeYen"":11300},{""tier"":5,""winners"":280702,""prizeYen"":1000}]"
"loto6","653","2012-04-26","13 21 22 26 29 36","31","","10955557","[{""tier"":1,""winners"":1,""prizeYen"":200000000},{""tier"":2,""winners"":5,""prizeYen"":37971600},{""tier"":3,""winners"":348,""prizeYen"":654600},{""tier"":4,""winners"":18742,""prizeYen"":10700},{""tier"":5,""winners"":309775,""prizeYen"":1000}]"
"loto6","654","2012-04-30","12 18 21 29 32 38","2","","0","[{""tier"":1,""winners"":1,""prizeYen"":220075400},{""tier"":2,""winners"":8,""prizeYen"":23525700},{""tier"":3,""winners"":444,""prizeYen"":508600},{""tier"":4,""winners"":18923,""prizeYen"":10500},{""tier"":5,""winners"":305974,""prizeYen"":1000}]"
"loto6","655","2012-05-03","5 10 23 26 28 29","27","","0","[{""tier"":1,""winners"":2,""prizeYen"":91563400},{""tier"":2,""winners"":8,""prizeYen"":20601600},{""tier"":3,""winners"":350,""prizeYen"":565000},{""tier"":4,""winners"":18401,""prizeYen"":9400},{""tier"":5,""winners"":303684,""prizeYen"":1000}]"
"loto6","656","2012-05-07","2 8 13 17 25 37","30","","0","[{""tier"":1,""winners"":6,""prizeYen"":29744700},{""tier"":2,""winners"":36,""prizeYen"":4461600},{""tier"":3,""winners"":872,""prizeYen"":221000},{""tier"":4,""winners"":28592,""prizeYen"":5900},{""tier"":5,""winners"":360905,""prizeYen"":1000}]"
"loto6","657","2012-05-10","3 20 29 33 34 40","2","","13405435","[{""tier"":1,""winners"":1,""prizeYen"":200000000},{""tier"":2,""winners"":5,""prizeYen"":38412600},{""tier"":3,""winners"":258,""prizeYen"":893300},{""tier"":4,""winners"":13261,""prizeYen"":15300},{""tier"":5,""winners"":239577,""prizeYen"":1000}]"
"loto6","658","2012-05-14","14 24 32 40 41 42","9","","234586287","[{""tier"":1,""winners"":0,""prizeYen"":0},{""tier"":2,""winners"":8,""prizeYen"":24882600},{""tier"":3,""winners"":373,""prizeYen"":640400},{""tier"":4,""winners"":16803,""prizeYen"":12500},{""tier"":5,""winners"":273719,""prizeYen"":1000}]"
"loto6","659","2012-05-17","21 30 35 39 41 42","3","","106692039","[{""tier"":1,""winners"":1,""prizeYen"":400000000},{""tier"":2,""winners"":4,""prizeYen"":61223200},{""tier"":3,""winners"":312,""prizeYen"":941800},{""tier"":4,""winners"":17058,""prizeYen"":15100},{""tier"":5,""winners"":309135,""prizeYen"":1000}]"
"loto6","660","2012-05-21","8 20 31 36 37 38","39","","0","[{""tier"":1,""winners"":3,""prizeYen"":115495200},{""tier"":2,""winners"":7,""prizeYen"":30830300},{""tier"":3,""winners"":324,""prizeYen"":799300},{""tier"":4,""winners"":19540,""prizeYen"":11600},{""tier"":5,""winners"":308731,""prizeYen"":1000}]"
"loto6","661","2012-05-24","6 9 17 20 33 40","26","","0","[{""tier"":1,""winners"":2,""prizeYen"":100065600},{""tier"":2,""winners"":7,""prizeYen"":25730900},{""tier"":3,""winners"":305,""prizeYen"":708600},{""tier"":4,""winners"":16138,""prizeYen"":11800},{""tier"":5,""winners"":277321,""prizeYen"":1000}]"
"loto6","662","2012-05-28","12 31 32 34 36 40","6","","0","[{""tier"":1,""winners"":3,""prizeYen"":67698400},{""tier"":2,""winners"":4,""prizeYen"":45696000},{""tier"":3,""winners"":307,""prizeYen"":714400},{""tier"":4,""winners"":14300,""prizeYen"":13500},{""tier"":5,""winners"":237603,""prizeYen"":1000}]"
"loto6","663","2012-05-31","13 18 21 30 33 40","25","","0","[{""tier"":1,""winners"":3,""prizeYen"":65429200},{""tier"":2,""winners"":17,""prizeYen"":10391600},{""tier"":3,""winners"":456,""prizeYen"":464800},{""tier"":4,""winners"":19565,""prizeYen"":9500},{""tier"":5,""winners"":298950,""prizeYen"":1000}]"
"loto6","664","2012-06-04","2 8 11 12 26 29","22","","0","[{""tier"":1,""winners"":3,""prizeYen"":54823400},{""tier"":2,""winners"":22,""prizeYen"":6728200},{""tier"":3,""winners"":841,""prizeYen"":211200},{""tier"":4,""winners"":29594,""prizeYen"":5200},{""tier"":5,""winners"":380371,""prizeYen"":1000}]"
"loto6","665","2012-06-07","13 22 27 29 36 37","40","","0","[{""tier"":1,""winners"":2,""prizeYen"":94049700},{""tier"":2,""winners"":6,""prizeYen"":28214600},{""tier"":3,""winners"":355,""prizeYen"":572200},{""tier"":4,""winners"":18252,""prizeYen"":9800},{""tier"":5,""winners"":291580,""prizeYen"":1000}]"
"loto6","666","2012-06-11","2 6 28 30 31 41","7","","187758302","[{""tier"":1,""winners"":0,""prizeYen"":0},{""tier"":2,""winners"":7,""prizeYen"":24140100},{""tier"":3,""winners"":344,""prizeYen"":589400},{""tier"":4,""winners"":15807,""prizeYen"":11300},{""tier"":5,""winners"":268246,""prizeYen"":1000}]"
"loto6","667","2012-06-14","21 31 34 37 39 40","15","","0","[{""tier"":1,""winners"":2,""prizeYen"":217956200},{""tier"":2,""winners"":8,""prizeYen"":27917000},{""tier"":3,""winners"":395,""prizeYen"":678400},{""tier"":4,""winners"":17335,""prizeYen"":13600},{""tier"":5,""winners"":291285,""prizeYen"":1000}]"
"loto6","668","2012-06-18","7 13 20 27 34 35","22","","0","[{""tier"":1,""winners"":5,""prizeYen"":39100200},{""tier"":2,""winners"":10,""prizeYen"":17594900},{""tier"":3,""winners"":473,""prizeYen"":446300},{""tier"":4,""winners"":18285,""prizeYen"":10100},{""tier"":5,""winners"":278021,""prizeYen"":1000}]"
"loto6","669","2012-06-21","4 6 10 17 24 33","19","","180372714","[{""tier"":1,""winners"":0,""prizeYen"":0},{""tier"":2,""winners"":9,""prizeYen"":18037100},{""tier"":3,""winners"":552,""prizeYen"":352900},{""tier"":4,""winners"":23855,""prizeYen"":7200},{""tier"":5,""winners"":339322,""prizeYen"":1000}]"
"loto6","670","2012-06-25","1 4 7 25 32 41","18","","0","[{""tier"":1,""winners"":2,""prizeYen"":215544800},{""tier"":2,""winners"":22,""prizeYen"":10256500},{""tier"":3,""winners"":414,""prizeYen"":654000},{""tier"":4,""winners"":21940,""prizeYen"":10800},{""tier"":5,""winners"":360096,""prizeYen"":1000}]"
"loto6","671","2012-06-28","5 10 14 16 23 38","21","","0","[{""tier"":1,""winners"":2,""prizeYen"":94581700},{""tier"":2,""winners"":21,""prizeYen"":8106900},{""tier"":3,""winners"":1407,""prizeYen"":145100},{""tier"":4,""winners"":32335,""prizeYen"":5500},{""tier"":5,""winners"":357452,""prizeYen"":1000}]"
"loto6","672","2012-07-02","1 5 23 24 36 43","19","","199965654","[{""tier"":1,""winners"":0,""prizeYen"":0},{""tier"":2,""winners"":15,""prizeYen"":11997800},{""tier"":3,""winners"":365,""prizeYen"":591600},{""tier"":4,""winners"":17986,""prizeYen"":10500},{""tier"":5,""winners"":277841,""prizeYen"":1000}]"
"loto6","673","2012-07-05","2 6 16 27 28 29","38","","0","[{""tier"":1,""winners"":2,""prizeYen"":215521300},{""tier"":2,""winners"":19,""prizeYen"":10945600},{""tier"":3,""winners"":605,""prizeYen"":412400},{""tier"":4,""winners"":28726,""prizeYen"":7600},{""tier"":5,""winners"":418501,""prizeYen"":1000}]"
"loto6","674","2012-07-09","8 11 15 22 40 41","39","","0","[{""tier"":1,""winners"":3,""prizeYen"":61634400},{""tier"":2,""winners"":15,""prizeYen"":11094000},{""tier"":3,""winners"":460,""prizeYen"":434100},{""tier"":4,""winners"":20719,""prizeYen"":8500},{""tier"":5,""winners"":314137,""prizeYen"":1000}]"
"loto6","675","2012-07-12","8 10 15 21 24 34","28","","0","[{""tier"":1,""winners"":3,""prizeYen"":62855400},{""tier"":2,""winners"":3,""prizeYen"":56569400},{""tier"":3,""winners"":364,""prizeYen"":559400},{""tier"":4,""winners"":17630,""prizeYen"":10100},{""tier"":5,""winners"":284305,""prizeYen"":1000}]"
"loto6","676","2012-07-16","2 8 20 33 38 42","21","","0","[{""tier"":1,""winners"":3,""prizeYen"":57166200},{""tier"":2,""winners"":18,""prizeYen"":8574800},{""tier"":3,""winners"":328,""prizeYen"":564600},{""tier"":4,""winners"":15169,""prizeYen"":10700},{""tier"":5,""winners"":252692,""prizeYen"":1000}]"
"loto6","677","2012-07-19","4 11 22 31 32 35","23","","0","[{""tier"":1,""winners"":1,""prizeYen"":189220100},{""tier"":2,""winners"":10,""prizeYen"":17029600},{""tier"":3,""winners"":263,""prizeYen"":777000},{""tier"":4,""winners"":15158,""prizeYen"":11800},{""tier"":5,""winners"":257737,""prizeYen"":1000}]"
"loto6","678","2012-07-23","8 24 25 29 32 40","28","","183123113","[{""tier"":1,""winners"":0,""prizeYen"":0},{""tier"":2,""winners"":9,""prizeYen"":18312100},{""tier"":3,""winners"":365,""prizeYen"":541800},{""tier"":4,""winners"":16330,""prizeYen"":10600},{""tier"":5,""winners"":247743,""prizeYen"":1000}]"
"loto6","679","2012-07-26","4 5 7 37 41 42","39","","17453239","[{""tier"":1,""winners"":1,""prizeYen"":400000000},{""tier"":2,""winners"":14,""prizeYen"":15063900},{""tier"":3,""winners"":308,""prizeYen"":821600},{""tier"":4,""winners"":17156,""prizeYen"":13000},{""tier"":5,""winners"":312307,""prizeYen"":1000}]"
"loto6","680","2012-07-30","8 9 23 34 38 41","6","","0","[{""tier"":1,""winners"":1,""prizeYen"":212106800},{""tier"":2,""winners"":9,""prizeYen"":19465100},{""tier"":3,""winners"":350,""prizeYen"":600600},{""tier"":4,""winners"":18032,""prizeYen"":10200},{""tier"":5,""winners"":299244,""prizeYen"":1000}]"
"loto6","681","2012-08-02","1 11 13 30 37 41","27","","186530099","[{""tier"":1,""winners"":0,""prizeYen"":0},{""tier"":2,""winners"":11,""prizeYen"":15261400},{""tier"":3,""winners"":268,""prizeYen"":751600},{""tier"":4,""winners"":15062,""prizeYen"":11700},{""tier"":5,""winners"":254431,""prizeYen"":1000}]"
"loto6","682","2012-08-06","3 5 7 18 19 41","34","","0","[{""tier"":1,""winners"":1,""prizeYen"":393430300},{""tier"":2,""winners"":15,""prizeYen"":12413900},{""tier"":3,""winners"":758,""prizeYen"":294700},{""tier"":4,""winners"":25151,""prizeYen"":7800},{""tier"":5,""winners"":374782,""prizeYen"":1000}]"
"loto6","683","2012-08-09","16 24 29 32 35 38","37","","0","[{""tier"":1,""winners"":1,""prizeYen"":185848300},{""tier"":2,""winners"":8,""prizeYen"":20907700},{""tier"":3,""winners"":440,""prizeYen"":456100},{""tier"":4,""winners"":16563,""prizeYen"":10600},{""tier"":5,""winners"":240641,""prizeYen"":1000}]"
"loto6","684","2012-08-13","6 7 13 18 27 33","16","","0","[{""tier"":1,""winners"":2,""prizeYen"":74642000},{""tier"":2,""winners"":7,""prizeYen"":19193400},{""tier"":3,""winners"":506,""prizeYen"":318600},{""tier"":4,""winners"":22145,""prizeYen"":6400},{""tier"":5,""winners"":315789,""prizeYen"":1000}]"
"loto6","685","2012-08-16","12 23 27 32 39 43","15","","0","[{""tier"":1,""winners"":2,""prizeYen"":87878800},{""tier"":2,""winners"":9,""prizeYen"":17575600},{""tier"":3,""winners"":373,""prizeYen"":508800},{""tier"":4,""winners"":19174,""prizeYen"":8700},{""tier"":5,""winners"":291374,""prizeYen"":1000}]"
"loto6","686","2012-08-20","21 24 26 35 37 38","16","","0","[{""tier"":1,""winners"":2,""prizeYen"":94737500},{""tier"":2,""winners"":7,""prizeYen"":24360800},{""tier"":3,""winners"":283,""prizeYen"":723000},{""tier"":4,""winners"":13946,""prizeYen"":12900},{""tier"":5,""winners"":244043,""prizeYen"":1000}]"
"loto6","687","2012-08-23","16 20 27 33 40 42","34","","0","[{""tier"":1,""winners"":2,""prizeYen"":94843400},{""tier"":2,""winners"":15,""prizeYen"":11381100},{""tier"":3,""winners"":300,""prizeYen"":682800},{""tier"":4,""winners"":15659,""prizeYen"":11500},{""tier"":5,""winners"":251692,""prizeYen"":1000}]"
"loto6","688","2012-08-27","9 12 16 33 34 35","1","","0","[{""tier"":1,""winners"":2,""prizeYen"":92819300},{""tier"":2,""winners"":4,""prizeYen"":41768300},{""tier"":3,""winners"":297,""prizeYen"":675000},{""tier"":4,""winners"":15117,""prizeYen"":11600},{""tier"":5,""winners"":258936,""prizeYen"":1000}]"
"loto6","689","2012-08-30","6 8 12 17 24 31","38","","0","[{""tier"":1,""winners"":8,""prizeYen"":20094300},{""tier"":2,""winners"":34,""prizeYen"":4255200},{""tier"":3,""winners"":753,""prizeYen"":230500},{""tier"":4,""winners"":28797,""prizeYen"":5300},{""tier"":5,""winners"":381008,""prizeYen"":1000}]"
"loto6","690","2012-09-03","7 8 10 21 34 38","30","","182194767","[{""tier"":1,""winners"":0,""prizeYen"":0},{""tier"":2,""winners"":10,""prizeYen"":16397300},{""tier"":3,""winners"":337,""prizeYen"":583800},{""tier"":4,""winners"":17612,""prizeYen"":9800},{""tier"":5,""winners"":286212,""prizeYen"":1000}]"
"loto6","691","2012-09-06","4 7 8 15 16 42","23","","0","[{""tier"":1,""winners"":3,""prizeYen"":134131500},{""tier"":2,""winners"":3470,""prizeYen"":57100},{""tier"":3,""winners"":702,""prizeYen"":338700},{""tier"":4,""winners"":25913,""prizeYen"":8000},{""tier"":5,""winners"":407943,""prizeYen"":1000}]"
"loto6","692","2012-09-10","9 10 12 19 21 42","15","","0","[{""tier"":1,""winners"":2,""prizeYen"":90732700},{""tier"":2,""winners"":8,""prizeYen"":20414600},{""tier"":3,""winners"":370,""prizeYen"":529600},{""tier"":4,""winners"":18692,""prizeYen"":9200},{""tier"":5,""winners"":293557,""prizeYen"":1000}]"
"loto6","693","2012-09-13","4 14 18 22 32 35","10","","191637654","[{""tier"":1,""winners"":0,""prizeYen"":0},{""tier"":2,""winners"":4,""prizeYen"":43118000},{""tier"":3,""winners"":338,""prizeYen"":612300},{""tier"":4,""winners"":16304,""prizeYen"":11100},{""tier"":5,""winners"":263624,""prizeYen"":1000}]"
"loto6","694","2012-09-17","8 23 27 31 38 40","3","","0","[{""tier"":1,""winners"":2,""prizeYen"":199696300},{""tier"":2,""winners"":11,""prizeYen"":16997900},{""tier"":3,""winners"":528,""prizeYen"":424900},{""tier"":4,""winners"":23904,""prizeYen"":8200},{""tier"":5,""winners"":361757,""prizeYen"":1000}]"
"loto6","695","2012-09-20","4 7 11 12 13 19","27","","0","[{""tier"":1,""winners"":5,""prizeYen"":33044600},{""tier"":2,""winners"":20,""prizeYen"":7434900},{""tier"":3,""winners"":658,""prizeYen"":271100},{""tier"":4,""winners"":27156,""prizeYen"":5700},{""tier"":5,""winners"":370176,""prizeYen"":1000}]"
"loto6","696","2012-09-24","2 10 14 19 36 39","9","","0","[{""tier"":1,""winners"":1,""prizeYen"":182624000},{""tier"":2,""winners"":12,""prizeYen"":13696600},{""tier"":3,""winners"":301,""prizeYen"":655200},{""tier"":4,""winners"":15491,""prizeYen"":11200},{""tier"":5,""winners"":256073,""prizeYen"":1000}]"
"loto6","697","2012-09-27","2 12 14 18 40 41","6","","0","[{""tier"":1,""winners"":1,""prizeYen"":188870600},{""tier"":2,""winners"":11,""prizeYen"":15452900},{""tier"":3,""winners"":309,""prizeYen"":660100},{""tier"":4,""winners"":15611,""prizeYen"":11500},{""tier"":5,""winners"":271554,""prizeYen"":1000}]"
"loto6","698","2012-10-01","5 20 21 26 30 33","27","","0","[{""tier"":1,""winners"":2,""prizeYen"":93065900},{""tier"":2,""winners"":2,""prizeYen"":83758600},{""tier"":3,""winners"":365,""prizeYen"":550700},{""tier"":4,""winners"":16185,""prizeYen"":10900},{""tier"":5,""winners"":249508,""prizeYen"":1000}]"
"loto6","699","2012-10-04","12 13 21 25 29 32","20","","0","[{""tier"":1,""winners"":1,""prizeYen"":178163800},{""tier"":2,""winners"":6,""prizeYen"":26724300},{""tier"":3,""winners"":355,""prizeYen"":542000},{""tier"":4,""winners"":18314,""prizeYen"":9200},{""tier"":5,""winners"":284386,""prizeYen"":1000}]"
"loto6","700","2012-10-08","1 8 17 24 33 35","11","","0","[{""tier"":1,""winners"":3,""prizeYen"":54372900},{""tier"":2,""winners"":14,""prizeYen"":10486100},{""tier"":3,""winners"":418,""prizeYen"":421400},{""tier"":4,""winners"":18018,""prizeYen"":8600},{""tier"":5,""winners"":269090,""prizeYen"":1000}]"
"loto6","701","2012-10-11","20 22 24 32 36 39","29","","194434345","[{""tier"":1,""winners"":0,""prizeYen"":0},{""tier"":2,""winners"":3,""prizeYen"":58329700},{""tier"":3,""winners"":215,""prizeYen"":976600},{""tier"":4,""winners"":11908,""prizeYen"":15500},{""tier"":5,""winners"":215751,""prizeYen"":1000}]"
"loto6","702","2012-10-15","1 20 23 37 38 40","4","","36172490","[{""tier"":1,""winners"":1,""prizeYen"":400000000},{""tier"":2,""winners"":11,""prizeYen"":19778400},{""tier"":3,""winners"":393,""prizeYen"":664300},{""tier"":4,""winners"":20261,""prizeYen"":11300},{""tier"":5,""winners"":332742,""prizeYen"":1000}]"
"loto6","703","2012-10-18","20 24 27 28 38 41","4","","0","[{""tier"":1,""winners"":1,""prizeYen"":245034100},{""tier"":2,""winners"":8,""prizeYen"":23496700},{""tier"":3,""winners"":341,""prizeYen"":661400},{""tier"":4,""winners"":17531,""prizeYen"":11300},{""tier"":5,""winners"":293198,""prizeYen"":1000}]"
"loto6","704","2012-10-22","7 10 16 18 19 37","20","","0","[{""tier"":1,""winners"":1,""prizeYen"":177385500},{""tier"":2,""winners"":7,""prizeYen"":22806500},{""tier"":3,""winners"":298,""prizeYen"":642800},{""tier"":4,""winners"":18353,""prizeYen"":9200},{""tier"":5,""winners"":302583,""prizeYen"":1000}]"
"loto6","705","2012-10-25","14 15 16 18 20 33","3","","197459384","[{""tier"":1,""winners"":0,""prizeYen"":0},{""tier"":2,""winners"":4,""prizeYen"":44427900},{""tier"":3,""winners"":298,""prizeYen"":715600},{""tier"":4,""winners"":14174,""prizeYen"":13200},{""tier"":5,""winners"":250174,""prizeYen"":1000}]"
"loto6","706","2012-10-29","2 8 29 31 34 37","9","","0","[{""tier"":1,""winners"":4,""prizeYen"":111096500},{""tier"":2,""winners"":13,""prizeYen"":17094700},{""tier"":3,""winners"":458,""prizeYen"":582200},{""tier"":4,""winners"":20325,""prizeYen"":11500},{""tier"":5,""winners"":337649,""prizeYen"":1000}]"
"loto6","707","2012-11-01","8 15 21 32 40 41","7","","0","[{""tier"":1,""winners"":2,""prizeYen"":95335600},{""tier"":2,""winners"":13,""prizeYen"":13200200},{""tier"":3,""winners"":477,""prizeYen"":431700},{""tier"":4,""winners"":19514,""prizeYen"":9300},{""tier"":5,""winners"":281767,""prizeYen"":1000}]"
"loto6","708","2012-11-05","2 13 20 22 25 38","35","","0","[{""tier"":1,""winners"":1,""prizeYen"":184591000},{""tier"":2,""winners"":7,""prizeYen"":23732900},{""tier"":3,""winners"":391,""prizeYen"":509800},{""tier"":4,""winners"":18348,""prizeYen"":9500},{""tier"":5,""winners"":283635,""prizeYen"":1000}]"
"loto6","709","2012-11-08","1 11 13 29 37 39","8","","191167589","[{""tier"":1,""winners"":0,""prizeYen"":0},{""tier"":2,""winners"":7,""prizeYen"":24578400},{""tier"":3,""winners"":298,""prizeYen"":692800},{""tier"":4,""winners"":15241,""prizeYen"":11900},{""tier"":5,""winners"":257460,""prizeYen"":1000}]"
"loto6","710","2012-11-12","4 5 9 20 33 37","35","","429810925","[{""tier"":1,""winners"":0,""prizeYen"":0},{""tier"":2,""winners"":6,""prizeYen"":35796100},{""tier"":3,""winners"":366,""prizeYen"":704100},{""tier"":4,""winners"":20280,""prizeYen"":11200},{""tier"":5,""winners"":344207,""prizeYen"":1000}]"
"loto6","711","2012-11-15","5 11 15 24 34 39","37","","323524855","[{""tier"":1,""winners"":1,""prizeYen"":400000000},{""tier"":2,""winners"":17,""prizeYen"":15549400},{""tier"":3,""winners"":628,""prizeYen"":505100},{""tier"":4,""winners"":30018,""prizeYen"":9300},{""tier"":5,""winners"":464018,""prizeYen"":1000}]"
"loto6","712","2012-11-19","2 5 8 9 14 25","18","","0","[{""tier"":1,""winners"":4,""prizeYen"":141654300},{""tier"":2,""winners"":17,""prizeYen"":12869400},{""tier"":3,""winners"":782,""prizeYen"":335700},{""tier"":4,""winners"":33054,""prizeYen"":7000},{""tier"":5,""winners"":453835,""prizeYen"":1000}]"
"loto6","713","2012-11-22","19 20 21 24 25 26","35","","0","[{""tier"":1,""winners"":8,""prizeYen"":25401100},{""tier"":2,""winners"":8,""prizeYen"":22860800},{""tier"":3,""winners"":352,""prizeYen"":623400},{""tier"":4,""winners"":14884,""prizeYen"":13000},{""tier"":5,""winners"":251853,""prizeYen"":1000}]"
"loto6","714","2012-11-26","2 14 26 28 29 42","13","","0","[{""tier"":1,""winners"":2,""prizeYen"":91019900},{""tier"":2,""winners"":17,""prizeYen"":9637300},{""tier"":3,""winners"":362,""prizeYen"":543000},{""tier"":4,""winners"":17681,""prizeYen"":9800},{""tier"":5,""winners"":266872,""prizeYen"":1000}]"
"loto6","715","2012-11-29","5 10 12 25 28 31","36","","0","[{""tier"":1,""winners"":4,""prizeYen"":43239100},{""tier"":2,""winners"":14,""prizeYen"":11118500},{""tier"":3,""winners"":758,""prizeYen"":246400},{""tier"":4,""winners"":25011,""prizeYen"":6500},{""tier"":5,""winners"":337181,""prizeYen"":1000}]"
"loto6","716","2012-12-03","5 7 14 24 25 35","32","","0","[{""tier"":1,""winners"":2,""prizeYen"":86824800},{""tier"":2,""winners"":10,""prizeYen"":15628300},{""tier"":3,""winners"":482,""prizeYen"":389000},{""tier"":4,""winners"":21318,""prizeYen"":7700},{""tier"":5,""winners"":315835,""prizeYen"":1000}]"
"loto6","717","2012-12-06","13 14 16 21 29 42","20","","0","[{""tier"":1,""winners"":3,""prizeYen"":63669600},{""tier"":2,""winners"":5,""prizeYen"":34381300},{""tier"":3,""winners"":241,""prizeYen"":855900},{""tier"":4,""winners"":14288,""prizeYen"":12700},{""tier"":5,""winners"":248490,""prizeYen"":1000}]"
"loto6","718","2012-12-10","15 20 27 29 33 43","18","","187554507","[{""tier"":1,""winners"":0,""prizeYen"":0},{""tier"":2,""winners"":5,""prizeYen"":33759500},{""tier"":3,""winners"":282,""prizeYen"":718200},{""tier"":4,""winners"":14671,""prizeYen"":12100},{""tier"":5,""winners"":248339,""prizeYen"":1000}]"
"loto6","719","2012-12-13","11 14 27 31 34 42","13","","0","[{""tier"":1,""winners"":5,""prizeYen"":84563100},{""tier"":2,""winners"":15,""prizeYen"":14115500},{""tier"":3,""winners"":494,""prizeYen"":514300},{""tier"":4,""winners"":22053,""prizeYen"":10100},{""tier"":5,""winners"":341062,""prizeYen"":1000}]"
"loto6","720","2012-12-17","25 26 27 28 35 38","19","","194961175","[{""tier"":1,""winners"":0,""prizeYen"":0},{""tier"":2,""winners"":2,""prizeYen"":87731700},{""tier"":3,""winners"":297,""prizeYen"":708900},{""tier"":4,""winners"":14890,""prizeYen"":12400},{""tier"":5,""winners"":262465,""prizeYen"":1000}]"
"loto6","721","2012-12-20","1 14 23 24 27 40","10","","444138139","[{""tier"":1,""winners"":0,""prizeYen"":0},{""tier"":2,""winners"":12,""prizeYen"":18688100},{""tier"":3,""winners"":359,""prizeYen"":749600},{""tier"":4,""winners"":20142,""prizeYen"":11700},{""tier"":5,""winners"":356463,""prizeYen"":1000}]"
"loto6","722","2012-12-24","6 11 32 34 35 39","18","","0","[{""tier"":1,""winners"":2,""prizeYen"":374402800},{""tier"":2,""winners"":20,""prizeYen"":13709900},{""tier"":3,""winners"":462,""prizeYen"":712200},{""tier"":4,""winners"":24101,""prizeYen"":12000},{""tier"":5,""winners"":394838,""prizeYen"":1000}]"
"loto6","723","2012-12-27","16 27 28 36 39 42","2","","210243965","[{""tier"":1,""winners"":0,""prizeYen"":0},{""tier"":2,""winners"":16,""prizeYen"":11826100},{""tier"":3,""winners"":397,""prizeYen"":571900},{""tier"":4,""winners"":20634,""prizeYen"":9700},{""tier"":5,""winners"":316570,""prizeYen"":1000}]"
"loto6","724","2013-01-07","4 9 32 37 38 39","31","","129168839","[{""tier"":1,""winners"":1,""prizeYen"":400000000},{""tier"":2,""winners"":11,""prizeYen"":26093600},{""tier"":3,""winners"":450,""prizeYen"":765400},{""tier"":4,""winners"":24340,""prizeYen"":12400},{""tier"":5,""winners"":418023,""prizeYen"":1000}]"
"loto6","725","2013-01-10","5 6 7 20 31 41","22","","0","[{""tier"":1,""winners"":1,""prizeYen"":380475100},{""tier"":2,""winners"":8,""prizeYen"":28271700},{""tier"":3,""winners"":429,""prizeYen"":632600},{""tier"":4,""winners"":21324,""prizeYen"":11200},{""tier"":5,""winners"":359060,""prizeYen"":1000}]"
"loto6","726","2013-01-14","13 21 30 31 37 40","14","","186599329","[{""tier"":1,""winners"":0,""prizeYen"":0},{""tier"":2,""winners"":7,""prizeYen"":23991100},{""tier"":3,""winners"":277,""prizeYen"":727500},{""tier"":4,""winners"":15468,""prizeYen"":11400},{""tier"":5,""winners"":245799,""prizeYen"":1000}]"
"loto6","727","2013-01-17","3 24 26 27 39 41","4","","0","[{""tier"":1,""winners"":3,""prizeYen"":143332300},{""tier"":2,""winners"":19,""prizeYen"":11529200},{""tier"":3,""winners"":490,""prizeYen"":536400},{""tier"":4,""winners"":25828,""prizeYen"":8900},{""tier"":5,""winners"":392446,""prizeYen"":1000}]"
"loto6","728","2013-01-21","10 15 22 23 38 42","12","","0","[{""tier"":1,""winners"":3,""prizeYen"":63530800},{""tier"":2,""winners"":10,""prizeYen"":17153100},{""tier"":3,""winners"":535,""prizeYen"":384700},{""tier"":4,""winners"":22776,""prizeYen"":7900},{""tier"":5,""winners"":325069,""prizeYen"":1000}]"
"loto6","729","2013-01-24","2 10 16 18 27 42","22","","0","[{""tier"":1,""winners"":2,""prizeYen"":98685000},{""tier"":2,""winners"":17,""prizeYen"":10448900},{""tier"":3,""winners"":418,""prizeYen"":509900},{""tier"":4,""winners"":18377,""prizeYen"":10200},{""tier"":5,""winners"":300980,""prizeYen"":1000}]"
"loto6","730","2013-01-28","10 15 21 22 33 35","1","","0","[{""tier"":1,""winners"":3,""prizeYen"":66314100},{""tier"":2,""winners"":6,""prizeYen"":29841100},{""tier"":3,""winners"":381,""prizeYen"":563900},{""tier"":4,""winners"":18093,""prizeYen"":10400},{""tier"":5,""winners"":283480,""prizeYen"":1000}]"
"loto6","731","2013-01-31","6 7 23 25 38 42","21","","0","[{""tier"":1,""winners"":2,""prizeYen"":98599200},{""tier"":2,""winners"":6,""prizeYen"":29579500},{""tier"":3,""winners"":436,""prizeYen"":488400},{""tier"":4,""winners"":20143,""prizeYen"":9300},{""tier"":5,""winners"":320236,""prizeYen"":1000}]"
"loto6","732","2013-02-04","20 33 35 36 37 38","29","","0","[{""tier"":1,""winners"":2,""prizeYen"":105133100},{""tier"":2,""winners"":6,""prizeYen"":31539600},{""tier"":3,""winners"":617,""prizeYen"":368000},{""tier"":4,""winners"":16624,""prizeYen"":12000},{""tier"":5,""winners"":249338,""prizeYen"":1000}]"
"loto6","733","2013-02-07","5 13 14 26 37 38","28","","0","[{""tier"":1,""winners"":6,""prizeYen"":31134100},{""tier"":2,""winners"":20,""prizeYen"":8406100},{""tier"":3,""winners"":785,""prizeYen"":257000},{""tier"":4,""winners"":23909,""prizeYen"":7400},{""tier"":5,""winners"":321170,""prizeYen"":1000}]"
"loto6","734","2013-02-11","10 19 22 27 29 39","21","","0","[{""tier"":1,""winners"":2,""prizeYen"":90878300},{""tier"":2,""winners"":8,""prizeYen"":20447400},{""tier"":3,""winners"":300,""prizeYen"":654300},{""tier"":4,""winners"":17638,""prizeYen"":9800},{""tier"":5,""winners"":280109,""prizeYen"":1000}]"
"loto6","735","2013-02-14","5 12 19 22 32 39","14","","0","[{""tier"":1,""winners"":1,""prizeYen"":191947900},{""tier"":2,""winners"":10,""prizeYen"":17275100},{""tier"":3,""winners"":341,""prizeYen"":607900},{""tier"":4,""winners"":16562,""prizeYen"":11000},{""tier"":5,""winners"":280926,""prizeYen"":1000}]"
"loto6","736","2013-02-18","2 14 17 19 38 43","6","","0","[{""tier"":1,""winners"":1,""prizeYen"":195249400},{""tier"":2,""winners"":7,""prizeYen"":25103200},{""tier"":3,""winners"":281,""prizeYen"":750400},{""tier"":4,""winners"":15306,""prizeYen"":12100},{""tier"":5,""winners"":258371,""prizeYen"":1000}]"
"loto6","737","2013-02-21","6 10 21 24 27 39","11","","0","[{""tier"":1,""winners"":5,""prizeYen"":35534000},{""tier"":2,""winners"":12,""prizeYen"":13325100},{""tier"":3,""winners"":570,""prizeYen"":336600},{""tier"":4,""winners"":22915,""prizeYen"":7300},{""tier"":5,""winners"":339048,""prizeYen"":1000}]"
"loto6","738","2013-02-25","14 21 22 32 33 41","9","","0","[{""tier"":1,""winners"":3,""prizeYen"":63074300},{""tier"":2,""winners"":10,""prizeYen"":17029900},{""tier"":3,""winners"":453,""prizeYen"":451100},{""tier"":4,""winners"":19251,""prizeYen"":9300},{""tier"":5,""winners"":280872,""prizeYen"":1000}]"
"loto6","739","2013-02-28","11 13 18 20 28 38","31","","0","[{""tier"":1,""winners"":1,""prizeYen"":189795600},{""tier"":2,""winners"":5,""prizeYen"":34162900},{""tier"":3,""winners"":403,""prizeYen"":508600},{""tier"":4,""winners"":18674,""prizeYen"":9600},{""tier"":5,""winners"":304231,""prizeYen"":1000}]"
"loto6","740","2013-03-04","8 9 15 26 37 40","18","","0","[{""tier"":1,""winners"":8,""prizeYen"":22908400},{""tier"":2,""winners"":16,""prizeYen"":10308700},{""tier"":3,""winners"":480,""prizeYen"":412300},{""tier"":4,""winners"":20561,""prizeYen"":8400},{""tier"":5,""winners"":301477,""prizeYen"":1000}]"
"loto6","741","2013-03-07","8 11 15 29 36 43","18","","0","[{""tier"":1,""winners"":3,""prizeYen"":62963200},{""tier"":2,""winners"":12,""prizeYen"":14166600},{""tier"":3,""winners"":558,""prizeYen"":365500},{""tier"":4,""winners"":18270,""prizeYen"":9800},{""tier"":5,""winners"":271536,""prizeYen"":1000}]"
"loto6","742","2013-03-11","2 12 13 14 22 35","4","","0","[{""tier"":1,""winners"":5,""prizeYen"":34263800},{""tier"":2,""winners"":10,""prizeYen"":15418600},{""tier"":3,""winners"":397,""prizeYen"":466000},{""tier"":4,""winners"":20820,""prizeYen"":7800},{""tier"":5,""winners"":314071,""prizeYen"":1000}]"
"loto6","743","2013-03-14","3 4 8 10 14 37","32","","0","[{""tier"":1,""winners"":1,""prizeYen"":166674600},{""tier"":2,""winners"":8,""prizeYen"":18750700},{""tier"":3,""winners"":367,""prizeYen"":490400},{""tier"":4,""winners"":19543,""prizeYen"":8100},{""tier"":5,""winners"":317038,""prizeYen"":1000}]"
"loto6","744","2013-03-18","2 5 12 14 30 42","3","","0","[{""tier"":1,""winners"":2,""prizeYen"":85021400},{""tier"":2,""winners"":9,""prizeYen"":17004100},{""tier"":3,""winners"":341,""prizeYen"":538500},{""tier"":4,""winners"":16828,""prizeYen"":9600},{""tier"":5,""winners"":279874,""prizeYen"":1000}]"
"loto6","745","2013-03-21","8 12 16 23 33 34","6","","0","[{""tier"":1,""winners"":2,""prizeYen"":81805900},{""tier"":2,""winners"":14,""prizeYen"":10517800},{""tier"":3,""winners"":540,""prizeYen"":327200},{""tier"":4,""winners"":24091,""prizeYen"":6400},{""tier"":5,""winners"":321033,""prizeYen"":1000}]"
"loto6","746","2013-03-25","6 9 10 29 31 35","28","","0","[{""tier"":1,""winners"":2,""prizeYen"":89450700},{""tier"":2,""winners"":6,""prizeYen"":26834900},{""tier"":3,""winners"":300,""prizeYen"":644000},{""tier"":4,""winners"":15515,""prizeYen"":10900},{""tier"":5,""winners"":260934,""prizeYen"":1000}]"
"loto6","747","2013-03-28","8 19 20 23 24 35","5","","0","[{""tier"":1,""winners"":5,""prizeYen"":35339700},{""tier"":2,""winners"":9,""prizeYen"":17669700},{""tier"":3,""winners"":400,""prizeYen"":477000},{""tier"":4,""winners"":18197,""prizeYen"":9200},{""tier"":5,""winners"":276521,""prizeYen"":1000}]"
"loto6","748","2013-04-01","2 14 16 27 28 30","21","","0","[{""tier"":1,""winners"":3,""prizeYen"":54555200},{""tier"":2,""winners"":6,""prizeYen"":18412200},{""tier"":3,""winners"":457,""prizeYen"":386700},{""tier"":4,""winners"":19632,""prizeYen"":7900},{""tier"":5,""winners"":285522,""prizeYen"":1000}]"
"loto6","749","2013-04-04","7 8 11 13 23 40","25","","0","[{""tier"":1,""winners"":1,""prizeYen"":147338200},{""tier"":2,""winners"":6,""prizeYen"":22100500},{""tier"":3,""winners"":335,""prizeYen"":474900},{""tier"":4,""winners"":17898,""prizeYen"":7800},{""tier"":5,""winners"":284239,""prizeYen"":1000}]"
"loto6","750","2013-04-08","4 6 13 16 18 39","34","","148850413","[{""tier"":1,""winners"":0,""prizeYen"":0},{""tier"":2,""winners"":16,""prizeYen"":8372700},{""tier"":3,""winners"":269,""prizeYen"":597600},{""tier"":4,""winners"":16247,""prizeYen"":8700},{""tier"":5,""winners"":265152,""prizeYen"":1000}]"
"loto6","751","2013-04-11","13 16 21 25 31 38","43","","0","[{""tier"":1,""winners"":2,""prizeYen"":170811100},{""tier"":2,""winners"":6,""prizeYen"":28915500},{""tier"":3,""winners"":358,""prizeYen"":581500},{""tier"":4,""winners"":17659,""prizeYen"":10300},{""tier"":5,""winners"":288732,""prizeYen"":1000}]"
"loto6","752","2013-04-15","3 5 13 18 22 37","14","","0","[{""tier"":1,""winners"":1,""prizeYen"":148264300},{""tier"":2,""winners"":17,""prizeYen"":7849200},{""tier"":3,""winners"":446,""prizeYen"":359000},{""tier"":4,""winners"":20510,""prizeYen"":6800},{""tier"":5,""winners"":292278,""prizeYen"":1000}]"
"loto6","753","2013-04-18","2 4 11 15 20 38","18","","0","[{""tier"":1,""winners"":1,""prizeYen"":153360100},{""tier"":2,""winners"":8,""prizeYen"":17252800},{""tier"":3,""winners"":379,""prizeYen"":437000},{""tier"":4,""winners"":20046,""prizeYen"":7200},{""tier"":5,""winners"":271662,""prizeYen"":1000}]"
"loto6","754","2013-04-22","16 27 33 35 39 41","42","","158293668","[{""tier"":1,""winners"":0,""prizeYen"":0},{""tier"":2,""winners"":7,""prizeYen"":20351800},{""tier"":3,""winners"":327,""prizeYen"":522800},{""tier"":4,""winners"":14828,""prizeYen"":10100},{""tier"":5,""winners"":231556,""prizeYen"":1000}]"
"loto6","755","2013-04-25","10 16 20 25 29 39","2","","0","[{""tier"":1,""winners"":1,""prizeYen"":357433900},{""tier"":2,""winners"":4,""prizeYen"":44806100},{""tier"":3,""winners"":291,""prizeYen"":739000},{""tier"":4,""winners"":14962,""prizeYen"":12600},{""tier"":5,""winners"":260639,""prizeYen"":1000}]"
"loto6","756","2013-04-29","8 10 24 26 27 28","32","","0","[{""tier"":1,""winners"":1,""prizeYen"":135304800},{""tier"":2,""winners"":5,""prizeYen"":24354600},{""tier"":3,""winners"":363,""prizeYen"":402500},{""tier"":4,""winners"":16820,""prizeYen"":7600},{""tier"":5,""winners"":258021,""prizeYen"":1000}]"
"loto6","757","2013-05-02","4 10 14 19 35 38","17","","0","[{""tier"":1,""winners"":1,""prizeYen"":158786500},{""tier"":2,""winners"":8,""prizeYen"":17863300},{""tier"":3,""winners"":302,""prizeYen"":567800},{""tier"":4,""winners"":15047,""prizeYen"":10000},{""tier"":5,""winners"":242963,""prizeYen"":1000}]"
"loto6","758","2013-05-06","11 19 20 25 38 40","33","","0","[{""tier"":1,""winners"":3,""prizeYen"":48205400},{""tier"":2,""winners"":6,""prizeYen"":21692200},{""tier"":3,""winners"":250,""prizeYen"":624700},{""tier"":4,""winners"":12672,""prizeYen"":10800},{""tier"":5,""winners"":203849,""prizeYen"":1000}]"
"loto6","759","2013-05-09","14 22 25 28 37 41","31","","0","[{""tier"":1,""winners"":1,""prizeYen"":150508300},{""tier"":2,""winners"":9,""prizeYen"":15050700},{""tier"":3,""winners"":367,""prizeYen"":442900},{""tier"":4,""winners"":15858,""prizeYen"":9000},{""tier"":5,""winners"":236736,""prizeYen"":1000}]"
"loto6","760","2013-05-13","3 4 6 15 32 40","34","","0","[{""tier"":1,""winners"":2,""prizeYen"":76066200},{""tier"":2,""winners"":6,""prizeYen"":22819600},{""tier"":3,""winners"":180,""prizeYen"":912700},{""tier"":4,""winners"":11245,""prizeYen"":12800},{""tier"":5,""winners"":210799,""prizeYen"":1000}]"
"loto6","761","2013-05-16","8 10 11 12 20 40","42","","0","[{""tier"":1,""winners"":3,""prizeYen"":45384700},{""tier"":2,""winners"":4,""prizeYen"":30634400},{""tier"":3,""winners"":473,""prizeYen"":310800},{""tier"":4,""winners"":20431,""prizeYen"":6300},{""tier"":5,""winners"":273910,""prizeYen"":1000}]"
"loto6","762","2013-05-20","6 8 9 20 24 27","40","","0","[{""tier"":1,""winners"":2,""prizeYen"":66848900},{""tier"":2,""winners"":9,""prizeYen"":13369600},{""tier"":3,""winners"":441,""prizeYen"":327400},{""tier"":4,""winners"":17785,""prizeYen"":7100},{""tier"":5,""winners"":264693,""prizeYen"":1000}]"
"loto6","763","2013-05-23","6 8 10 21 39 42","36","","0","[{""tier"":1,""winners"":4,""prizeYen"":36232500},{""tier"":2,""winners"":8,""prizeYen"":16304500},{""tier"":3,""winners"":280,""prizeYen"":559000},{""tier"":4,""winners"":14976,""prizeYen"":9200},{""tier"":5,""winners"":239671,""prizeYen"":1000}]"
"loto6","764","2013-05-27","6 7 24 34 42 43","14","","0","[{""tier"":1,""winners"":1,""prizeYen"":152476300},{""tier"":2,""winners"":11,""prizeYen"":12475200},{""tier"":3,""winners"":219,""prizeYen"":751900},{""tier"":4,""winners"":11401,""prizeYen"":12700},{""tier"":5,""winners"":192624,""prizeYen"":1000}]"
"loto6","765","2013-05-30","4 14 17 22 26 41","6","","0","[{""tier"":1,""winners"":1,""prizeYen"":143790100},{""tier"":2,""winners"":5,""prizeYen"":25882000},{""tier"":3,""winners"":297,""prizeYen"":522800},{""tier"":4,""winners"":15081,""prizeYen"":9000},{""tier"":5,""winners"":224874,""prizeYen"":1000}]"
"loto6","766","2013-06-03","6 10 12 32 37 39","33","","142769195","[{""tier"":1,""winners"":0,""prizeYen"":0},{""tier"":2,""winners"":7,""prizeYen"":18355800},{""tier"":3,""winners"":268,""prizeYen"":575300},{""tier"":4,""winners"":14143,""prizeYen"":9600},{""tier"":5,""winners"":228235,""prizeYen"":1000}]"
"loto6","767","2013-06-06","2 6 11 27 29 37","14","","305421962","[{""tier"":1,""winners"":0,""prizeYen"":0},{""tier"":2,""winners"":18,""prizeYen"":8132500},{""tier"":3,""winners"":456,""prizeYen"":385200},{""tier"":4,""winners"":21215,""prizeYen"":7300},{""tier"":5,""winners"":310443,""prizeYen"":1000}]"
"loto6","768","2013-06-10","1 8 19 25 32 38","39","","0","[{""tier"":1,""winners"":3,""prizeYen"":166626300},{""tier"":2,""winners"":12,""prizeYen"":14584100},{""tier"":3,""winners"":456,""prizeYen"":460500},{""tier"":4,""winners"":19047,""prizeYen"":9700},{""tier"":5,""winners"":294754,""prizeYen"":1000}]"
"loto6","769","2013-06-13","1 2 4 16 17 38","8","","0","[{""tier"":1,""winners"":2,""prizeYen"":71650300},{""tier"":2,""winners"":12,""prizeYen"":10747400},{""tier"":3,""winners"":288,""prizeYen"":537300},{""tier"":4,""winners"":13603,""prizeYen"":10000},{""tier"":5,""winners"":226626,""prizeYen"":1000}]"
"loto6","770","2013-06-17","17 19 21 22 36 37","25","","0","[{""tier"":1,""winners"":1,""prizeYen"":154692500},{""tier"":2,""winners"":6,""prizeYen"":23203600},{""tier"":3,""winners"":259,""prizeYen"":645000},{""tier"":4,""winners"":13098,""prizeYen"":11200},{""tier"":5,""winners"":207838,""prizeYen"":1000}]"
"loto6","771","2013-06-20","15 21 31 32 33 34","27","","155599643","[{""tier"":1,""winners"":0,""prizeYen"":0},{""tier"":2,""winners"":4,""prizeYen"":35009600},{""tier"":3,""winners"":189,""prizeYen"":889100},{""tier"":4,""winners"":10927,""prizeYen"":13500},{""tier"":5,""winners"":175199,""prizeYen"":1000}]"
"loto6","772","2013-06-24","7 11 16 19 20 23","30","","319366210","[{""tier"":1,""winners"":0,""prizeYen"":0},{""tier"":2,""winners"":11,""prizeYen"":13398900},{""tier"":3,""winners"":417,""prizeYen"":424100},{""tier"":4,""winners"":20648,""prizeYen"":7500},{""tier"":5,""winners"":316860,""prizeYen"":1000}]"
"loto6","773","2013-06-27","4 7 10 11 12 32","9","","0","[{""tier"":1,""winners"":3,""prizeYen"":168064100},{""tier"":2,""winners"":25,""prizeYen"":6653600},{""tier"":3,""winners"":695,""prizeYen"":287200},{""tier"":4,""winners"":30895,""prizeYen"":5600},{""tier"":5,""winners"":406952,""prizeYen"":1000}]"
"loto6","774","2013-07-01","2 4 9 13 16 33","15","","147716863","[{""tier"":1,""winners"":0,""prizeYen"":0},{""tier"":2,""winners"":10,""prizeYen"":13294400},{""tier"":3,""winners"":354,""prizeYen"":450600},{""tier"":4,""winners"":18464,""prizeYen"":7600},{""tier"":5,""winners"":276663,""prizeYen"":1000}]"
"loto6","775","2013-07-04","1 2 21 22 37 38","17","","0","[{""tier"":1,""winners"":6,""prizeYen"":56139200},{""tier"":2,""winners"":18,""prizeYen"":9455800},{""tier"":3,""winners"":429,""prizeYen"":476000},{""tier"":4,""winners"":18043,""prizeYen"":9900},{""tier"":5,""winners"":262328,""prizeYen"":1000}]"
"loto6","776","2013-07-08","2 8 14 23 28 42","25","","0","[{""tier"":1,""winners"":3,""prizeYen"":45776400},{""tier"":2,""winners"":7,""prizeYen"":17656400},{""tier"":3,""winners"":478,""prizeYen"":310200},{""tier"":4,""winners"":19209,""prizeYen"":6800},{""tier"":5,""winners"":270926,""prizeYen"":1000}]"
"loto6","777","2013-07-11","15 16 23 29 37 39","42","","0","[{""tier"":1,""winners"":1,""prizeYen"":146823800},{""tier"":2,""winners"":4,""prizeYen"":33035000},{""tier"":3,""winners"":328,""prizeYen"":483400},{""tier"":4,""winners"":15483,""prizeYen"":9000},{""tier"":5,""winners"":235592,""prizeYen"":1000}]"
"loto6","778","2013-07-15","5 11 17 24 35 41","3","","0","[{""tier"":1,""winners"":4,""prizeYen"":32229100},{""tier"":2,""winners"":20,""prizeYen"":5801200},{""tier"":3,""winners"":431,""prizeYen"":323000},{""tier"":4,""winners"":16324,""prizeYen"":7500},{""tier"":5,""winners"":230087,""prizeYen"":1000}]"
"loto6","779","2013-07-18","10 13 27 34 36 39","7","","0","[{""tier"":1,""winners"":2,""prizeYen"":72998900},{""tier"":2,""winners"":3,""prizeYen"":43799000},{""tier"":3,""winners"":279,""prizeYen"":565100},{""tier"":4,""winners"":13568,""prizeYen"":10200},{""tier"":5,""winners"":221111,""prizeYen"":1000}]"
"loto6","780","2013-07-22","6 7 12 26 39 43","4","","0","[{""tier"":1,""winners"":1,""prizeYen"":134329400},{""tier"":2,""winners"":12,""prizeYen"":10074600},{""tier"":3,""winners"":336,""prizeYen"":431700},{""tier"":4,""winners"":15789,""prizeYen"":8100},{""tier"":5,""winners"":242050,""prizeYen"":1000}]"
"loto6","781","2013-07-25","5 6 15 23 40 43","39","","0","[{""tier"":1,""winners"":1,""prizeYen"":147350400},{""tier"":2,""winners"":4,""prizeYen"":33153500},{""tier"":3,""winners"":216,""prizeYen"":736700},{""tier"":4,""winners"":11587,""prizeYen"":12100},{""tier"":5,""winners"":205268,""prizeYen"":1000}]"
"loto6","782","2013-07-29","19 21 23 24 27 43","10","","0","[{""tier"":1,""winners"":3,""prizeYen"":48647800},{""tier"":2,""winners"":5,""prizeYen"":26269500},{""tier"":3,""winners"":208,""prizeYen"":757700},{""tier"":4,""winners"":10631,""prizeYen"":13000},{""tier"":5,""winners"":179835,""prizeYen"":1000}]"
"loto6","783","2013-08-01","9 14 22 24 25 32","13","","0","[{""tier"":1,""winners"":1,""prizeYen"":140608100},{""tier"":2,""winners"":5,""prizeYen"":25309200},{""tier"":3,""winners"":229,""prizeYen"":663100},{""tier"":4,""winners"":12913,""prizeYen"":10300},{""tier"":5,""winners"":222023,""prizeYen"":1000}]"
"loto6","784","2013-08-05","1 9 23 29 37 41","22","","0","[{""tier"":1,""winners"":1,""prizeYen"":142822100},{""tier"":2,""winners"":7,""prizeYen"":18362600},{""tier"":3,""winners"":327,""prizeYen"":471700},{""tier"":4,""winners"":11559,""prizeYen"":11700},{""tier"":5,""winners"":185822,""prizeYen"":1000}]"
"loto6","785","2013-08-08","1 9 18 20 24 29","15","","139918477","[{""tier"":1,""winners"":0,""prizeYen"":0},{""tier"":2,""winners"":11,""prizeYen"":11447700},{""tier"":3,""winners"":236,""prizeYen"":640200},{""tier"":4,""winners"":12531,""prizeYen"":10600},{""tier"":5,""winners"":200326,""prizeYen"":1000}]"
"loto6","786","2013-08-12","10 11 17 31 35 39","23","","0","[{""tier"":1,""winners"":3,""prizeYen"":97530200},{""tier"":2,""winners"":17,""prizeYen"":8082500},{""tier"":3,""winners"":382,""prizeYen"":431600},{""tier"":4,""winners"":16063,""prizeYen"":9000},{""tier"":5,""winners"":243073,""prizeYen"":1000}]"
"loto6","787","2013-08-15","4 5 13 21 33 34","15","","0","[{""tier"":1,""winners"":1,""prizeYen"":130770500},{""tier"":2,""winners"":4,""prizeYen"":29423100},{""tier"":3,""winners"":297,""prizeYen"":475500},{""tier"":4,""winners"":13391,""prizeYen"":9300},{""tier"":5,""winners"":205498,""prizeYen"":1000}]"
"loto6","788","2013-08-19","2 8 13 27 31 32","16","","0","[{""tier"":1,""winners"":2,""prizeYen"":65271100},{""tier"":2,""winners"":17,""prizeYen"":6910900},{""tier"":3,""winners"":371,""prizeYen"":380000},{""tier"":4,""winners"":16765,""prizeYen"":7400},{""tier"":5,""winners"":239031,""prizeYen"":1000}]"
"loto6","789","2013-08-22","12 17 29 32 38 40","28","","145597887","[{""tier"":1,""winners"":0,""prizeYen"":0},{""tier"":2,""winners"":7,""prizeYen"":18719500},{""tier"":3,""winners"":229,""prizeYen"":686600},{""tier"":4,""winners"":10958,""prizeYen"":12600},{""tier"":5,""winners"":182429,""prizeYen"":1000}]"
"loto6","790","2013-08-26","9 13 19 27 34 38","8","","0","[{""tier"":1,""winners"":3,""prizeYen"":102876700},{""tier"":2,""winners"":12,""prizeYen"":12227300},{""tier"":3,""winners"":469,""prizeYen"":375400},{""tier"":4,""winners"":17888,""prizeYen"":8600},{""tier"":5,""winners"":261649,""prizeYen"":1000}]"
"loto6","791","2013-08-29","1 10 22 24 34 37","20","","0","[{""tier"":1,""winners"":1,""prizeYen"":149634700},{""tier"":2,""winners"":5,""prizeYen"":26934000},{""tier"":3,""winners"":202,""prizeYen"":800000},{""tier"":4,""winners"":11282,""prizeYen"":12600},{""tier"":5,""winners"":202821,""prizeYen"":1000}]"
"loto6","792","2013-09-02","1 7 14 25 37 43","4","","0","[{""tier"":1,""winners"":2,""prizeYen"":70622000},{""tier"":2,""winners"":10,""prizeYen"":12711800},{""tier"":3,""winners"":329,""prizeYen"":463600},{""tier"":4,""winners"":13858,""prizeYen"":9700},{""tier"":5,""winners"":209152,""prizeYen"":1000}]"
"loto6","793","2013-09-05","10 13 14 19 26 43","12","","142217329","[{""tier"":1,""winners"":0,""prizeYen"":0},{""tier"":2,""winners"":2,""prizeYen"":63997200},{""tier"":3,""winners"":238,""prizeYen"":645300},{""tier"":4,""winners"":11941,""prizeYen"":11300},{""tier"":5,""winners"":202293,""prizeYen"":1000}]"
"loto6","794","2013-09-09","15 22 25 29 34 42","2","","318626275","[{""tier"":1,""winners"":0,""prizeYen"":0},{""tier"":2,""winners"":5,""prizeYen"":31753300},{""tier"":3,""winners"":255,""prizeYen"":747100},{""tier"":4,""winners"":13384,""prizeYen"":12500},{""tier"":5,""winners"":227616,""prizeYen"":1000}]"
"loto6","795","2013-09-12","13 19 24 28 33 38","29","","0","[{""tier"":1,""winners"":7,""prizeYen"":73305200},{""tier"":2,""winners"":10,""prizeYen"":17505800},{""tier"":3,""winners"":476,""prizeYen"":441300},{""tier"":4,""winners"":19683,""prizeYen"":9400},{""tier"":5,""winners"":313263,""prizeYen"":1000}]"
"loto6","796","2013-09-16","1 7 11 14 22 34","2","","0","[{""tier"":1,""winners"":1,""prizeYen"":121870200},{""tier"":2,""winners"":7,""prizeYen"":15668800},{""tier"":3,""winners"":326,""prizeYen"":403700},{""tier"":4,""winners"":15750,""prizeYen"":7300},{""tier"":5,""winners"":227649,""prizeYen"":1000}]"
"loto6","797","2013-09-19","1 4 13 18 23 39","35","","0","[{""tier"":1,""winners"":2,""prizeYen"":68765900},{""tier"":2,""winners"":12,""prizeYen"":10314800},{""tier"":3,""winners"":293,""prizeYen"":506900},{""tier"":4,""winners"":15527,""prizeYen"":8400},{""tier"":5,""winners"":244497,""prizeYen"":1000}]"
"loto6","798","2013-09-23","1 3 5 25 39 41","34","","248463449","[{""tier"":1,""winners"":0,""prizeYen"":0},{""tier"":2,""winners"":0,""prizeYen"":0},{""tier"":3,""winners"":262,""prizeYen"":539000},{""tier"":4,""winners"":12041,""prizeYen"":10300},{""tier"":5,""winners"":206367,""prizeYen"":1000}]"
"loto6","799","2013-09-26","4 6 8 10 19 28","25","","0","[{""tier"":1,""winners"":7,""prizeYen"":58921400},{""tier"":2,""winners"":24,""prizeYen"":6149400},{""tier"":3,""winners"":839,""prizeYen"":211000},{""tier"":4,""winners"":30477,""prizeYen"":5100},{""tier"":5,""winners"":375012,""prizeYen"":1000}]"
"loto6","800","2013-09-30","8 12 22 23 25 35","43","","0","[{""tier"":1,""winners"":1,""prizeYen"":131166300},{""tier"":2,""winners"":4,""prizeYen"":29512100},{""tier"":3,""winners"":320,""prizeYen"":442600},{""tier"":4,""winners"":16389,""prizeYen"":7600},{""tier"":5,""winners"":258728,""prizeYen"":1000}]"
"loto6","801","2013-10-03","2 18 19 20 25 31","32","","0","[{""tier"":1,""winners"":1,""prizeYen"":145320600},{""tier"":2,""winners"":4,""prizeYen"":32696800},{""tier"":3,""winners"":257,""prizeYen"":610600},{""tier"":4,""winners"":13546,""prizeYen"":10200},{""tier"":5,""winners"":204656,""prizeYen"":1000}]"
"loto6","802","2013-10-07","9 13 18 19 25 30","15","","0","[{""tier"":1,""winners"":1,""prizeYen"":128449300},{""tier"":2,""winners"":6,""prizeYen"":19267200},{""tier"":3,""winners"":323,""prizeYen"":429400},{""tier"":4,""winners"":15139,""prizeYen"":8000},{""tier"":5,""winners"":238887,""prizeYen"":1000}]"
"loto6","803","2013-10-10","9 29 33 34 35 41","27","","148970728","[{""tier"":1,""winners"":0,""prizeYen"":0},{""tier"":2,""winners"":4,""prizeYen"":33518100},{""tier"":3,""winners"":198,""prizeYen"":812500},{""tier"":4,""winners"":9338,""prizeYen"":15100},{""tier"":5,""winners"":166329,""prizeYen"":1000}]"
"loto6","804","2013-10-14","6 20 23 25 31 33","30","","0","[{""tier"":1,""winners"":2,""prizeYen"":150886900},{""tier"":2,""winners"":3,""prizeYen"":45840500},{""tier"":3,""winners"":208,""prizeYen"":793300},{""tier"":4,""winners"":12377,""prizeYen"":11700},{""tier"":5,""winners"":218646,""prizeYen"":1000}]"
"loto6","805","2013-10-17","2 14 19 22 24 43","6","","0","[{""tier"":1,""winners"":1,""prizeYen"":140183100},{""tier"":2,""winners"":8,""prizeYen"":15770400},{""tier"":3,""winners"":226,""prizeYen"":669800},{""tier"":4,""winners"":12925,""prizeYen"":10300},{""tier"":5,""winners"":211614,""prizeYen"":1000}]"
"loto6","806","2013-10-21","3 16 19 25 39 40","29","","138833615","[{""tier"":1,""winners"":0,""prizeYen"":0},{""tier"":2,""winners"":1,""prizeYen"":124949100},{""tier"":3,""winners"":259,""prizeYen"":578900},{""tier"":4,""winners"":12126,""prizeYen"":10900},{""tier"":5,""winners"":202005,""prizeYen"":1000}]"
"loto6","807","2013-10-24","1 6 12 20 22 23","27","","0","[{""tier"":1,""winners"":1,""prizeYen"":291477000},{""tier"":2,""winners"":14,""prizeYen"":9812700},{""tier"":3,""winners"":479,""prizeYen"":344100},{""tier"":4,""winners"":20517,""prizeYen"":7000},{""tier"":5,""winners"":301302,""prizeYen"":1000}]"
"loto6","808","2013-10-28","13 18 22 28 41 42","26","","146270097","[{""tier"":1,""winners"":0,""prizeYen"":0},{""tier"":2,""winners"":8,""prizeYen"":16455200},{""tier"":3,""winners"":226,""prizeYen"":698900},{""tier"":4,""winners"":10820,""prizeYen"":12800},{""tier"":5,""winners"":192526,""prizeYen"":1000}]"
"loto6","809","2013-10-31","2 11 20 31 32 37","17","","0","[{""tier"":1,""winners"":3,""prizeYen"":107746800},{""tier"":2,""winners"":5,""prizeYen"":31854300},{""tier"":3,""winners"":284,""prizeYen"":672900},{""tier"":4,""winners"":13367,""prizeYen"":12600},{""tier"":5,""winners"":238791,""prizeYen"":1000}]"
"loto6","810","2013-11-04","3 31 32 38 39 40","37","","0","[{""tier"":1,""winners"":4,""prizeYen"":36263600},{""tier"":2,""winners"":5,""prizeYen"":26109600},{""tier"":3,""winners"":151,""prizeYen"":1037400},{""tier"":4,""winners"":7629,""prizeYen"":18100},{""tier"":5,""winners"":146835,""prizeYen"":1000}]"
"loto6","811","2013-11-07","2 6 20 24 31 40","34","","0","[{""tier"":1,""winners"":1,""prizeYen"":140999500},{""tier"":2,""winners"":8,""prizeYen"":15862300},{""tier"":3,""winners"":239,""prizeYen"":637100},{""tier"":4,""winners"":12516,""prizeYen"":10700},{""tier"":5,""winners"":204148,""prizeYen"":1000}]"
"loto6","812","2013-11-11","1 12 15 26 34 40","22","","141628660","[{""tier"":1,""winners"":0,""prizeYen"":0},{""tier"":2,""winners"":4,""prizeYen"":31866100},{""tier"":3,""winners"":225,""prizeYen"":679800},{""tier"":4,""winners"":11537,""prizeYen"":11600},{""tier"":5,""winners"":185757,""prizeYen"":1000}]"
"loto6","813","2013-11-14","9 10 12 13 28 38","39","","0","[{""tier"":1,""winners"":3,""prizeYen"":98109100},{""tier"":2,""winners"":7,""prizeYen"":19632500},{""tier"":3,""winners"":410,""prizeYen"":402200},{""tier"":4,""winners"":18210,""prizeYen"":7900},{""tier"":5,""winners"":287401,""prizeYen"":1000}]"
"loto6","814","2013-11-18","4 7 15 23 38 42","1","","0","[{""tier"":1,""winners"":5,""prizeYen"":26254400},{""tier"":2,""winners"":18,""prizeYen"":6563500},{""tier"":3,""winners"":472,""prizeYen"":300300},{""tier"":4,""winners"":18446,""prizeYen"":6700},{""tier"":5,""winners"":229387,""prizeYen"":1000}]"
"loto6","815","2013-11-21","1 2 6 24 25 41","29","","0","[{""tier"":1,""winners"":1,""prizeYen"":127087500},{""tier"":2,""winners"":9,""prizeYen"":12708600},{""tier"":3,""winners"":313,""prizeYen"":438500},{""tier"":4,""winners"":14743,""prizeYen"":8200},{""tier"":5,""winners"":240467,""prizeYen"":1000}]"
"loto6","816","2013-11-25","5 14 19 24 27 37","9","","0","[{""tier"":1,""winners"":2,""prizeYen"":62452100},{""tier"":2,""winners"":10,""prizeYen"":11241200},{""tier"":3,""winners"":327,""prizeYen"":412500},{""tier"":4,""winners"":14949,""prizeYen"":7900},{""tier"":5,""winners"":225174,""prizeYen"":1000}]"
"loto6","817","2013-11-29","16 21 27 32 34 43","42","","0","[{""tier"":1,""winners"":1,""prizeYen"":145727200},{""tier"":2,""winners"":1,""prizeYen"":131153300},{""tier"":3,""winners"":273,""prizeYen"":576400},{""tier"":4,""winners"":10628,""prizeYen"":13000},{""tier"":5,""winners"":169749,""prizeYen"":1000}]"
"loto6","818","2013-12-02","5 21 24 34 37 38","16","","139600060","[{""tier"":1,""winners"":0,""prizeYen"":0},{""tier"":2,""winners"":7,""prizeYen"":17948400},{""tier"":3,""winners"":179,""prizeYen"":842200},{""tier"":4,""winners"":10437,""prizeYen"":12700},{""tier"":5,""winners"":178498,""prizeYen"":1000}]"
"loto6","819","2013-12-05","10 19 23 25 30 40","14","","0","[{""tier"":1,""winners"":2,""prizeYen"":150045900},{""tier"":2,""winners"":4,""prizeYen"":36110300},{""tier"":3,""winners"":230,""prizeYen"":753600},{""tier"":4,""winners"":13766,""prizeYen"":11100},{""tier"":5,""winners"":236112,""prizeYen"":1000}]"
"loto6","820","2013-12-09","1 11 19 28 39 43","16","","0","[{""tier"":1,""winners"":1,""prizeYen"":137493800},{""tier"":2,""winners"":4,""prizeYen"":30935800},{""tier"":3,""winners"":216,""prizeYen"":687400},{""tier"":4,""winners"":11136,""prizeYen"":11700},{""tier"":5,""winners"":189176,""prizeYen"":1000}]"
"loto6","821","2013-12-12","7 10 12 34 40 43","16","","0","[{""tier"":1,""winners"":1,""prizeYen"":141089200},{""tier"":2,""winners"":6,""prizeYen"":21163100},{""tier"":3,""winners"":199,""prizeYen"":765700},{""tier"":4,""winners"":11493,""prizeYen"":11600},{""tier"":5,""winners"":194366,""prizeYen"":1000}]"
"loto6","822","2013-12-16","6 11 15 24 27 33","29","","0","[{""tier"":1,""winners"":5,""prizeYen"":24735100},{""tier"":2,""winners"":12,""prizeYen"":9275600},{""tier"":3,""winners"":879,""prizeYen"":151900},{""tier"":4,""winners"":22235,""prizeYen"":5200},{""tier"":5,""winners"":265093,""prizeYen"":1000}]"
"loto6","823","2013-12-19","5 6 23 30 37 38","28","","0","[{""tier"":1,""winners"":2,""prizeYen"":66918700},{""tier"":2,""winners"":5,""prizeYen"":24090500},{""tier"":3,""winners"":263,""prizeYen"":549500},{""tier"":4,""winners"":15701,""prizeYen"":8100},{""tier"":5,""winners"":218600,""prizeYen"":1000}]"
"loto6","824","2013-12-23","16 19 26 27 29 32","4","","135848970","[{""tier"":1,""winners"":0,""prizeYen"":0},{""tier"":2,""winners"":5,""prizeYen"":24452600},{""tier"":3,""winners"":191,""prizeYen"":768100},{""tier"":4,""winners"":9642,""prizeYen"":13400},{""tier"":5,""winners"":173719,""prizeYen"":1000}]"
"loto6","825","2013-12-26","6 10 12 16 39 40","20","","0","[{""tier"":1,""winners"":4,""prizeYen"":73795200},{""tier"":2,""winners"":14,""prizeYen"":10242600},{""tier"":3,""winners"":457,""prizeYen"":376500},{""tier"":4,""winners"":19063,""prizeYen"":7900},{""tier"":5,""winners"":285713,""prizeYen"":1000}]"
"loto6","826","2013-12-30","5 15 22 24 29 36","2","","0","[{""tier"":1,""winners"":3,""prizeYen"":45122000},{""tier"":2,""winners"":12,""prizeYen"":10152300},{""tier"":3,""winners"":279,""prizeYen"":523900},{""tier"":4,""winners"":15073,""prizeYen"":8500},{""tier"":5,""winners"":220594,""prizeYen"":1000}]"
"loto6","827","2014-01-06","2 4 23 24 33 41","5","","134993898","[{""tier"":1,""winners"":0,""prizeYen"":0},{""tier"":2,""winners"":7,""prizeYen"":17356200},{""tier"":3,""winners"":240,""prizeYen"":607400},{""tier"":4,""winners"":13690,""prizeYen"":9300},{""tier"":5,""winners"":221352,""prizeYen"":1000}]"
"loto6","828","2014-01-09","2 9 10 24 25 43","26","","0","[{""tier"":1,""winners"":1,""prizeYen"":293783400},{""tier"":2,""winners"":22,""prizeYen"":6495800},{""tier"":3,""winners"":415,""prizeYen"":413200},{""tier"":4,""winners"":17662,""prizeYen"":8500},{""tier"":5,""winners"":268714,""prizeYen"":1000}]"
"loto6","829","2014-01-13","2 3 23 32 36 39","20","","0","[{""tier"":1,""winners"":1,""prizeYen"":136213400},{""tier"":2,""winners"":1,""prizeYen"":122590900},{""tier"":3,""winners"":239,""prizeYen"":615500},{""tier"":4,""winners"":11598,""prizeYen"":11100},{""tier"":5,""winners"":188628,""prizeYen"":1000}]"
"loto6","830","2014-01-16","5 6 9 18 28 40","22","","0","[{""tier"":1,""winners"":4,""prizeYen"":34145100},{""tier"":2,""winners"":8,""prizeYen"":15365200},{""tier"":3,""winners"":272,""prizeYen"":542300},{""tier"":4,""winners"":14411,""prizeYen"":9000},{""tier"":5,""winners"":232226,""prizeYen"":1000}]"
"loto6","831","2014-01-20","3 4 7 13 22 31","19","","0","[{""tier"":1,""winners"":3,""prizeYen"":42071400},{""tier"":2,""winners"":18,""prizeYen"":6310600},{""tier"":3,""winners"":466,""prizeYen"":292500},{""tier"":4,""winners"":18647,""prizeYen"":6400},{""tier"":5,""winners"":251782,""prizeYen"":1000}]"
"loto6","832","2014-01-23","19 24 27 31 32 33","17","","0","[{""tier"":1,""winners"":2,""prizeYen"":70326900},{""tier"":2,""winners"":2,""prizeYen"":63293600},{""tier"":3,""winners"":214,""prizeYen"":709800},{""tier"":4,""winners"":10849,""prizeYen"":12300},{""tier"":5,""winners"":187952,""prizeYen"":1000}]"
"loto6","833","2014-01-27","5 6 13 20 22 28","2","","0","[{""tier"":1,""winners"":1,""prizeYen"":129867100},{""tier"":2,""winners"":13,""prizeYen"":8990700},{""tier"":3,""winners"":327,""prizeYen"":428900},{""tier"":4,""winners"":16073,""prizeYen"":7600},{""tier"":5,""winners"":244601,""prizeYen"":1000}]"
"loto6","834","2014-01-30","4 17 27 39 41 42","8","","143432919","[{""tier"":1,""winners"":0,""prizeYen"":0},{""tier"":2,""winners"":6,""prizeYen"":21514700},{""tier"":3,""winners"":218,""prizeYen"":710500},{""tier"":4,""winners"":11359,""prizeYen"":12000},{""tier"":5,""winners"":191647,""prizeYen"":1000}]"
"loto6","835","2014-02-03","5 9 10 28 39 40","24","","0","[{""tier"":1,""winners"":4,""prizeYen"":76167200},{""tier"":2,""winners"":19,""prizeYen"":7637400},{""tier"":3,""winners"":467,""prizeYen"":372800},{""tier"":4,""winners"":19997,""prizeYen"":7600},{""tier"":5,""winners"":279209,""prizeYen"":1000}]"
"loto6","836","2014-02-06","7 11 31 34 38 43","28","","0","[{""tier"":1,""winners"":2,""prizeYen"":69974600},{""tier"":2,""winners"":3,""prizeYen"":41984400},{""tier"":3,""winners"":176,""prizeYen"":858700},{""tier"":4,""winners"":10893,""prizeYen"":12200},{""tier"":5,""winners"":189934,""prizeYen"":1000}]"
"loto6","837","2014-02-10","5 17 34 37 39 42","28","","135019275","[{""tier"":1,""winners"":0,""prizeYen"":0},{""tier"":2,""winners"":14,""prizeYen"":8679700},{""tier"":3,""winners"":304,""prizeYen"":479600},{""tier"":4,""winners"":10891,""prizeYen"":11800},{""tier"":5,""winners"":170404,""prizeYen"":1000}]"
"loto6","838","2014-02-13","12 28 32 36 38 43","13","","0","[{""tier"":1,""winners"":1,""prizeYen"":302484800},{""tier"":2,""winners"":3,""prizeYen"":50239200},{""tier"":3,""winners"":207,""prizeYen"":873700},{""tier"":4,""winners"":11321,""prizeYen"":14000},{""tier"":5,""winners"":202036,""prizeYen"":1000}]"
"loto6","839","2014-02-17","1 3 5 12 13 38","37","","0","[{""tier"":1,""winners"":2,""prizeYen"":58819200},{""tier"":2,""winners"":6,""prizeYen"":17645600},{""tier"":3,""winners"":314,""prizeYen"":404600},{""tier"":4,""winners"":16653,""prizeYen"":6700},{""tier"":5,""winners"":247517,""prizeYen"":1000}]"
"loto6","840","2014-02-20","3 4 17 24 27 34","39","","0","[{""tier"":1,""winners"":2,""prizeYen"":62492100},{""tier"":2,""winners"":13,""prizeYen"":8652600},{""tier"":3,""winners"":384,""prizeYen"":351500},{""tier"":4,""winners"":15097,""prizeYen"":7800},{""tier"":5,""winners"":229602,""prizeYen"":1000}]"
"loto6","841","2014-02-24","8 22 24 28 31 36","38","","130444902","[{""tier"":1,""winners"":0,""prizeYen"":0},{""tier"":2,""winners"":3,""prizeYen"":39133100},{""tier"":3,""winners"":278,""prizeYen"":506700},{""tier"":4,""winners"":12710,""prizeYen"":9700},{""tier"":5,""winners"":208703,""prizeYen"":1000}]"
"loto6","842","2014-02-27","8 11 17 26 33 43","24","","0","[{""tier"":1,""winners"":2,""prizeYen"":142963400},{""tier"":2,""winners"":12,""prizeYen"":11661000},{""tier"":3,""winners"":338,""prizeYen"":496800},{""tier"":4,""winners"":15410,""prizeYen"":9600},{""tier"":5,""winners"":236424,""prizeYen"":1000}]"
"loto6","843","2014-03-03","3 7 8 26 42 43","11","","0","[{""tier"":1,""winners"":1,""prizeYen"":132563500},{""tier"":2,""winners"":9,""prizeYen"":13256200},{""tier"":3,""winners"":232,""prizeYen"":617100},{""tier"":4,""winners"":12643,""prizeYen"":9900},{""tier"":5,""winners"":212024,""prizeYen"":1000}]"
"loto6","844","2014-03-06","2 5 18 27 35 38","24","","126319769","[{""tier"":1,""winners"":0,""prizeYen"":0},{""tier"":2,""winners"":12,""prizeYen"":9473800},{""tier"":3,""winners"":362,""prizeYen"":376800},{""tier"":4,""winners"":15405,""prizeYen"":7800},{""tier"":5,""winners"":229370,""prizeYen"":1000}]"
"loto6","845","2014-03-10","2 12 13 22 24 34","20","","0","[{""tier"":1,""winners"":1,""prizeYen"":270730000},{""tier"":2,""winners"":9,""prizeYen"":14440900},{""tier"":3,""winners"":497,""prizeYen"":313800},{""tier"":4,""winners"":20003,""prizeYen"":6800},{""tier"":5,""winners"":281828,""prizeYen"":1000}]"
"loto6","846","2014-03-13","9 14 18 28 30 33","4","","132037455","[{""tier"":1,""winners"":0,""prizeYen"":0},{""tier"":2,""winners"":10,""prizeYen"":11883200},{""tier"":3,""winners"":218,""prizeYen"":654100},{""tier"":4,""winners"":11698,""prizeYen"":10700},{""tier"":5,""winners"":193837,""prizeYen"":1000}]"
"loto6","847","2014-03-17","9 10 23 31 35 36","38","","294769911","[{""tier"":1,""winners"":0,""prizeYen"":0},{""tier"":2,""winners"":4,""prizeYen"":36614400},{""tier"":3,""winners"":252,""prizeYen"":697400},{""tier"":4,""winners"":13351,""prizeYen"":11600},{""tier"":5,""winners"":227156,""prizeYen"":1000}]"
"loto6","848","2014-03-20","6 7 13 15 35 39","33","","0","[{""tier"":1,""winners"":2,""prizeYen"":232909500},{""tier"":2,""winners"":7,""prizeYen"":21991800},{""tier"":3,""winners"":308,""prizeYen"":599700},{""tier"":4,""winners"":17312,""prizeYen"":9400},{""tier"":5,""winners"":282009,""prizeYen"":1000}]"
"loto6","849","2014-03-24","1 3 4 10 15 40","34","","0","[{""tier"":1,""winners"":2,""prizeYen"":64046100},{""tier"":2,""winners"":6,""prizeYen"":19213600},{""tier"":3,""winners"":318,""prizeYen"":435000},{""tier"":4,""winners"":15195,""prizeYen"":8000},{""tier"":5,""winners"":231075,""prizeYen"":1000}]"
"loto6","850","2014-03-27","2 11 30 32 38 41","4","","140296289","[{""tier"":1,""winners"":0,""prizeYen"":0},{""tier"":2,""winners"":2,""prizeYen"":63132700},{""tier"":3,""winners"":309,""prizeYen"":490300},{""tier"":4,""winners"":10333,""prizeYen"":12900},{""tier"":5,""winners"":182677,""prizeYen"":1000}]"
"loto6","851","2014-03-31","5 8 14 20 26 27","7","","0","[{""tier"":1,""winners"":3,""prizeYen"":96122100},{""tier"":2,""winners"":11,""prizeYen"":12114700},{""tier"":3,""winners"":548,""prizeYen"":291800},{""tier"":4,""winners"":22620,""prizeYen"":6200},{""tier"":5,""winners"":298615,""prizeYen"":1000}]"
"loto6","852","2014-04-03","3 17 22 23 27 40","35","","0","[{""tier"":1,""winners"":1,""prizeYen"":129224400},{""tier"":2,""winners"":4,""prizeYen"":29075200},{""tier"":3,""winners"":217,""prizeYen"":643100},{""tier"":4,""winners"":12279,""prizeYen"":10000},{""tier"":5,""winners"":205933,""prizeYen"":1000}]"
"loto6","853","2014-04-07","2 9 22 26 31 35","7","","132939440","[{""tier"":1,""winners"":0,""prizeYen"":0},{""tier"":2,""winners"":3,""prizeYen"":39881400},{""tier"":3,""winners"":245,""prizeYen"":586000},{""tier"":4,""winners"":11444,""prizeYen"":11000},{""tier"":5,""winners"":193734,""prizeYen"":1000}]"
"loto6","854","2014-04-10","4 11 14 18 25 37","42","","0","[{""tier"":1,""winners"":1,""prizeYen"":280741900},{""tier"":2,""winners"":33,""prizeYen"":4030900},{""tier"":3,""winners"":586,""prizeYen"":272300},{""tier"":4,""winners"":21049,""prizeYen"":6600},{""tier"":5,""winners"":287638,""prizeYen"":1000}]"
"loto6","855","2014-04-14","10 13 15 25 37 42","30","","134397657","[{""tier"":1,""winners"":0,""prizeYen"":0},{""tier"":2,""winners"":5,""prizeYen"":24191300},{""tier"":3,""winners"":329,""prizeYen"":441100},{""tier"":4,""winners"":12644,""prizeYen"":10100},{""tier"":5,""winners"":201206,""prizeYen"":1000}]"
"loto6","856","2014-04-17","10 24 32 34 38 40","43","","0","[{""tier"":1,""winners"":2,""prizeYen"":155268000},{""tier"":2,""winners"":9,""prizeYen"":17613600},{""tier"":3,""winners"":255,""prizeYen"":745900},{""tier"":4,""winners"":12954,""prizeYen"":12900},{""tier"":5,""winners"":220199,""prizeYen"":1000}]"
"loto6","857","2014-04-21","1 3 6 17 28 42","24","","0","[{""tier"":1,""winners"":1,""prizeYen"":128078300},{""tier"":2,""winners"":5,""prizeYen"":23053900},{""tier"":3,""winners"":291,""prizeYen"":475300},{""tier"":4,""winners"":14162,""prizeYen"":8600},{""tier"":5,""winners"":226093,""prizeYen"":1000}]"
"loto6","858","2014-04-24","3 14 29 32 33 42","40","","0","[{""tier"":1,""winners"":2,""prizeYen"":71353500},{""tier"":2,""winners"":4,""prizeYen"":32108800},{""tier"":3,""winners"":199,""prizeYen"":774400},{""tier"":4,""winners"":10157,""prizeYen"":13300},{""tier"":5,""winners"":171855,""prizeYen"":1000}]"
"loto6","859","2014-04-28","1 12 15 17 21 36","24","","136413520","[{""tier"":1,""winners"":0,""prizeYen"":0},{""tier"":2,""winners"":4,""prizeYen"":30692700},{""tier"":3,""winners"":213,""prizeYen"":691600},{""tier"":4,""winners"":11239,""prizeYen"":11500},{""tier"":5,""winners"":197400,""prizeYen"":1000}]"
"loto6","860","2014-05-01","14 16 32 35 38 41","6","","0","[{""tier"":1,""winners"":3,""prizeYen"":101556000},{""tier"":2,""winners"":5,""prizeYen"":30285500},{""tier"":3,""winners"":259,""prizeYen"":701500},{""tier"":4,""winners"":14422,""prizeYen"":11100},{""tier"":5,""winners"":220507,""prizeYen"":1000}]"
"loto6","861","2014-05-05","4 17 21 28 35 42","29","","0","[{""tier"":1,""winners"":3,""prizeYen"":41471000},{""tier"":2,""winners"":13,""prizeYen"":8613100},{""tier"":3,""winners"":329,""prizeYen"":408400},{""tier"":4,""winners"":13241,""prizeYen"":8900},{""tier"":5,""winners"":173693,""prizeYen"":1000}]"
"loto6","862","2014-05-08","5 10 16 34 36 39","43","","135355967","[{""tier"":1,""winners"":0,""prizeYen"":0},{""tier"":2,""winners"":2,""prizeYen"":60909600},{""tier"":3,""winners"":262,""prizeYen"":557900},{""tier"":4,""winners"":11911,""prizeYen"":10800},{""tier"":5,""winners"":198149,""prizeYen"":1000}]"
"loto6","863","2014-05-12","4 14 18 26 35 36","2","","0","[{""tier"":1,""winners"":2,""prizeYen"":145531400},{""tier"":2,""winners"":12,""prizeYen"":11677900},{""tier"":3,""winners"":295,""prizeYen"":570000},{""tier"":4,""winners"":15027,""prizeYen"":9800},{""tier"":5,""winners"":235339,""prizeYen"":1000}]"
"loto6","864","2014-05-15","19 21 24 28 32 40","12","","0","[{""tier"":1,""winners"":2,""prizeYen"":68694900},{""tier"":2,""winners"":15,""prizeYen"":8243300},{""tier"":3,""winners"":162,""prizeYen"":915900},{""tier"":4,""winners"":10051,""prizeYen"":13000},{""tier"":5,""winners"":169634,""prizeYen"":1000}]"
"loto6","865","2014-05-19","5 7 8 12 23 25","26","","0","[{""tier"":1,""winners"":6,""prizeYen"":16727400},{""tier"":2,""winners"":18,""prizeYen"":5018200},{""tier"":3,""winners"":683,""prizeYen"":158700},{""tier"":4,""winners"":24693,""prizeYen"":3800},{""tier"":5,""winners"":302771,""prizeYen"":1000}]"
"loto6","866","2014-05-22","1 3 10 21 29 43","39","","128576326","[{""tier"":1,""winners"":0,""prizeYen"":0},{""tier"":2,""winners"":3,""prizeYen"":38572500},{""tier"":3,""winners"":199,""prizeYen"":697700},{""tier"":4,""winners"":11462,""prizeYen"":10600},{""tier"":5,""winners"":187301,""prizeYen"":1000}]"
"loto6","867","2014-05-26","2 14 21 26 37 38","18","","273626115","[{""tier"":1,""winners"":0,""prizeYen"":0},{""tier"":2,""winners"":19,""prizeYen"":6870700},{""tier"":3,""winners"":476,""prizeYen"":329100},{""tier"":4,""winners"":18410,""prizeYen"":7500},{""tier"":5,""winners"":241477,""prizeYen"":1000}]"
"loto6","868","2014-05-29","5 18 19 26 31 43","10","","447951484","[{""tier"":1,""winners"":0,""prizeYen"":0},{""tier"":2,""winners"":9,""prizeYen"":17432300},{""tier"":3,""winners"":325,""prizeYen"":579200},{""tier"":4,""winners"":14921,""prizeYen"":11100},{""tier"":5,""winners"":235048,""prizeYen"":1000}]"
"loto6","869","2014-06-02","5 7 23 24 37 38","40","","0","[{""tier"":1,""winners"":7,""prizeYen"":89021500},{""tier"":2,""winners"":8,""prizeYen"":19709700},{""tier"":3,""winners"":568,""prizeYen"":333100},{""tier"":4,""winners"":24054,""prizeYen"":6900},{""tier"":5,""winners"":339050,""prizeYen"":1000}]"
"loto6","870","2014-06-05","1 11 14 21 23 39","26","","0","[{""tier"":1,""winners"":1,""prizeYen"":129034400},{""tier"":2,""winners"":4,""prizeYen"":29032400},{""tier"":3,""winners"":248,""prizeYen"":561900},{""tier"":4,""winners"":12547,""prizeYen"":9700},{""tier"":5,""winners"":210166,""prizeYen"":1000}]"
"loto6","871","2014-06-09","3 10 11 13 20 27","25","","0","[{""tier"":1,""winners"":3,""prizeYen"":38178300},{""tier"":2,""winners"":16,""prizeYen"":6442500},{""tier"":3,""winners"":423,""prizeYen"":292400},{""tier"":4,""winners"":16767,""prizeYen"":6500},{""tier"":5,""winners"":243854,""prizeYen"":1000}]"
"loto6","872","2014-06-12","6 10 17 18 19 24","7","","0","[{""tier"":1,""winners"":1,""prizeYen"":117975100},{""tier"":2,""winners"":12,""prizeYen"":8848000},{""tier"":3,""winners"":326,""prizeYen"":39800},{""tier"":4,""winners"":15540,""prizeYen"":7200},{""tier"":5,""winners"":235912,""prizeYen"":1000}]"
"loto6","873","2014-06-16","4 22 26 27 32 43","20","","0","[{""tier"":1,""winners"":1,""prizeYen"":136319400},{""tier"":2,""winners"":9,""prizeYen"":13631800},{""tier"":3,""winners"":175,""prizeYen"":841200},{""tier"":4,""winners"":10278,""prizeYen"":12600},{""tier"":5,""winners"":181091,""prizeYen"":1000}]"
"loto6","874","2014-06-19","2 8 21 27 33 37","42","","124955572","[{""tier"":1,""winners"":0,""prizeYen"":0},{""tier"":2,""winners"":14,""prizeYen"":8032700},{""tier"":3,""winners"":271,""prizeYen"":497900},{""tier"":4,""winners"":13808,""prizeYen"":8600},{""tier"":5,""winners"":215928,""prizeYen"":1000}]"
"loto6","875","2014-06-23","4 5 11 13 22 25","43","","0","[{""tier"":1,""winners"":2,""prizeYen"":129788300},{""tier"":2,""winners"":13,""prizeYen"":9319800},{""tier"":3,""winners"":548,""prizeYen"":265300},{""tier"":4,""winners"":22358,""prizeYen"":5700},{""tier"":5,""winners"":316117,""prizeYen"":1000}]"
"loto6","876","2014-06-26","11 12 18 25 35 39","9","","0","[{""tier"":1,""winners"":1,""prizeYen"":128626000},{""tier"":2,""winners"":6,""prizeYen"":19293700},{""tier"":3,""winners"":251,""prizeYen"":553400},{""tier"":4,""winners"":14155,""prizeYen"":8600},{""tier"":5,""winners"":217060,""prizeYen"":1000}]"
"loto6","877","2014-06-30","3 14 17 32 35 43","10","","138378499","[{""tier"":1,""winners"":0,""prizeYen"":0},{""tier"":2,""winners"":9,""prizeYen"":13837700},{""tier"":3,""winners"":266,""prizeYen"":561800},{""tier"":4,""winners"":11736,""prizeYen"":11200},{""tier"":5,""winners"":181484,""prizeYen"":1000}]"
"loto6","878","2014-07-03","5 14 16 22 25 40","43","","0","[{""tier"":1,""winners"":1,""prizeYen"":290609800},{""tier"":2,""winners"":3,""prizeYen"":45669000},{""tier"":3,""winners"":287,""prizeYen"":572800},{""tier"":4,""winners"":14504,""prizeYen"":9900},{""tier"":5,""winners"":239784,""prizeYen"":1000}]"
"loto6","879","2014-07-07","24 27 34 35 36 43","25","","138812697","[{""tier"":1,""winners"":0,""prizeYen"":0},{""tier"":2,""winners"":3,""prizeYen"":41643400},{""tier"":3,""winners"":139,""prizeYen"":1078500},{""tier"":4,""winners"":8393,""prizeYen"":15700},{""tier"":5,""winners"":155070,""prizeYen"":1000}]"
"loto6","880","2014-07-10","1 8 11 16 25 32","19","","0","[{""tier"":1,""winners"":2,""prizeYen"":140523000},{""tier"":2,""winners"":5,""prizeYen"":25601700},{""tier"":3,""winners"":373,""prizeYen"":411800},{""tier"":4,""winners"":17420,""prizeYen"":7700},{""tier"":5,""winners"":258518,""prizeYen"":1000}]"
"loto6","881","2014-07-14","4 6 12 18 28 41","35","","116551216","[{""tier"":1,""winners"":0,""prizeYen"":0},{""tier"":2,""winners"":12,""prizeYen"":8741200},{""tier"":3,""winners"":364,""prizeYen"":345800},{""tier"":4,""winners"":15752,""prizeYen"":7000},{""tier"":5,""winners"":232486,""prizeYen"":1000}]"
"loto6","882","2014-07-17","5 15 23 26 30 36","6","","0","[{""tier"":1,""winners"":1,""prizeYen"":262268600},{""tier"":2,""winners"":5,""prizeYen"":26228900},{""tier"":3,""winners"":281,""prizeYen"":560000},{""tier"":4,""winners"":14937,""prizeYen"":9200},{""tier"":5,""winners"":239827,""prizeYen"":1000}]"
"loto6","883","2014-07-21","10 16 25 29 38 42","23","","0","[{""tier"":1,""winners"":1,""prizeYen"":118297900},{""tier"":2,""winners"":8,""prizeYen"":13308300},{""tier"":3,""winners"":211,""prizeYen"":605500},{""tier"":4,""winners"":10798,""prizeYen"":10400},{""tier"":5,""winners"":171941,""prizeYen"":1000}]"
"loto6","884","2014-07-24","2 7 25 26 38 42","19","","119838550","[{""tier"":1,""winners"":0,""prizeYen"":0},{""tier"":2,""winners"":17,""prizeYen"":6344300},{""tier"":3,""winners"":334,""prizeYen"":387400},{""tier"":4,""winners"":13789,""prizeYen"":8200},{""tier"":5,""winners"":201260,""prizeYen"":1000}]"
"loto6","885","2014-07-28","22 28 33 36 37 41","14","","0","[{""tier"":1,""winners"":1,""prizeYen"":269046500},{""tier"":2,""winners"":7,""prizeYen"":19183700},{""tier"":3,""winners"":187,""prizeYen"":861700},{""tier"":4,""winners"":10551,""prizeYen"":13400},{""tier"":5,""winners"":182621,""prizeYen"":1000}]"
"loto6","886","2014-07-31","7 10 13 23 34 39","11","","0","[{""tier"":1,""winners"":1,""prizeYen"":120138400},{""tier"":2,""winners"":14,""prizeYen"":7723100},{""tier"":3,""winners"":259,""prizeYen"":500900},{""tier"":4,""winners"":12508,""prizeYen"":9100},{""tier"":5,""winners"":201571,""prizeYen"":1000}]"
"loto6","887","2014-08-04","3 4 6 18 32 37","7","","0","[{""tier"":1,""winners"":1,""prizeYen"":114992600},{""tier"":2,""winners"":7,""prizeYen"":14784600},{""tier"":3,""winners"":230,""prizeYen"":539900},{""tier"":4,""winners"":12502,""prizeYen"":8700},{""tier"":5,""winners"":201406,""prizeYen"":1000}]"
"loto6","888","2014-08-07","2 4 9 36 37 39","43","","0","[{""tier"":1,""winners"":1,""prizeYen"":122981400},{""tier"":2,""winners"":2,""prizeYen"":55341100},{""tier"":3,""winners"":167,""prizeYen"":795300},{""tier"":4,""winners"":9658,""prizeYen"":12100},{""tier"":5,""winners"":169698,""prizeYen"":1000}]"
"loto6","889","2014-08-11","2 10 21 28 41 43","12","","122268699","[{""tier"":1,""winners"":0,""prizeYen"":0},{""tier"":2,""winners"":5,""prizeYen"":22008100},{""tier"":3,""winners"":191,""prizeYen"":691300},{""tier"":4,""winners"":9635,""prizeYen"":12000},{""tier"":5,""winners"":163652,""prizeYen"":1000}]"
"loto6","890","2014-08-14","1 4 6 14 28 31","21","","252988536","[{""tier"":1,""winners"":0,""prizeYen"":0},{""tier"":2,""winners"":7,""prizeYen"":16806600},{""tier"":3,""winners"":340,""prizeYen"":415200},{""tier"":4,""winners"":15425,""prizeYen"":8000},{""tier"":5,""winners"":233681,""prizeYen"":1000}]"
"loto6","891","2014-08-18","7 9 14 30 42 43","24","","0","[{""tier"":1,""winners"":2,""prizeYen"":213055100},{""tier"":2,""winners"":7,""prizeYen"":22258300},{""tier"":3,""winners"":182,""prizeYen"":1027300},{""tier"":4,""winners"":11872,""prizeYen"":13800},{""tier"":5,""winners"":212299,""prizeYen"":1000}]"
"loto6","892","2014-08-21","14 19 31 35 40 43","38","","140036758","[{""tier"":1,""winners"":0,""prizeYen"":0},{""tier"":2,""winners"":4,""prizeYen"":31507900},{""tier"":3,""winners"":142,""prizeYen"":1065000},{""tier"":4,""winners"":7580,""prizeYen"":17600},{""tier"":5,""winners"":139518,""prizeYen"":1000}]"
"loto6","893","2014-08-25","10 12 26 28 29 37","34","","287576167","[{""tier"":1,""winners"":0,""prizeYen"":0},{""tier"":2,""winners"":15,""prizeYen"":8852200},{""tier"":3,""winners"":305,""prizeYen"":522400},{""tier"":4,""winners"":16380,""prizeYen"":8500},{""tier"":5,""winners"":248566,""prizeYen"":1000}]"
"loto6","894","2014-08-28","4 5 9 20 21 32","40","","0","[{""tier"":1,""winners"":2,""prizeYen"":229891000},{""tier"":2,""winners"":5,""prizeYen"":30996800},{""tier"":3,""winners"":372,""prizeYen"":499900},{""tier"":4,""winners"":16692,""prizeYen"":9800},{""tier"":5,""winners"":265248,""prizeYen"":1000}]"
"loto6","895","2014-09-01","5 12 24 25 37 38","39","","0","[{""tier"":1,""winners"":6,""prizeYen"":19453800},{""tier"":2,""winners"":14,""prizeYen"":7503500},{""tier"":3,""winners"":705,""prizeYen"":178800},{""tier"":4,""winners"":21098,""prizeYen"":5200},{""tier"":5,""winners"":255673,""prizeYen"":1000}]"
"loto6","896","2014-09-04","5 6 21 27 32 38","34","","126641809","[{""tier"":1,""winners"":0,""prizeYen"":0},{""tier"":2,""winners"":1,""prizeYen"":113976600},{""tier"":3,""winners"":297,""prizeYen"":460500},{""tier"":4,""winners"":13292,""prizeYen"":9000},{""tier"":5,""winners"":210128,""prizeYen"":1000}]"
"loto6","897","2014-09-08","8 10 14 15 27 30","12","","0","[{""tier"":1,""winners"":3,""prizeYen"":89071400},{""tier"":2,""winners"":12,""prizeYen"":10542800},{""tier"":3,""winners"":429,""prizeYen"":353800},{""tier"":4,""winners"":18476,""prizeYen"":7200},{""tier"":5,""winners"":273801,""prizeYen"":1000}]"
"loto6","898","2014-09-11","13 17 21 25 29 37","23","","0","[{""tier"":1,""winners"":4,""prizeYen"":31560700},{""tier"":2,""winners"":6,""prizeYen"":18936200},{""tier"":3,""winners"":557,""prizeYen"":244700},{""tier"":4,""winners"":15052,""prizeYen"":7900},{""tier"":5,""winners"":201693,""prizeYen"":1000}]"
"loto6","899","2014-09-15","3 10 15 18 27 40","38","","0","[{""tier"":1,""winners"":1,""prizeYen"":115363100},{""tier"":2,""winners"":7,""prizeYen"":14832200},{""tier"":3,""winners"":300,""prizeYen"":415300},{""tier"":4,""winners"":13786,""prizeYen"":7900},{""tier"":5,""winners"":206827,""prizeYen"":1000}]"
"loto6","900","2014-09-18","8 12 21 22 31 35","2","","0","[{""tier"":1,""winners"":2,""prizeYen"":63211900},{""tier"":2,""winners"":8,""prizeYen"":14222500},{""tier"":3,""winners"":223,""prizeYen"":612200},{""tier"":4,""winners"":12238,""prizeYen"":9800},{""tier"":5,""winners"":195769,""prizeYen"":1000}]"
"loto6","901","2014-09-22","6 13 22 28 29 37","14","","119387020","[{""tier"":1,""winners"":0,""prizeYen"":0},{""tier"":2,""winners"":25,""prizeYen"":4297800},{""tier"":3,""winners"":424,""prizeYen"":304000},{""tier"":4,""winners"":16008,""prizeYen"":7100},{""tier"":5,""winners"":214267,""prizeYen"":1000}]"
"loto6","902","2014-09-25","11 21 26 31 32 33","22","","0","[{""tier"":1,""winners"":1,""prizeYen"":269162200},{""tier"":2,""winners"":13,""prizeYen"":10368900},{""tier"":3,""winners"":217,""prizeYen"":745400},{""tier"":4,""winners"":11407,""prizeYen"":12500},{""tier"":5,""winners"":198066,""prizeYen"":1000}]"
"loto6","903","2014-09-29","1 3 6 7 16 19","12","","0","[{""tier"":1,""winners"":1,""prizeYen"":113300900},{""tier"":2,""winners"":19,""prizeYen"":5366800},{""tier"":3,""winners"":444,""prizeYen"":275500},{""tier"":4,""winners"":18382,""prizeYen"":5800},{""tier"":5,""winners"":244707,""prizeYen"":1000}]"
"loto6","904","2014-10-02","2 4 6 15 21 41","29","","118584306","[{""tier"":1,""winners"":0,""prizeYen"":0},{""tier"":2,""winners"":9,""prizeYen"":11858300},{""tier"":3,""winners"":269,""prizeYen"":476000},{""tier"":4,""winners"":13620,""prizeYen"":8200},{""tier"":5,""winners"":214264,""prizeYen"":1000}]"
"loto6","905","2014-10-06","4 15 24 40 41 42","31","","0","[{""tier"":1,""winners"":2,""prizeYen"":131284900},{""tier"":2,""winners"":5,""prizeYen"":25907100},{""tier"":3,""winners"":267,""prizeYen"":582400},{""tier"":4,""winners"":11293,""prizeYen"":12100},{""tier"":5,""winners"":181831,""prizeYen"":1000}]"
"loto6","906","2014-10-09","6 9 12 13 30 40","31","","121447115","[{""tier"":1,""winners"":0,""prizeYen"":0},{""tier"":2,""winners"":13,""prizeYen"":8407800},{""tier"":3,""winners"":274,""prizeYen"":478600},{""tier"":4,""winners"":12621,""prizeYen"":9100},{""tier"":5,""winners"":201409,""prizeYen"":1000}]"
"loto6","907","2014-10-13","5 13 18 22 27 41","19","","0","[{""tier"":1,""winners"":5,""prizeYen"":49352900},{""tier"":2,""winners"":12,""prizeYen"":9398700},{""tier"":3,""winners"":389,""prizeYen"":347900},{""tier"":4,""winners"":15657,""prizeYen"":7600},{""tier"":5,""winners"":217235,""prizeYen"":1000}]"
"loto6","908","2014-10-16","6 14 21 22 23 30","32","","0","[{""tier"":1,""winners"":1,""prizeYen"":119933000},{""tier"":2,""winners"":3,""prizeYen"":35979500},{""tier"":3,""winners"":297,""prizeYen"":436100},{""tier"":4,""winners"":14214,""prizeYen"":8000},{""tier"":5,""winners"":216638,""prizeYen"":1000}]"
"loto6","909","2014-10-20","12 15 21 27 30 35","28","","0","[{""tier"":1,""winners"":1,""prizeYen"":121772100},{""tier"":2,""winners"":7,""prizeYen"":15656200},{""tier"":3,""winners"":252,""prizeYen"":521800},{""tier"":4,""winners"":12431,""prizeYen"":9300},{""tier"":5,""winners"":196128,""prizeYen"":1000}]"
"loto6","910","2014-10-23","11 12 13 17 25 33","14","","0","[{""tier"":1,""winners"":1,""prizeYen"":109769800},{""tier"":2,""winners"":5,""prizeYen"":19758400},{""tier"":3,""winners"":343,""prizeYen"":345600},{""tier"":4,""winners"":16285,""prizeYen"":6400},{""tier"":5,""winners"":231738,""prizeYen"":1000}]"
"loto6","911","2014-10-27","8 16 18 22 27 35","3","","0","[{""tier"":1,""winners"":1,""prizeYen"":118690300},{""tier"":2,""winners"":20,""prizeYen"":5341000},{""tier"":3,""winners"":346,""prizeYen"":370400},{""tier"":4,""winners"":15055,""prizeYen"":7500},{""tier"":5,""winners"":217732,""prizeYen"":1000}]"
"loto6","912","2014-10-30","5 14 19 20 32 42","11","","0","[{""tier"":1,""winners"":2,""prizeYen"":64620500},{""tier"":2,""winners"":8,""prizeYen"":14539500},{""tier"":3,""winners"":172,""prizeYen"":811500},{""tier"":4,""winners"":9577,""prizeYen"":12800},{""tier"":5,""winners"":167641,""prizeYen"":1000}]"
"loto6","913","2014-11-03","5 8 20 31 36 41","16","","0","[{""tier"":1,""winners"":2,""prizeYen"":60952200},{""tier"":2,""winners"":6,""prizeYen"":18285500},{""tier"":3,""winners"":168,""prizeYen"":783600},{""tier"":4,""winners"":8689,""prizeYen"":13300},{""tier"":5,""winners"":152654,""prizeYen"":1000}]"
"loto6","914","2014-11-06","2 3 26 33 36 40","19","","244632508","[{""tier"":1,""winners"":0,""prizeYen"":0},{""tier"":2,""winners"":0,""prizeYen"":0},{""tier"":3,""winners"":165,""prizeYen"":842700},{""tier"":4,""winners"":8486,""prizeYen"":14400},{""tier"":5,""winners"":155451,""prizeYen"":1000}]"
"loto6","915","2014-11-10","7 12 21 33 38 40","42","","0","[{""tier"":1,""winners"":4,""prizeYen"":100782800},{""tier"":2,""winners"":3,""prizeYen"":47549200},{""tier"":3,""winners"":287,""prizeYen"":596400},{""tier"":4,""winners"":14367,""prizeYen"":10500},{""tier"":5,""winners"":228507,""prizeYen"":1000}]"
"loto6","916","2014-11-13","6 14 25 27 38 43","21","","0","[{""tier"":1,""winners"":1,""prizeYen"":115937100},{""tier"":2,""winners"":13,""prizeYen"":8026300},{""tier"":3,""winners"":386,""prizeYen"":324300},{""tier"":4,""winners"":15017,""prizeYen"":7300},{""tier"":5,""winners"":208560,""prizeYen"":1000}]"
"loto6","917","2014-11-17","2 6 25 26 41 42","18","","121608804","[{""tier"":1,""winners"":0,""prizeYen"":0},{""tier"":2,""winners"":12,""prizeYen"":9120500},{""tier"":3,""winners"":278,""prizeYen"":472400},{""tier"":4,""winners"":11490,""prizeYen"":10000},{""tier"":5,""winners"":178259,""prizeYen"":1000}]"
"loto6","918","2014-11-20","10 15 25 29 34 36","39","","400925200","[{""tier"":1,""winners"":0,""prizeYen"":0},{""tier"":2,""winners"":0,""prizeYen"":0},{""tier"":3,""winners"":195,""prizeYen"":814100},{""tier"":4,""winners"":10594,""prizeYen"":13200},{""tier"":5,""winners"":187326,""prizeYen"":1000}]"
"loto6","919","2014-11-24","2 9 12 17 33 42","26","","555673063","[{""tier"":1,""winners"":0,""prizeYen"":0},{""tier"":2,""winners"":43,""prizeYen"":3238800},{""tier"":3,""winners"":344,""prizeYen"":485800},{""tier"":4,""winners"":15753,""prizeYen"":9300},{""tier"":5,""winners"":252416,""prizeYen"":1000}]"
"loto6","920","2014-11-27","9 17 27 30 35 38","6","","735700073","[{""tier"":1,""winners"":0,""prizeYen"":0},{""tier"":2,""winners"":10,""prizeYen"":16202200},{""tier"":3,""winners"":262,""prizeYen"":742000},{""tier"":4,""winners"":14058,""prizeYen"":12200},{""tier"":5,""winners"":243139,""prizeYen"":1000}]"
"loto6","921","2014-12-01","5 7 26 36 38 39","32","","523276110","[{""tier"":1,""winners"":1,""prizeYen"":400000000},{""tier"":2,""winners"":6,""prizeYen"":28136100},{""tier"":3,""winners"":325,""prizeYen"":623300},{""tier"":4,""winners"":16475,""prizeYen"":10800},{""tier"":5,""winners"":283036,""prizeYen"":1000}]"
"loto6","922","2014-12-04","4 6 19 32 33 38","1","","0","[{""tier"":1,""winners"":2,""prizeYen"":342422300},{""tier"":2,""winners"":7,""prizeYen"":20772900},{""tier"":3,""winners"":321,""prizeYen"":543500},{""tier"":4,""winners"":15039,""prizeYen"":10200},{""tier"":5,""winners"":248204,""prizeYen"":1000}]"
"loto6","923","2014-12-08","5 13 30 31 32 35","29","","0","[{""tier"":1,""winners"":2,""prizeYen"":68159800},{""tier"":2,""winners"":6,""prizeYen"":20447700},{""tier"":3,""winners"":178,""prizeYen"":827100},{""tier"":4,""winners"":10399,""prizeYen"":12400},{""tier"":5,""winners"":1739587,""prizeYen"":1000}]"
"loto6","924","2014-12-11","13 20 24 32 35 42","43","","137446611","[{""tier"":1,""winners"":0,""prizeYen"":0},{""tier"":2,""winners"":4,""prizeYen"":30925200},{""tier"":3,""winners"":153,""prizeYen"":970200},{""tier"":4,""winners"":8805,""prizeYen"":14800},{""tier"":5,""winners"":154962,""prizeYen"":1000}]"
"loto6","925","2014-12-15","25 26 27 28 32 37","40","","0","[{""tier"":1,""winners"":3,""prizeYen"":97251100},{""tier"":2,""winners"":6,""prizeYen"":23145800},{""tier"":3,""winners"":207,""prizeYen"":805000},{""tier"":4,""winners"":11700,""prizeYen"":12500},{""tier"":5,""winners"":207803,""prizeYen"":1000}]"
"loto6","926","2014-12-18","16 26 32 35 37 39","25","","133838035","[{""tier"":1,""winners"":0,""prizeYen"":0},{""tier"":2,""winners"":3,""prizeYen"":40151000},{""tier"":3,""winners"":173,""prizeYen"":835500},{""tier"":4,""winners"":9177,""prizeYen"":13800},{""tier"":5,""winners"":158847,""prizeYen"":1000}]"
"loto6","927","2014-12-22","2 29 30 31 33 34","37","","296706788","[{""tier"":1,""winners"":0,""prizeYen"":0},{""tier"":2,""winners"":6,""prizeYen"":24430000},{""tier"":3,""winners"":295,""prizeYen"":596200},{""tier"":4,""winners"":11031,""prizeYen"":14000},{""tier"":5,""winners"":181052,""prizeYen"":1000}]"
"loto6","928","2014-12-25","1 21 23 26 31 33","14","","70404713","[{""tier"":1,""winners"":1,""prizeYen"":400000000},{""tier"":2,""winners"":5,""prizeYen"":31265300},{""tier"":3,""winners"":220,""prizeYen"":852600},{""tier"":4,""winners"":11639,""prizeYen"":14200},{""tier"":5,""winners"":217849,""prizeYen"":1000}]"
"loto6","929","2014-12-29","10 12 15 25 31 34","26","","0","[{""tier"":1,""winners"":5,""prizeYen"":43471100},{""tier"":2,""winners"":10,""prizeYen"":13225400},{""tier"":3,""winners"":277,""prizeYen"":572900},{""tier"":4,""winners"":14585,""prizeYen"":9500},{""tier"":5,""winners"":235620,""prizeYen"":1000}]"
"loto6","930","2015-01-05","10 12 37 39 40 43","11","","0","[{""tier"":1,""winners"":1,""prizeYen"":137750200},{""tier"":2,""winners"":12,""prizeYen"":10331100},{""tier"":3,""winners"":180,""prizeYen"":826400},{""tier"":4,""winners"":9395,""prizeYen"":13900},{""tier"":5,""winners"":161776,""prizeYen"":1000}]"
"loto6","931","2015-01-08","14 18 19 24 25 33","21","","124860306","[{""tier"":1,""winners"":0,""prizeYen"":0},{""tier"":2,""winners"":3,""prizeYen"":37457700},{""tier"":3,""winners"":229,""prizeYen"":588800},{""tier"":4,""winners"":11113,""prizeYen"":10700},{""tier"":5,""winners"":189205,""prizeYen"":1000}]"
"loto6","932","2015-01-12","4 15 30 37 42 43","32","","0","[{""tier"":1,""winners"":1,""prizeYen"":276721400},{""tier"":2,""winners"":3,""prizeYen"":45557900},{""tier"":3,""winners"":174,""prizeYen"":942500},{""tier"":4,""winners"":9816,""prizeYen"":14700},{""tier"":5,""winners"":173684,""prizeYen"":1000}]"
"loto6","933","2015-01-15","5 9 20 21 31 41","26","","0","[{""tier"":1,""winners"":2,""prizeYen"":62693000},{""tier"":2,""winners"":6,""prizeYen"":18807700},{""tier"":3,""winners"":369,""prizeYen"":366900},{""tier"":4,""winners"":13930,""prizeYen"":8500},{""tier"":5,""winners"":183824,""prizeYen"":1000}]"
"loto6","934","2015-01-19","3 7 16 17 20 32","12","","0","[{""tier"":1,""winners"":1,""prizeYen"":125978000},{""tier"":2,""winners"":11,""prizeYen"":10307200},{""tier"":3,""winners"":203,""prizeYen"":670200},{""tier"":4,""winners"":11659,""prizeYen"":10200},{""tier"":5,""winners"":193783,""prizeYen"":1000}]"
"loto6","935","2015-01-22","2 12 14 26 38 43","8","","0","[{""tier"":1,""winners"":2,""prizeYen"":58012000},{""tier"":2,""winners"":28,""prizeYen"":3729300},{""tier"":3,""winners"":513,""prizeYen"":244200},{""tier"":4,""winners"":14979,""prizeYen"":7300},{""tier"":5,""winners"":198231,""prizeYen"":1000}]"
"loto6","936","2015-01-26","1 3 12 16 20 35","5","","125707844","[{""tier"":1,""winners"":0,""prizeYen"":0},{""tier"":2,""winners"":7,""prizeYen"":16162200},{""tier"":3,""winners"":276,""prizeYen"":491800},{""tier"":4,""winners"":12217,""prizeYen"":9800},{""tier"":5,""winners"":201739,""prizeYen"":1000}]"
"loto6","937","2015-01-29","13 15 21 25 36 41","8","","0","[{""tier"":1,""winners"":3,""prizeYen"":89474500},{""tier"":2,""winners"":12,""prizeYen"":10703500},{""tier"":3,""winners"":276,""prizeYen"":558400},{""tier"":4,""winners"":13258,""prizeYen"":10200},{""tier"":5,""winners"":213583,""prizeYen"":1000}]"
"loto6","938","2015-02-02","5 9 12 19 30 35","29","","0","[{""tier"":1,""winners"":3,""prizeYen"":40465900},{""tier"":2,""winners"":14,""prizeYen"":7804000},{""tier"":3,""winners"":307,""prizeYen"":427000},{""tier"":4,""winners"":14299,""prizeYen"":8000},{""tier"":5,""winners"":211349,""prizeYen"":1000}]"
"loto6","939","2015-02-05","8 11 15 17 26 43","32","","119231853","[{""tier"":1,""winners"":0,""prizeYen"":0},{""tier"":2,""winners"":8,""prizeYen"":13413400},{""tier"":3,""winners"":336,""prizeYen"":383200},{""tier"":4,""winners"":13458,""prizeYen"":8400},{""tier"":5,""winners"":206628,""prizeYen"":1000}]"
"loto6","940","2015-02-09","1 18 28 31 35 37","39","","0","[{""tier"":1,""winners"":1,""prizeYen"":272046600},{""tier"":2,""winners"":4,""prizeYen"":34383000},{""tier"":3,""winners"":192,""prizeYen"":859500},{""tier"":4,""winners"":9486,""prizeYen"":15300},{""tier"":5,""winners"":178345,""prizeYen"":1000}]"
"loto6","941","2015-02-12","5 12 22 29 38 39","19","","0","[{""tier"":1,""winners"":1,""prizeYen"":121390700},{""tier"":2,""winners"":8,""prizeYen"":13656300},{""tier"":3,""winners"":252,""prizeYen"":520200},{""tier"":4,""winners"":12677,""prizeYen"":9100},{""tier"":5,""winners"":203463,""prizeYen"":1000}]"
"loto6","942","2015-02-16","2 3 14 27 28 38","8","","116366306","[{""tier"":1,""winners"":0,""prizeYen"":0},{""tier"":2,""winners"":9,""prizeYen"":11636500},{""tier"":3,""winners"":415,""prizeYen"":302800},{""tier"":4,""winners"":17589,""prizeYen"":6300},{""tier"":5,""winners"":244572,""prizeYen"":1000}]"
"loto6","943","2015-02-19","9 10 14 15 39 43","25","","0","[{""tier"":1,""winners"":3,""prizeYen"":87917000},{""tier"":2,""winners"":6,""prizeYen"":22107500},{""tier"":3,""winners"":232,""prizeYen"":686000},{""tier"":4,""winners"":11718,""prizeYen"":11900},{""tier"":5,""winners"":200206,""prizeYen"":1000}]"
"loto6","944","2015-02-23","7 20 25 29 33 37","27","","0","[{""tier"":1,""winners"":1,""prizeYen"":129554500},{""tier"":2,""winners"":5,""prizeYen"":23319600},{""tier"":3,""winners"":275,""prizeYen"":508700},{""tier"":4,""winners"":12046,""prizeYen"":10200},{""tier"":5,""winners"":185838,""prizeYen"":1000}]"
"loto6","945","2015-02-26","3 10 15 23 36 37","31","","0","[{""tier"":1,""winners"":2,""prizeYen"":59488300},{""tier"":2,""winners"":3,""prizeYen"":35692600},{""tier"":3,""winners"":265,""prizeYen"":484800},{""tier"":4,""winners"":13957,""prizeYen"":8100},{""tier"":5,""winners"":207406,""prizeYen"":1000}]"
"loto6","946","2015-03-02","2 9 12 16 31 36","41","","0","[{""tier"":1,""winners"":4,""prizeYen"":29998800},{""tier"":2,""winners"":8,""prizeYen"":13499300},{""tier"":3,""winners"":256,""prizeYen"":506200},{""tier"":4,""winners"":13640,""prizeYen"":8300},{""tier"":5,""winners"":212313,""prizeYen"":1000}]"
"loto6","947","2015-03-05","1 6 21 23 27 40","9","","0","[{""tier"":1,""winners"":2,""prizeYen"":61398000},{""tier"":2,""winners"":5,""prizeYen"":22103000},{""tier"":3,""winners"":204,""prizeYen"":650000},{""tier"":4,""winners"":11507,""prizeYen"":10100},{""tier"":5,""winners"":190634,""prizeYen"":1000}]"
"loto6","948","2015-03-09","7 16 17 28 39 43","24","","121896967","[{""tier"":1,""winners"":0,""prizeYen"":0},{""tier"":2,""winners"":7,""prizeYen"":15672300},{""tier"":3,""winners"":243,""prizeYen"":541700},{""tier"":4,""winners"":11228,""prizeYen"":10300},{""tier"":5,""winners"":177668,""prizeYen"":1000}]"
"loto6","949","2015-03-12","5 19 26 36 39 43","9","","266741384","[{""tier"":1,""winners"":0,""prizeYen"":0},{""tier"":2,""winners"":7,""prizeYen"":18622600},{""tier"":3,""winners"":206,""prizeYen"":759300},{""tier"":4,""winners"":11264,""prizeYen"":12200},{""tier"":5,""winners"":185515,""prizeYen"":1000}]"
"loto6","950","2015-03-16","2 6 16 24 30 41","18","","19624312","[{""tier"":1,""winners"":1,""prizeYen"":400000000},{""tier"":2,""winners"":9,""prizeYen"":15288100},{""tier"":3,""winners"":301,""prizeYen"":548500},{""tier"":4,""winners"":15091,""prizeYen"":9600},{""tier"":5,""winners"":237241,""prizeYen"":1000}]"
"loto6","951","2015-03-19","11 15 22 23 26 30","37","","144123227","[{""tier"":1,""winners"":0,""prizeYen"":0},{""tier"":2,""winners"":3,""prizeYen"":37349300},{""tier"":3,""winners"":289,""prizeYen"":465200},{""tier"":4,""winners"":12726,""prizeYen"":9300},{""tier"":5,""winners"":205751,""prizeYen"":1000}]"
"loto6","952","2015-03-23","10 16 22 25 31 39","27","","0","[{""tier"":1,""winners"":2,""prizeYen"":143126900},{""tier"":2,""winners"":13,""prizeYen"":9839700},{""tier"":3,""winners"":332,""prizeYen"":462300},{""tier"":4,""winners"":14747,""prizeYen"":9100},{""tier"":5,""winners"":224937,""prizeYen"":1000}]"
"loto6","953","2015-03-26","2 9 17 38 39 42","20","","0","[{""tier"":1,""winners"":4,""prizeYen"":30379200},{""tier"":2,""winners"":5,""prizeYen"":21872800},{""tier"":3,""winners"":330,""prizeYen"":397600},{""tier"":4,""winners"":12594,""prizeYen"":9100},{""tier"":5,""winners"":190896,""prizeYen"":1000}]"
"loto6","954","2015-03-30","3 23 24 28 29 42","41","","124385476","[{""tier"":1,""winners"":0,""prizeYen"":0},{""tier"":2,""winners"":3,""prizeYen"":37315300},{""tier"":3,""winners"":212,""prizeYen"":633600},{""tier"":4,""winners"":10939,""prizeYen"":10800},{""tier"":5,""winners"":188407,""prizeYen"":1000}]"
"loto6","955","2015-04-02","14 19 27 28 37 42","24","","0","[{""tier"":1,""winners"":1,""prizeYen"":267084300},{""tier"":2,""winners"":4,""prizeYen"":32106900},{""tier"":3,""winners"":236,""prizeYen"":653000},{""tier"":4,""winners"":12689,""prizeYen"":10700},{""tier"":5,""winners"":211286,""prizeYen"":1000}]"
"loto6","956","2015-04-06","1 4 6 22 24 38","34","","115912032","[{""tier"":1,""winners"":0,""prizeYen"":0},{""tier"":2,""winners"":4,""prizeYen"":26079900},{""tier"":3,""winners"":273,""prizeYen"":458500},{""tier"":4,""winners"":13477,""prizeYen"":8100},{""tier"":5,""winners"":215206,""prizeYen"":1000}]"
"loto6","957","2015-04-09","2 11 22 32 36 42","20","","0","[{""tier"":1,""winners"":3,""prizeYen"":86595800},{""tier"":2,""winners"":5,""prizeYen"":25897300},{""tier"":3,""winners"":307,""prizeYen"":506100},{""tier"":4,""winners"":13427,""prizeYen"":10200},{""tier"":5,""winners"":190103,""prizeYen"":1000}]"
"loto6","958","2015-04-13","9 18 23 24 26 30","21","","0","[{""tier"":1,""winners"":2,""prizeYen"":59353800},{""tier"":2,""winners"":6,""prizeYen"":17805900},{""tier"":3,""winners"":235,""prizeYen"":545500},{""tier"":4,""winners"":11307,""prizeYen"":10000},{""tier"":5,""winners"":188815,""prizeYen"":1000}]"
"loto6","959","2015-04-16","1 16 18 28 36 38","42","","0","[{""tier"":1,""winners"":1,""prizeYen"":135036000},{""tier"":2,""winners"":7,""prizeYen"":17361600},{""tier"":3,""winners"":218,""prizeYen"":668900},{""tier"":4,""winners"":10689,""prizeYen"":12000},{""tier"":5,""winners"":175599,""prizeYen"":1000}]"
"loto6","960","2015-04-20","5 18 23 32 35 39","10","","0","[{""tier"":1,""winners"":2,""prizeYen"":61430200},{""tier"":2,""winners"":11,""prizeYen"":10052100},{""tier"":3,""winners"":339,""prizeYen"":391400},{""tier"":4,""winners"":13311,""prizeYen"":8700},{""tier"":5,""winners"":190151,""prizeYen"":1000}]"
"loto6","961","2015-04-23","5 11 17 18 19 25","34","","0","[{""tier"":1,""winners"":1,""prizeYen"":115013400},{""tier"":2,""winners"":7,""prizeYen"":14787300},{""tier"":3,""winners"":345,""prizeYen"":360000},{""tier"":4,""winners"":16266,""prizeYen"":6700},{""tier"":5,""winners"":235668,""prizeYen"":1000}]"
"loto6","962","2015-04-27","4 6 10 24 32 37","35","","0","[{""tier"":1,""winners"":4,""prizeYen"":29602900},{""tier"":2,""winners"":7,""prizeYen"":15224200},{""tier"":3,""winners"":323,""prizeYen"":395900},{""tier"":4,""winners"":14995,""prizeYen"":7500},{""tier"":5,""winners"":219474,""prizeYen"":1000}]"
"loto6","963","2015-04-30","4 23 29 31 32 35","17","","0","[{""tier"":1,""winners"":2,""prizeYen"":64350000},{""tier"":2,""winners"":10,""prizeYen"":11582900},{""tier"":3,""winners"":171,""prizeYen"":812800},{""tier"":4,""winners"":9483,""prizeYen"":12900},{""tier"":5,""winners"":164088,""prizeYen"":1000}]"
"loto6","964","2015-05-04","2 21 23 29 30 43","26","","118835741","[{""tier"":1,""winners"":0,""prizeYen"":0},{""tier"":2,""winners"":3,""prizeYen"":35650400},{""tier"":3,""winners"":129,""prizeYen"":994800},{""tier"":4,""winners"":7811,""prizeYen"":14400},{""tier"":5,""winners"":142167,""prizeYen"":1000}]"
"loto6","965","2015-05-07","10 12 19 20 21 22","13","","0","[{""tier"":1,""winners"":2,""prizeYen"":126654500},{""tier"":2,""winners"":6,""prizeYen"":20170800},{""tier"":3,""winners"":401,""prizeYen"":362100},{""tier"":4,""winners"":14299,""prizeYen"":8900},{""tier"":5,""winners"":216098,""prizeYen"":1000}]"
"loto6","966","2015-05-11","10 22 31 34 36 43","30","","0","[{""tier"":1,""winners"":1,""prizeYen"":133072000},{""tier"":2,""winners"":1,""prizeYen"":119763800},{""tier"":3,""winners"":134,""prizeYen"":1072500},{""tier"":4,""winners"":7613,""prizeYen"":16600},{""tier"":5,""winners"":140833,""prizeYen"":1000}]"
"loto6","967","2015-05-14","1 11 26 30 32 40","8","","0","[{""tier"":1,""winners"":1,""prizeYen"":123100400},{""tier"":2,""winners"":4,""prizeYen"":27697300},{""tier"":3,""winners"":141,""prizeYen"":942800},{""tier"":4,""winners"":8608,""prizeYen"":13600},{""tier"":5,""winners"":150296,""prizeYen"":1000}]"
"loto6","968","2015-05-18","6 10 15 20 23 26","17","","0","[{""tier"":1,""winners"":1,""prizeYen"":110911400},{""tier"":2,""winners"":9,""prizeYen"":11091000},{""tier"":3,""winners"":260,""prizeYen"":460700},{""tier"":4,""winners"":12620,""prizeYen"":8300},{""tier"":5,""winners"":203581,""prizeYen"":1000}]"
"loto6","969","2015-05-21","3 9 19 22 23 40","10","","0","[{""tier"":1,""winners"":1,""prizeYen"":113134300},{""tier"":2,""winners"":13,""prizeYen"":7832300},{""tier"":3,""winners"":237,""prizeYen"":515500},{""tier"":4,""winners"":11689,""prizeYen"":9200},{""tier"":5,""winners"":188835,""prizeYen"":1000}]"
"loto6","970","2015-05-25","2 4 18 23 31 38","1","","0","[{""tier"":1,""winners"":2,""prizeYen"":55926200},{""tier"":2,""winners"":6,""prizeYen"":16777700},{""tier"":3,""winners"":288,""prizeYen"":419400},{""tier"":4,""winners"":14684,""prizeYen"":7200},{""tier"":5,""winners"":199148,""prizeYen"":1000}]"
"loto6","971","2015-05-28","2 3 4 12 22 29","11","","0","[{""tier"":1,""winners"":4,""prizeYen"":25715300},{""tier"":2,""winners"":18,""prizeYen"":5143000},{""tier"":3,""winners"":367,""prizeYen"":302600},{""tier"":4,""winners"":15860,""prizeYen"":6100},{""tier"":5,""winners"":225769,""prizeYen"":1000}]"
"loto6","972","2015-06-01","2 7 17 18 21 40","29","","0","[{""tier"":1,""winners"":1,""prizeYen"":117796500},{""tier"":2,""winners"":13,""prizeYen"":8155000},{""tier"":3,""winners"":184,""prizeYen"":691400},{""tier"":4,""winners"":10071,""prizeYen"":11100},{""tier"":5,""winners"":167141,""prizeYen"":1000}]"
"loto6","973","2015-06-04","1 5 6 12 30 31","24","","0","[{""tier"":1,""winners"":2,""prizeYen"":49737200},{""tier"":2,""winners"":13,""prizeYen"":6886600},{""tier"":3,""winners"":494,""prizeYen"":217400},{""tier"":4,""winners"":17816,""prizeYen"":5300},{""tier"":5,""winners"":227173,""prizeYen"":1000}]"
"loto6","974","2015-06-08","2 3 29 30 32 43","26","","118666833","[{""tier"":1,""winners"":0,""prizeYen"":0},{""tier"":2,""winners"":5,""prizeYen"":21359800},{""tier"":3,""winners"":189,""prizeYen"":678000},{""tier"":4,""winners"":8868,""prizeYen"":12700},{""tier"":5,""winners"":149283,""prizeYen"":1000}]"
"loto6","975","2015-06-11","3 11 13 27 29 36","15","","241737086","[{""tier"":1,""winners"":0,""prizeYen"":0},{""tier"":2,""winners"":9,""prizeYen"":12306900},{""tier"":3,""winners"":313,""prizeYen"":424600},{""tier"":4,""winners"":14571,""prizeYen"":8000},{""tier"":5,""winners"":220424,""prizeYen"":1000}]"
"loto6","976","2015-06-15","6 13 22 28 42 43","29","","391731490","[{""tier"":1,""winners"":0,""prizeYen"":0},{""tier"":2,""winners"":8,""prizeYen"":16874200},{""tier"":3,""winners"":285,""prizeYen"":568300},{""tier"":4,""winners"":13533,""prizeYen"":10500},{""tier"":5,""winners"":216001,""prizeYen"":1000}]"
"loto6","977","2015-06-18","10 15 17 27 42 43","33","","560007047","[{""tier"":1,""winners"":0,""prizeYen"":0},{""tier"":2,""winners"":6,""prizeYen"":25241100},{""tier"":3,""winners"":234,""prizeYen"":776600},{""tier"":4,""winners"":12198,""prizeYen"":13100},{""tier"":5,""winners"":214139,""prizeYen"":1000}]"
"loto6","978","2015-06-22","3 11 19 30 38 42","31","","338273733","[{""tier"":1,""winners"":1,""prizeYen"":400000000},{""tier"":2,""winners"":8,""prizeYen"":20054800},{""tier"":3,""winners"":292,""prizeYen"":659300},{""tier"":4,""winners"":15030,""prizeYen"":11200},{""tier"":5,""winners"":245252,""prizeYen"":1000}]"
"loto6","979","2015-06-25","9 12 16 18 27 38","10","","78776205","[{""tier"":1,""winners"":1,""prizeYen"":400000000},{""tier"":2,""winners"":13,""prizeYen"":9727000},{""tier"":3,""winners"":422,""prizeYen"":359500},{""tier"":4,""winners"":19760,""prizeYen"":6700},{""tier"":5,""winners"":282042,""prizeYen"":1000}]"
"loto6","980","2015-06-29","15 20 23 35 38 42","13","","0","[{""tier"":1,""winners"":3,""prizeYen"":75206100},{""tier"":2,""winners"":6,""prizeYen"":22026100},{""tier"":3,""winners"":240,""prizeYen"":660700},{""tier"":4,""winners"":13412,""prizeYen"":10400},{""tier"":5,""winners"":184617,""prizeYen"":1000}]"
"loto6","981","2015-07-02","14 19 22 23 31 37","21","","0","[{""tier"":1,""winners"":1,""prizeYen"":120197200},{""tier"":2,""winners"":5,""prizeYen"":21635300},{""tier"":3,""winners"":333,""prizeYen"":389800},{""tier"":4,""winners"":14279,""prizeYen"":8000},{""tier"":5,""winners"":199325,""prizeYen"":1000}]"
"loto6","982","2015-07-06","15 19 21 22 29 40","42","","128218058","[{""tier"":1,""winners"":0,""prizeYen"":0},{""tier"":2,""winners"":3,""prizeYen"":38465000},{""tier"":3,""winners"":170,""prizeYen"":814500},{""tier"":4,""winners"":9155,""prizeYen"":13300},{""tier"":5,""winners"":163901,""prizeYen"":1000}]"
"loto6","983","2015-07-09","15 19 32 35 36 38","31","","0","[{""tier"":1,""winners"":1,""prizeYen"":271689400},{""tier"":2,""winners"":6,""prizeYen"":21520500},{""tier"":3,""winners"":181,""prizeYen"":856000},{""tier"":4,""winners"":9903,""prizeYen"":13800},{""tier"":5,""winners"":171870,""prizeYen"":1000}]"
"loto6","984","2015-07-13","14 23 24 28 37 38","20","","115684719","[{""tier"":1,""winners"":0,""prizeYen"":0},{""tier"":2,""winners"":5,""prizeYen"":20823000},{""tier"":3,""winners"":288,""prizeYen"":433800},{""tier"":4,""winners"":13647,""prizeYen"":8000},{""tier"":5,""winners"":200372,""prizeYen"":1000}]"
"loto6","985","2015-07-16","3 11 19 26 29 38","31","","0","[{""tier"":1,""winners"":4,""prizeYen"":60289500},{""tier"":2,""winners"":6,""prizeYen"":18820800},{""tier"":3,""winners"":370,""prizeYen"":366200},{""tier"":4,""winners"":15579,""prizeYen"":7600},{""tier"":5,""winners"":226551,""prizeYen"":1000}]"
"loto6","986","2015-07-20","4 11 17 30 36 43","5","","0","[{""tier"":1,""winners"":2,""prizeYen"":56736900},{""tier"":2,""winners"":4,""prizeYen"":25531400},{""tier"":3,""winners"":228,""prizeYen"":537500},{""tier"":4,""winners"":10314,""prizeYen"":10400},{""tier"":5,""winners"":156759,""prizeYen"":1000}]"
"loto6","987","2015-07-23","3 14 15 24 25 36","33","","0","[{""tier"":1,""winners"":4,""prizeYen"":27898400},{""tier"":2,""winners"":32,""prizeYen"":3138500},{""tier"":3,""winners"":354,""prizeYen"":340400},{""tier"":4,""winners"":14334,""prizeYen"":7400},{""tier"":5,""winners"":188227,""prizeYen"":1000}]"
"loto6","988","2015-07-27","5 6 10 22 34 41","19","","114443128","[{""tier"":1,""winners"":0,""prizeYen"":0},{""tier"":2,""winners"":7,""prizeYen"":14713900},{""tier"":3,""winners"":225,""prizeYen"":549300},{""tier"":4,""winners"":11100,""prizeYen"":9800},{""tier"":5,""winners"":179699,""prizeYen"":1000}]"
"loto6","989","2015-07-30","5 7 31 33 36 39","21","","0","[{""tier"":1,""winners"":1,""prizeYen"":246688200},{""tier"":2,""winners"":6,""prizeYen"":19836500},{""tier"":3,""winners"":170,""prizeYen"":840100},{""tier"":4,""winners"":9865,""prizeYen"":12700},{""tier"":5,""winners"":177905,""prizeYen"":1000}]"
"loto6","990","2015-08-03","4 12 16 27 28 41","42","","0","[{""tier"":1,""winners"":4,""prizeYen"":26701800},{""tier"":2,""winners"":8,""prizeYen"":12015700},{""tier"":3,""winners"":344,""prizeYen"":335300},{""tier"":4,""winners"":14295,""prizeYen"":7100},{""tier"":5,""winners"":200336,""prizeYen"":1000}]"
"loto6","991","2015-08-06","3 18 21 25 29 37","35","","0","[{""tier"":1,""winners"":3,""prizeYen"":35920900},{""tier"":2,""winners"":2,""prizeYen"":48492800},{""tier"":3,""winners"":349,""prizeYen"":333400},{""tier"":4,""winners"":12022,""prizeYen"":8500},{""tier"":5,""winners"":179954,""prizeYen"":1000}]"
"loto6","992","2015-08-10","4 6 8 22 27 38","34","","95753342","[{""tier"":1,""winners"":0,""prizeYen"":0},{""tier"":2,""winners"":7,""prizeYen"":12311000},{""tier"":3,""winners"":320,""prizeYen"":323100},{""tier"":4,""winners"":16012,""prizeYen"":5600},{""tier"":5,""winners"":227018,""prizeYen"":1000}]"
"loto6","993","2015-08-13","1 5 10 32 38 40","18","","330330282","[{""tier"":1,""winners"":0,""prizeYen"":0},{""tier"":2,""winners"":0,""prizeYen"":0},{""tier"":3,""winners"":192,""prizeYen"":694400},{""tier"":4,""winners"":9449,""prizeYen"":12400},{""tier"":5,""winners"":165736,""prizeYen"":1000}]"
"loto6","994","2015-08-17","18 22 29 31 39 43","9","","484104446","[{""tier"":1,""winners"":0,""prizeYen"":0},{""tier"":2,""winners"":5,""prizeYen"":27679100},{""tier"":3,""winners"":176,""prizeYen"":943600},{""tier"":4,""winners"":9959,""prizeYen"":14700},{""tier"":5,""winners"":181812,""prizeYen"":1000}]"
"loto6","995","2015-08-20","7 11 17 21 37 39","36","","234031537","[{""tier"":1,""winners"":1,""prizeYen"":400000000},{""tier"":2,""winners"":18,""prizeYen"":7496200},{""tier"":3,""winners"":363,""prizeYen"":446000},{""tier"":4,""winners"":16692,""prizeYen"":8500},{""tier"":5,""winners"":251599,""prizeYen"":1000}]"
"loto6","996","2015-08-24","1 3 14 26 27 42","25","","370501171","[{""tier"":1,""winners"":0,""prizeYen"":0},{""tier"":2,""winners"":10,""prizeYen"":12282100},{""tier"":3,""winners"":290,""prizeYen"":508200},{""tier"":4,""winners"":14260,""prizeYen"":9100},{""tier"":5,""winners"":221547,""prizeYen"":1000}]"
"loto6","997","2015-08-27","3 5 8 11 33 43","23","","108513197","[{""tier"":1,""winners"":1,""prizeYen"":400000000},{""tier"":2,""winners"":16,""prizeYen"":7763100},{""tier"":3,""winners"":373,""prizeYen"":399600},{""tier"":4,""winners"":18067,""prizeYen"":7200},{""tier"":5,""winners"":267313,""prizeYen"":1000}]"
"loto6","998","2015-08-31","1 3 12 19 26 29","28","","0","[{""tier"":1,""winners"":2,""prizeYen"":120240500},{""tier"":2,""winners"":6,""prizeYen"":19795000},{""tier"":3,""winners"":355,""prizeYen"":401400},{""tier"":4,""winners"":16312,""prizeYen"":7700},{""tier"":5,""winners"":239891,""prizeYen"":1000}]"
"loto6","999","2015-09-03","8 15 17 30 32 36","43","","125615901","[{""tier"":1,""winners"":0,""prizeYen"":0},{""tier"":2,""winners"":5,""prizeYen"":22610600},{""tier"":3,""winners"":245,""prizeYen"":553700},{""tier"":4,""winners"":11484,""prizeYen"":10400},{""tier"":5,""winners"":181305,""prizeYen"":1000}]"
"loto6","1000","2015-09-07","1 15 21 22 26 29","37","","268345233","[{""tier"":1,""winners"":0,""prizeYen"":0},{""tier"":2,""winners"":8,""prizeYen"":16056900},{""tier"":3,""winners"":303,""prizeYen"":508700},{""tier"":4,""winners"":13791,""prizeYen"":9800},{""tier"":5,""winners"":211620,""prizeYen"":1000}]"
"loto6","1001","2015-09-10","9 12 15 16 18 35","2","","7153015","[{""tier"":1,""winners"":1,""prizeYen"":400000000},{""tier"":2,""winners"":5,""prizeYen"":24985100},{""tier"":3,""winners"":256,""prizeYen"":585500},{""tier"":4,""winners"":14036,""prizeYen"":9400},{""tier"":5,""winners"":231019,""prizeYen"":1000}]"
"loto6","1002","2015-09-14","8 14 22 25 27 41","11","","130866503","[{""tier"":1,""winners"":0,""prizeYen"":0},{""tier"":2,""winners"":11,""prizeYen"":10121900},{""tier"":3,""winners"":317,""prizeYen"":421400},{""tier"":4,""winners"":14901,""prizeYen"":7900},{""tier"":5,""winners"":222179,""prizeYen"":1000}]"
"loto6","1003","2015-09-17","13 22 26 34 38 43","42","","0","[{""tier"":1,""winners"":2,""prizeYen"":136053200},{""tier"":2,""winners"":6,""prizeYen"":21185800},{""tier"":3,""winners"":261,""prizeYen"":584400},{""tier"":4,""winners"":12914,""prizeYen"":10400},{""tier"":5,""winners"":200783,""prizeYen"":1000}]"
"loto6","1004","2015-09-21","3 21 23 24 27 32","36","","0","[{""tier"":1,""winners"":1,""prizeYen"":108151300},{""tier"":2,""winners"":7,""prizeYen"":13905000},{""tier"":3,""winners"":245,""prizeYen"":476700},{""tier"":4,""winners"":11895,""prizeYen"":8600},{""tier"":5,""winners"":191147,""prizeYen"":1000}]"
"loto6","1005","2015-09-24","5 13 20 24 25 27","42","","0","[{""tier"":1,""winners"":1,""prizeYen"":111149300},{""tier"":2,""winners"":5,""prizeYen"":20006700},{""tier"":3,""winners"":267,""prizeYen"":449500},{""tier"":4,""winners"":13211,""prizeYen"":8000},{""tier"":5,""winners"":205891,""prizeYen"":1000}]"
"loto6","1006","2015-09-28","7 8 16 31 32 33","12","","0","[{""tier"":1,""winners"":1,""prizeYen"":124749700},{""tier"":2,""winners"":3,""prizeYen"":37424500},{""tier"":3,""winners"":275,""prizeYen"":489900},{""tier"":4,""winners"":11417,""prizeYen"":10400},{""tier"":5,""winners"":182588,""prizeYen"":1000}]"
"loto6","1007","2015-10-01","3 8 17 25 28 43","42","","0","[{""tier"":1,""winners"":1,""prizeYen"":113492400},{""tier"":2,""winners"":5,""prizeYen"":20428400},{""tier"":3,""winners"":349,""prizeYen"":351200},{""tier"":4,""winners"":14109,""prizeYen"":7600},{""tier"":5,""winners"":209079,""prizeYen"":1000}]"
"loto6","1008","2015-10-05","11 14 16 21 24 39","36","","123911966","[{""tier"":1,""winners"":0,""prizeYen"":0},{""tier"":2,""winners"":3,""prizeYen"":37173200},{""tier"":3,""winners"":184,""prizeYen"":727300},{""tier"":4,""winners"":9773,""prizeYen"":12000},{""tier"":5,""winners"":171520,""prizeYen"":1000}]"
"loto6","1009","2015-10-08","3 19 34 36 40 43","28","","271108458","[{""tier"":1,""winners"":0,""prizeYen"":0},{""tier"":2,""winners"":4,""prizeYen"":33118900},{""tier"":3,""winners"":124,""prizeYen"":1282000},{""tier"":4,""winners"":8302,""prizeYen"":16800},{""tier"":5,""winners"":152322,""prizeYen"":1000}]"
"loto6","1010","2015-10-12","6 12 16 24 25 37","17","","0","[{""tier"":1,""winners"":2,""prizeYen"":196662400},{""tier"":2,""winners"":11,""prizeYen"":9999400},{""tier"":3,""winners"":517,""prizeYen"":255300},{""tier"":4,""winners"":20647,""prizeYen"":5600},{""tier"":5,""winners"":275657,""prizeYen"":1000}]"
"loto6","1011","2015-10-15","23 26 27 29 30 43","6","","0","[{""tier"":1,""winners"":1,""prizeYen"":129960800},{""tier"":2,""winners"":4,""prizeYen"":29240900},{""tier"":3,""winners"":172,""prizeYen"":816000},{""tier"":4,""winners"":8546,""prizeYen"":14400},{""tier"":5,""winners"":155577,""prizeYen"":1000}]"
"loto6","1012","2015-10-19","9 11 19 22 27 38","2","","0","[{""tier"":1,""winners"":1,""prizeYen"":108211900},{""tier"":2,""winners"":14,""prizeYen"":6956400},{""tier"":3,""winners"":361,""prizeYen"":323700},{""tier"":4,""winners"":16548,""prizeYen"":6200},{""tier"":5,""winners"":229783,""prizeYen"":1000}]"
"loto6","1013","2015-10-22","3 20 36 38 39 41","22","","129106482","[{""tier"":1,""winners"":0,""prizeYen"":0},{""tier"":2,""winners"":3,""prizeYen"":38731600},{""tier"":3,""winners"":105,""prizeYen"":1327900},{""tier"":4,""winners"":7587,""prizeYen"":16200},{""tier"":5,""winners"":143472,""prizeYen"":1000}]"
"loto6","1014","2015-10-26","2 3 9 19 40 42","6","","268322168","[{""tier"":1,""winners"":0,""prizeYen"":0},{""tier"":2,""winners"":2,""prizeYen"":62646500},{""tier"":3,""winners"":193,""prizeYen"":779000},{""tier"":4,""winners"":11694,""prizeYen"":11300},{""tier"":5,""winners"":205037,""prizeYen"":1000}]"
"loto6","1015","2015-10-29","9 14 20 23 27 32","22","","18724752","[{""tier"":1,""winners"":1,""prizeYen"":400000000},{""tier"":2,""winners"":2,""prizeYen"":67680500},{""tier"":3,""winners"":318,""prizeYen"":510700},{""tier"":4,""winners"":14713,""prizeYen"":9700},{""tier"":5,""winners"":229339,""prizeYen"":1000}]"
"loto6","1016","2015-11-02","1 14 31 32 39 42","34","","160113420","[{""tier"":1,""winners"":0,""prizeYen"":0},{""tier"":2,""winners"":1,""prizeYen"":127248600},{""tier"":3,""winners"":134,""prizeYen"":1139500},{""tier"":4,""winners"":7989,""prizeYen"":16800},{""tier"":5,""winners"":147595,""prizeYen"":1000}]"
"loto6","1017","2015-11-05","1 4 24 30 39 40","5","","0","[{""tier"":1,""winners"":3,""prizeYen"":103756100},{""tier"":2,""winners"":8,""prizeYen"":17004700},{""tier"":3,""winners"":215,""prizeYen"":759200},{""tier"":4,""winners"":10104,""prizeYen"":14200},{""tier"":5,""winners"":181801,""prizeYen"":1000}]"
"loto6","1018","2015-11-09","3 22 25 28 32 39","21","","116514121","[{""tier"":1,""winners"":0,""prizeYen"":0},{""tier"":2,""winners"":4,""prizeYen"":26215400},{""tier"":3,""winners"":203,""prizeYen"":619800},{""tier"":4,""winners"":11545,""prizeYen"":9600},{""tier"":5,""winners"":187395,""prizeYen"":1000}]"
"loto6","1019","2015-11-12","8 14 15 22 25 40","19","","251095228","[{""tier"":1,""winners"":0,""prizeYen"":0},{""tier"":2,""winners"":4,""prizeYen"":30280400},{""tier"":3,""winners"":298,""prizeYen"":487700},{""tier"":4,""winners"":13339,""prizeYen"":9600},{""tier"":5,""winners"":213949,""prizeYen"":1000}]"
"loto6","1020","2015-11-16","2 25 27 28 35 42","6","","0","[{""tier"":1,""winners"":3,""prizeYen"":133486700},{""tier"":2,""winners"":6,""prizeYen"":22404500},{""tier"":3,""winners"":261,""prizeYen"":618000},{""tier"":4,""winners"":12672,""prizeYen"":11200},{""tier"":5,""winners"":216588,""prizeYen"":1000}]"
"loto6","1021","2015-11-19","3 30 32 33 34 39","28","","125601483","[{""tier"":1,""winners"":0,""prizeYen"":0},{""tier"":2,""winners"":1,""prizeYen"":113040300},{""tier"":3,""winners"":177,""prizeYen"":766300},{""tier"":4,""winners"":8144,""prizeYen"":14600},{""tier"":5,""winners"":146052,""prizeYen"":1000}]"
"loto6","1022","2015-11-23","3 15 19 30 34 37","12","","0","[{""tier"":1,""winners"":2,""prizeYen"":128119200},{""tier"":2,""winners"":6,""prizeYen"":19595300},{""tier"":3,""winners"":221,""prizeYen"":638400},{""tier"":4,""winners"":10288,""prizeYen"":12000},{""tier"":5,""winners"":174458,""prizeYen"":1000}]"
"loto6","1023","2015-11-26","9 17 24 25 33 40","43","","0","[{""tier"":1,""winners"":2,""prizeYen"":58344500},{""tier"":2,""winners"":3,""prizeYen"":35006400},{""tier"":3,""winners"":308,""prizeYen"":409100},{""tier"":4,""winners"":12105,""prizeYen"":9100},{""tier"":5,""winners"":172886,""prizeYen"":1000}]"
"loto6","1024","2015-11-30","2 4 5 20 37 43","32","","122143275","[{""tier"":1,""winners"":0,""prizeYen"":0},{""tier"":2,""winners"":6,""prizeYen"":18321300},{""tier"":3,""winners"":160,""prizeYen"":824400},{""tier"":4,""winners"":8734,""prizeYen"":13300},{""tier"":5,""winners"":158788,""prizeYen"":1000}]"
"loto6","1025","2015-12-03","10 17 20 21 36 43","34","","0","[{""tier"":1,""winners"":1,""prizeYen"":260943800},{""tier"":2,""winners"":5,""prizeYen"":24983800},{""tier"":3,""winners"":146,""prizeYen"":1026700},{""tier"":4,""winners"":9129,""prizeYen"":14400},{""tier"":5,""winners"":157394,""prizeYen"":1000}]"
"loto6","1026","2015-12-07","1 8 11 17 22 26","31","","0","[{""tier"":1,""winners"":2,""prizeYen"":52917100},{""tier"":2,""winners"":11,""prizeYen"":8659000},{""tier"":3,""winners"":400,""prizeYen"":285700},{""tier"":4,""winners"":16724,""prizeYen"":6000},{""tier"":5,""winners"":228080,""prizeYen"":1000}]"
"loto6","1027","2015-12-10","13 16 17 19 20 38","18","","120966218","[{""tier"":1,""winners"":0,""prizeYen"":0},{""tier"":2,""winners"":5,""prizeYen"":21773700},{""tier"":3,""winners"":165,""prizeYen"":791700},{""tier"":4,""winners"":8349,""prizeYen"":13800},{""tier"":5,""winners"":151310,""prizeYen"":1000}]"
"loto6","1028","2015-12-14","7 10 18 21 28 36","40","","0","[{""tier"":1,""winners"":4,""prizeYen"":62660500},{""tier"":2,""winners"":6,""prizeYen"":19451200},{""tier"":3,""winners"":306,""prizeYen"":457600},{""tier"":4,""winners"":14237,""prizeYen"":8600},{""tier"":5,""winners"":216466,""prizeYen"":1000}]"
"loto6","1029","2015-12-17","5 13 22 31 37 39","4","","0","[{""tier"":1,""winners"":1,""prizeYen"":119024800},{""tier"":2,""winners"":16,""prizeYen"":6695000},{""tier"":3,""winners"":305,""prizeYen"":421400},{""tier"":4,""winners"":13102,""prizeYen"":8600},{""tier"":5,""winners"":188473,""prizeYen"":1000}]"
"loto6","1030","2015-12-21","4 9 17 20 23 42","19","","117518400","[{""tier"":1,""winners"":0,""prizeYen"":0},{""tier"":2,""winners"":7,""prizeYen"":15109300},{""tier"":3,""winners"":272,""prizeYen"":466600},{""tier"":4,""winners"":12278,""prizeYen"":9100},{""tier"":5,""winners"":189165,""prizeYen"":1000}]"
"loto6","1031","2015-12-24","2 4 7 22 32 35","1","","252531046","[{""tier"":1,""winners"":0,""prizeYen"":0},{""tier"":2,""winners"":4,""prizeYen"":30377500},{""tier"":3,""winners"":198,""prizeYen"":736400},{""tier"":4,""winners"":11909,""prizeYen"":10800},{""tier"":5,""winners"":201973,""prizeYen"":1000}]"
"loto6","1032","2015-12-28","11 20 21 30 36 43","17","","412952008","[{""tier"":1,""winners"":0,""prizeYen"":0},{""tier"":2,""winners"":15,""prizeYen"":9625100},{""tier"":3,""winners"":211,""prizeYen"":821100},{""tier"":4,""winners"":12124,""prizeYen"":12600},{""tier"":5,""winners"":197770,""prizeYen"":1000}]"
"loto6","1033","2016-01-04","1 15 21 24 37 41","7","","0","[{""tier"":1,""winners"":2,""prizeYen"":282753200},{""tier"":2,""winners"":12,""prizeYen"":11441400},{""tier"":3,""winners"":275,""prizeYen"":599100},{""tier"":4,""winners"":12533,""prizeYen"":11500},{""tier"":5,""winners"":213441,""prizeYen"":1000}]"
"loto6","1034","2016-01-07","14 20 24 25 31 32","29","","0","[{""tier"":1,""winners"":1,""prizeYen"":127300500},{""tier"":2,""winners"":6,""prizeYen"":19094900},{""tier"":3,""winners"":185,""prizeYen"":743100},{""tier"":4,""winners"":9540,""prizeYen"":12700},{""tier"":5,""winners"":165368,""prizeYen"":1000}]"
"loto6","1035","2016-01-11","9 15 17 19 27 33","40","","113855362","[{""tier"":1,""winners"":0,""prizeYen"":0},{""tier"":2,""winners"":7,""prizeYen"":14638400},{""tier"":3,""winners"":243,""prizeYen"":506000},{""tier"":4,""winners"":12436,""prizeYen"":8700},{""tier"":5,""winners"":198214,""prizeYen"":1000}]"
"loto6","1036","2016-01-14","2 8 17 27 30 31","13","","0","[{""tier"":1,""winners"":4,""prizeYen"":61726800},{""tier"":2,""winners"":11,""prizeYen"":10885900},{""tier"":3,""winners"":325,""prizeYen"":442100},{""tier"":4,""winners"":14581,""prizeYen"":8600},{""tier"":5,""winners"":216644,""prizeYen"":1000}]"
"loto6","1037","2016-01-18","1 3 12 13 21 32","41","","0","[{""tier"":1,""winners"":1,""prizeYen"":113813400},{""tier"":2,""winners"":21,""prizeYen"":4877600},{""tier"":3,""winners"":272,""prizeYen"":451900},{""tier"":4,""winners"":13238,""prizeYen"":8100},{""tier"":5,""winners"":202034,""prizeYen"":1000}]"
"loto6","1038","2016-01-21","3 7 24 25 27 39","20","","0","[{""tier"":1,""winners"":2,""prizeYen"":52512600},{""tier"":2,""winners"":17,""prizeYen"":5560100},{""tier"":3,""winners"":514,""prizeYen"":220600},{""tier"":4,""winners"":17217,""prizeYen"":5800},{""tier"":5,""winners"":234727,""prizeYen"":1000}]"
"loto6","1039","2016-01-25","6 9 20 34 37 41","25","","125051453","[{""tier"":1,""winners"":0,""prizeYen"":0},{""tier"":2,""winners"":5,""prizeYen"":22509000},{""tier"":3,""winners"":144,""prizeYen"":937800},{""tier"":4,""winners"":8495,""prizeYen"":14000},{""tier"":5,""winners"":147378,""prizeYen"":1000}]"
"loto6","1040","2016-01-28","7 13 15 21 23 34","12","","0","[{""tier"":1,""winners"":4,""prizeYen"":65169100},{""tier"":2,""winners"":4,""prizeYen"":30515400},{""tier"":3,""winners"":284,""prizeYen"":515700},{""tier"":4,""winners"":13495,""prizeYen"":9500},{""tier"":5,""winners"":211732,""prizeYen"":1000}]"
"loto6","1041","2016-02-01","14 22 27 29 33 37","24","","0","[{""tier"":1,""winners"":3,""prizeYen"":39365300},{""tier"":2,""winners"":4,""prizeYen"":26571400},{""tier"":3,""winners"":268,""prizeYen"":475900},{""tier"":4,""winners"":13351,""prizeYen"":8400},{""tier"":5,""winners"":201271,""prizeYen"":1000}]"
"loto6","1042","2016-02-04","4 10 11 12 18 25","36","","0","[{""tier"":1,""winners"":12,""prizeYen"":8291100},{""tier"":2,""winners"":17,""prizeYen"":5267200},{""tier"":3,""winners"":663,""prizeYen"":162000},{""tier"":4,""winners"":22031,""prizeYen"":4300},{""tier"":5,""winners"":257868,""prizeYen"":1000}]"
"loto6","1043","2016-02-08","21 29 30 32 38 42","16","","0","[{""tier"":1,""winners"":1,""prizeYen"":132237700},{""tier"":2,""winners"":2,""prizeYen"":59506400},{""tier"":3,""winners"":135,""prizeYen"":1057800},{""tier"":4,""winners"":7237,""prizeYen"":17400},{""tier"":5,""winners"":135837,""prizeYen"":1000}]"
"loto6","1044","2016-02-11","3 7 16 26 34 39","23","","0","[{""tier"":1,""winners"":1,""prizeYen"":111439200},{""tier"":2,""winners"":11,""prizeYen"":9117600},{""tier"":3,""winners"":260,""prizeYen"":462800},{""tier"":4,""winners"":11750,""prizeYen"":9000},{""tier"":5,""winners"":183459,""prizeYen"":1000}]"
"loto6","1045","2016-02-15","1 19 21 30 31 43","18","","0","[{""tier"":1,""winners"":2,""prizeYen"":64732900},{""tier"":2,""winners"":4,""prizeYen"":29129500},{""tier"":3,""winners"":193,""prizeYen"":724400},{""tier"":4,""winners"":9072,""prizeYen"":13500},{""tier"":5,""winners"":150132,""prizeYen"":1000}]"
"loto6","1046","2016-02-18","6 13 17 18 27 43","21","","117943963","[{""tier"":1,""winners"":0,""prizeYen"":0},{""tier"":2,""winners"":4,""prizeYen"":26537100},{""tier"":3,""winners"":223,""prizeYen"":571200},{""tier"":4,""winners"":11877,""prizeYen"":9400},{""tier"":5,""winners"":196801,""prizeYen"":1000}]"
"loto6","1047","2016-02-22","5 9 13 31 32 35","26","","0","[{""tier"":1,""winners"":1,""prizeYen"":254367900},{""tier"":2,""winners"":18,""prizeYen"":6821100},{""tier"":3,""winners"":287,""prizeYen"":513300},{""tier"":4,""winners"":12092,""prizeYen"":10700},{""tier"":5,""winners"":197142,""prizeYen"":1000}]"
"loto6","1048","2016-02-25","26 27 30 31 34 40","20","","131928303","[{""tier"":1,""winners"":0,""prizeYen"":0},{""tier"":2,""winners"":3,""prizeYen"":39578100},{""tier"":3,""winners"":149,""prizeYen"":956200},{""tier"":4,""winners"":7164,""prizeYen"":17500},{""tier"":5,""winners"":135576,""prizeYen"":1000}]"
"loto6","1049","2016-02-29","3 6 15 23 24 31","11","","0","[{""tier"":1,""winners"":1,""prizeYen"":254007900},{""tier"":2,""winners"":12,""prizeYen"":9155800},{""tier"":3,""winners"":451,""prizeYen"":292300},{""tier"":4,""winners"":18708,""prizeYen"":6200},{""tier"":5,""winners"":258068,""prizeYen"":1000}]"
"loto6","1050","2016-03-03","3 8 14 28 31 43","35","","0","[{""tier"":1,""winners"":3,""prizeYen"":38678500},{""tier"":2,""winners"":9,""prizeYen"":11603400},{""tier"":3,""winners"":325,""prizeYen"":385500},{""tier"":4,""winners"":13239,""prizeYen"":8300},{""tier"":5,""winners"":200585,""prizeYen"":1000}]"
"loto6","1051","2016-03-07","5 13 20 28 30 32","16","","0","[{""tier"":1,""winners"":1,""prizeYen"":119160600},{""tier"":2,""winners"":1,""prizeYen"":107243600},{""tier"":3,""winners"":247,""prizeYen"":521000},{""tier"":4,""winners"":11351,""prizeYen"":10000},{""tier"":5,""winners"":180178,""prizeYen"":1000}]"
"loto6","1052","2016-03-10","6 26 34 37 42 43","13","","124574314","[{""tier"":1,""winners"":0,""prizeYen"":0},{""tier"":2,""winners"":10,""prizeYen"":11211500},{""tier"":3,""winners"":130,""prizeYen"":1034900},{""tier"":4,""winners"":8010,""prizeYen"":14800},{""tier"":5,""winners"":142007,""prizeYen"":1000}]"
"loto6","1053","2016-03-14","4 11 23 27 35 42","15","","0","[{""tier"":1,""winners"":3,""prizeYen"":82239100},{""tier"":2,""winners"":23,""prizeYen"":4779400},{""tier"":3,""winners"":412,""prizeYen"":320100},{""tier"":4,""winners"":1593,""prizeYen"":7500},{""tier"":5,""winners"":216691,""prizeYen"":1000}]"
"loto6","1054","2016-03-17","7 9 10 19 28 33","36","","0","[{""tier"":1,""winners"":1,""prizeYen"":107805100},{""tier"":2,""winners"":9,""prizeYen"":10780400},{""tier"":3,""winners"":329,""prizeYen"":353800},{""tier"":4,""winners"":13690,""prizeYen"":7500},{""tier"":5,""winners"":206139,""prizeYen"":1000}]"
"loto6","1055","2016-03-21","5 11 20 25 26 32","6","","104806984","[{""tier"":1,""winners"":0,""prizeYen"":0},{""tier"":2,""winners"":10,""prizeYen"":9432500},{""tier"":3,""winners"":254,""prizeYen"":445600},{""tier"":4,""winners"":12223,""prizeYen"":8100},{""tier"":5,""winners"":184437,""prizeYen"":1000}]"
"loto6","1056","2016-03-24","14 16 19 29 32 37","24","","239117105","[{""tier"":1,""winners"":0,""prizeYen"":0},{""tier"":2,""winners"":7,""prizeYen"":17268200},{""tier"":3,""winners"":197,""prizeYen"":736300},{""tier"":4,""winners"":10229,""prizeYen"":12500},{""tier"":5,""winners"":168887,""prizeYen"":1000}]"
"loto6","1057","2016-03-28","2 11 19 21 28 38","25","","0","[{""tier"":1,""winners"":1,""prizeYen"":376797400},{""tier"":2,""winners"":10,""prizeYen"":12391100},{""tier"":3,""winners"":304,""prizeYen"":489100},{""tier"":4,""winners"":14181,""prizeYen"":9200},{""tier"":5,""winners"":230885,""prizeYen"":1000}]"
"loto6","1058","2016-03-31","11 12 17 23 29 43","37","","0","[{""tier"":1,""winners"":1,""prizeYen"":115484500},{""tier"":2,""winners"":8,""prizeYen"":12991900},{""tier"":3,""winners"":250,""prizeYen"":498800},{""tier"":4,""winners"":12891,""prizeYen"":8500},{""tier"":5,""winners"":196365,""prizeYen"":1000}]"
"loto6","1059","2016-04-04","8 26 27 29 35 43","6","","0","[{""tier"":1,""winners"":2,""prizeYen"":61718600},{""tier"":2,""winners"":5,""prizeYen"":22218500},{""tier"":3,""winners"":179,""prizeYen"":744700},{""tier"":4,""winners"":9556,""prizeYen"":12300},{""tier"":5,""winners"":160376,""prizeYen"":1000}]"
"loto6","1060","2016-04-07","5 10 16 17 32 37","36","","0","[{""tier"":1,""winners"":1,""prizeYen"":112704100},{""tier"":2,""winners"":4,""prizeYen"":25358200},{""tier"":3,""winners"":256,""prizeYen"":475400},{""tier"":4,""winners"":10719,""prizeYen"":10000},{""tier"":5,""winners"":176459,""prizeYen"":1000}]"
"loto6","1061","2016-04-11","1 12 14 16 20 29","4","","0","[{""tier"":1,""winners"":1,""prizeYen"":121147800},{""tier"":2,""winners"":7,""prizeYen"":15576000},{""tier"":3,""winners"":200,""prizeYen"":654100},{""tier"":4,""winners"":10082,""prizeYen"":11400},{""tier"":5,""winners"":170517,""prizeYen"":1000}]"
"loto6","1062","2016-04-14","2 7 28 39 42 43","41","","119316010","[{""tier"":1,""winners"":0,""prizeYen"":0},{""tier"":2,""winners"":1,""prizeYen"":107383400},{""tier"":3,""winners"":155,""prizeYen"":831300},{""tier"":4,""winners"":9107,""prizeYen"":12400},{""tier"":5,""winners"":163002,""prizeYen"":1000}]"
"loto6","1063","2016-04-18","6 12 13 34 38 42","41","","0","[{""tier"":1,""winners"":2,""prizeYen"":127447200},{""tier"":2,""winners"":3,""prizeYen"":40673100},{""tier"":3,""winners"":311,""prizeYen"":470800},{""tier"":4,""winners"":13335,""prizeYen"":9600},{""tier"":5,""winners"":210535,""prizeYen"":1000}]"
"loto6","1064","2016-04-21","4 13 18 27 30 39","34","","0","[{""tier"":1,""winners"":1,""prizeYen"":112756900},{""tier"":2,""winners"":11,""prizeYen"":9225400},{""tier"":3,""winners"":337,""prizeYen"":361300},{""tier"":4,""winners"":13852,""prizeYen"":7700},{""tier"":5,""winners"":197217,""prizeYen"":1000}]"
"loto6","1065","2016-04-25","11 13 27 37 41 42","40","","0","[{""tier"":1,""winners"":2,""prizeYen"":61590200},{""tier"":2,""winners"":1,""prizeYen"":110861400},{""tier"":3,""winners"":220,""prizeYen"":604600},{""tier"":4,""winners"":10286,""prizeYen"":11400},{""tier"":5,""winners"":174906,""prizeYen"":1000}]"
"loto6","1066","2016-04-28","2 11 29 36 40 42","17","","0","[{""tier"":1,""winners"":2,""prizeYen"":62523100},{""tier"":2,""winners"":9,""prizeYen"":12504500},{""tier"":3,""winners"":150,""prizeYen"":900300},{""tier"":4,""winners"":8782,""prizeYen"":13500},{""tier"":5,""winners"":152781,""prizeYen"":1000}]"
"loto6","1067","2016-05-02","5 9 25 27 28 33","10","","0","[{""tier"":1,""winners"":1,""prizeYen"":108258500},{""tier"":2,""winners"":11,""prizeYen"":8857400},{""tier"":3,""winners"":287,""prizeYen"":407300},{""tier"":4,""winners"":14127,""prizeYen"":7300},{""tier"":5,""winners"":218639,""prizeYen"":1000}]"
"loto6","1068","2016-05-05","3 9 21 34 35 42","4","","0","[{""tier"":1,""winners"":1,""prizeYen"":110869000},{""tier"":2,""winners"":3,""prizeYen"":33260400},{""tier"":3,""winners"":166,""prizeYen"":721300},{""tier"":4,""winners"":8710,""prizeYen"":12100},{""tier"":5,""winners"":145310,""prizeYen"":1000}]"
"loto6","1069","2016-05-09","12 17 26 30 33 40","8","","0","[{""tier"":1,""winners"":4,""prizeYen"":30234500},{""tier"":2,""winners"":9,""prizeYen"":12093700},{""tier"":3,""winners"":184,""prizeYen"":709800},{""tier"":4,""winners"":9501,""prizeYen"":12100},{""tier"":5,""winners"":157175,""prizeYen"":1000}]"
"loto6","1070","2016-05-12","11 21 25 34 35 36","15","","121834155","[{""tier"":1,""winners"":0,""prizeYen"":0},{""tier"":2,""winners"":5,""prizeYen"":21929900},{""tier"":3,""winners"":173,""prizeYen"":760500},{""tier"":4,""winners"":7986,""prizeYen"":14500},{""tier"":5,""winners"":144986,""prizeYen"":1000}]"
"loto6","1071","2016-05-16","1 10 25 27 31 40","3","","0","[{""tier"":1,""winners"":2,""prizeYen"":126632600},{""tier"":2,""winners"":10,""prizeYen"":11828700},{""tier"":3,""winners"":286,""prizeYen"":496300},{""tier"":4,""winners"":11483,""prizeYen"":10900},{""tier"":5,""winners"":188142,""prizeYen"":1000}]"
"loto6","1072","2016-05-19","3 17 20 32 36 43","4","","0","[{""tier"":1,""winners"":2,""prizeYen"":59091100},{""tier"":2,""winners"":6,""prizeYen"":17727100},{""tier"":3,""winners"":302,""prizeYen"":422600},{""tier"":4,""winners"":10227,""prizeYen"":11000},{""tier"":5,""winners"":152410,""prizeYen"":1000}]"
"loto6","1073","2016-05-23","1 3 5 8 20 39","30","","108246759","[{""tier"":1,""winners"":0,""prizeYen"":0},{""tier"":2,""winners"":6,""prizeYen"":16236800},{""tier"":3,""winners"":255,""prizeYen"":458400},{""tier"":4,""winners"":12971,""prizeYen"":7900},{""tier"":5,""winners"":196338,""prizeYen"":1000}]"
"loto6","1074","2016-05-26","8 9 16 27 30 33","19","","0","[{""tier"":1,""winners"":2,""prizeYen"":115607900},{""tier"":2,""winners"":13,""prizeYen"":8513100},{""tier"":3,""winners"":295,""prizeYen"":450100},{""tier"":4,""winners"":13570,""prizeYen"":8600},{""tier"":5,""winners"":212559,""prizeYen"":1000}]"
"loto6","1075","2016-05-30","7 8 21 24 34 42","1","","114154317","[{""tier"":1,""winners"":0,""prizeYen"":0},{""tier"":2,""winners"":5,""prizeYen"":20547500},{""tier"":3,""winners"":181,""prizeYen"":681100},{""tier"":4,""winners"":9771,""prizeYen"":11100},{""tier"":5,""winners"":168233,""prizeYen"":1000}]"
"loto6","1076","2016-06-02","21 22 24 30 31 43","19","","254791972","[{""tier"":1,""winners"":0,""prizeYen"":0},{""tier"":2,""winners"":2,""prizeYen"":63286300},{""tier"":3,""winners"":189,""prizeYen"":803600},{""tier"":4,""winners"":8612,""prizeYen"":15500},{""tier"":5,""winners"":157572,""prizeYen"":1000}]"
"loto6","1077","2016-06-06","1 4 9 23 30 36","5","","0","[{""tier"":1,""winners"":2,""prizeYen"":197901400},{""tier"":2,""winners"":13,""prizeYen"":9762200},{""tier"":3,""winners"":321,""prizeYen"":474400},{""tier"":4,""winners"":15244,""prizeYen"":8800},{""tier"":5,""winners"":231542,""prizeYen"":1000}]"
"loto6","1078","2016-06-09","3 12 20 33 35 41","34","","0","[{""tier"":1,""winners"":1,""prizeYen"":115777800},{""tier"":2,""winners"":3,""prizeYen"":34733000},{""tier"":3,""winners"":199,""prizeYen"":628300},{""tier"":4,""winners"":9609,""prizeYen"":11400},{""tier"":5,""winners"":157806,""prizeYen"":1000}]"
"loto6","1079","2016-06-13","8 12 19 24 30 36","42","","0","[{""tier"":1,""winners"":4,""prizeYen"":26765200},{""tier"":2,""winners"":9,""prizeYen"":10706000},{""tier"":3,""winners"":393,""prizeYen"":294200},{""tier"":4,""winners"":14781,""prizeYen"":6900},{""tier"":5,""winners"":193542,""prizeYen"":1000}]"
"loto6","1080","2016-06-16","6 15 16 19 38 41","23","","0","[{""tier"":1,""winners"":1,""prizeYen"":118773200},{""tier"":2,""winners"":12,""prizeYen"":8907900},{""tier"":3,""winners"":215,""prizeYen"":596600},{""tier"":4,""winners"":10966,""prizeYen"":10300},{""tier"":5,""winners"":172913,""prizeYen"":1000}]"
"loto6","1081","2016-06-20","6 8 13 17 18 20","28","","112885276","[{""tier"":1,""winners"":0,""prizeYen"":0},{""tier"":2,""winners"":6,""prizeYen"":16932600},{""tier"":3,""winners"":240,""prizeYen"":507900},{""tier"":4,""winners"":12616,""prizeYen"":8500},{""tier"":5,""winners"":202671,""prizeYen"":1000}]"
"loto6","1082","2016-06-23","9 12 19 21 39 40","16","","0","[{""tier"":1,""winners"":2,""prizeYen"":121707300},{""tier"":2,""winners"":5,""prizeYen"":23495000},{""tier"":3,""winners"":309,""prizeYen"":456200},{""tier"":4,""winners"":13159,""prizeYen"":9400},{""tier"":5,""winners"":202405,""prizeYen"":1000}]"
"loto6","1083","2016-06-27","10 13 15 18 25 38","20","","0","[{""tier"":1,""winners"":3,""prizeYen"":38342600},{""tier"":2,""winners"":2,""prizeYen"":51762100},{""tier"":3,""winners"":280,""prizeYen"":443600},{""tier"":4,""winners"":12477,""prizeYen"":8700},{""tier"":5,""winners"":191647,""prizeYen"":1000}]"
"loto6","1084","2016-06-30","1 7 20 28 34 38","16","","0","[{""tier"":1,""winners"":2,""prizeYen"":62278200},{""tier"":2,""winners"":9,""prizeYen"":12455500},{""tier"":3,""winners"":170,""prizeYen"":791200},{""tier"":4,""winners"":8315,""prizeYen"":14200},{""tier"":5,""winners"":152233,""prizeYen"":1000}]"
"loto6","1085","2016-07-04","3 20 21 30 34 35","23","","0","[{""tier"":1,""winners"":1,""prizeYen"":120330700},{""tier"":2,""winners"":4,""prizeYen"":27074100},{""tier"":3,""winners"":264,""prizeYen"":492200},{""tier"":4,""winners"":10882,""prizeYen"":10500},{""tier"":5,""winners"":158671,""prizeYen"":1000}]"
"loto6","1086","2016-07-07","3 7 9 31 38 43","29","","114640897","[{""tier"":1,""winners"":0,""prizeYen"":0},{""tier"":2,""winners"":5,""prizeYen"":20635100},{""tier"":3,""winners"":176,""prizeYen"":703400},{""tier"":4,""winners"":10120,""prizeYen"":10700},{""tier"":5,""winners"":177784,""prizeYen"":1000}]"
"loto6","1087","2016-07-11","10 13 26 27 30 36","6","","0","[{""tier"":1,""winners"":1,""prizeYen"":245458400},{""tier"":2,""winners"":6,""prizeYen"":19622400},{""tier"":3,""winners"":214,""prizeYen"":660100},{""tier"":4,""winners"":12149,""prizeYen"":10200},{""tier"":5,""winners"":199421,""prizeYen"":1000}]"
"loto6","1088","2016-07-14","5 8 16 24 32 33","22","","0","[{""tier"":1,""winners"":2,""prizeYen"":52484700},{""tier"":2,""winners"":13,""prizeYen"":7267000},{""tier"":3,""winners"":514,""prizeYen"":220500},{""tier"":4,""winners"":16121,""prizeYen"":6200},{""tier"":5,""winners"":193377,""prizeYen"":1000}]"
"loto6","1089","2016-07-18","5 17 19 22 41 42","4","","0","[{""tier"":1,""winners"":1,""prizeYen"":110844700},{""tier"":2,""winners"":8,""prizeYen"":12469900},{""tier"":3,""winners"":198,""prizeYen"":604600},{""tier"":4,""winners"":9164,""prizeYen"":11500},{""tier"":5,""winners"":150369,""prizeYen"":1000}]"
"loto6","1090","2016-07-21","3 10 15 22 27 40","23","","0","[{""tier"":1,""winners"":2,""prizeYen"":52371900},{""tier"":2,""winners"":9,""prizeYen"":10474300},{""tier"":3,""winners"":374,""prizeYen"":302400},{""tier"":4,""winners"":13630,""prizeYen"":7300},{""tier"":5,""winners"":191289,""prizeYen"":1000}]"
"loto6","1091","2016-07-25","21 22 24 26 28 30","38","","0","[{""tier"":1,""winners"":15,""prizeYen"":8046100},{""tier"":2,""winners"":2,""prizeYen"":54310800},{""tier"":3,""winners"":347,""prizeYen"":375600},{""tier"":4,""winners"":8833,""prizeYen"":13000},{""tier"":5,""winners"":139155,""prizeYen"":1000}]"
"loto6","1092","2016-07-28","2 11 18 27 30 33","14","","0","[{""tier"":1,""winners"":1,""prizeYen"":104835100},{""tier"":2,""winners"":11,""prizeYen"":8577300},{""tier"":3,""winners"":257,""prizeYen"":440500},{""tier"":4,""winners"":13016,""prizeYen"":7600},{""tier"":5,""winners"":195486,""prizeYen"":1000}]"
"loto6","1093","2016-08-01","4 19 26 40 42 43","9","","119201119","[{""tier"":1,""winners"":0,""prizeYen"":0},{""tier"":2,""winners"":3,""prizeYen"":35760000},{""tier"":3,""winners"":146,""prizeYen"":881700},{""tier"":4,""winners"":8073,""prizeYen"":14000},{""tier"":5,""winners"":136131,""prizeYen"":1000}]"
"loto6","1094","2016-08-04","6 7 20 24 28 43","11","","0","[{""tier"":1,""winners"":1,""prizeYen"":243901900},{""tier"":2,""winners"":7,""prizeYen"":16032800},{""tier"":3,""winners"":245,""prizeYen"":549600},{""tier"":4,""winners"":11565,""prizeYen"":10200},{""tier"":5,""winners"":190507,""prizeYen"":1000}]"
"loto6","1095","2016-08-08","3 6 15 18 23 27","38","","0","[{""tier"":1,""winners"":2,""prizeYen"":46378400},{""tier"":2,""winners"":18,""prizeYen"":4637800},{""tier"":3,""winners"":471,""prizeYen"":212600},{""tier"":4,""winners"":17901,""prizeYen"":4900},{""tier"":5,""winners"":226412,""prizeYen"":1000}]"
"loto6","1096","2016-08-11","6 19 21 31 38 41","40","","107452884","[{""tier"":1,""winners"":0,""prizeYen"":0},{""tier"":2,""winners"":3,""prizeYen"":32235500},{""tier"":3,""winners"":256,""prizeYen"":453300},{""tier"":4,""winners"":8542,""prizeYen"":11900},{""tier"":5,""winners"":140731,""prizeYen"":1000}]"
"loto6","1097","2016-08-15","1 5 8 14 19 21","4","","0","[{""tier"":1,""winners"":1,""prizeYen"":220816300},{""tier"":2,""winners"":11,""prizeYen"":9275100},{""tier"":3,""winners"":309,""prizeYen"":396200},{""tier"":4,""winners"":14524,""prizeYen"":7400},{""tier"":5,""winners"":217395,""prizeYen"":1000}]"
"loto6","1098","2016-08-18","1 19 31 33 35 43","29","","123428429","[{""tier"":1,""winners"":0,""prizeYen"":0},{""tier"":2,""winners"":5,""prizeYen"":22216900},{""tier"":3,""winners"":109,""prizeYen"":1222900},{""tier"":4,""winners"":6443,""prizeYen"":18200},{""tier"":5,""winners"":121343,""prizeYen"":1000}]"
"loto6","1099","2016-08-22","6 8 12 17 18 24","35","","0","[{""tier"":1,""winners"":5,""prizeYen"":45971700},{""tier"":2,""winners"":6,""prizeYen"":15964400},{""tier"":3,""winners"":495,""prizeYen"":232200},{""tier"":4,""winners"":20738,""prizeYen"":4800},{""tier"":5,""winners"":259629,""prizeYen"":1000}]"
"loto6","1100","2016-08-25","2 6 16 23 32 35","37","","0","[{""tier"":1,""winners"":3,""prizeYen"":37958600},{""tier"":2,""winners"":7,""prizeYen"":14641000},{""tier"":3,""winners"":316,""prizeYen"":389100},{""tier"":4,""winners"":12108,""prizeYen"":8900},{""tier"":5,""winners"":183363,""prizeYen"":1000}]"
"loto6","1101","2016-08-29","4 5 7 10 13 16","1","","0","[{""tier"":1,""winners"":1,""prizeYen"":104501300},{""tier"":2,""winners"":18,""prizeYen"":5225000},{""tier"":3,""winners"":352,""prizeYen"":320600},{""tier"":4,""winners"":14895,""prizeYen"":6600},{""tier"":5,""winners"":215598,""prizeYen"":1000}]"
"loto6","1102","2016-09-01","3 6 9 13 36 37","32","","0","[{""tier"":1,""winners"":2,""prizeYen"":53346000},{""tier"":2,""winners"":5,""prizeYen"":19204400},{""tier"":3,""winners"":334,""prizeYen"":344900},{""tier"":4,""winners"":14321,""prizeYen"":7000},{""tier"":5,""winners"":207390,""prizeYen"":1000}]"
"loto6","1103","2016-09-05","8 13 14 18 24 38","25","","108656081","[{""tier"":1,""winners"":0,""prizeYen"":0},{""tier"":2,""winners"":8,""prizeYen"":12223700},{""tier"":3,""winners"":256,""prizeYen"":458300},{""tier"":4,""winners"":13401,""prizeYen"":7700},{""tier"":5,""winners"":199579,""prizeYen"":1000}]"
"loto6","1104","2016-09-08","15 25 32 33 36 38","40","","0","[{""tier"":1,""winners"":1,""prizeYen"":240488900},{""tier"":2,""winners"":8,""prizeYen"":14831000},{""tier"":3,""winners"":147,""prizeYen"":968500},{""tier"":4,""winners"":9710,""prizeYen"":12900},{""tier"":5,""winners"":166967,""prizeYen"":1000}]"
"loto6","1105","2016-09-12","12 15 25 31 39 40","26","","0","[{""tier"":1,""winners"":3,""prizeYen"":39244000},{""tier"":2,""winners"":4,""prizeYen"":26489500},{""tier"":3,""winners"":176,""prizeYen"":722400},{""tier"":4,""winners"":10118,""prizeYen"":11000},{""tier"":5,""winners"":165330,""prizeYen"":1000}]"
"loto6","1106","2016-09-15","1 4 8 10 18 33","15","","0","[{""tier"":1,""winners"":3,""prizeYen"":35491900},{""tier"":2,""winners"":7,""prizeYen"":13689600},{""tier"":3,""winners"":285,""prizeYen"":403400},{""tier"":4,""winners"":13184,""prizeYen"":7600},{""tier"":5,""winners"":193826,""prizeYen"":1000}]"
"loto6","1107","2016-09-19","6 7 12 22 30 33","36","","0","[{""tier"":1,""winners"":1,""prizeYen"":99931500},{""tier"":2,""winners"":5,""prizeYen"":17987500},{""tier"":3,""winners"":233,""prizeYen"":463100},{""tier"":4,""winners"":11718,""prizeYen"":8100},{""tier"":5,""winners"":184362,""prizeYen"":1000}]"
"loto6","1108","2016-09-22","12 25 29 32 38 43","35","","109562711","[{""tier"":1,""winners"":0,""prizeYen"":0},{""tier"":2,""winners"":2,""prizeYen"":49302700},{""tier"":3,""winners"":217,""prizeYen"":545200},{""tier"":4,""winners"":8895,""prizeYen"":11700},{""tier"":5,""winners"":144072,""prizeYen"":1000}]"
"loto6","1109","2016-09-26","6 8 14 27 36 42","28","","0","[{""tier"":1,""winners"":2,""prizeYen"":116339700},{""tier"":2,""winners"":12,""prizeYen"":9233600},{""tier"":3,""winners"":355,""prizeYen"":374500},{""tier"":4,""winners"":15025,""prizeYen"":7800},{""tier"":5,""winners"":223291,""prizeYen"":1000}]"
"loto6","1110","2016-09-29","1 6 21 34 36 39","29","","0","[{""tier"":1,""winners"":1,""prizeYen"":119660300},{""tier"":2,""winners"":3,""prizeYen"":35897700},{""tier"":3,""winners"":138,""prizeYen"":936400},{""tier"":4,""winners"":7404,""prizeYen"":15300},{""tier"":5,""winners"":139014,""prizeYen"":1000}]"
"loto6","1111","2016-10-03","6 16 17 27 33 41","42","","0","[{""tier"":1,""winners"":2,""prizeYen"":56059200},{""tier"":2,""winners"":5,""prizeYen"":20181100},{""tier"":3,""winners"":249,""prizeYen"":486200},{""tier"":4,""winners"":10910,""prizeYen"":9700},{""tier"":5,""winners"":173574,""prizeYen"":1000}]"
"loto6","1112","2016-10-06","6 9 15 19 39 42","34","","109217758","[{""tier"":1,""winners"":0,""prizeYen"":0},{""tier"":2,""winners"":1,""prizeYen"":98295100},{""tier"":3,""winners"":218,""prizeYen"":541000},{""tier"":4,""winners"":10804,""prizeYen"":9600},{""tier"":5,""winners"":171416,""prizeYen"":1000}]"
"loto6","1113","2016-10-10","1 12 14 26 34 41","6","","0","[{""tier"":1,""winners"":1,""prizeYen"":232610100},{""tier"":2,""winners"":15,""prizeYen"":7403400},{""tier"":3,""winners"":216,""prizeYen"":616900},{""tier"":4,""winners"":10805,""prizeYen"":10800},{""tier"":5,""winners"":172551,""prizeYen"":1000}]"
"loto6","1114","2016-10-13","2 7 9 28 38 39","26","","106492819","[{""tier"":1,""winners"":0,""prizeYen"":0},{""tier"":2,""winners"":8,""prizeYen"":11980300},{""tier"":3,""winners"":190,""prizeYen"":605300},{""tier"":4,""winners"":10923,""prizeYen"":9200},{""tier"":5,""winners"":174790,""prizeYen"":1000}]"
"loto6","1115","2016-10-17","3 10 12 26 38 42","4","","0","[{""tier"":1,""winners"":4,""prizeYen"":56683600},{""tier"":2,""winners"":11,""prizeYen"":9837800},{""tier"":3,""winners"":417,""prizeYen"":311400},{""tier"":4,""winners"":16046,""prizeYen"":7100},{""tier"":5,""winners"":232595,""prizeYen"":1000}]"
"loto6","1116","2016-10-20","1 11 33 34 35 38","29","","225823223","[{""tier"":1,""winners"":0,""prizeYen"":0},{""tier"":2,""winners"":0,""prizeYen"":0},{""tier"":3,""winners"":168,""prizeYen"":764000},{""tier"":4,""winners"":7807,""prizeYen"":14500},{""tier"":5,""winners"":138057,""prizeYen"":1000}]"
"loto6","1117","2016-10-24","2 6 7 9 19 23","21","","0","[{""tier"":1,""winners"":2,""prizeYen"":174617600},{""tier"":2,""winners"":8,""prizeYen"":13883700},{""tier"":3,""winners"":567,""prizeYen"":235000},{""tier"":4,""winners"":21364,""prizeYen"":5500},{""tier"":5,""winners"":282219,""prizeYen"":1000}]"
"loto6","1118","2016-10-27","1 11 21 25 34 36","28","","116917626","[{""tier"":1,""winners"":0,""prizeYen"":0},{""tier"":2,""winners"":6,""prizeYen"":17537400},{""tier"":3,""winners"":281,""prizeYen"":449300},{""tier"":4,""winners"":9877,""prizeYen"":11200},{""tier"":5,""winners"":164430,""prizeYen"":1000}]"
"loto6","1119","2016-10-31","3 6 15 21 42 43","11","","0","[{""tier"":1,""winners"":3,""prizeYen"":81465700},{""tier"":2,""winners"":7,""prizeYen"":16390000},{""tier"":3,""winners"":324,""prizeYen"":424900},{""tier"":4,""winners"":13580,""prizeYen"":8900},{""tier"":5,""winners"":211017,""prizeYen"":1000}]"
"loto6","1120","2016-11-03","10 12 13 29 35 39","33","","111220831","[{""tier"":1,""winners"":0,""prizeYen"":0},{""tier"":2,""winners"":4,""prizeYen"":25024400},{""tier"":3,""winners"":178,""prizeYen"":674800},{""tier"":4,""winners"":9105,""prizeYen"":11600},{""tier"":5,""winners"":156071,""prizeYen"":1000}]"
"loto6","1121","2016-11-07","2 8 31 38 40 42","41","","249302847","[{""tier"":1,""winners"":0,""prizeYen"":0},{""tier"":2,""winners"":3,""prizeYen"":41424200},{""tier"":3,""winners"":164,""prizeYen"":909300},{""tier"":4,""winners"":9921,""prizeYen"":13200},{""tier"":5,""winners"":178687,""prizeYen"":1000}]"
"loto6","1122","2016-11-10","22 24 29 31 32 34","40","","399629190","[{""tier"":1,""winners"":0,""prizeYen"":0},{""tier"":2,""winners"":1,""prizeYen"":135292500},{""tier"":3,""winners"":182,""prizeYen"":892000},{""tier"":4,""winners"":8596,""prizeYen"":16600},{""tier"":5,""winners"":159494,""prizeYen"":1000}]"
"loto6","1123","2016-11-14","4 8 23 29 34 35","15","","0","[{""tier"":1,""winners"":3,""prizeYen"":184681300},{""tier"":2,""winners"":15,""prizeYen"":9264800},{""tier"":3,""winners"":246,""prizeYen"":677900},{""tier"":4,""winners"":14227,""prizeYen"":10300},{""tier"":5,""winners"":231821,""prizeYen"":1000}]"
"loto6","1124","2016-11-17","1 16 24 28 40 42","33","","0","[{""tier"":1,""winners"":1,""prizeYen"":120119000},{""tier"":2,""winners"":2,""prizeYen"":54053100},{""tier"":3,""winners"":192,""prizeYen"":675600},{""tier"":4,""winners"":88801,""prizeYen"":12800},{""tier"":5,""winners"":146276,""prizeYen"":1000}]"
"loto6","1125","2016-11-21","2 16 19 20 24 36","27","","116587730","[{""tier"":1,""winners"":0,""prizeYen"":0},{""tier"":2,""winners"":7,""prizeYen"":14989700},{""tier"":3,""winners"":201,""prizeYen"":626400},{""tier"":4,""winners"":10191,""prizeYen"":10800},{""tier"":5,""winners"":165665,""prizeYen"":1000}]"
"loto6","1126","2016-11-24","4 5 26 30 34 42","27","","0","[{""tier"":1,""winners"":2,""prizeYen"":121776000},{""tier"":2,""winners"":6,""prizeYen"":19044400},{""tier"":3,""winners"":163,""prizeYen"":841200},{""tier"":4,""winners"":9404,""prizeYen"":12800},{""tier"":5,""winners"":166812,""prizeYen"":1000}]"
"loto6","1127","2016-11-28","9 15 17 21 23 42","24","","114591920","[{""tier"":1,""winners"":0,""prizeYen"":0},{""tier"":2,""winners"":3,""prizeYen"":34377200},{""tier"":3,""winners"":235,""prizeYen"":526600},{""tier"":4,""winners"":10996,""prizeYen"":9900},{""tier"":5,""winners"":177119,""prizeYen"":1000}]"
"loto6","1128","2016-12-01","3 15 21 29 30 35","39","","244865806","[{""tier"":1,""winners"":0,""prizeYen"":0},{""tier"":2,""winners"":8,""prizeYen"":14655600},{""tier"":3,""winners"":318,""prizeYen"":442400},{""tier"":4,""winners"":13056,""prizeYen"":9500},{""tier"":5,""winners"":196830,""prizeYen"":1000}]"
"loto6","1129","2016-12-05","6 11 19 28 30 43","32","","0","[{""tier"":1,""winners"":2,""prizeYen"":193235600},{""tier"":2,""winners"":13,""prizeYen"":9803300},{""tier"":3,""winners"":350,""prizeYen"":436900},{""tier"":4,""winners"":15340,""prizeYen"":8700},{""tier"":5,""winners"":233083,""prizeYen"":1000}]"
"loto6","1130","2016-12-08","1 11 37 38 39 42","26","","0","[{""tier"":1,""winners"":1,""prizeYen"":121251200},{""tier"":2,""winners"":5,""prizeYen"":21825000},{""tier"":3,""winners"":214,""prizeYen"":611900},{""tier"":4,""winners"":9379,""prizeYen"":12300},{""tier"":5,""winners"":152854,""prizeYen"":1000}]"
"loto6","1131","2016-12-12","6 12 25 36 38 41","18","","0","[{""tier"":1,""winners"":2,""prizeYen"":54306800},{""tier"":2,""winners"":15,""prizeYen"":6516700},{""tier"":3,""winners"":474,""prizeYen"":247400},{""tier"":4,""winners"":15952,""prizeYen"":6400},{""tier"":5,""winners"":210055,""prizeYen"":1000}]"
"loto6","1132","2016-12-15","4 5 24 29 33 35","40","","0","[{""tier"":1,""winners"":1,""prizeYen"":116000500},{""tier"":2,""winners"":2,""prizeYen"":52199700},{""tier"":3,""winners"":200,""prizeYen"":626300},{""tier"":4,""winners"":10015,""prizeYen"":11000},{""tier"":5,""winners"":174763,""prizeYen"":1000}]"
"loto6","1133","2016-12-19","3 18 19 20 37 38","9","","121360932","[{""tier"":1,""winners"":0,""prizeYen"":0},{""tier"":2,""winners"":9,""prizeYen"":12135900},{""tier"":3,""winners"":218,""prizeYen"":601200},{""tier"":4,""winners"":10331,""prizeYen"":11100},{""tier"":5,""winners"":172860,""prizeYen"":1000}]"
"loto6","1134","2016-12-22","5 6 12 14 30 38","29","","242429091","[{""tier"":1,""winners"":0,""prizeYen"":0},{""tier"":2,""winners"":15,""prizeYen"":7264000},{""tier"":3,""winners"":318,""prizeYen"":411100},{""tier"":4,""winners"":15140,""prizeYen"":7600},{""tier"":5,""winners"":242773,""prizeYen"":1000}]"
"loto6","1135","2016-12-26","20 22 28 29 32 41","14","","405320947","[{""tier"":1,""winners"":0,""prizeYen"":0},{""tier"":2,""winners"":4,""prizeYen"":36650300},{""tier"":3,""winners"":163,""prizeYen"":1079200},{""tier"":4,""winners"":9168,""prizeYen"":16900},{""tier"":5,""winners"":171912,""prizeYen"":1000}]"
"loto6","1136","2016-12-29","3 4 7 8 22 33","18","","151792210","[{""tier"":1,""winners"":1,""prizeYen"":400000000},{""tier"":2,""winners"":17,""prizeYen"":7754200},{""tier"":3,""winners"":451,""prizeYen"":350700},{""tier"":4,""winners"":20985,""prizeYen"":6600},{""tier"":5,""winners"":304439,""prizeYen"":1000}]"
"loto6","1137","2017-01-05","1 18 21 31 37 41","20","","299920710","[{""tier"":1,""winners"":0,""prizeYen"":0},{""tier"":2,""winners"":4,""prizeYen"":33328600},{""tier"":3,""winners"":279,""prizeYen"":573300},{""tier"":4,""winners"":13786,""prizeYen"":10200},{""tier"":5,""winners"":175278,""prizeYen"":1000}]"
"loto6","1138","2017-01-09","8 15 21 24 35 38","22","","440962245","[{""tier"":1,""winners"":0,""prizeYen"":0},{""tier"":2,""winners"":6,""prizeYen"":21156000},{""tier"":3,""winners"":367,""prizeYen"":415000},{""tier"":4,""winners"":16193,""prizeYen"":8200},{""tier"":5,""winners"":237752,""prizeYen"":1000}]"
"loto6","1139","2017-01-12","4 6 14 17 23 33","26","","189401711","[{""tier"":1,""winners"":1,""prizeYen"":400000000},{""tier"":2,""winners"":9,""prizeYen"":14843800},{""tier"":3,""winners"":337,""prizeYen"":475700},{""tier"":4,""winners"":17517,""prizeYen"":8000},{""tier"":5,""winners"":272459,""prizeYen"":1000}]"
"loto6","1140","2017-01-16","11 21 30 31 36 37","23","","0","[{""tier"":1,""winners"":1,""prizeYen"":331666000},{""tier"":2,""winners"":8,""prizeYen"":16004500},{""tier"":3,""winners"":204,""prizeYen"":753100},{""tier"":4,""winners"":11492,""prizeYen"":11700},{""tier"":5,""winners"":182252,""prizeYen"":1000}]"
"loto6","1141","2017-01-19","1 4 10 14 24 26","29","","0","[{""tier"":1,""winners"":3,""prizeYen"":37793100},{""tier"":2,""winners"":4,""prizeYen"":25510100},{""tier"":3,""winners"":334,""prizeYen"":366600},{""tier"":4,""winners"":14334,""prizeYen"":7500},{""tier"":5,""winners"":203639,""prizeYen"":1000}]"
"loto6","1142","2017-01-23","12 13 19 23 28 35","31","","0","[{""tier"":1,""winners"":1,""prizeYen"":112869100},{""tier"":2,""winners"":7,""prizeYen"":14511600},{""tier"":3,""winners"":250,""prizeYen"":487500},{""tier"":4,""winners"":12927,""prizeYen"":8300},{""tier"":5,""winners"":196772,""prizeYen"":1000}]"
"loto6","1143","2017-01-26","19 21 31 39 42 43","29","","0","[{""tier"":1,""winners"":1,""prizeYen"":126349600},{""tier"":2,""winners"":5,""prizeYen"":22742700},{""tier"":3,""winners"":141,""prizeYen"":967700},{""tier"":4,""winners"":7737,""prizeYen"":15500},{""tier"":5,""winners"":138227,""prizeYen"":1000}]"
"loto6","1144","2017-01-30","7 13 14 33 39 43","29","","0","[{""tier"":1,""winners"":1,""prizeYen"":124530000},{""tier"":2,""winners"":3,""prizeYen"":37358600},{""tier"":3,""winners"":208,""prizeYen"":646500},{""tier"":4,""winners"":10199,""prizeYen"":11600},{""tier"":5,""winners"":164448,""prizeYen"":1000}]"
"loto6","1145","2017-02-02","1 4 15 18 25 28","36","","112787035","[{""tier"":1,""winners"":0,""prizeYen"":0},{""tier"":2,""winners"":3,""prizeYen"":33835800},{""tier"":3,""winners"":269,""prizeYen"":452800},{""tier"":4,""winners"":12030,""prizeYen"":8900},{""tier"":5,""winners"":192292,""prizeYen"":1000}]"
"loto6","1146","2017-02-06","1 10 19 23 26 34","27","","0","[{""tier"":1,""winners"":2,""prizeYen"":124691200},{""tier"":2,""winners"":5,""prizeYen"":24586900},{""tier"":3,""winners"":275,""prizeYen"":536400},{""tier"":4,""winners"":11920,""prizeYen"":10900},{""tier"":5,""winners"":197804,""prizeYen"":1000}]"
"loto6","1147","2017-02-09","2 3 10 16 26 27","23","","0","[{""tier"":1,""winners"":2,""prizeYen"":102768800},{""tier"":2,""winners"":13,""prizeYen"":4743300},{""tier"":3,""winners"":484,""prizeYen"":137500},{""tier"":4,""winners"":15880,""prizeYen"":4400},{""tier"":5,""winners"":221368,""prizeYen"":1000}]"
"loto6","1148","2017-02-13","3 5 16 23 31 43","39","","232357669","[{""tier"":1,""winners"":0,""prizeYen"":0},{""tier"":2,""winners"":9,""prizeYen"":7745500},{""tier"":3,""winners"":286,""prizeYen"":263200},{""tier"":4,""winners"":12463,""prizeYen"":6300},{""tier"":5,""winners"":192732,""prizeYen"":1000}]"
"loto6","1149","2017-02-16","2 14 22 23 35 43","31","","520980964","[{""tier"":1,""winners"":0,""prizeYen"":0},{""tier"":2,""winners"":9,""prizeYen"":9621000},{""tier"":3,""winners"":315,""prizeYen"":296800},{""tier"":4,""winners"":13606,""prizeYen"":7200},{""tier"":5,""winners"":207026,""prizeYen"":1000}]"
"loto6","1150","2017-02-20","7 11 17 27 32 40","18","","0","[{""tier"":1,""winners"":4,""prizeYen"":210763700},{""tier"":2,""winners"":13,""prizeYen"":7432700},{""tier"":3,""winners"":421,""prizeYen"":247800},{""tier"":4,""winners"":17894,""prizeYen"":6100},{""tier"":5,""winners"":254987,""prizeYen"":1000}]"
"loto6","1151","2017-02-23","5 23 25 26 29 31","19","","37547727","[{""tier"":1,""winners"":1,""prizeYen"":200000000},{""tier"":2,""winners"":6,""prizeYen"":11877700},{""tier"":3,""winners"":227,""prizeYen"":339000},{""tier"":4,""winners"":11400,""prizeYen"":7100},{""tier"":5,""winners"":188551,""prizeYen"":1000}]"
"loto6","1152","2017-02-27","6 8 10 33 35 43","22","","309349226","[{""tier"":1,""winners"":0,""prizeYen"":0},{""tier"":2,""winners"":7,""prizeYen"":11649000},{""tier"":3,""winners"":183,""prizeYen"":481200},{""tier"":4,""winners"":10419,""prizeYen"":8900},{""tier"":5,""winners"":188674,""prizeYen"":1000}]"
"loto6","1153","2017-03-02","4 15 20 24 26 30","29","","601316116","[{""tier"":1,""winners"":0,""prizeYen"":0},{""tier"":2,""winners"":7,""prizeYen"":12513200},{""tier"":3,""winners"":265,""prizeYen"":356900},{""tier"":4,""winners"":14004,""prizeYen"":7100},{""tier"":5,""winners"":223686,""prizeYen"":1000}]"
"loto6","1154","2017-03-06","8 12 30 36 41 42","4","","0","[{""tier"":1,""winners"":2,""prizeYen"":472134000},{""tier"":2,""winners"":11,""prizeYen"":9353500},{""tier"":3,""winners"":329,""prizeYen"":337700},{""tier"":4,""winners"":14813,""prizeYen"":7900},{""tier"":5,""winners"":237756,""prizeYen"":1000}]"
"loto6","1155","2017-03-09","14 19 22 23 28 43","25","","238123706","[{""tier"":1,""winners"":0,""prizeYen"":0},{""tier"":2,""winners"":2,""prizeYen"":35719700},{""tier"":3,""winners"":222,""prizeYen"":347500},{""tier"":4,""winners"":11858,""prizeYen"":6800},{""tier"":5,""winners"":185830,""prizeYen"":1000}]"
"loto6","1156","2017-03-13","3 6 19 31 35 40","12","","532309257","[{""tier"":1,""winners"":0,""prizeYen"":0},{""tier"":2,""winners"":5,""prizeYen"":17651700},{""tier"":3,""winners"":257,""prizeYen"":370800},{""tier"":4,""winners"":13099,""prizeYen"":7600},{""tier"":5,""winners"":214518,""prizeYen"":1000}]"
"loto6","1157","2017-03-16","5 17 20 28 39 42","1","","256373097","[{""tier"":1,""winners"":1,""prizeYen"":600000000},{""tier"":2,""winners"":6,""prizeYen"":16203700},{""tier"":3,""winners"":361,""prizeYen"":290800},{""tier"":4,""winners"":14908,""prizeYen"":7400},{""tier"":5,""winners"":225173,""prizeYen"":1000}]"
"loto6","1158","2017-03-20","22 24 27 30 32 40","23","","0","[{""tier"":1,""winners"":2,""prizeYen"":273100900},{""tier"":2,""winners"":4,""prizeYen"":21737800},{""tier"":3,""winners"":153,""prizeYen"":613700},{""tier"":4,""winners"":8610,""prizeYen"":11500},{""tier"":5,""winners"":159064,""prizeYen"":1000}]"
"loto6","1159","2017-03-23","1 4 15 16 23 30","17","","15299173","[{""tier"":1,""winners"":1,""prizeYen"":200000000},{""tier"":2,""winners"":8,""prizeYen"":8073900},{""tier"":3,""winners"":322,""prizeYen"":216600},{""tier"":4,""winners"":15157,""prizeYen"":4800},{""tier"":5,""winners"":202033,""prizeYen"":1000}]"
"loto6","1160","2017-03-27","9 22 31 32 34 43","24","","0","[{""tier"":1,""winners"":1,""prizeYen"":281850900},{""tier"":2,""winners"":5,""prizeYen"":15993600},{""tier"":3,""winners"":140,""prizeYen"":616800},{""tier"":4,""winners"":8006,""prizeYen"":11300},{""tier"":5,""winners"":148235,""prizeYen"":1000}]"
"loto6","1161","2017-03-30","1 2 12 16 19 40","18","","35766902","[{""tier"":1,""winners"":1,""prizeYen"":200000000},{""tier"":2,""winners"":4,""prizeYen"":17683000},{""tier"":3,""winners"":169,""prizeYen"":452000},{""tier"":4,""winners"":9989,""prizeYen"":8000},{""tier"":5,""winners"":173373,""prizeYen"":1000}]"
"loto6","1162","2017-04-03","3 4 8 12 24 37","10","","247187990","[{""tier"":1,""winners"":0,""prizeYen"":0},{""tier"":2,""winners"":15,""prizeYen"":4228500},{""tier"":3,""winners"":533,""prizeYen"":128500},{""tier"":4,""winners"":20365,""prizeYen"":3500},{""tier"":5,""winners"":265661,""prizeYen"":1000}]"
"loto6","1163","2017-04-06","11 17 19 24 33 41","9","","0","[{""tier"":1,""winners"":1,""prizeYen"":522072300},{""tier"":2,""winners"":8,""prizeYen"":10308500},{""tier"":3,""winners"":293,""prizeYen"":303900},{""tier"":4,""winners"":13538,""prizeYen"":6900},{""tier"":5,""winners"":211028,""prizeYen"":1000}]"
"loto6","1164","2017-04-10","4 7 11 33 34 37","24","","29513853","[{""tier"":1,""winners"":1,""prizeYen"":200000000},{""tier"":2,""winners"":12,""prizeYen"":5738000},{""tier"":3,""winners"":254,""prizeYen"":292700},{""tier"":4,""winners"":12054,""prizeYen"":6500},{""tier"":5,""winners"":186238,""prizeYen"":1000}]"
"loto6","1165","2017-04-13","18 20 21 24 40 42","25","","0","[{""tier"":1,""winners"":1,""prizeYen"":285641000},{""tier"":2,""winners"":7,""prizeYen"":10977200},{""tier"":3,""winners"":182,""prizeYen"":455900},{""tier"":4,""winners"":8533,""prizeYen"":10200},{""tier"":5,""winners"":149378,""prizeYen"":1000}]"
"loto6","1166","2017-04-17","4 8 17 20 29 41","3","","38069652","[{""tier"":1,""winners"":1,""prizeYen"":200000000},{""tier"":2,""winners"":12,""prizeYen"":5951900},{""tier"":3,""winners"":334,""prizeYen"":230900},{""tier"":4,""winners"":12886,""prizeYen"":6300},{""tier"":5,""winners"":185092,""prizeYen"":1000}]"
"loto6","1167","2017-04-20","6 13 20 25 36 42","28","","0","[{""tier"":1,""winners"":3,""prizeYen"":97676200},{""tier"":2,""winners"":12,""prizeYen"":6374100},{""tier"":3,""winners"":285,""prizeYen"":289800},{""tier"":4,""winners"":12469,""prizeYen"":7000},{""tier"":5,""winners"":186704,""prizeYen"":1000}]"
"loto6","1168","2017-04-24","1 3 8 14 35 39","18","","235042467","[{""tier"":1,""winners"":0,""prizeYen"":0},{""tier"":2,""winners"":5,""prizeYen"":14103000},{""tier"":3,""winners"":200,""prizeYen"":380700},{""tier"":4,""winners"":11809,""prizeYen"":6800},{""tier"":5,""winners"":195791,""prizeYen"":1000}]"
"loto6","1169","2017-04-27","19 24 25 36 37 43","10","","0","[{""tier"":1,""winners"":1,""prizeYen"":525593200},{""tier"":2,""winners"":2,""prizeYen"":43584000},{""tier"":3,""winners"":300,""prizeYen"":313700},{""tier"":4,""winners"":12042,""prizeYen"":8200},{""tier"":5,""winners"":197378,""prizeYen"":1000}]"
"loto6","1170","2017-05-01","1 8 13 19 23 28","39","","0","[{""tier"":1,""winners"":2,""prizeYen"":112794200},{""tier"":2,""winners"":5,""prizeYen"":13535700},{""tier"":3,""winners"":324,""prizeYen"":225500},{""tier"":4,""winners"":14195,""prizeYen"":5400},{""tier"":5,""winners"":215673,""prizeYen"":1000}]"
"loto6","1171","2017-05-04","9 10 13 21 34 36","40","","0","[{""tier"":1,""winners"":3,""prizeYen"":75591500},{""tier"":2,""winners"":8,""prizeYen"":8504300},{""tier"":3,""winners"":196,""prizeYen"":374800},{""tier"":4,""winners"":9078,""prizeYen"":8500},{""tier"":5,""winners"":153236,""prizeYen"":1000}]"
"loto6","1172","2017-05-08","3 10 31 32 38 39","15","","244061225","[{""tier"":1,""winners"":0,""prizeYen"":0},{""tier"":2,""winners"":6,""prizeYen"":12203400},{""tier"":3,""winners"":187,""prizeYen"":422800},{""tier"":4,""winners"":8950,""prizeYen"":9300},{""tier"":5,""winners"":156242,""prizeYen"":1000}]"
"loto6","1173","2017-05-11","5 7 11 16 33 38","25","","0","[{""tier"":1,""winners"":2,""prizeYen"":245503400},{""tier"":2,""winners"":17,""prizeYen"":4358000},{""tier"":3,""winners"":379,""prizeYen"":211100},{""tier"":4,""winners"":16837,""prizeYen"":5000},{""tier"":5,""winners"":246227,""prizeYen"":1000}]"
"loto6","1174","2017-05-15","7 8 9 25 29 31","28","","222811225","[{""tier"":1,""winners"":0,""prizeYen"":0},{""tier"":2,""winners"":10,""prizeYen"":6684500},{""tier"":3,""winners"":268,""prizeYen"":269300},{""tier"":4,""winners"":12582,""prizeYen"":6000},{""tier"":5,""winners"":195563,""prizeYen"":1000}]"
"loto6","1175","2017-05-18","2 4 6 21 27 37","10","","0","[{""tier"":1,""winners"":1,""prizeYen"":469005400},{""tier"":2,""winners"":13,""prizeYen"":5681500},{""tier"":3,""winners"":357,""prizeYen"":223400},{""tier"":4,""winners"":16235,""prizeYen"":5100},{""tier"":5,""winners"":244460,""prizeYen"":1000}]"
"loto6","1176","2017-05-22","2 9 18 23 29 32","34","","0","[{""tier"":1,""winners"":2,""prizeYen"":113683200},{""tier"":2,""winners"":5,""prizeYen"":13642400},{""tier"":3,""winners"":343,""prizeYen"":214700},{""tier"":4,""winners"":12329,""prizeYen"":6300},{""tier"":5,""winners"":178351,""prizeYen"":1000}]"
"loto6","1177","2017-05-25","2 5 21 22 23 38","36","","14553105","[{""tier"":1,""winners"":1,""prizeYen"":200000000},{""tier"":2,""winners"":7,""prizeYen"":9195400},{""tier"":3,""winners"":267,""prizeYen"":260300},{""tier"":4,""winners"":12979,""prizeYen"":5600},{""tier"":5,""winners"":196818,""prizeYen"":1000}]"
"loto6","1178","2017-05-29","16 17 20 22 29 40","31","","271353304","[{""tier"":1,""winners"":0,""prizeYen"":0},{""tier"":2,""winners"":2,""prizeYen"":38521200},{""tier"":3,""winners"":145,""prizeYen"":573800},{""tier"":4,""winners"":8921,""prizeYen"":9800},{""tier"":5,""winners"":153552,""prizeYen"":1000}]"
"loto6","1179","2017-06-01","5 12 27 36 39 40","37","","540321223","[{""tier"":1,""winners"":0,""prizeYen"":0},{""tier"":2,""winners"":9,""prizeYen"":8965800},{""tier"":3,""winners"":272,""prizeYen"":320300},{""tier"":4,""winners"":13286,""prizeYen"":6900},{""tier"":5,""winners"":204998,""prizeYen"":1000}]"
"loto6","1180","2017-06-05","2 4 5 13 18 21","40","","829773653","[{""tier"":1,""winners"":0,""prizeYen"":0},{""tier"":2,""winners"":7,""prizeYen"":12405500},{""tier"":3,""winners"":380,""prizeYen"":246700},{""tier"":4,""winners"":17354,""prizeYen"":5700},{""tier"":5,""winners"":271903,""prizeYen"":1000}]"
"loto6","1181","2017-06-08","15 16 17 29 31 32","12","","0","[{""tier"":1,""winners"":2,""prizeYen"":589180700},{""tier"":2,""winners"":4,""prizeYen"":26144900},{""tier"":3,""winners"":376,""prizeYen"":300300},{""tier"":4,""winners"":15734,""prizeYen"":7500},{""tier"":5,""winners"":240752,""prizeYen"":1000}]"
"loto6","1182","2017-06-12","5 6 10 13 24 33","40","","0","[{""tier"":1,""winners"":4,""prizeYen"":52790500},{""tier"":2,""winners"":7,""prizeYen"":9050100},{""tier"":3,""winners"":308,""prizeYen"":222100},{""tier"":4,""winners"":14460,""prizeYen"":4900},{""tier"":5,""winners"":220368,""prizeYen"":1000}]"
"loto6","1183","2017-06-15","2 19 22 25 32 36","39","","239586911","[{""tier"":1,""winners"":0,""prizeYen"":0},{""tier"":2,""winners"":4,""prizeYen"":17969600},{""tier"":3,""winners"":172,""prizeYen"":451300},{""tier"":4,""winners"":9751,""prizeYen"":8400},{""tier"":5,""winners"":166975,""prizeYen"":1000}]"
"loto6","1184","2017-06-19","2 6 21 30 31 36","41","","522947436","[{""tier"":1,""winners"":0,""prizeYen"":0},{""tier"":2,""winners"":4,""prizeYen"":21252700},{""tier"":3,""winners"":325,""prizeYen"":282400},{""tier"":4,""winners"":13247,""prizeYen"":7300},{""tier"":5,""winners"":213823,""prizeYen"":1000}]"
"loto6","1185","2017-06-22","6 15 18 26 27 31","38","","223304816","[{""tier"":1,""winners"":1,""prizeYen"":600000000},{""tier"":2,""winners"":10,""prizeYen"":9011000},{""tier"":3,""winners"":377,""prizeYen"":258100},{""tier"":4,""winners"":17174,""prizeYen"":5900},{""tier"":5,""winners"":263353,""prizeYen"":1000}]"
"loto6","1186","2017-06-26","8 10 20 25 38 43","39","","516480549","[{""tier"":1,""winners"":0,""prizeYen"":0},{""tier"":2,""winners"":5,""prizeYen"":17591100},{""tier"":3,""winners"":228,""prizeYen"":416600},{""tier"":4,""winners"":12386,""prizeYen"":8100},{""tier"":5,""winners"":206464,""prizeYen"":1000}]"
"loto6","1187","2017-06-29","3 13 18 20 24 31","37","","229279477","[{""tier"":1,""winners"":1,""prizeYen"":600000000},{""tier"":2,""winners"":8,""prizeYen"":11730300},{""tier"":3,""winners"":301,""prizeYen"":336700},{""tier"":4,""winners"":15090,""prizeYen"":7000},{""tier"":5,""winners"":244160,""prizeYen"":1000}]"
"loto6","1188","2017-07-03","3 9 19 20 23 30","14","","0","[{""tier"":1,""winners"":4,""prizeYen"":123969400},{""tier"":2,""winners"":8,""prizeYen"":9997700},{""tier"":3,""winners"":402,""prizeYen"":214800},{""tier"":4,""winners"":17431,""prizeYen"":5200},{""tier"":5,""winners"":244764,""prizeYen"":1000}]"
"loto6","1189","2017-07-06","8 24 28 30 38 41","32","","50631101","[{""tier"":1,""winners"":1,""prizeYen"":200000000},{""tier"":2,""winners"":3,""prizeYen"":25063900},{""tier"":3,""winners"":160,""prizeYen"":507500},{""tier"":4,""winners"":9950,""prizeYen"":8600},{""tier"":5,""winners"":167540,""prizeYen"":1000}]"
"loto6","1190","2017-07-10","1 3 13 29 38 39","8","","313139337","[{""tier"":1,""winners"":0,""prizeYen"":0},{""tier"":2,""winners"":7,""prizeYen"":11250700},{""tier"":3,""winners"":191,""prizeYen"":445300},{""tier"":4,""winners"":10987,""prizeYen"":8100},{""tier"":5,""winners"":185154,""prizeYen"":1000}]"
"loto6","1191","2017-07-13","3 5 11 20 25 32","30","","0","[{""tier"":1,""winners"":2,""prizeYen"":291801500},{""tier"":2,""winners"":5,""prizeYen"":16228300},{""tier"":3,""winners"":438,""prizeYen"":200000},{""tier"":4,""winners"":16621,""prizeYen"":5500},{""tier"":5,""winners"":247922,""prizeYen"":1000}]"
"loto6","1192","2017-07-17","15 17 18 22 30 39","28","","230401766","[{""tier"":1,""winners"":0,""prizeYen"":0},{""tier"":2,""winners"":5,""prizeYen"":13824500},{""tier"":3,""winners"":238,""prizeYen"":313600},{""tier"":4,""winners"":9826,""prizeYen"":8000},{""tier"":5,""winners"":153499,""prizeYen"":1000}]"
"loto6","1193","2017-07-20","1 2 7 8 10 42","28","","481440653","[{""tier"":1,""winners"":0,""prizeYen"":0},{""tier"":2,""winners"":5,""prizeYen"":15062800},{""tier"":3,""winners"":327,""prizeYen"":248700},{""tier"":4,""winners"":16158,""prizeYen"":5300},{""tier"":5,""winners"":239004,""prizeYen"":1000}]"
"loto6","1194","2017-07-24","12 18 20 23 33 40","1","","0","[{""tier"":1,""winners"":2,""prizeYen"":394326500},{""tier"":2,""winners"":7,""prizeYen"":13166600},{""tier"":3,""winners"":228,""prizeYen"":436500},{""tier"":4,""winners"":12111,""prizeYen"":8600},{""tier"":5,""winners"":209436,""prizeYen"":1000}]"
"loto6","1195","2017-07-27","1 4 17 22 35 42","7","","0","[{""tier"":1,""winners"":5,""prizeYen"":46954900},{""tier"":2,""winners"":4,""prizeYen"":17608600},{""tier"":3,""winners"":255,""prizeYen"":298300},{""tier"":4,""winners"":10543,""prizeYen"":7600},{""tier"":5,""winners"":165130,""prizeYen"":1000}]"
"loto6","1196","2017-07-31","6 7 19 31 39 41","14","","28830082","[{""tier"":1,""winners"":1,""prizeYen"":200000000},{""tier"":2,""winners"":3,""prizeYen"":22883700},{""tier"":3,""winners"":216,""prizeYen"":343200},{""tier"":4,""winners"":11028,""prizeYen"":7100},{""tier"":5,""winners"":180023,""prizeYen"":1000}]"
"loto6","1197","2017-08-03","3 24 28 36 37 39","27","","0","[{""tier"":1,""winners"":2,""prizeYen"":133476300},{""tier"":2,""winners"":2,""prizeYen"":35719500},{""tier"":3,""winners"":189,""prizeYen"":408200},{""tier"":4,""winners"":10904,""prizeYen"":7400},{""tier"":5,""winners"":181310,""prizeYen"":1000}]"
"loto6","1198","2017-08-07","1 14 20 26 27 34","33","","22635058","[{""tier"":1,""winners"":1,""prizeYen"":200000000},{""tier"":2,""winners"":4,""prizeYen"":16698100},{""tier"":3,""winners"":200,""prizeYen"":360600},{""tier"":4,""winners"":10211,""prizeYen"":7400},{""tier"":5,""winners"":155594,""prizeYen"":1000}]"
"loto6","1199","2017-08-10","9 10 11 20 28 40","17","","0","[{""tier"":1,""winners"":2,""prizeYen"":124149600},{""tier"":2,""winners"":7,""prizeYen"":9671600},{""tier"":3,""winners"":279,""prizeYen"":262000},{""tier"":4,""winners"":12758,""prizeYen"":6000},{""tier"":5,""winners"":187608,""prizeYen"":1000}]"
"loto6","1200","2017-08-14","2 8 10 12 31 42","21","","0","[{""tier"":1,""winners"":1,""prizeYen"":186945300},{""tier"":2,""winners"":5,""prizeYen"":11217000},{""tier"":3,""winners"":272,""prizeYen"":222600},{""tier"":4,""winners"":13393,""prizeYen"":4700},{""tier"":5,""winners"":192619,""prizeYen"":1000}]"
"loto6","1201","2017-08-17","1 15 19 22 26 28","33","","22509741","[{""tier"":1,""winners"":1,""prizeYen"":200000000},{""tier"":2,""winners"":8,""prizeYen"":8344300},{""tier"":3,""winners"":190,""prizeYen"":379400},{""tier"":4,""winners"":11053,""prizeYen"":6800},{""tier"":5,""winners"":169391,""prizeYen"":1000}]"
"loto6","1202","2017-08-21","9 12 15 19 26 39","28","","251516680","[{""tier"":1,""winners"":0,""prizeYen"":0},{""tier"":2,""winners"":15,""prizeYen"":4580200},{""tier"":3,""winners"":287,""prizeYen"":258500},{""tier"":4,""winners"":12981,""prizeYen"":6000},{""tier"":5,""winners"":197977,""prizeYen"":1000}]"
"loto6","1203","2017-08-24","2 4 6 37 39 42","41","","519058296","[{""tier"":1,""winners"":0,""prizeYen"":0},{""tier"":2,""winners"":3,""prizeYen"":26755000},{""tier"":3,""winners"":218,""prizeYen"":397600},{""tier"":4,""winners"":11542,""prizeYen"":7900},{""tier"":5,""winners"":193197,""prizeYen"":1000}]"
"loto6","1204","2017-08-28","10 20 21 24 39 43","17","","259874500","[{""tier"":1,""winners"":1,""prizeYen"":600000000},{""tier"":2,""winners"":11,""prizeYen"":9295200},{""tier"":3,""winners"":239,""prizeYen"":462000},{""tier"":4,""winners"":13330,""prizeYen"":8700},{""tier"":5,""winners"":222051,""prizeYen"":1000}]"
"loto6","1205","2017-08-31","12 25 26 32 35 42","2","","554757354","[{""tier"":1,""winners"":0,""prizeYen"":0},{""tier"":2,""winners"":12,""prizeYen"":7372300},{""tier"":3,""winners"":229,""prizeYen"":417200},{""tier"":4,""winners"":10902,""prizeYen"":9200},{""tier"":5,""winners"":186995,""prizeYen"":1000}]"
"loto6","1206","2017-09-04","11 19 20 26 32 33","22","","0","[{""tier"":1,""winners"":3,""prizeYen"":298063900},{""tier"":2,""winners"":9,""prizeYen"":11314800},{""tier"":3,""winners"":328,""prizeYen"":335200},{""tier"":4,""winners"":15141,""prizeYen"":7600},{""tier"":5,""winners"":236909,""prizeYen"":1000}]"
"loto6","1207","2017-09-07","6 16 17 20 22 43","34","","250367098","[{""tier"":1,""winners"":0,""prizeYen"":0},{""tier"":2,""winners"":6,""prizeYen"":12518700},{""tier"":3,""winners"":142,""prizeYen"":571200},{""tier"":4,""winners"":9054,""prizeYen"":9400},{""tier"":5,""winners"":161484,""prizeYen"":1000}]"
"loto6","1208","2017-09-11","5 14 20 30 38 41","8","","0","[{""tier"":1,""winners"":2,""prizeYen"":278697200},{""tier"":2,""winners"":10,""prizeYen"":9211100},{""tier"":3,""winners"":245,""prizeYen"":406000},{""tier"":4,""winners"":12613,""prizeYen"":8300},{""tier"":5,""winners"":202770,""prizeYen"":1000}]"
"loto6","1209","2017-09-14","11 12 24 32 38 40","7","","235396540","[{""tier"":1,""winners"":0,""prizeYen"":0},{""tier"":2,""winners"":5,""prizeYen"":14124200},{""tier"":3,""winners"":227,""prizeYen"":335900},{""tier"":4,""winners"":11198,""prizeYen"":7100},{""tier"":5,""winners"":174254,""prizeYen"":1000}]"
"loto6","1210","2017-09-18","5 6 12 16 23 36","9","","0","[{""tier"":1,""winners"":1,""prizeYen"":474683600},{""tier"":2,""winners"":18,""prizeYen"":3988200},{""tier"":3,""winners"":379,""prizeYen"":204500},{""tier"":4,""winners"":18056,""prizeYen"":4500},{""tier"":5,""winners"":257079,""prizeYen"":1000}]"
"loto6","1211","2017-09-21","3 8 24 25 26 28","43","","0","[{""tier"":1,""winners"":4,""prizeYen"":51872600},{""tier"":2,""winners"":9,""prizeYen"":6916500},{""tier"":3,""winners"":354,""prizeYen"":189900},{""tier"":4,""winners"":15478,""prizeYen"":4500},{""tier"":5,""winners"":225683,""prizeYen"":1000}]"
"loto6","1212","2017-09-25","2 16 27 35 40 42","25","","50621917","[{""tier"":1,""winners"":1,""prizeYen"":200000000},{""tier"":2,""winners"":4,""prizeYen"":18797200},{""tier"":3,""winners"":179,""prizeYen"":453600},{""tier"":4,""winners"":9293,""prizeYen"":9200},{""tier"":5,""winners"":153659,""prizeYen"":1000}]"
"loto6","1213","2017-09-28","3 13 22 26 30 39","1","","0","[{""tier"":1,""winners"":1,""prizeYen"":287589500},{""tier"":2,""winners"":10,""prizeYen"":7109200},{""tier"":3,""winners"":286,""prizeYen"":268400},{""tier"":4,""winners"":11979,""prizeYen"":6700},{""tier"":5,""winners"":191061,""prizeYen"":1000}]"
"loto6","1214","2017-10-02","2 19 23 30 33 36","40","","0","[{""tier"":1,""winners"":4,""prizeYen"":60794100},{""tier"":2,""winners"":2,""prizeYen"":36477700},{""tier"":3,""winners"":170,""prizeYen"":463400},{""tier"":4,""winners"":9319,""prizeYen"":8900},{""tier"":5,""winners"":163858,""prizeYen"":1000}]"
"loto6","1215","2017-10-05","3 6 9 15 21 42","7","","0","[{""tier"":1,""winners"":2,""prizeYen"":106367500},{""tier"":2,""winners"":5,""prizeYen"":12764500},{""tier"":3,""winners"":446,""prizeYen"":154500},{""tier"":4,""winners"":15810,""prizeYen"":4600},{""tier"":5,""winners"":210838,""prizeYen"":1000}]"
"loto6","1216","2017-10-09","8 14 25 39 42 43","37","","23416379","[{""tier"":1,""winners"":1,""prizeYen"":200000000},{""tier"":2,""winners"":2,""prizeYen"":33513500},{""tier"":3,""winners"":188,""prizeYen"":385000},{""tier"":4,""winners"":9313,""prizeYen"":8200},{""tier"":5,""winners"":152203,""prizeYen"":1000}]"
"loto6","1217","2017-10-12","14 16 17 34 36 41","25","","0","[{""tier"":1,""winners"":2,""prizeYen"":137428500},{""tier"":2,""winners"":5,""prizeYen"":15086900},{""tier"":3,""winners"":164,""prizeYen"":496700},{""tier"":4,""winners"":8190,""prizeYen"":10500},{""tier"":5,""winners"":144960,""prizeYen"":1000}]"
"loto6","1218","2017-10-16","5 8 13 20 28 42","35","","0","[{""tier"":1,""winners"":2,""prizeYen"":108143100},{""tier"":2,""winners"":12,""prizeYen"":5407300},{""tier"":3,""winners"":263,""prizeYen"":266400},{""tier"":4,""winners"":12597,""prizeYen"":5800},{""tier"":5,""winners"":187026,""prizeYen"":1000}]"
"loto6","1219","2017-10-19","14 22 24 36 39 42","32","","25387956","[{""tier"":1,""winners"":1,""prizeYen"":200000000},{""tier"":2,""winners"":1,""prizeYen"":67618600},{""tier"":3,""winners"":209,""prizeYen"":349400},{""tier"":4,""winners"":9559,""prizeYen"":8000},{""tier"":5,""winners"":153497,""prizeYen"":1000}]"
"loto6","1220","2017-10-23","9 15 21 23 32 42","14","","0","[{""tier"":1,""winners"":2,""prizeYen"":127209100},{""tier"":2,""winners"":8,""prizeYen"":8588900},{""tier"":3,""winners"":288,""prizeYen"":257600},{""tier"":4,""winners"":11290,""prizeYen"":6900},{""tier"":5,""winners"":171252,""prizeYen"":1000}]"
"loto6","1221","2017-10-26","3 10 11 31 33 36","21","","0","[{""tier"":1,""winners"":2,""prizeYen"":108912600},{""tier"":2,""winners"":10,""prizeYen"":6534900},{""tier"":3,""winners"":261,""prizeYen"":270400},{""tier"":4,""winners"":11642,""prizeYen"":6400},{""tier"":5,""winners"":189890,""prizeYen"":1000}]"
"loto6","1222","2017-10-30","1 5 7 11 29 39","40","","0","[{""tier"":1,""winners"":2,""prizeYen"":102038900},{""tier"":2,""winners"":9,""prizeYen"":6802800},{""tier"":3,""winners"":363,""prizeYen"":182100},{""tier"":4,""winners"":14916,""prizeYen"":4600},{""tier"":5,""winners"":211400,""prizeYen"":1000}]"
"loto6","1223","2017-11-02","12 22 28 30 36 43","34","","29120372","[{""tier"":1,""winners"":1,""prizeYen"":200000000},{""tier"":2,""winners"":3,""prizeYen"":22912700},{""tier"":3,""winners"":146,""prizeYen"":508400},{""tier"":4,""winners"":9084,""prizeYen"":8600},{""tier"":5,""winners"":156754,""prizeYen"":1000}]"
"loto6","1224","2017-11-06","5 18 33 38 41 43","6","","285167109","[{""tier"":1,""winners"":0,""prizeYen"":0},{""tier"":2,""winners"":6,""prizeYen"":12802700},{""tier"":3,""winners"":150,""prizeYen"":553000},{""tier"":4,""winners"":9148,""prizeYen"":9500},{""tier"":5,""winners"":156712,""prizeYen"":1000}]"
"loto6","1225","2017-11-09","19 22 25 30 33 34","36","","572312467","[{""tier"":1,""winners"":0,""prizeYen"":0},{""tier"":2,""winners"":6,""prizeYen"":14357700},{""tier"":3,""winners"":169,""prizeYen"":550500},{""tier"":4,""winners"":9751,""prizeYen"":10000},{""tier"":5,""winners"":17343,""prizeYen"":1000}]"
"loto6","1226","2017-11-13","7 8 28 34 37 41","13","","303835637","[{""tier"":1,""winners"":1,""prizeYen"":600000000},{""tier"":2,""winners"":6,""prizeYen"":16576700},{""tier"":3,""winners"":230,""prizeYen"":467000},{""tier"":4,""winners"":13000,""prizeYen"":8700},{""tier"":5,""winners"":224552,""prizeYen"":1000}]"
"loto6","1227","2017-11-16","1 8 14 28 40 43","6","","0","[{""tier"":1,""winners"":3,""prizeYen"":198251700},{""tier"":2,""winners"":7,""prizeYen"":12468300},{""tier"":3,""winners"":240,""prizeYen"":392700},{""tier"":4,""winners"":11979,""prizeYen"":8300},{""tier"":5,""winners"":194037,""prizeYen"":1000}]"
"loto6","1228","2017-11-20","6 18 19 25 28 40","3","","233219529","[{""tier"":1,""winners"":0,""prizeYen"":0},{""tier"":2,""winners"":9,""prizeYen"":7774200},{""tier"":3,""winners"":212,""prizeYen"":356400},{""tier"":4,""winners"":10724,""prizeYen"":7400},{""tier"":5,""winners"":175934,""prizeYen"":1000}]"
"loto6","1229","2017-11-23","10 28 35 37 39 43","16","","514233131","[{""tier"":1,""winners"":0,""prizeYen"":0},{""tier"":2,""winners"":5,""prizeYen"":16861300},{""tier"":3,""winners"":149,""prizeYen"":611000},{""tier"":4,""winners"":9112,""prizeYen"":10500},{""tier"":5,""winners"":158194,""prizeYen"":1000}]"
"loto6","1230","2017-11-27","1 2 6 9 17 38","34","","216124593","[{""tier"":1,""winners"":1,""prizeYen"":600000000},{""tier"":2,""winners"":6,""prizeYen"":15095000},{""tier"":3,""winners"":329,""prizeYen"":297300},{""tier"":4,""winners"":18623,""prizeYen"":5500},{""tier"":5,""winners"":285605,""prizeYen"":1000}]"
"loto6","1231","2017-11-30","1 14 16 24 32 36","2","","0","[{""tier"":1,""winners"":1,""prizeYen"":494240100},{""tier"":2,""winners"":9,""prizeYen"":9270800},{""tier"":3,""winners"":209,""prizeYen"":431100},{""tier"":4,""winners"":11103,""prizeYen"":8500},{""tier"":5,""winners"":185932,""prizeYen"":1000}]"
"loto6","1232","2017-12-04","5 10 14 31 35 38","16","","44676530","[{""tier"":1,""winners"":1,""prizeYen"":200000000},{""tier"":2,""winners"":3,""prizeYen"":24468400},{""tier"":3,""winners"":210,""prizeYen"":377500},{""tier"":4,""winners"":9833,""prizeYen"":8500},{""tier"":5,""winners"":166380,""prizeYen"":1000}]"
"loto6","1233","2017-12-07","2 7 12 21 29 33","16","","0","[{""tier"":1,""winners"":1,""prizeYen"":269539600},{""tier"":2,""winners"":14,""prizeYen"":4818600},{""tier"":3,""winners"":373,""prizeYen"":195300},{""tier"":4,""winners"":15786,""prizeYen"":4800},{""tier"":5,""winners"":218994,""prizeYen"":1000}]"
"loto6","1234","2017-12-11","7 11 16 20 30 40","28","","236022484","[{""tier"":1,""winners"":0,""prizeYen"":0},{""tier"":2,""winners"":2,""prizeYen"":35404500},{""tier"":3,""winners"":205,""prizeYen"":373000},{""tier"":4,""winners"":10704,""prizeYen"":7500},{""tier"":5,""winners"":168854,""prizeYen"":1000}]"
"loto6","1235","2017-12-14","8 17 24 34 36 42","33","","498064563","[{""tier"":1,""winners"":0,""prizeYen"":0},{""tier"":2,""winners"":5,""prizeYen"":15723000},{""tier"":3,""winners"":323,""prizeYen"":262800},{""tier"":4,""winners"":13818,""prizeYen"":6400},{""tier"":5,""winners"":203612,""prizeYen"":1000}]"
"loto6","1236","2017-12-18","1 3 11 26 38 39","34","","0","[{""tier"":1,""winners"":2,""prizeYen"":403855000},{""tier"":2,""winners"":8,""prizeYen"":11612000},{""tier"":3,""winners"":420,""prizeYen"":238800},{""tier"":4,""winners"":18048,""prizeYen"":5800},{""tier"":5,""winners"":268471,""prizeYen"":1000}]"
"loto6","1237","2017-12-21","1 4 6 35 38 40","27","","249870372","[{""tier"":1,""winners"":0,""prizeYen"":0},{""tier"":2,""winners"":4,""prizeYen"":18740800},{""tier"":3,""winners"":167,""prizeYen"":484700},{""tier"":4,""winners"":8606,""prizeYen"":9900},{""tier"":5,""winners"":161338,""prizeYen"":1000}]"
"loto6","1238","2017-12-25","8 14 28 29 33 40","32","","0","[{""tier"":1,""winners"":2,""prizeYen"":277207200},{""tier"":2,""winners"":11,""prizeYen"":8306000},{""tier"":3,""winners"":432,""prizeYen"":228400},{""tier"":4,""winners"":15721,""prizeYen"":6600},{""tier"":5,""winners"":228310,""prizeYen"":1000}]"
"loto6","1239","2017-12-28","2 19 27 28 30 38","22","","54348251","[{""tier"":1,""winners"":1,""prizeYen"":200000000},{""tier"":2,""winners"":8,""prizeYen"":9538300},{""tier"":3,""winners"":191,""prizeYen"":431400},{""tier"":4,""winners"":10944,""prizeYen"":7900},{""tier"":5,""winners"":189837,""prizeYen"":1000}]"
"loto6","1240","2018-01-04","15 18 22 36 37 39","26","","300217992","[{""tier"":1,""winners"":0,""prizeYen"":0},{""tier"":2,""winners"":6,""prizeYen"":12293800},{""tier"":3,""winners"":262,""prizeYen"":304000},{""tier"":4,""winners"":11847,""prizeYen"":7100},{""tier"":5,""winners"":183858,""prizeYen"":1000}]"
"loto6","1241","2018-01-08","4 7 15 17 23 25","8","","0","[{""tier"":1,""winners"":1,""prizeYen"":573175500},{""tier"":2,""winners"":15,""prizeYen"":5459300},{""tier"":3,""winners"":364,""prizeYen"":242900},{""tier"":4,""winners"":18667,""prizeYen"":5000},{""tier"":5,""winners"":277009,""prizeYen"":1000}]"
"loto6","1242","2018-01-11","12 22 28 34 37 42","33","","48567751","[{""tier"":1,""winners"":1,""prizeYen"":200000000},{""tier"":2,""winners"":3,""prizeYen"":24857500},{""tier"":3,""winners"":173,""prizeYen"":465500},{""tier"":4,""winners"":10255,""prizeYen"":8200},{""tier"":5,""winners"":167282,""prizeYen"":1000}]"
"loto6","1243","2018-01-15","23 24 32 37 41 42","29","","0","[{""tier"":1,""winners"":1,""prizeYen"":322894600},{""tier"":2,""winners"":7,""prizeYen"":11757200},{""tier"":3,""winners"":187,""prizeYen"":475300},{""tier"":4,""winners"":9881,""prizeYen"":9500},{""tier"":5,""winners"":173164,""prizeYen"":1000}]"
"loto6","1244","2018-01-18","10 15 17 18 20 41","35","","246625579","[{""tier"":1,""winners"":0,""prizeYen"":0},{""tier"":2,""winners"":2,""prizeYen"":36995000},{""tier"":3,""winners"":147,""prizeYen"":543500},{""tier"":4,""winners"":7776,""prizeYen"":10800},{""tier"":5,""winners"":146526,""prizeYen"":1000}]"
"loto6","1245","2018-01-22","13 15 27 30 31 39","8","","529670483","[{""tier"":1,""winners"":0,""prizeYen"":0},{""tier"":2,""winners"":11,""prizeYen"":7719600},{""tier"":3,""winners"":320,""prizeYen"":286500},{""tier"":4,""winners"":14731,""prizeYen"":6500},{""tier"":5,""winners"":220599,""prizeYen"":1000}]"
"loto6","1246","2018-01-25","4 10 11 23 36 37","34","","0","[{""tier"":1,""winners"":4,""prizeYen"":208129200},{""tier"":2,""winners"":11,""prizeYen"":8259700},{""tier"":3,""winners"":338,""prizeYen"":290300},{""tier"":4,""winners"":17606,""prizeYen"":5800},{""tier"":5,""winners"":259457,""prizeYen"":1000}]"
"loto6","1247","2018-01-29","4 7 17 18 26 36","35","","0","[{""tier"":1,""winners"":3,""prizeYen"":78487100},{""tier"":2,""winners"":5,""prizeYen"":14128100},{""tier"":3,""winners"":265,""prizeYen"":287800},{""tier"":4,""winners"":12698,""prizeYen"":6300},{""tier"":5,""winners"":194401,""prizeYen"":1000}]"
"loto6","1248","2018-02-01","2 6 14 28 34 37","3","","20547536","[{""tier"":1,""winners"":1,""prizeYen"":200000000},{""tier"":2,""winners"":10,""prizeYen"":6616600},{""tier"":3,""winners"":339,""prizeYen"":210700},{""tier"":4,""winners"":14017,""prizeYen"":5300},{""tier"":5,""winners"":193443,""prizeYen"":1000}]"
"loto6","1249","2018-02-05","5 8 15 20 25 27","6","","0","[{""tier"":1,""winners"":3,""prizeYen"":82418700},{""tier"":2,""winners"":7,""prizeYen"":9716400},{""tier"":3,""winners"":341,""prizeYen"":215400},{""tier"":4,""winners"":17409,""prizeYen"":4400},{""tier"":5,""winners"":236417,""prizeYen"":1000}]"
"loto6","1250","2018-02-08","3 10 18 22 23 40","27","","17958783","[{""tier"":1,""winners"":1,""prizeYen"":200000000},{""tier"":2,""winners"":17,""prizeYen"":3846400},{""tier"":3,""winners"":282,""prizeYen"":250400},{""tier"":4,""winners"":130765,""prizeYen"":5700},{""tier"":5,""winners"":186681,""prizeYen"":1000}]"
"loto6","1251","2018-02-12","21 28 31 33 34 40","23","","270607267","[{""tier"":1,""winners"":0,""prizeYen"":0},{""tier"":2,""winners"":2,""prizeYen"":37898500},{""tier"":3,""winners"":142,""prizeYen"":576400},{""tier"":4,""winners"":7296,""prizeYen"":11800},{""tier"":5,""winners"":131873,""prizeYen"":1000}]"
"loto6","1252","2018-02-15","4 15 18 19 22 29","37","","545633736","[{""tier"":1,""winners"":0,""prizeYen"":0},{""tier"":2,""winners"":14,""prizeYen"":5893600},{""tier"":3,""winners"":295,""prizeYen"":302000},{""tier"":4,""winners"":14690,""prizeYen"":6400},{""tier"":5,""winners"":234933,""prizeYen"":1000}]"
"loto6","1253","2018-02-19","1 12 14 24 33 37","15","","276426216","[{""tier"":1,""winners"":1,""prizeYen"":600000000},{""tier"":2,""winners"":5,""prizeYen"":19848100},{""tier"":3,""winners"":275,""prizeYen"":389700},{""tier"":4,""winners"":15566,""prizeYen"":7200},{""tier"":5,""winners"":254671,""prizeYen"":1000}]"
"loto6","1254","2018-02-22","7 8 11 15 36 39","37","","0","[{""tier"":1,""winners"":2,""prizeYen"":266505100},{""tier"":2,""winners"":7,""prizeYen"":10996800},{""tier"":3,""winners"":347,""prizeYen"":239500},{""tier"":4,""winners"":16244,""prizeYen"":5400},{""tier"":5,""winners"":249210,""prizeYen"":1000}]"
"loto6","1255","2018-02-26","2 14 15 27 40 43","41","","51204253","[{""tier"":1,""winners"":1,""prizeYen"":200000000},{""tier"":2,""winners"":9,""prizeYen"":8373700},{""tier"":3,""winners"":216,""prizeYen"":376800},{""tier"":4,""winners"":11043,""prizeYen"":7700},{""tier"":5,""winners"":173151,""prizeYen"":1000}]"
"loto6","1256","2018-03-01","2 5 16 32 35 41","25","","310655473","[{""tier"":1,""winners"":0,""prizeYen"":0},{""tier"":2,""winners"":9,""prizeYen"":8648600},{""tier"":3,""winners"":218,""prizeYen"":385600},{""tier"":4,""winners"":11671,""prizeYen"":7600},{""tier"":5,""winners"":178256,""prizeYen"":1000}]"
"loto6","1257","2018-03-05","1 11 19 23 32 37","14","","0","[{""tier"":1,""winners"":2,""prizeYen"":303281400},{""tier"":2,""winners"":13,""prizeYen"":6828800},{""tier"":3,""winners"":299,""prizeYen"":320600},{""tier"":4,""winners"":14077,""prizeYen"":7100},{""tier"":5,""winners"":222893,""prizeYen"":1000}]"
"loto6","1258","2018-03-08","8 14 20 25 31 41","35","","28795810","[{""tier"":1,""winners"":1,""prizeYen"":200000000},{""tier"":2,""winners"":5,""prizeYen"":13728100},{""tier"":3,""winners"":215,""prizeYen"":344700},{""tier"":4,""winners"":9770,""prizeYen"":8000},{""tier"":5,""winners"":156882,""prizeYen"":1000}]"
"loto6","1259","2018-03-12","10 16 20 26 33 36","41","","298888606","[{""tier"":1,""winners"":0,""prizeYen"":0},{""tier"":2,""winners"":7,""prizeYen"":11575700},{""tier"":3,""winners"":214,""prizeYen"":408900},{""tier"":4,""winners"":10048,""prizeYen"":9200},{""tier"":5,""winners"":163850,""prizeYen"":1000}]"
"loto6","1260","2018-03-15","3 8 16 19 25 26","32","","0","[{""tier"":1,""winners"":2,""prizeYen"":281942000},{""tier"":2,""winners"":22,""prizeYen"":3613600},{""tier"":3,""winners"":398,""prizeYen"":215700},{""tier"":4,""winners"":18024,""prizeYen"":5000},{""tier"":5,""winners"":259415,""prizeYen"":1000}]"
"loto6","1261","2018-03-19","9 20 26 29 30 34","42","","248268877","[{""tier"":1,""winners"":0,""prizeYen"":0},{""tier"":2,""winners"":3,""prizeYen"":24827700},{""tier"":3,""winners"":143,""prizeYen"":562500},{""tier"":4,""winners"":8652,""prizeYen"":9800},{""tier"":5,""winners"":153917,""prizeYen"":1000}]"
"loto6","1262","2018-03-22","4 11 15 20 24 43","10","","518679054","[{""tier"":1,""winners"":0,""prizeYen"":0},{""tier"":2,""winners"":5,""prizeYen"":16225100},{""tier"":3,""winners"":243,""prizeYen"":360500},{""tier"":4,""winners"":12230,""prizeYen"":7500},{""tier"":5,""winners"":205652,""prizeYen"":1000}]"
"loto6","1263","2018-03-26","3 8 13 14 31 37","6","","239194456","[{""tier"":1,""winners"":1,""prizeYen"":600000000},{""tier"":2,""winners"":5,""prizeYen"":19231500},{""tier"":3,""winners"":352,""prizeYen"":295000},{""tier"":4,""winners"":19174,""prizeYen"":5700},{""tier"":5,""winners"":291858,""prizeYen"":1000}]"
"loto6","1264","2018-03-29","1 6 27 33 35 43","15","","530695336","[{""tier"":1,""winners"":0,""prizeYen"":0},{""tier"":2,""winners"":10,""prizeYen"":8745300},{""tier"":3,""winners"":205,""prizeYen"":460700},{""tier"":4,""winners"":11081,""prizeYen"":9000},{""tier"":5,""winners"":189627,""prizeYen"":1000}]"
"loto6","1265","2018-04-02","5 20 26 27 28 33","12","","258748125","[{""tier"":1,""winners"":1,""prizeYen"":600000000},{""tier"":2,""winners"":17,""prizeYen"":5789300},{""tier"":3,""winners"":303,""prizeYen"":350700},{""tier"":4,""winners"":15212,""prizeYen"":7300},{""tier"":5,""winners"":252506,""prizeYen"":1000}]"
"loto6","1266","2018-04-05","3 12 16 23 25 28","17","","0","[{""tier"":1,""winners"":3,""prizeYen"":168675400},{""tier"":2,""winners"":13,""prizeYen"":5706600},{""tier"":3,""winners"":504,""prizeYen"":158900},{""tier"":4,""winners"":22019,""prizeYen"":3800},{""tier"":5,""winners"":274000,""prizeYen"":1000}]"
"loto6","1267","2018-04-09","4 18 31 33 34 41","9","","56267219","[{""tier"":1,""winners"":1,""prizeYen"":200000000},{""tier"":2,""winners"":8,""prizeYen"":9610300},{""tier"":3,""winners"":174,""prizeYen"":477100},{""tier"":4,""winners"":9289,""prizeYen"":9400},{""tier"":5,""winners"":158285,""prizeYen"":1000}]"
"loto6","1268","2018-04-12","8 11 15 22 35 36","30","","288938801","[{""tier"":1,""winners"":0,""prizeYen"":0},{""tier"":2,""winners"":6,""prizeYen"":11633900},{""tier"":3,""winners"":372,""prizeYen"":202600},{""tier"":4,""winners"":16294,""prizeYen"":4800},{""tier"":5,""winners"":223237,""prizeYen"":1000}]"
"loto6","1269","2018-04-16","9 10 11 33 39 42","25","","598482491","[{""tier"":1,""winners"":0,""prizeYen"":0},{""tier"":2,""winners"":11,""prizeYen"":8442300},{""tier"":3,""winners"":259,""prizeYen"":387200},{""tier"":4,""winners"":13658,""prizeYen"":7700},{""tier"":5,""winners"":227667,""prizeYen"":1000}]"
"loto6","1270","2018-04-20","9 10 24 30 35 40","38","","950514135","[{""tier"":1,""winners"":0,""prizeYen"":0},{""tier"":2,""winners"":6,""prizeYen"":17602100},{""tier"":3,""winners"":230,""prizeYen"":495900},{""tier"":4,""winners"":12847,""prizeYen"":9300},{""tier"":5,""winners"":220595,""prizeYen"":1000}]"
"loto6","1271","2018-04-23","1 11 14 27 39 42","32","","748766205","[{""tier"":1,""winners"":1,""prizeYen"":600000000},{""tier"":2,""winners"":12,""prizeYen"":9956600},{""tier"":3,""winners"":463,""prizeYen"":278600},{""tier"":4,""winners"":20219,""prizeYen"":6700},{""tier"":5,""winners"":309541,""prizeYen"":1000}]"
"loto6","1272","2018-04-26","4 9 13 32 37 38","42","","1091655132","[{""tier"":1,""winners"":0,""prizeYen"":0},{""tier"":2,""winners"":9,""prizeYen"":11430000},{""tier"":3,""winners"":411,""prizeYen"":270300},{""tier"":4,""winners"":17361,""prizeYen"":6700},{""tier"":5,""winners"":266492,""prizeYen"":1000}]"
"loto6","1273","2018-04-30","18 20 22 26 34 37","4","","1486043254","[{""tier"":1,""winners"":0,""prizeYen"":0},{""tier"":2,""winners"":13,""prizeYen"":9101500},{""tier"":3,""winners"":356,""prizeYen"":358900},{""tier"":4,""winners"":15759,""prizeYen"":8500},{""tier"":5,""winners"":253524,""prizeYen"":1000}]"
"loto6","1274","2018-05-03","3 15 18 23 31 37","34","","0","[{""tier"":1,""winners"":9,""prizeYen"":206748000},{""tier"":2,""winners"":2,""prizeYen"":5352800},{""tier"":3,""winners"":739,""prizeYen"":164200},{""tier"":4,""winners"":26657,""prizeYen"":4800},{""tier"":5,""winners"":354582,""prizeYen"":1000}]"
"loto6","1275","2018-05-07","7 19 21 28 40 41","3","","4542652","[{""tier"":1,""winners"":1,""prizeYen"":200000000},{""tier"":2,""winners"":9,""prizeYen"":8181300},{""tier"":3,""winners"":309,""prizeYen"":257300},{""tier"":4,""winners"":11991,""prizeYen"":7000},{""tier"":5,""winners"":179635,""prizeYen"":1000}]"
"loto6","1276","2018-05-10","5 6 9 11 16 35","22","","0","[{""tier"":1,""winners"":1,""prizeYen"":276629800},{""tier"":2,""winners"":14,""prizeYen"":4954300},{""tier"":3,""winners"":277,""prizeYen"":270400},{""tier"":4,""winners"":15622,""prizeYen"":5000},{""tier"":5,""winners"":233320,""prizeYen"":1000}]"
"loto6","1277","2018-05-14","12 16 20 22 31 43","33","","53416511","[{""tier"":1,""winners"":1,""prizeYen"":200000000},{""tier"":2,""winners"":1,""prizeYen"":7602400},{""tier"":3,""winners"":176,""prizeYen"":466500},{""tier"":4,""winners"":8578,""prizeYen"":10100},{""tier"":5,""winners"":155018,""prizeYen"":1000}]"
"loto6","1278","2018-05-17","3 4 18 28 34 36","6","","295949279","[{""tier"":1,""winners"":0,""prizeYen"":0},{""tier"":2,""winners"":11,""prizeYen"":6614700},{""tier"":3,""winners"":229,""prizeYen"":343100},{""tier"":4,""winners"":12020,""prizeYen"":6900},{""tier"":5,""winners"":203075,""prizeYen"":1000}]"
"loto6","1279","2018-05-21","4 10 16 17 20 24","31","","578991991","[{""tier"":1,""winners"":0,""prizeYen"":0},{""tier"":2,""winners"":8,""prizeYen"":10614400},{""tier"":3,""winners"":270,""prizeYen"":339600},{""tier"":4,""winners"":15008,""prizeYen"":6400},{""tier"":5,""winners"":232650,""prizeYen"":1000}]"
"loto6","1280","2018-05-24","1 9 11 21 29 36","7","","285586726","[{""tier"":1,""winners"":1,""prizeYen"":600000000},{""tier"":2,""winners"":12,""prizeYen"":7665100},{""tier"":3,""winners"":453,""prizeYen"":219200},{""tier"":4,""winners"":16973,""prizeYen"":6100},{""tier"":5,""winners"":263528,""prizeYen"":1000}]"
"loto6","1281","2018-05-28","3 7 9 15 29 40","17","","0","[{""tier"":1,""winners"":1,""prizeYen"":571521400},{""tier"":2,""winners"":4,""prizeYen"":21445800},{""tier"":3,""winners"":346,""prizeYen"":267700},{""tier"":4,""winners"":16452,""prizeYen"":5900},{""tier"":5,""winners"":249985,""prizeYen"":1000}]"
"loto6","1282","2018-05-31","1 4 10 11 24 28","29","","0","[{""tier"":1,""winners"":4,""prizeYen"":51367400},{""tier"":2,""winners"":15,""prizeYen"":4109500},{""tier"":3,""winners"":632,""prizeYen"":105300},{""tier"":4,""winners"":20253,""prizeYen"":3400},{""tier"":5,""winners"":246442,""prizeYen"":1000}]"
"loto6","1283","2018-06-04","1 26 27 30 37 38","4","","258168830","[{""tier"":1,""winners"":0,""prizeYen"":0},{""tier"":2,""winners"":5,""prizeYen"":15490600},{""tier"":3,""winners"":140,""prizeYen"":597400},{""tier"":4,""winners"":8184,""prizeYen"":10800},{""tier"":5,""winners"":159189,""prizeYen"":1000}]"
"loto6","1284","2018-06-07","4 14 17 21 24 39","7","","532698735","[{""tier"":1,""winners"":0,""prizeYen"":0},{""tier"":2,""winners"":7,""prizeYen"":11765900},{""tier"":3,""winners"":277,""prizeYen"":321100},{""tier"":4,""winners"":13809,""prizeYen"":6800},{""tier"":5,""winners"":216404,""prizeYen"":1000}]"
"loto6","1285","2018-06-11","7 8 13 36 38 42","6","","0","[{""tier"":1,""winners"":3,""prizeYen"":280267300},{""tier"":2,""winners"":3,""prizeYen"":30811300},{""tier"":3,""winners"":298,""prizeYen"":334900},{""tier"":4,""winners"":14645,""prizeYen"":7200},{""tier"":5,""winners"":242303,""prizeYen"":1000}]"
"loto6","1286","2018-06-14","11 32 37 39 41 42","43","","52525496","[{""tier"":1,""winners"":1,""prizeYen"":200000000},{""tier"":2,""winners"":5,""prizeYen"":15152000},{""tier"":3,""winners"":223,""prizeYen"":366800},{""tier"":4,""winners"":9653,""prizeYen"":8900},{""tier"":5,""winners"":151359,""prizeYen"":1000}]"
"loto6","1287","2018-06-18","9 21 23 34 37 38","40","","0","[{""tier"":1,""winners"":2,""prizeYen"":161407700},{""tier"":2,""winners"":5,""prizeYen"":16217900},{""tier"":3,""winners"":207,""prizeYen"":423000},{""tier"":4,""winners"":11588,""prizeYen"":7900},{""tier"":5,""winners"":193422,""prizeYen"":1000}]"
"loto6","1288","2018-06-21","8 9 19 24 35 43","11","","243576796","[{""tier"":1,""winners"":0,""prizeYen"":0},{""tier"":2,""winners"":9,""prizeYen"":8119400},{""tier"":3,""winners"":197,""prizeYen"":400600},{""tier"":4,""winners"":10900,""prizeYen"":7600},{""tier"":5,""winners"":181785,""prizeYen"":1000}]"
"loto6","1289","2018-06-25","6 9 16 24 29 37","3","","0","[{""tier"":1,""winners"":1,""prizeYen"":522362900},{""tier"":2,""winners"":27,""prizeYen"":3097700},{""tier"":3,""winners"":399,""prizeYen"":226300},{""tier"":4,""winners"":16548,""prizeYen"":5700},{""tier"":5,""winners"":250180,""prizeYen"":1000}]"
"loto6","1290","2018-06-28","18 24 27 32 35 41","10","","249693798","[{""tier"":1,""winners"":0,""prizeYen"":0},{""tier"":2,""winners"":5,""prizeYen"":14982100},{""tier"":3,""winners"":209,""prizeYen"":387000},{""tier"":4,""winners"":10206,""prizeYen"":8300},{""tier"":5,""winners"":161049,""prizeYen"":1000}]"
"loto6","1291","2018-07-02","2 6 8 12 13 17","1","","0","[{""tier"":1,""winners"":1,""prizeYen"":506881500},{""tier"":2,""winners"":14,""prizeYen"":5511300},{""tier"":3,""winners"":514,""prizeYen"":162100},{""tier"":4,""winners"":20846,""prizeYen"":4200},{""tier"":5,""winners"":290663,""prizeYen"":1000}]"
"loto6","1292","2018-07-05","1 18 29 30 31 37","35","","0","[{""tier"":1,""winners"":3,""prizeYen"":78782500},{""tier"":2,""winners"":3,""prizeYen"":23635500},{""tier"":3,""winners"":185,""prizeYen"":413900},{""tier"":4,""winners"":9215,""prizeYen"":8700},{""tier"":5,""winners"":152991,""prizeYen"":1000}]"
"loto6","1293","2018-07-09","2 5 15 27 30 35","11","","28310786","[{""tier"":1,""winners"":1,""prizeYen"":200000000},{""tier"":2,""winners"":13,""prizeYen"":5268800},{""tier"":3,""winners"":280,""prizeYen"":264100},{""tier"":4,""winners"":13415,""prizeYen"":5800},{""tier"":5,""winners"":193522,""prizeYen"":1000}]"
"loto6","1294","2018-07-12","7 14 18 26 28 39","2","","0","[{""tier"":1,""winners"":1,""prizeYen"":258113600},{""tier"":2,""winners"":12,""prizeYen"":5745200},{""tier"":3,""winners"":331,""prizeYen"":224900},{""tier"":4,""winners"":14692,""prizeYen"":5300},{""tier"":5,""winners"":205387,""prizeYen"":1000}]"
"loto6","1295","2018-07-16","14 23 31 37 39 43","32","","30396782","[{""tier"":1,""winners"":1,""prizeYen"":200000000},{""tier"":2,""winners"":3,""prizeYen"":23040400},{""tier"":3,""winners"":161,""prizeYen"":463600},{""tier"":4,""winners"":9057,""prizeYen"":8700},{""tier"":5,""winners"":142032,""prizeYen"":1000}]"
"loto6","1296","2018-07-19","5 11 15 16 23 32","4","","0","[{""tier"":1,""winners"":3,""prizeYen"":84258400},{""tier"":2,""winners"":9,""prizeYen"":7412800},{""tier"":3,""winners"":355,""prizeYen"":202900},{""tier"":4,""winners"":15301,""prizeYen"":4900},{""tier"":5,""winners"":212444,""prizeYen"":1000}]"
"loto6","1297","2018-07-23","1 2 7 29 34 42","41","","32618983","[{""tier"":1,""winners"":1,""prizeYen"":200000000},{""tier"":2,""winners"":1,""prizeYen"":69787900},{""tier"":3,""winners"":123,""prizeYen"":612700},{""tier"":4,""winners"":8865,""prizeYen"":8900},{""tier"":5,""winners"":158700,""prizeYen"":1000}]"
"loto6","1298","2018-07-26","4 6 15 22 30 42","7","","266282024","[{""tier"":1,""winners"":0,""prizeYen"":0},{""tier"":2,""winners"":5,""prizeYen"":14020200},{""tier"":3,""winners"":225,""prizeYen"":336400},{""tier"":4,""winners"":11493,""prizeYen"":6900},{""tier"":5,""winners"":188659,""prizeYen"":1000}]"
"loto6","1299","2018-07-30","3 12 24 28 38 39","10","","0","[{""tier"":1,""winners"":2,""prizeYen"":259380200},{""tier"":2,""winners"":17,""prizeYen"":4455600},{""tier"":3,""winners"":424,""prizeYen"":192900},{""tier"":4,""winners"":17776,""prizeYen"":4800},{""tier"":5,""winners"":252669,""prizeYen"":1000}]"
"loto6","1300","2018-08-02","3 18 25 26 32 33","27","","18410686","[{""tier"":1,""winners"":1,""prizeYen"":200000000},{""tier"":2,""winners"":5,""prizeYen"":13105000},{""tier"":3,""winners"":300,""prizeYen"":235800},{""tier"":4,""winners"":13090,""prizeYen"":5700},{""tier"":5,""winners"":183347,""prizeYen"":1000}]"
"loto6","1301","2018-08-06","6 7 9 16 30 41","22","","253175343","[{""tier"":1,""winners"":0,""prizeYen"":0},{""tier"":2,""winners"":3,""prizeYen"":23477200},{""tier"":3,""winners"":199,""prizeYen"":382200},{""tier"":4,""winners"":11338,""prizeYen"":7000},{""tier"":5,""winners"":189255,""prizeYen"":1000}]"
"loto6","1302","2018-08-09","4 7 25 30 34 43","38","","526484438","[{""tier"":1,""winners"":0,""prizeYen"":0},{""tier"":2,""winners"":3,""prizeYen"":27331800},{""tier"":3,""winners"":274,""prizeYen"":323100},{""tier"":4,""winners"":11765,""prizeYen"":7900},{""tier"":5,""winners"":175049,""prizeYen"":1000}]"
"loto6","1303","2018-08-13","7 10 24 33 35 42","43","","821019464","[{""tier"":1,""winners"":0,""prizeYen"":0},{""tier"":2,""winners"":6,""prizeYen"":14727200},{""tier"":3,""winners"":255,""prizeYen"":374200},{""tier"":4,""winners"":13263,""prizeYen"":7600},{""tier"":5,""winners"":218284,""prizeYen"":1000}]"
"loto6","1304","2018-08-16","6 25 30 38 40 42","17","","576512858","[{""tier"":1,""winners"":1,""prizeYen"":600000000},{""tier"":2,""winners"":12,""prizeYen"":8887600},{""tier"":3,""winners"":247,""prizeYen"":466300},{""tier"":4,""winners"":13787,""prizeYen"":8800},{""tier"":5,""winners"":229519,""prizeYen"":1000}]"
"loto6","1305","2018-08-20","4 6 19 36 38 40","28","","907562919","[{""tier"":1,""winners"":0,""prizeYen"":0},{""tier"":2,""winners"":10,""prizeYen"":9931800},{""tier"":3,""winners"":256,""prizeYen"":418900},{""tier"":4,""winners"":13785,""prizeYen"":8200},{""tier"":5,""winners"":224118,""prizeYen"":1000}]"
"loto6","1306","2018-08-23","7 11 23 36 38 41","37","","641663268","[{""tier"":1,""winners"":1,""prizeYen"":600000000},{""tier"":2,""winners"":13,""prizeYen"":7710200},{""tier"":3,""winners"":446,""prizeYen"":242700},{""tier"":4,""winners"":18676,""prizeYen"":6100},{""tier"":5,""winners"":280525,""prizeYen"":1000}]"
"loto6","1307","2018-08-27","6 25 27 28 30 43","14","","372026796","[{""tier"":1,""winners"":1,""prizeYen"":600000000},{""tier"":2,""winners"":7,""prizeYen"":14158900},{""tier"":3,""winners"":255,""prizeYen"":419700},{""tier"":4,""winners"":15399,""prizeYen"":7300},{""tier"":5,""winners"":247462,""prizeYen"":1000}]"
"loto6","1308","2018-08-30","6 9 10 15 34 39","3","","662062930","[{""tier"":1,""winners"":0,""prizeYen"":0},{""tier"":2,""winners"":9,""prizeYen"":9668100},{""tier"":3,""winners"":256,""prizeYen"":367000},{""tier"":4,""winners"":14009,""prizeYen"":7000},{""tier"":5,""winners"":230628,""prizeYen"":1000}]"
"loto6","1309","2018-09-03","24 32 34 36 41 43","23","","420789350","[{""tier"":1,""winners"":1,""prizeYen"":600000000},{""tier"":2,""winners"":10,""prizeYen"":10762100},{""tier"":3,""winners"":252,""prizeYen"":461200},{""tier"":4,""winners"":11693,""prizeYen"":10500},{""tier"":5,""winners"":195021,""prizeYen"":1000}]"
"loto6","1310","2018-09-06","9 24 25 27 34 36","14","","696692533","[{""tier"":1,""winners"":0,""prizeYen"":0},{""tier"":2,""winners"":11,""prizeYen"":7524800},{""tier"":3,""winners"":286,""prizeYen"":312500},{""tier"":4,""winners"":14822,""prizeYen"":6300},{""tier"":5,""winners"":227796,""prizeYen"":1000}]"
"loto6","1311","2018-09-10","12 23 26 29 36 37","15","","0","[{""tier"":1,""winners"":3,""prizeYen"":335970100},{""tier"":2,""winners"":11,""prizeYen"":8488000},{""tier"":3,""winners"":325,""prizeYen"":310200},{""tier"":4,""winners"":15349,""prizeYen"":6900},{""tier"":5,""winners"":244472,""prizeYen"":1000}]"
"loto6","1312","2018-09-13","13 24 25 26 32 39","6","","0","[{""tier"":1,""winners"":2,""prizeYen"":120471500},{""tier"":2,""winners"":14,""prizeYen"":5163200},{""tier"":3,""winners"":309,""prizeYen"":252600},{""tier"":4,""winners"":13016,""prizeYen"":6300},{""tier"":5,""winners"":193425,""prizeYen"":1000}]"
"loto6","1313","2018-09-17","5 12 21 31 36 43","27","","38309977","[{""tier"":1,""winners"":1,""prizeYen"":200000000},{""tier"":2,""winners"":6,""prizeYen"":11915800},{""tier"":3,""winners"":181,""prizeYen"":426500},{""tier"":4,""winners"":9087,""prizeYen"":8900},{""tier"":5,""winners"":154134,""prizeYen"":1000}]"
"loto6","1314","2018-09-20","3 10 20 21 27 33","39","","0","[{""tier"":1,""winners"":3,""prizeYen"":91653600},{""tier"":2,""winners"":7,""prizeYen"":10142500},{""tier"":3,""winners"":305,""prizeYen"":251300},{""tier"":4,""winners"":13248,""prizeYen"":6100},{""tier"":5,""winners"":194740,""prizeYen"":1000}]"
"loto6","1315","2018-09-24","3 8 23 30 32 40","31","","27238834","[{""tier"":1,""winners"":1,""prizeYen"":200000000},{""tier"":2,""winners"":4,""prizeYen"":17043400},{""tier"":3,""winners"":190,""prizeYen"":387500},{""tier"":4,""winners"":9841,""prizeYen"":7900},{""tier"":5,""winners"":168580,""prizeYen"":1000}]"
"loto6","1316","2018-09-27","6 16 26 35 36 39","14","","0","[{""tier"":1,""winners"":3,""prizeYen"":92137600},{""tier"":2,""winners"":8,""prizeYen"":9344300},{""tier"":3,""winners"":403,""prizeYen"":200300},{""tier"":4,""winners"":11715,""prizeYen"":7200},{""tier"":5,""winners"":167824,""prizeYen"":1000}]"
"loto6","1317","2018-10-01","6 10 13 19 32 43","22","","235054490","[{""tier"":1,""winners"":0,""prizeYen"":0},{""tier"":2,""winners"":11,""prizeYen"":6410700},{""tier"":3,""winners"":182,""prizeYen"":418400},{""tier"":4,""winners"":9855,""prizeYen"":8100},{""tier"":5,""winners"":160730,""prizeYen"":1000}]"
"loto6","1318","2018-10-04","2 3 7 14 19 41","34","","0","[{""tier"":1,""winners"":2,""prizeYen"":242181400},{""tier"":2,""winners"":4,""prizeYen"":18698700},{""tier"":3,""winners"":295,""prizeYen"":273800},{""tier"":4,""winners"":13591,""prizeYen"":6200},{""tier"":5,""winners"":216022,""prizeYen"":1000}]"
"loto6","1319","2018-10-08","9 10 19 21 28 30","43","","212501736","[{""tier"":1,""winners"":0,""prizeYen"":0},{""tier"":2,""winners"":2,""prizeYen"":31876300},{""tier"":3,""winners"":284,""prizeYen"":242400},{""tier"":4,""winners"":11520,""prizeYen"":6300},{""tier"":5,""winners"":173918,""prizeYen"":1000}]"
"loto6","1320","2018-10-11","4 6 12 16 17 34","28","","0","[{""tier"":1,""winners"":2,""prizeYen"":227401800},{""tier"":2,""winners"":8,""prizeYen"":9086600},{""tier"":3,""winners"":275,""prizeYen"":285400},{""tier"":4,""winners"":14280,""prizeYen"":5800},{""tier"":5,""winners"":223907,""prizeYen"":1000}]"
"loto6","1321","2018-10-15","10 24 31 40 41 43","33","","0","[{""tier"":1,""winners"":2,""prizeYen"":127197300},{""tier"":2,""winners"":2,""prizeYen"":38160400},{""tier"":3,""winners"":149,""prizeYen"":553100},{""tier"":4,""winners"":8502,""prizeYen"":10200},{""tier"":5,""winners"":140450,""prizeYen"":1000}]"
"loto6","1322","2018-10-18","2 3 13 28 32 37","7","","27111518","[{""tier"":1,""winners"":1,""prizeYen"":200000000},{""tier"":2,""winners"":6,""prizeYen"":11355900},{""tier"":3,""winners"":197,""prizeYen"":373500},{""tier"":4,""winners"":10662,""prizeYen"":7200},{""tier"":5,""winners"":174193,""prizeYen"":1000}]"
"loto6","1323","2018-10-22","5 6 10 24 29 40","26","","256661111","[{""tier"":1,""winners"":0,""prizeYen"":0},{""tier"":2,""winners"":5,""prizeYen"":13773400},{""tier"":3,""winners"":252,""prizeYen"":295100},{""tier"":4,""winners"":13424,""prizeYen"":5800},{""tier"":5,""winners"":205184,""prizeYen"":1000}]"
"loto6","1324","2018-10-25","1 7 8 17 25 42","11","","0","[{""tier"":1,""winners"":3,""prizeYen"":168286300},{""tier"":2,""winners"":10,""prizeYen"":7446100},{""tier"":3,""winners"":376,""prizeYen"":213800},{""tier"":4,""winners"":17682,""prizeYen"":4800},{""tier"":5,""winners"":246469,""prizeYen"":1000}]"
"loto6","1325","2018-10-29","8 18 23 26 33 38","34","","227968303","[{""tier"":1,""winners"":0,""prizeYen"":0},{""tier"":2,""winners"":8,""prizeYen"":8549000},{""tier"":3,""winners"":320,""prizeYen"":230800},{""tier"":4,""winners"":14327,""prizeYen"":5400},{""tier"":5,""winners"":207614,""prizeYen"":1000}]"
"loto6","1326","2018-11-01","2 3 9 12 30 41","21","","0","[{""tier"":1,""winners"":2,""prizeYen"":238587500},{""tier"":2,""winners"":14,""prizeYen"":5340300},{""tier"":3,""winners"":370,""prizeYen"":218200},{""tier"":4,""winners"":16046,""prizeYen"":5300},{""tier"":5,""winners"":239516,""prizeYen"":1000}]"
"loto6","1327","2018-11-05","2 3 13 22 23 30","27","","0","[{""tier"":1,""winners"":2,""prizeYen"":115034500},{""tier"":2,""winners"":6,""prizeYen"":11503800},{""tier"":3,""winners"":298,""prizeYen"":250100},{""tier"":4,""winners"":13371,""prizeYen"":5800},{""tier"":5,""winners"":194287,""prizeYen"":1000}]"
"loto6","1328","2018-11-08","7 9 23 32 37 40","41","","0","[{""tier"":1,""winners"":2,""prizeYen"":115973100},{""tier"":2,""winners"":5,""prizeYen"":13917200},{""tier"":3,""winners"":184,""prizeYen"":408400},{""tier"":4,""winners"":9976,""prizeYen"":7900},{""tier"":5,""winners"":168341,""prizeYen"":1000}]"
"loto6","1329","2018-11-12","11 15 18 22 37 42","31","","30846620","[{""tier"":1,""winners"":1,""prizeYen"":200000000},{""tier"":2,""winners"":9,""prizeYen"":7695100},{""tier"":3,""winners"":270,""prizeYen"":277000},{""tier"":4,""winners"":11969,""prizeYen"":6600},{""tier"":5,""winners"":181089,""prizeYen"":1000}]"
"loto6","1330","2018-11-15","2 19 24 32 36 43","30","","0","[{""tier"":1,""winners"":1,""prizeYen"":276653200},{""tier"":2,""winners"":4,""prizeYen"":18436100},{""tier"":3,""winners"":255,""prizeYen"":312300},{""tier"":4,""winners"":11455,""prizeYen"":7300},{""tier"":5,""winners"":170913,""prizeYen"":1000}]"
"loto6","1331","2018-11-19","2 14 30 31 38 39","26","","240912284","[{""tier"":1,""winners"":0,""prizeYen"":0},{""tier"":2,""winners"":2,""prizeYen"":36138000},{""tier"":3,""winners"":132,""prizeYen"":591300},{""tier"":4,""winners"":8849,""prizeYen"":9300},{""tier"":5,""winners"":150446,""prizeYen"":1000}]"
"loto6","1332","2018-11-22","5 15 18 22 33 40","6","","0","[{""tier"":1,""winners"":2,""prizeYen"":249251400},{""tier"":2,""winners"":8,""prizeYen"":9659900},{""tier"":3,""winners"":313,""prizeYen"":266600},{""tier"":4,""winners"":13027,""prizeYen"":6700},{""tier"":5,""winners"":196694,""prizeYen"":1000}]"
"loto6","1333","2018-11-26","2 9 15 22 26 35","5","","24132387","[{""tier"":1,""winners"":1,""prizeYen"":200000000},{""tier"":2,""winners"":3,""prizeYen"":22413900},{""tier"":3,""winners"":285,""prizeYen"":254800},{""tier"":4,""winners"":12504,""prizeYen"":6100},{""tier"":5,""winners"":184902,""prizeYen"":1000}]"
"loto6","1334","2018-11-29","1 2 7 14 29 43","40","","0","[{""tier"":1,""winners"":1,""prizeYen"":259569200},{""tier"":2,""winners"":3,""prizeYen"":23544400},{""tier"":3,""winners"":238,""prizeYen"":320500},{""tier"":4,""winners"":11893,""prizeYen"":6700},{""tier"":5,""winners"":186002,""prizeYen"":1000}]"
"loto6","1335","2018-12-03","10 16 19 34 35 39","4","","0","[{""tier"":1,""winners"":4,""prizeYen"":62235400},{""tier"":2,""winners"":3,""prizeYen"":24894900},{""tier"":3,""winners"":151,""prizeYen"":534100},{""tier"":4,""winners"":8255,""prizeYen"":10300},{""tier"":5,""winners"":146445,""prizeYen"":1000}]"
"loto6","1336","2018-12-06","4 5 11 19 31 34","43","","0","[{""tier"":1,""winners"":2,""prizeYen"":108017300},{""tier"":2,""winners"":7,""prizeYen"":9258900},{""tier"":3,""winners"":219,""prizeYen"":319600},{""tier"":4,""winners"":11013,""prizeYen"":6700},{""tier"":5,""winners"":179513,""prizeYen"":1000}]"
"loto6","1337","2018-12-10","3 6 21 28 29 34","15","","0","[{""tier"":1,""winners"":4,""prizeYen"":55161000},{""tier"":2,""winners"":7,""prizeYen"":9456400},{""tier"":3,""winners"":242,""prizeYen"":295400},{""tier"":4,""winners"":12290,""prizeYen"":6100},{""tier"":5,""winners"":192483,""prizeYen"":1000}]"
"loto6","1338","2018-12-13","2 6 23 25 30 31","35","","10886363","[{""tier"":1,""winners"":1,""prizeYen"":200000000},{""tier"":2,""winners"":8,""prizeYen"":7908400},{""tier"":3,""winners"":281,""prizeYen"":243100},{""tier"":4,""winners"":12597,""prizeYen"":5700},{""tier"":5,""winners"":195164,""prizeYen"":1000}]"
"loto6","1339","2018-12-17","1 10 15 33 34 42","39","","0","[{""tier"":1,""winners"":1,""prizeYen"":265958300},{""tier"":2,""winners"":2,""prizeYen"":38262000},{""tier"":3,""winners"":181,""prizeYen"":456500},{""tier"":4,""winners"":9806,""prizeYen"":8900},{""tier"":5,""winners"":164196,""prizeYen"":1000}]"
"loto6","1340","2018-12-20","6 15 18 20 26 29","9","","233121796","[{""tier"":1,""winners"":0,""prizeYen"":0},{""tier"":2,""winners"":7,""prizeYen"":9991200},{""tier"":3,""winners"":232,""prizeYen"":325500},{""tier"":4,""winners"":10872,""prizeYen"":7300},{""tier"":5,""winners"":176900,""prizeYen"":1000}]"
"loto6","1341","2018-12-24","9 12 15 16 26 39","34","","0","[{""tier"":1,""winners"":2,""prizeYen"":243666700},{""tier"":2,""winners"":9,""prizeYen"":8474000},{""tier"":3,""winners"":313,""prizeYen"":263100},{""tier"":4,""winners"":14275,""prizeYen"":6000},{""tier"":5,""winners"":221101,""prizeYen"":1000}]"
"loto6","1342","2018-12-27","1 4 9 16 23 31","42","","34812633","[{""tier"":1,""winners"":1,""prizeYen"":200000000},{""tier"":2,""winners"":5,""prizeYen"":14089200},{""tier"":3,""winners"":394,""prizeYen"":193000},{""tier"":4,""winners"":15573,""prizeYen"":5100},{""tier"":5,""winners"":219088,""prizeYen"":1000}]"
"loto6","1343","2019-01-07","2 8 10 12 19 23","16","","0","[{""tier"":1,""winners"":2,""prizeYen"":149831600},{""tier"":2,""winners"":22,""prizeYen"":3611700},{""tier"":3,""winners"":755,""prizeYen"":113600},{""tier"":4,""winners"":26068,""prizeYen"":2400},{""tier"":5,""winners"":328489,""prizeYen"":1000}]"
"loto6","1344","2019-01-10","8 16 20 28 37 43","29","","44945823","[{""tier"":1,""winners"":1,""prizeYen"":200000000},{""tier"":2,""winners"":4,""prizeYen"":18371500},{""tier"":3,""winners"":194,""prizeYen"":409000},{""tier"":4,""winners"":9991,""prizeYen"":8300},{""tier"":5,""winners"":159732,""prizeYen"":1000}]"
"loto6","1345","2019-01-14","1 15 26 27 29 33","18","","282612734","[{""tier"":1,""winners"":0,""prizeYen"":0},{""tier"":2,""winners"":5,""prizeYen"":14260400},{""tier"":3,""winners"":239,""prizeYen"":322100},{""tier"":4,""winners"":11606,""prizeYen"":7000},{""tier"":5,""winners"":184888,""prizeYen"":1000}]"
"loto6","1346","2019-01-17","5 10 22 27 38 42","36","","0","[{""tier"":1,""winners"":3,""prizeYen"":184111400},{""tier"":2,""winners"":8,""prizeYen"":10114800},{""tier"":3,""winners"":341,""prizeYen"":256200},{""tier"":4,""winners"":13469,""prizeYen"":6800},{""tier"":5,""winners"":207387,""prizeYen"":1000}]"
"loto6","1347","2019-01-21","8 10 11 18 36 43","7","","0","[{""tier"":1,""winners"":2,""prizeYen"":116194600},{""tier"":2,""winners"":8,""prizeYen"":8714800},{""tier"":3,""winners"":214,""prizeYen"":351800},{""tier"":4,""winners"":11399,""prizeYen"":6900},{""tier"":5,""winners"":187011,""prizeYen"":1000}]"
"loto6","1348","2019-01-24","1 2 14 19 21 33","43","","0","[{""tier"":1,""winners"":2,""prizeYen"":113126700},{""tier"":2,""winners"":5,""prizeYen"":13575600},{""tier"":3,""winners"":208,""prizeYen"":352400},{""tier"":4,""winners"":10746,""prizeYen"":7200},{""tier"":5,""winners"":169796,""prizeYen"":1000}]"
"loto6","1349","2019-01-28","2 16 19 32 34 42","33","","243115607","[{""tier"":1,""winners"":0,""prizeYen"":0},{""tier"":2,""winners"":3,""prizeYen"":24312300},{""tier"":3,""winners"":189,""prizeYen"":416700},{""tier"":4,""winners"":9216,""prizeYen"":9000},{""tier"":5,""winners"":156759,""prizeYen"":1000}]"
"loto6","1350","2019-01-31","7 8 9 10 20 38","16","","0","[{""tier"":1,""winners"":1,""prizeYen"":490945100},{""tier"":2,""winners"":5,""prizeYen"":14870200},{""tier"":3,""winners"":266,""prizeYen"":301800},{""tier"":4,""winners"":14247,""prizeYen"":5900},{""tier"":5,""winners"":218833,""prizeYen"":1000}]"
"loto6","1351","2019-02-04","8 14 18 22 28 29","5","","24096183","[{""tier"":1,""winners"":1,""prizeYen"":200000000},{""tier"":2,""winners"":15,""prizeYen"":4482000},{""tier"":3,""winners"":262,""prizeYen"":277100},{""tier"":4,""winners"":12969,""prizeYen"":5900},{""tier"":5,""winners"":196665,""prizeYen"":1000}]"
"loto6","1352","2019-02-07","5 6 9 15 19 36","22","","232713045","[{""tier"":1,""winners"":0,""prizeYen"":0},{""tier"":2,""winners"":6,""prizeYen"":10431100},{""tier"":3,""winners"":276,""prizeYen"":244800},{""tier"":4,""winners"":14885,""prizeYen"":4700},{""tier"":5,""winners"":224193,""prizeYen"":1000}]"
"loto6","1353","2019-02-11","2 11 12 19 21 24","36","","0","[{""tier"":1,""winners"":3,""prizeYen"":151274200},{""tier"":2,""winners"":5,""prizeYen"":13267000},{""tier"":3,""winners"":444,""prizeYen"":161300},{""tier"":4,""winners"":16918,""prizeYen"":4400},{""tier"":5,""winners"":242167,""prizeYen"":1000}]"
"loto6","1354","2019-02-14","4 25 27 28 32 41","26","","25842518","[{""tier"":1,""winners"":1,""prizeYen"":200000000},{""tier"":2,""winners"":4,""prizeYen"":16938700},{""tier"":3,""winners"":164,""prizeYen"":446100},{""tier"":4,""winners"":9423,""prizeYen"":8200},{""tier"":5,""winners"":153600,""prizeYen"":1000}]"
"loto6","1355","2019-02-18","5 15 27 29 34 37","12","","0","[{""tier"":1,""winners"":1,""prizeYen"":270445900},{""tier"":2,""winners"":13,""prizeYen"":5644800},{""tier"":3,""winners"":269,""prizeYen"":294600},{""tier"":4,""winners"":12215,""prizeYen"":6800},{""tier"":5,""winners"":189030,""prizeYen"":1000}]"
"loto6","1356","2019-02-21","4 6 10 16 24 43","12","","0","[{""tier"":1,""winners"":2,""prizeYen"":104132300},{""tier"":2,""winners"":12,""prizeYen"":5206700},{""tier"":3,""winners"":329,""prizeYen"":205000},{""tier"":4,""winners"":13826,""prizeYen"":5100},{""tier"":5,""winners"":202692,""prizeYen"":1000}]"
"loto6","1357","2019-02-25","2 3 8 15 19 28","21","","0","[{""tier"":1,""winners"":5,""prizeYen"":37305200},{""tier"":2,""winners"":13,""prizeYen"":4304500},{""tier"":3,""winners"":552,""prizeYen"":109400},{""tier"":4,""winners"":21182,""prizeYen"":3000},{""tier"":5,""winners"":263356,""prizeYen"":1000}]"
"loto6","1358","2019-02-28","9 15 23 27 29 40","28","","0","[{""tier"":1,""winners"":2,""prizeYen"":107316100},{""tier"":2,""winners"":5,""prizeYen"":12878300},{""tier"":3,""winners"":260,""prizeYen"":267400},{""tier"":4,""winners"":12385,""prizeYen"":5900},{""tier"":5,""winners"":181777,""prizeYen"":1000}]"
"loto6","1359","2019-03-04","6 8 14 18 25 41","9","","215007459","[{""tier"":1,""winners"":0,""prizeYen"":0},{""tier"":2,""winners"":5,""prizeYen"":12900800},{""tier"":3,""winners"":222,""prizeYen"":313700},{""tier"":4,""winners"":12333,""prizeYen"":5900},{""tier"":5,""winners"":190707,""prizeYen"":1000}]"
"loto6","1360","2019-03-07","4 9 10 16 17 42","23","","0","[{""tier"":1,""winners"":2,""prizeYen"":227332200},{""tier"":2,""winners"":14,""prizeYen"":5135600},{""tier"":3,""winners"":258,""prizeYen"":300900},{""tier"":4,""winners"":14060,""prizeYen"":5800},{""tier"":5,""winners"":223629,""prizeYen"":1000}]"
"loto6","1361","2019-03-11","3 4 12 18 28 38","32","","211345060","[{""tier"":1,""winners"":0,""prizeYen"":0},{""tier"":2,""winners"":10,""prizeYen"":6340500},{""tier"":3,""winners"":421,""prizeYen"":162600},{""tier"":4,""winners"":15412,""prizeYen"":4600},{""tier"":5,""winners"":217530,""prizeYen"":1000}]"
"loto6","1362","2019-03-14","8 16 19 28 36 39","1","","0","[{""tier"":1,""winners"":3,""prizeYen"":152305300},{""tier"":2,""winners"":4,""prizeYen"":18418400},{""tier"":3,""winners"":288,""prizeYen"":205000},{""tier"":4,""winners"":15998,""prizeYen"":5200},{""tier"":5,""winners"":220340,""prizeYen"":1000}]"
"loto6","1363","2019-03-18","2 5 23 36 37 41","43","","234838859","[{""tier"":1,""winners"":0,""prizeYen"":0},{""tier"":2,""winners"":6,""prizeYen"":11742300},{""tier"":3,""winners"":236,""prizeYen"":322400},{""tier"":4,""winners"":11466,""prizeYen"":7000},{""tier"":5,""winners"":181252,""prizeYen"":1000}]"
"loto6","1364","2019-03-21","5 13 14 16 25 27","3","","474085347","[{""tier"":1,""winners"":0,""prizeYen"":0},{""tier"":2,""winners"":12,""prizeYen"":5981300},{""tier"":3,""winners"":315,""prizeYen"":246000},{""tier"":4,""winners"":14046,""prizeYen"":5800},{""tier"":5,""winners"":211352,""prizeYen"":1000}]"
"loto6","1365","2019-03-25","4 7 14 20 31 41","32","","768425970","[{""tier"":1,""winners"":0,""prizeYen"":0},{""tier"":2,""winners"":7,""prizeYen"":12615000},{""tier"":3,""winners"":247,""prizeYen"":386000},{""tier"":4,""winners"":12322,""prizeYen"":8100},{""tier"":5,""winners"":204590,""prizeYen"":1000}]"
"loto6","1366","2019-03-28","14 15 17 29 31 39","10","","484539363","[{""tier"":1,""winners"":1,""prizeYen"":600000000},{""tier"":2,""winners"":6,""prizeYen"":15806100},{""tier"":3,""winners"":231,""prizeYen"":443300},{""tier"":4,""winners"":11848,""prizeYen"":9100},{""tier"":5,""winners"":206149,""prizeYen"":1000}]"
"loto6","1367","2019-04-01","3 8 11 14 22 41","34","","149454317","[{""tier"":1,""winners"":1,""prizeYen"":600000000},{""tier"":2,""winners"":15,""prizeYen"":5298400},{""tier"":3,""winners"":495,""prizeYen"":173300},{""tier"":4,""winners"":18166,""prizeYen"":4900},{""tier"":5,""winners"":256988,""prizeYen"":1000}]"
"loto6","1368","2019-04-04","6 11 17 20 34 35","10","","80052792","[{""tier"":1,""winners"":1,""prizeYen"":416288200},{""tier"":2,""winners"":0,""prizeYen"":0},{""tier"":3,""winners"":337,""prizeYen"":256500},{""tier"":4,""winners"":11256,""prizeYen"":8100},{""tier"":5,""winners"":182061,""prizeYen"":1000}]"
"loto6","1369","2019-04-08","12 15 25 32 41 43","7","","345502969","[{""tier"":1,""winners"":0,""prizeYen"":0},{""tier"":2,""winners"":4,""prizeYen"":19909400},{""tier"":3,""winners"":167,""prizeYen"":515000},{""tier"":4,""winners"":9797,""prizeYen"":9200},{""tier"":5,""winners"":167043,""prizeYen"":1000}]"
"loto6","1370","2019-04-11","8 22 24 30 40 41","2","","630223174","[{""tier"":1,""winners"":0,""prizeYen"":0},{""tier"":2,""winners"":4,""prizeYen"":21354700},{""tier"":3,""winners"":167,""prizeYen"":552300},{""tier"":4,""winners"":9985,""prizeYen"":9700},{""tier"":5,""winners"":181674,""prizeYen"":1000}]"
"loto6","1371","2019-04-15","4 5 6 7 24 28","30","","0","[{""tier"":1,""winners"":2,""prizeYen"":452218500},{""tier"":2,""winners"":16,""prizeYen"":5141600},{""tier"":3,""winners"":422,""prizeYen"":210500},{""tier"":4,""winners"":21478,""prizeYen"":4300},{""tier"":5,""winners"":308457,""prizeYen"":1000}]"
"loto6","1372","2019-04-18","3 5 10 21 33 39","8","","227218151","[{""tier"":1,""winners"":0,""prizeYen"":0},{""tier"":2,""winners"":6,""prizeYen"":11361200},{""tier"":3,""winners"":267,""prizeYen"":275700},{""tier"":4,""winners"":12534,""prizeYen"":6200},{""tier"":5,""winners"":197109,""prizeYen"":1000}]"
"loto6","1373","2019-04-22","1 10 13 18 20 41","11","","0","[{""tier"":1,""winners"":2,""prizeYen"":256094200},{""tier"":2,""winners"":5,""prizeYen"":17098700},{""tier"":3,""winners"":181,""prizeYen"":510100},{""tier"":4,""winners"":11130,""prizeYen"":8700},{""tier"":5,""winners"":195255,""prizeYen"":1000}]"
"loto6","1374","2019-04-25","1 4 5 19 23 35","36","","19116746","[{""tier"":1,""winners"":1,""prizeYen"":200000000},{""tier"":2,""winners"":2,""prizeYen"":32868500},{""tier"":3,""winners"":337,""prizeYen"":210600},{""tier"":4,""winners"":13816,""prizeYen"":5400},{""tier"":5,""winners"":206320,""prizeYen"":1000}]"
"loto6","1375","2019-04-29","2 5 21 22 31 38","28","","249197830","[{""tier"":1,""winners"":0,""prizeYen"":0},{""tier"":2,""winners"":11,""prizeYen"":6275100},{""tier"":3,""winners"":253,""prizeYen"":294600},{""tier"":4,""winners"":11021,""prizeYen"":7100},{""tier"":5,""winners"":179333,""prizeYen"":1000}]"
"loto6","1376","2019-05-02","2 5 22 31 32 43","27","","507783386","[{""tier"":1,""winners"":0,""prizeYen"":0},{""tier"":2,""winners"":6,""prizeYen"":12929700},{""tier"":3,""winners"":227,""prizeYen"":369000},{""tier"":4,""winners"":11845,""prizeYen"":7400},{""tier"":5,""winners"":176893,""prizeYen"":1000}]"
"loto6","1377","2019-05-06","1 7 13 24 40 43","20","","0","[{""tier"":1,""winners"":2,""prizeYen"":401809500},{""tier"":2,""winners"":2,""prizeYen"":44376800},{""tier"":3,""winners"":249,""prizeYen"":384900},{""tier"":4,""winners"":11683,""prizeYen"":8600},{""tier"":5,""winners"":196190,""prizeYen"":1000}]"
"loto6","1378","2019-05-09","1 10 15 24 35 43","9","","0","[{""tier"":1,""winners"":2,""prizeYen"":117942400},{""tier"":2,""winners"":9,""prizeYen"":7863000},{""tier"":3,""winners"":236,""prizeYen"":323800},{""tier"":4,""winners"":10563,""prizeYen"":7600},{""tier"":5,""winners"":166435,""prizeYen"":1000}]"
"loto6","1379","2019-05-13","1 2 19 21 24 37","32","","34282495","[{""tier"":1,""winners"":1,""prizeYen"":200000000},{""tier"":2,""winners"":1,""prizeYen"":70287000},{""tier"":3,""winners"":227,""prizeYen"":334300},{""tier"":4,""winners"":11153,""prizeYen"":7100},{""tier"":5,""winners"":178505,""prizeYen"":1000}]"
"loto6","1380","2019-05-16","1 3 24 26 29 33","42","","0","[{""tier"":1,""winners"":3,""prizeYen"":90915700},{""tier"":2,""winners"":4,""prizeYen"":17885400},{""tier"":3,""winners"":240,""prizeYen"":321900},{""tier"":4,""winners"":11283,""prizeYen"":7200},{""tier"":5,""winners"":190198,""prizeYen"":1000}]"
"loto6","1381","2019-05-20","2 4 5 16 19 38","25","","7685086","[{""tier"":1,""winners"":1,""prizeYen"":200000000},{""tier"":2,""winners"":13,""prizeYen"":4792800},{""tier"":3,""winners"":293,""prizeYen"":229600},{""tier"":4,""winners"":14524,""prizeYen"":4800},{""tier"":5,""winners"":223635,""prizeYen"":1000}]"
"loto6","1382","2019-05-23","8 9 12 25 26 28","32","","0","[{""tier"":1,""winners"":4,""prizeYen"":52124100},{""tier"":2,""winners"":3,""prizeYen"":20081800},{""tier"":3,""winners"":398,""prizeYen"":163400},{""tier"":4,""winners"":17191,""prizeYen"":3900},{""tier"":5,""winners"":231593,""prizeYen"":1000}]"
"loto6","1383","2019-05-27","2 4 9 15 18 39","24","","10661970","[{""tier"":1,""winners"":1,""prizeYen"":200000000},{""tier"":2,""winners"":10,""prizeYen"":6320000},{""tier"":3,""winners"":260,""prizeYen"":262500},{""tier"":4,""winners"":13944,""prizeYen"":5100},{""tier"":5,""winners"":211631,""prizeYen"":1000}]"
"loto6","1384","2019-05-30","3 6 13 32 38 43","40","","0","[{""tier"":1,""winners"":1,""prizeYen"":251413100},{""tier"":2,""winners"":5,""prizeYen"":14445500},{""tier"":3,""winners"":208,""prizeYen"":375000},{""tier"":4,""winners"":10761,""prizeYen"":7600},{""tier"":5,""winners"":174116,""prizeYen"":1000}]"
"loto6","1385","2019-06-03","9 20 28 35 41 43","23","","0","[{""tier"":1,""winners"":2,""prizeYen"":128087300},{""tier"":2,""winners"":3,""prizeYen"":25618300},{""tier"":3,""winners"":136,""prizeYen"":610200},{""tier"":4,""winners"":7458,""prizeYen"":11700},{""tier"":5,""winners"":134863,""prizeYen"":1000}]"
"loto6","1386","2019-06-06","4 11 14 15 20 38","35","","221098245","[{""tier"":1,""winners"":0,""prizeYen"":0},{""tier"":2,""winners"":8,""prizeYen"":8291400},{""tier"":3,""winners"":217,""prizeYen"":330100},{""tier"":4,""winners"":10289,""prizeYen"":7300},{""tier"":5,""winners"":173335,""prizeYen"":1000}]"
"loto6","1387","2019-06-10","11 27 29 30 37 38","33","","0","[{""tier"":1,""winners"":1,""prizeYen"":490835000},{""tier"":2,""winners"":3,""prizeYen"":26974500},{""tier"":3,""winners"":304,""prizeYen"":287400},{""tier"":4,""winners"":10283,""prizeYen"":8900},{""tier"":5,""winners"":181090,""prizeYen"":1000}]"
"loto6","1388","2019-06-13","9 10 12 15 29 37","11","","0","[{""tier"":1,""winners"":4,""prizeYen"":52668900},{""tier"":2,""winners"":8,""prizeYen"":7900500},{""tier"":3,""winners"":289,""prizeYen"":236100},{""tier"":4,""winners"":13504,""prizeYen"":5300},{""tier"":5,""winners"":202523,""prizeYen"":1000}]"
"loto6","1389","2019-06-17","6 16 21 23 26 42","43","","240241160","[{""tier"":1,""winners"":0,""prizeYen"":0},{""tier"":2,""winners"":6,""prizeYen"":12012400},{""tier"":3,""winners"":222,""prizeYen"":350600},{""tier"":4,""winners"":11404,""prizeYen"":7200},{""tier"":5,""winners"":181209,""prizeYen"":1000}]"
"loto6","1390","2019-06-20","10 11 13 28 34 39","35","","506516251","[{""tier"":1,""winners"":0,""prizeYen"":0},{""tier"":2,""winners"":5,""prizeYen"":15977000},{""tier"":3,""winners"":255,""prizeYen"":338300},{""tier"":4,""winners"":12573,""prizeYen"":7200},{""tier"":5,""winners"":200791,""prizeYen"":1000}]"
"loto6","1391","2019-06-24","3 12 23 31 36 42","43","","0","[{""tier"":1,""winners"":2,""prizeYen"":403380500},{""tier"":2,""winners"":10,""prizeYen"":9007600},{""tier"":3,""winners"":347,""prizeYen"":280300},{""tier"":4,""winners"":15723,""prizeYen"":6500},{""tier"":5,""winners"":246490,""prizeYen"":1000}]"
"loto6","1392","2019-06-27","6 9 12 19 40 42","7","","234558536","[{""tier"":1,""winners"":0,""prizeYen"":0},{""tier"":2,""winners"":10,""prizeYen"":7036900},{""tier"":3,""winners"":213,""prizeYen"":356700},{""tier"":4,""winners"":12206,""prizeYen"":6500},{""tier"":5,""winners"":191383,""prizeYen"":1000}]"
"loto6","1393","2019-07-01","7 11 26 32 42 43","24","","525782104","[{""tier"":1,""winners"":0,""prizeYen"":0},{""tier"":2,""winners"":5,""prizeYen"":17473900},{""tier"":3,""winners"":196,""prizeYen"":481400},{""tier"":4,""winners"":11336,""prizeYen"":8700},{""tier"":5,""winners"":196898,""prizeYen"":1000}]"
"loto6","1394","2019-07-04","8 9 35 36 42 43","22","","0","[{""tier"":1,""winners"":2,""prizeYen"":421482700},{""tier"":2,""winners"":5,""prizeYen"":19031600},{""tier"":3,""winners"":230,""prizeYen"":446800},{""tier"":4,""winners"":11780,""prizeYen"":9200},{""tier"":5,""winners"":199755,""prizeYen"":1000}]"
"loto6","1395","2019-07-08","5 16 18 27 30 43","25","","47022904","[{""tier"":1,""winners"":1,""prizeYen"":200000000},{""tier"":2,""winners"":6,""prizeYen"":12351500},{""tier"":3,""winners"":180,""prizeYen"":444600},{""tier"":4,""winners"":10104,""prizeYen"":8300},{""tier"":5,""winners"":171744,""prizeYen"":1000}]"
"loto6","1396","2019-07-11","3 7 11 15 23 41","21","","0","[{""tier"":1,""winners"":2,""prizeYen"":128244100},{""tier"":2,""winners"":5,""prizeYen"":12568300},{""tier"":3,""winners"":521,""prizeYen"":130200},{""tier"":4,""winners"":18851,""prizeYen"":3800},{""tier"":5,""winners"":245971,""prizeYen"":1000}]"
"loto6","1397","2019-07-15","9 18 19 21 25 26","7","","15896750","[{""tier"":1,""winners"":1,""prizeYen"":200000000},{""tier"":2,""winners"":8,""prizeYen"":8096300},{""tier"":3,""winners"":194,""prizeYen"":360500},{""tier"":4,""winners"":9903,""prizeYen"":7400},{""tier"":5,""winners"":168920,""prizeYen"":1000}]"
"loto6","1398","2019-07-18","23 29 34 35 40 43","42","","0","[{""tier"":1,""winners"":1,""prizeYen"":270589100},{""tier"":2,""winners"":2,""prizeYen"":38205100},{""tier"":3,""winners"":98,""prizeYen"":842000},{""tier"":4,""winners"":6521,""prizeYen"":13300},{""tier"":5,""winners"":124263,""prizeYen"":1000}]"
"loto6","1399","2019-07-22","7 20 21 33 41 43","8","","235603525","[{""tier"":1,""winners"":0,""prizeYen"":0},{""tier"":2,""winners"":6,""prizeYen"":11780500},{""tier"":3,""winners"":197,""prizeYen"":387400},{""tier"":4,""winners"":8780,""prizeYen"":9100},{""tier"":5,""winners"":145496,""prizeYen"":1000}]"
"loto6","1400","2019-07-25","8 10 26 31 34 39","36","","499923455","[{""tier"":1,""winners"":0,""prizeYen"":0},{""tier"":2,""winners"":5,""prizeYen"":15859700},{""tier"":3,""winners"":224,""prizeYen"":382300},{""tier"":4,""winners"":11315,""prizeYen"":7900},{""tier"":5,""winners"":186315,""prizeYen"":1000}]"
"loto6","1401","2019-07-29","2 13 23 24 25 33","36","","0","[{""tier"":1,""winners"":2,""prizeYen"":392579300},{""tier"":2,""winners"":9,""prizeYen"":9508100},{""tier"":3,""winners"":369,""prizeYen"":250400},{""tier"":4,""winners"":15582,""prizeYen"":6200},{""tier"":5,""winners"":238611,""prizeYen"":1000}]"
"loto6","1402","2019-08-01","10 24 26 33 36 42","28","","233801199","[{""tier"":1,""winners"":0,""prizeYen"":0},{""tier"":2,""winners"":4,""prizeYen"":17535600},{""tier"":3,""winners"":162,""prizeYen"":467600},{""tier"":4,""winners"":8840,""prizeYen"":9000},{""tier"":5,""winners"":152987,""prizeYen"":1000}]"
"loto6","1403","2019-08-05","1 3 10 27 34 41","22","","499352964","[{""tier"":1,""winners"":0,""prizeYen"":0},{""tier"":2,""winners"":4,""prizeYen"":19917000},{""tier"":3,""winners"":254,""prizeYen"":338700},{""tier"":4,""winners"":12939,""prizeYen"":7000},{""tier"":5,""winners"":214360,""prizeYen"":1000}]"
"loto6","1404","2019-08-08","2 17 29 37 38 39","5","","191352294","[{""tier"":1,""winners"":1,""prizeYen"":600000000},{""tier"":2,""winners"":9,""prizeYen"":9733600},{""tier"":3,""winners"":241,""prizeYen"":392500},{""tier"":4,""winners"":12999,""prizeYen"":7600},{""tier"":5,""winners"":209324,""prizeYen"":1000}]"
"loto6","1405","2019-08-12","3 4 6 19 23 24","42","","0","[{""tier"":1,""winners"":2,""prizeYen"":198313700},{""tier"":2,""winners"":4,""prizeYen"":15396100},{""tier"":3,""winners"":433,""prizeYen"":153600},{""tier"":4,""winners"":18918,""prizeYen"":3700},{""tier"":5,""winners"":258033,""prizeYen"":1000}]"
"loto6","1406","2019-08-15","20 24 27 29 34 35","43","","225206073","[{""tier"":1,""winners"":0,""prizeYen"":0},{""tier"":2,""winners"":5,""prizeYen"":13512800},{""tier"":3,""winners"":115,""prizeYen"":634400},{""tier"":4,""winners"":6489,""prizeYen"":11800},{""tier"":5,""winners"":120439,""prizeYen"":1000}]"
"loto6","1407","2019-08-19","10 13 19 28 33 39","15","","497291867","[{""tier"":1,""winners"":0,""prizeYen"":0},{""tier"":2,""winners"":6,""prizeYen"":13604700},{""tier"":3,""winners"":282,""prizeYen"":312600},{""tier"":4,""winners"":13905,""prizeYen"":6600},{""tier"":5,""winners"":213240,""prizeYen"":1000}]"
"loto6","1408","2019-08-22","2 17 24 26 34 43","32","","803644212","[{""tier"":1,""winners"":0,""prizeYen"":0},{""tier"":2,""winners"":3,""prizeYen"":30636200},{""tier"":3,""winners"":341,""prizeYen"":291000},{""tier"":4,""winners"":14807,""prizeYen"":7000},{""tier"":5,""winners"":219067,""prizeYen"":1000}]"
"loto6","1409","2019-08-26","5 6 8 20 22 25","13","","0","[{""tier"":1,""winners"":3,""prizeYen"":378412300},{""tier"":2,""winners"":19,""prizeYen"":5235800},{""tier"":3,""winners"":548,""prizeYen"":196000},{""tier"":4,""winners"":22618,""prizeYen"":5000},{""tier"":5,""winners"":322026,""prizeYen"":1000}]"
"loto6","1410","2019-08-29","8 14 17 25 36 41","23","","0","[{""tier"":1,""winners"":2,""prizeYen"":116189400},{""tier"":2,""winners"":14,""prizeYen"":4979700},{""tier"":3,""winners"":354,""prizeYen"":212600},{""tier"":4,""winners"":12317,""prizeYen"":6400},{""tier"":5,""winners"":174950,""prizeYen"":1000}]"
"loto6","1411","2019-09-02","2 5 7 20 25 28","3","","0","[{""tier"":1,""winners"":3,""prizeYen"":73919900},{""tier"":2,""winners"":14,""prizeYen"":4752100},{""tier"":3,""winners"":428,""prizeYen"":167800},{""tier"":4,""winners"":16007,""prizeYen"":4700},{""tier"":5,""winners"":223818,""prizeYen"":1000}]"
"loto6","1412","2019-09-05","2 19 24 25 32 42","8","","0","[{""tier"":1,""winners"":2,""prizeYen"":111720100},{""tier"":2,""winners"":9,""prizeYen"":7448200},{""tier"":3,""winners"":248,""prizeYen"":291900},{""tier"":4,""winners"":11836,""prizeYen"":6400},{""tier"":5,""winners"":176426,""prizeYen"":1000}]"
"loto6","1413","2019-09-09","7 13 17 21 24 26","12","","226026624","[{""tier"":1,""winners"":0,""prizeYen"":0},{""tier"":2,""winners"":6,""prizeYen"":11301700},{""tier"":3,""winners"":237,""prizeYen"":308900},{""tier"":4,""winners"":12881,""prizeYen"":6000},{""tier"":5,""winners"":192008,""prizeYen"":1000}]"
"loto6","1414","2019-09-12","12 19 21 26 40 41","20","","0","[{""tier"":1,""winners"":1,""prizeYen"":497554300},{""tier"":2,""winners"":6,""prizeYen"":13576800},{""tier"":3,""winners"":185,""prizeYen"":475500},{""tier"":4,""winners"":10171,""prizeYen"":9100},{""tier"":5,""winners"":169878,""prizeYen"":1000}]"
"loto6","1415","2019-09-16","1 3 7 34 39 40","33","","226201717","[{""tier"":1,""winners"":0,""prizeYen"":0},{""tier"":2,""winners"":26,""prizeYen"":2610100},{""tier"":3,""winners"":142,""prizeYen"":516100},{""tier"":4,""winners"":8491,""prizeYen"":9100},{""tier"":5,""winners"":153636,""prizeYen"":1000}]"
"loto6","1416","2019-09-19","2 9 10 15 24 36","13","","0","[{""tier"":1,""winners"":4,""prizeYen"":114223800},{""tier"":2,""winners"":9,""prizeYen"":7690000},{""tier"":3,""winners"":540,""prizeYen"":138400},{""tier"":4,""winners"":18930,""prizeYen"":4100},{""tier"":5,""winners"":250672,""prizeYen"":1000}]"
"loto6","1417","2019-09-23","3 10 25 26 27 31","5","","0","[{""tier"":1,""winners"":3,""prizeYen"":67394900},{""tier"":2,""winners"":5,""prizeYen"":12131400},{""tier"":3,""winners"":262,""prizeYen"":250000},{""tier"":4,""winners"":12800,""prizeYen"":5400},{""tier"":5,""winners"":194714,""prizeYen"":1000}]"
"loto6","1418","2019-09-26","4 21 32 35 42 43","15","","242100541","[{""tier"":1,""winners"":0,""prizeYen"":0},{""tier"":2,""winners"":4,""prizeYen"":18158100},{""tier"":3,""winners"":119,""prizeYen"":659100},{""tier"":4,""winners"":7208,""prizeYen"":11400},{""tier"":5,""winners"":132052,""prizeYen"":1000}]"
"loto6","1419","2019-09-30","5 10 11 12 21 37","41","","0","[{""tier"":1,""winners"":1,""prizeYen"":475191400},{""tier"":2,""winners"":7,""prizeYen"":9989900},{""tier"":3,""winners"":414,""prizeYen"":182400},{""tier"":4,""winners"":17696,""prizeYen"":4500},{""tier"":5,""winners"":256745,""prizeYen"":1000}]"
"loto6","1420","2019-10-03","1 2 14 16 22 28","4","","209138253","[{""tier"":1,""winners"":0,""prizeYen"":0},{""tier"":2,""winners"":7,""prizeYen"":8963300},{""tier"":3,""winners"":263,""prizeYen"":257600},{""tier"":4,""winners"":11978,""prizeYen"":5900},{""tier"":5,""winners"":183291,""prizeYen"":1000}]"
"loto6","1421","2019-10-07","2 14 20 23 37 43","30","","0","[{""tier"":1,""winners"":2,""prizeYen"":237822500},{""tier"":2,""winners"":3,""prizeYen"":26651500},{""tier"":3,""winners"":224,""prizeYen"":385400},{""tier"":4,""winners"":10954,""prizeYen"":8300},{""tier"":5,""winners"":177542,""prizeYen"":1000}]"
"loto6","1422","2019-10-10","12 14 17 20 24 30","39","","0","[{""tier"":1,""winners"":3,""prizeYen"":73241900},{""tier"":2,""winners"":20,""prizeYen"":3295900},{""tier"":3,""winners"":189,""prizeYen"":376600},{""tier"":4,""winners"":9008,""prizeYen"":8300},{""tier"":5,""winners"":158350,""prizeYen"":1000}]"
"loto6","1423","2019-10-14","11 24 29 36 37 42","13","","4742987","[{""tier"":1,""winners"":1,""prizeYen"":200000000},{""tier"":2,""winners"":3,""prizeYen"":20474900},{""tier"":3,""winners"":188,""prizeYen"":352800},{""tier"":4,""winners"":9194,""prizeYen"":7600},{""tier"":5,""winners"":144451,""prizeYen"":1000}]"
"loto6","1424","2019-10-17","6 7 25 26 33 36","19","","0","[{""tier"":1,""winners"":1,""prizeYen"":224539100},{""tier"":2,""winners"":8,""prizeYen"":8242600},{""tier"":3,""winners"":238,""prizeYen"":299200},{""tier"":4,""winners"":11699,""prizeYen"":6400},{""tier"":5,""winners"":185152,""prizeYen"":1000}]"
"loto6","1425","2019-10-21","1 24 28 33 35 42","27","","233326132","[{""tier"":1,""winners"":0,""prizeYen"":0},{""tier"":2,""winners"":3,""prizeYen"":23333300},{""tier"":3,""winners"":132,""prizeYen"":572700},{""tier"":4,""winners"":8250,""prizeYen"":9600},{""tier"":5,""winners"":146503,""prizeYen"":1000}]"
"loto6","1426","2019-10-24","4 13 17 19 30 43","24","","0","[{""tier"":1,""winners"":2,""prizeYen"":243874100},{""tier"":2,""winners"":4,""prizeYen"":19082200},{""tier"":3,""winners"":181,""prizeYen"":455400},{""tier"":4,""winners"":10185,""prizeYen"":8500},{""tier"":5,""winners"":170523,""prizeYen"":1000}]"
"loto6","1427","2019-10-28","1 7 25 26 38 41","31","","26224638","[{""tier"":1,""winners"":1,""prizeYen"":200000000},{""tier"":2,""winners"":3,""prizeYen"":22623200},{""tier"":3,""winners"":232,""prizeYen"":315900},{""tier"":4,""winners"":11149,""prizeYen"":6900},{""tier"":5,""winners"":172439,""prizeYen"":1000}]"
"loto6","1428","2019-10-31","16 18 19 34 35 36","6","","277952941","[{""tier"":1,""winners"":0,""prizeYen"":0},{""tier"":2,""winners"":6,""prizeYen"":12586800},{""tier"":3,""winners"":183,""prizeYen"":445600},{""tier"":4,""winners"":8318,""prizeYen"":10300},{""tier"":5,""winners"":142094,""prizeYen"":1000}]"
"loto6","1429","2019-11-04","4 8 13 18 21 23","22","","0","[{""tier"":1,""winners"":2,""prizeYen"":260708500},{""tier"":2,""winners"":9,""prizeYen"":8115700},{""tier"":3,""winners"":279,""prizeYen"":282700},{""tier"":4,""winners"":13994,""prizeYen"":5900},{""tier"":5,""winners"":217089,""prizeYen"":1000}]"
"loto6","1430","2019-11-07","4 7 9 12 20 28","3","","0","[{""tier"":1,""winners"":4,""prizeYen"":48503600},{""tier"":2,""winners"":31,""prizeYen"":1877600},{""tier"":3,""winners"":515,""prizeYen"":122000},{""tier"":4,""winners"":18724,""prizeYen"":3500},{""tier"":5,""winners"":233749,""prizeYen"":1000}]"
"loto6","1431","2019-11-11","2 27 28 33 38 40","30","","37840016","[{""tier"":1,""winners"":1,""prizeYen"":200000000},{""tier"":2,""winners"":5,""prizeYen"":14270800},{""tier"":3,""winners"":134,""prizeYen"":575000},{""tier"":4,""winners"":8834,""prizeYen"":9200},{""tier"":5,""winners"":155601,""prizeYen"":1000}]"
"loto6","1432","2019-11-14","4 5 15 32 33 43","13","","0","[{""tier"":1,""winners"":1,""prizeYen"":274604000},{""tier"":2,""winners"":4,""prizeYen"":17757800},{""tier"":3,""winners"":191,""prizeYen"":401600},{""tier"":4,""winners"":9254,""prizeYen"":8700},{""tier"":5,""winners"":155558,""prizeYen"":1000}]"
"loto6","1433","2019-11-18","3 5 12 16 38 42","6","","209498189","[{""tier"":1,""winners"":0,""prizeYen"":0},{""tier"":2,""winners"":7,""prizeYen"":8978700},{""tier"":3,""winners"":238,""prizeYen"":285100},{""tier"":4,""winners"":12422,""prizeYen"":5700},{""tier"":5,""winners"":192389,""prizeYen"":1000}]"
"loto6","1434","2019-11-21","2 20 30 38 39 40","4","","476923544","[{""tier"":1,""winners"":0,""prizeYen"":0},{""tier"":2,""winners"":5,""prizeYen"":16046000},{""tier"":3,""winners"":186,""prizeYen"":465800},{""tier"":4,""winners"":8590,""prizeYen"":10600},{""tier"":5,""winners"":144301,""prizeYen"":1000}]"
"loto6","1435","2019-11-25","2 4 16 21 22 40","9","","156510465","[{""tier"":1,""winners"":1,""prizeYen"":600000000},{""tier"":2,""winners"":4,""prizeYen"":20969700},{""tier"":3,""winners"":258,""prizeYen"":351100},{""tier"":4,""winners"":12594,""prizeYen"":7600},{""tier"":5,""winners"":205039,""prizeYen"":1000}]"
"loto6","1436","2019-11-28","3 7 17 18 30 36","33","","386599935","[{""tier"":1,""winners"":0,""prizeYen"":0},{""tier"":2,""winners"":7,""prizeYen"":9861300},{""tier"":3,""winners"":328,""prizeYen"":227200},{""tier"":4,""winners"":14293,""prizeYen"":5500},{""tier"":5,""winners"":204684,""prizeYen"":1000}]"
"loto6","1437","2019-12-02","3 11 24 25 37 40","14","","645738163","[{""tier"":1,""winners"":0,""prizeYen"":0},{""tier"":2,""winners"":7,""prizeYen"":11106200},{""tier"":3,""winners"":423,""prizeYen"":198400},{""tier"":4,""winners"":15215,""prizeYen"":5800},{""tier"":5,""winners"":223791,""prizeYen"":1000}]"
"loto6","1438","2019-12-05","2 5 6 20 33 38","22","","0","[{""tier"":1,""winners"":2,""prizeYen"":458648600},{""tier"":2,""winners"":6,""prizeYen"":13578400},{""tier"":3,""winners"":286,""prizeYen"":307600},{""tier"":4,""winners"":15304,""prizeYen"":6000},{""tier"":5,""winners"":245132,""prizeYen"":1000}]"
"loto6","1439","2019-12-09","11 17 23 28 34 41","4","","0","[{""tier"":1,""winners"":3,""prizeYen"":77370500},{""tier"":2,""winners"":23,""prizeYen"":3027600},{""tier"":3,""winners"":269,""prizeYen"":279500},{""tier"":4,""winners"":11160,""prizeYen"":7100},{""tier"":5,""winners"":169673,""prizeYen"":1000}]"
"loto6","1440","2019-12-12","1 7 20 31 41 42","28","","235230661","[{""tier"":1,""winners"":0,""prizeYen"":0},{""tier"":2,""winners"":7,""prizeYen"":10081600},{""tier"":3,""winners"":160,""prizeYen"":476300},{""tier"":4,""winners"":8784,""prizeYen"":9100},{""tier"":5,""winners"":146797,""prizeYen"":1000}]"
"loto6","1441","2019-12-16","12 22 24 33 35 42","36","","0","[{""tier"":1,""winners"":1,""prizeYen"":515887800},{""tier"":2,""winners"":6,""prizeYen"":14033300},{""tier"":3,""winners"":265,""prizeYen"":343100},{""tier"":4,""winners"":12851,""prizeYen"":7400},{""tier"":5,""winners"":203573,""prizeYen"":1000}]"
"loto6","1442","2019-12-19","12 21 35 36 40 43","39","","0","[{""tier"":1,""winners"":2,""prizeYen"":122984000},{""tier"":2,""winners"":3,""prizeYen"":24597600},{""tier"":3,""winners"":195,""prizeYen"":408600},{""tier"":4,""winners"":8320,""prizeYen"":10100},{""tier"":5,""winners"":139848,""prizeYen"":1000}]"
"loto6","1443","2019-12-23","2 4 8 10 22 33","28","","0","[{""tier"":1,""winners"":2,""prizeYen"":106577600},{""tier"":2,""winners"":12,""prizeYen"":5329000},{""tier"":3,""winners"":322,""prizeYen"":214400},{""tier"":4,""winners"":16570,""prizeYen"":4400},{""tier"":5,""winners"":234330,""prizeYen"":1000}]"
"loto6","1444","2019-12-26","11 20 24 25 30 37","14","","234554381","[{""tier"":1,""winners"":0,""prizeYen"":0},{""tier"":2,""winners"":8,""prizeYen"":8796000},{""tier"":3,""winners"":319,""prizeYen"":238200},{""tier"":4,""winners"":11985,""prizeYen"":6700},{""tier"":5,""winners"":185765,""prizeYen"":1000}]"
"loto6","1445","2019-12-30","3 14 24 29 30 42","21","","0","[{""tier"":1,""winners"":1,""prizeYen"":507733800},{""tier"":2,""winners"":8,""prizeYen"":10244500},{""tier"":3,""winners"":219,""prizeYen"":404100},{""tier"":4,""winners"":11964,""prizeYen"":7800},{""tier"":5,""winners"":199939,""prizeYen"":1000}]"
"loto6","1446","2020-01-09","2 5 11 20 21 32","13","","0","[{""tier"":1,""winners"":3,""prizeYen"":95828100},{""tier"":2,""winners"":14,""prizeYen"":6160500},{""tier"":3,""winners"":420,""prizeYen"":221700},{""tier"":4,""winners"":18033,""prizeYen"":5400},{""tier"":5,""winners"":261954,""prizeYen"":1000}]"
"loto6","1447","2020-01-13","2 9 12 13 14 22","10","","0","[{""tier"":1,""winners"":3,""prizeYen"":70389900},{""tier"":2,""winners"":12,""prizeYen"":5279400},{""tier"":3,""winners"":358,""prizeYen"":191100},{""tier"":4,""winners"":14934,""prizeYen"":4800},{""tier"":5,""winners"":220287,""prizeYen"":1000}]"
"loto6","1448","2020-01-16","10 12 25 29 32 41","40","","0","[{""tier"":1,""winners"":4,""prizeYen"":57688600},{""tier"":2,""winners"":8,""prizeYen"":8653500},{""tier"":3,""winners"":208,""prizeYen"":359400},{""tier"":4,""winners"":9879,""prizeYen"":7900},{""tier"":5,""winners"":165774,""prizeYen"":1000}]"
"loto6","1449","2020-01-20","6 19 20 26 34 38","4","","0","[{""tier"":1,""winners"":3,""prizeYen"":78635800},{""tier"":2,""winners"":11,""prizeYen"":6434000},{""tier"":3,""winners"":298,""prizeYen"":256400},{""tier"":4,""winners"":11826,""prizeYen"":6800},{""tier"":5,""winners"":170543,""prizeYen"":1000}]"
"loto6","1450","2020-01-23","24 25 26 27 34 36","3","","0","[{""tier"":1,""winners"":2,""prizeYen"":121327500},{""tier"":2,""winners"":6,""prizeYen"":12133100},{""tier"":3,""winners"":278,""prizeYen"":282800},{""tier"":4,""winners"":9421,""prizeYen"":8800},{""tier"":5,""winners"":156580,""prizeYen"":1000}]"
"loto6","1451","2020-01-27","2 6 10 20 24 43","34","","0","[{""tier"":1,""winners"":10,""prizeYen"":21232800},{""tier"":2,""winners"":19,""prizeYen"":3352600},{""tier"":3,""winners"":1033,""prizeYen"":66500},{""tier"":4,""winners"":19806,""prizeYen"":3600},{""tier"":5,""winners"":223595,""prizeYen"":1000}]"
"loto6","1452","2020-01-30","17 19 29 31 37 39","35","","40243754","[{""tier"":1,""winners"":1,""prizeYen"":200000000},{""tier"":2,""winners"":6,""prizeYen"":12012500},{""tier"":3,""winners"":249,""prizeYen"":312600},{""tier"":4,""winners"":8697,""prizeYen"":9400},{""tier"":5,""winners"":144177,""prizeYen"":1000}]"
"loto6","1453","2020-02-03","10 22 26 27 28 41","39","","0","[{""tier"":1,""winners"":2,""prizeYen"":148241900},{""tier"":2,""winners"":6,""prizeYen"":12812400},{""tier"":3,""winners"":211,""prizeYen"":393400},{""tier"":4,""winners"":10288,""prizeYen"":8500},{""tier"":5,""winners"":181129,""prizeYen"":1000}]"
"loto6","1454","2020-02-06","3 15 19 34 37 40","41","","37752571","[{""tier"":1,""winners"":1,""prizeYen"":200000000},{""tier"":2,""winners"":7,""prizeYen"":10189700},{""tier"":3,""winners"":205,""prizeYen"":375700},{""tier"":4,""winners"":9095,""prizeYen"":8900},{""tier"":5,""winners"":149738,""prizeYen"":1000}]"
"loto6","1455","2020-02-10","1 10 12 22 34 43","23","","0","[{""tier"":1,""winners"":2,""prizeYen"":139607700},{""tier"":2,""winners"":19,""prizeYen"":3812600},{""tier"":3,""winners"":250,""prizeYen"":312900},{""tier"":4,""winners"":11947,""prizeYen"":6900},{""tier"":5,""winners"":186627,""prizeYen"":1000}]"
"loto6","1456","2020-02-13","2 18 19 24 29 31","33","","209202625","[{""tier"":1,""winners"":0,""prizeYen"":0},{""tier"":2,""winners"":3,""prizeYen"":20920900},{""tier"":3,""winners"":179,""prizeYen"":378600},{""tier"":4,""winners"":11032,""prizeYen"":6400},{""tier"":5,""winners"":180866,""prizeYen"":1000}]"
"loto6","1457","2020-02-17","1 3 11 17 20 37","29","","0","[{""tier"":1,""winners"":2,""prizeYen"":230610700},{""tier"":2,""winners"":6,""prizeYen"":12601300},{""tier"":3,""winners"":394,""prizeYen"":207200},{""tier"":4,""winners"":15070,""prizeYen"":5700},{""tier"":5,""winners"":230253,""prizeYen"":1000}]"
"loto6","1458","2020-02-20","4 16 19 22 26 29","6","","220041336","[{""tier"":1,""winners"":0,""prizeYen"":0},{""tier"":2,""winners"":6,""prizeYen"":11002400},{""tier"":3,""winners"":227,""prizeYen"":314000},{""tier"":4,""winners"":11489,""prizeYen"":6500},{""tier"":5,""winners"":179086,""prizeYen"":1000}]"
"loto6","1459","2020-02-24","2 17 19 24 28 29","7","","0","[{""tier"":1,""winners"":3,""prizeYen"":152341800},{""tier"":2,""winners"":13,""prizeYen"":5469000},{""tier"":3,""winners"":327,""prizeYen"":234800},{""tier"":4,""winners"":16663,""prizeYen"":4800},{""tier"":5,""winners"":234569,""prizeYen"":1000}]"
"loto6","1460","2020-02-27","3 6 10 15 29 30","4","","0","[{""tier"":1,""winners"":3,""prizeYen"":67943900},{""tier"":2,""winners"":22,""prizeYen"":2779600},{""tier"":3,""winners"":447,""prizeYen"":147700},{""tier"":4,""winners"":16563,""prizeYen"":4200},{""tier"":5,""winners"":221261,""prizeYen"":1000}]"
"loto6","1461","2020-03-02","5 7 8 18 22 26","24","","204490218","[{""tier"":1,""winners"":0,""prizeYen"":0},{""tier"":2,""winners"":39,""prizeYen"":1573000},{""tier"":3,""winners"":386,""prizeYen"":171600},{""tier"":4,""winners"":15398,""prizeYen"":4500},{""tier"":5,""winners"":222280,""prizeYen"":1000}]"
"loto6","1462","2020-03-05","4 18 19 28 33 36","9","","0","[{""tier"":1,""winners"":1,""prizeYen"":453585500},{""tier"":2,""winners"":7,""prizeYen"":10675800},{""tier"":3,""winners"":282,""prizeYen"":286100},{""tier"":4,""winners"":12642,""prizeYen"":6700},{""tier"":5,""winners"":200604,""prizeYen"":1000}]"
"loto6","1463","2020-03-09","18 29 32 34 35 39","36","","248323703","[{""tier"":1,""winners"":0,""prizeYen"":0},{""tier"":2,""winners"":3,""prizeYen"":24833100},{""tier"":3,""winners"":161,""prizeYen"":499700},{""tier"":4,""winners"":7543,""prizeYen"":11200},{""tier"":5,""winners"":130905,""prizeYen"":1000}]"
"loto6","1464","2020-03-12","8 13 14 18 29 31","23","","0","[{""tier"":1,""winners"":1,""prizeYen"":504639300},{""tier"":2,""winners"":8,""prizeYen"":9612100},{""tier"":3,""winners"":293,""prizeYen"":283400},{""tier"":4,""winners"":13297,""prizeYen"":6500},{""tier"":5,""winners"":204099,""prizeYen"":1000}]"
"loto6","1465","2020-03-16","11 15 16 24 28 38","3","","0","[{""tier"":1,""winners"":3,""prizeYen"":72464300},{""tier"":2,""winners"":7,""prizeYen"":9317100},{""tier"":3,""winners"":239,""prizeYen"":294700},{""tier"":4,""winners"":12502,""prizeYen"":5900},{""tier"":5,""winners"":197476,""prizeYen"":1000}]"
"loto6","1466","2020-03-19","6 10 15 18 32 40","35","","229144920","[{""tier"":1,""winners"":0,""prizeYen"":0},{""tier"":2,""winners"":3,""prizeYen"":22915200},{""tier"":3,""winners"":181,""prizeYen"":410100},{""tier"":4,""winners"":9044,""prizeYen"":8600},{""tier"":5,""winners"":157669,""prizeYen"":1000}]"
"loto6","1467","2020-03-23","3 14 16 25 26 38","7","","0","[{""tier"":1,""winners"":2,""prizeYen"":240980700},{""tier"":2,""winners"":18,""prizeYen"":4213700},{""tier"":3,""winners"":399,""prizeYen"":205200},{""tier"":4,""winners"":15865,""prizeYen"":5400},{""tier"":5,""winners"":219840,""prizeYen"":1000}]"
"loto6","1468","2020-03-26","4 8 15 24 25 31","26","","2729175","[{""tier"":1,""winners"":1,""prizeYen"":200000000},{""tier"":2,""winners"":5,""prizeYen"":12164100},{""tier"":3,""winners"":408,""prizeYen"":160900},{""tier"":4,""winners"":15347,""prizeYen"":4500},{""tier"":5,""winners"":215839,""prizeYen"":1000}]"
"loto6","1469","2020-03-30","4 9 10 13 24 27","22","","0","[{""tier"":1,""winners"":2,""prizeYen"":102077800},{""tier"":2,""winners"":12,""prizeYen"":5035800},{""tier"":3,""winners"":464,""prizeYen"":140600},{""tier"":4,""winners"":16985,""prizeYen"":4000},{""tier"":5,""winners"":228774,""prizeYen"":1000}]"
"loto6","1470","2020-04-02","4 8 14 16 39 40","23","","222671139","[{""tier"":1,""winners"":0,""prizeYen"":0},{""tier"":2,""winners"":2,""prizeYen"":33401700},{""tier"":3,""winners"":181,""prizeYen"":398500},{""tier"":4,""winners"":9724,""prizeYen"":7800},{""tier"":5,""winners"":161360,""prizeYen"":1000}]"
"loto6","1471","2020-04-06","1 3 8 32 37 43","24","","0","[{""tier"":1,""winners"":1,""prizeYen"":495652700},{""tier"":2,""winners"":7,""prizeYen"":11699500},{""tier"":3,""winners"":155,""prizeYen"":570600},{""tier"":4,""winners"":9810,""prizeYen"":9500},{""tier"":5,""winners"":184708,""prizeYen"":1000}]"
"loto6","1472","2020-04-09","1 6 7 9 23 40","43","","0","[{""tier"":1,""winners"":1,""prizeYen"":197820500},{""tier"":2,""winners"":7,""prizeYen"":8478300},{""tier"":3,""winners"":266,""prizeYen"":240900},{""tier"":4,""winners"":12982,""prizeYen"":5200},{""tier"":5,""winners"":185354,""prizeYen"":1000}]"
"loto6","1473","2020-04-13","1 5 6 27 33 38","11","","0","[{""tier"":1,""winners"":1,""prizeYen"":181579500},{""tier"":2,""winners"":10,""prizeYen"":5447500},{""tier"":3,""winners"":205,""prizeYen"":286900},{""tier"":4,""winners"":9747,""prizeYen"":6300},{""tier"":5,""winners"":159683,""prizeYen"":1000}]"
"loto6","1474","2020-04-16","4 6 8 22 27 32","26","","0","[{""tier"":1,""winners"":1,""prizeYen"":182687800},{""tier"":2,""winners"":10,""prizeYen"":5480800},{""tier"":3,""winners"":262,""prizeYen"":225900},{""tier"":4,""winners"":12337,""prizeYen"":5000},{""tier"":5,""winners"":186340,""prizeYen"":1000}]"
"loto6","1475","2020-04-20","6 7 9 20 21 27","2","","0","[{""tier"":1,""winners"":3,""prizeYen"":55886900},{""tier"":2,""winners"":9,""prizeYen"":5588800},{""tier"":3,""winners"":264,""prizeYen"":205700},{""tier"":4,""winners"":12844,""prizeYen"":4400},{""tier"":5,""winners"":179177,""prizeYen"":1000}]"
"loto6","1476","2020-04-23","6 22 38 40 41 42","35","","187502802","[{""tier"":1,""winners"":0,""prizeYen"":0},{""tier"":2,""winners"":4,""prizeYen"":14063100},{""tier"":3,""winners"":73,""prizeYen"":832200},{""tier"":4,""winners"":6343,""prizeYen"":10100},{""tier"":5,""winners"":101900,""prizeYen"":1000}]"
"loto6","1477","2020-04-27","4 13 14 25 27 32","1","","0","[{""tier"":1,""winners"":2,""prizeYen"":177912200},{""tier"":2,""winners"":6,""prizeYen"":8416300},{""tier"":3,""winners"":279,""prizeYen"":195400},{""tier"":4,""winners"":9786,""prizeYen"":5800},{""tier"":5,""winners"":146064,""prizeYen"":1000}]"
"loto6","1478","2020-04-30","7 12 15 21 40 42","32","","155729584","[{""tier"":1,""winners"":0,""prizeYen"":0},{""tier"":2,""winners"":2,""prizeYen"":23360200},{""tier"":3,""winners"":132,""prizeYen"":382200},{""tier"":4,""winners"":6302,""prizeYen"":8400},{""tier"":5,""winners"":107783,""prizeYen"":1000}]"
"loto6","1479","2020-05-04","1 20 30 32 35 37","33","","0","[{""tier"":1,""winners"":1,""prizeYen"":334097800},{""tier"":2,""winners"":1,""prizeYen"":53512200},{""tier"":3,""winners"":84,""prizeYen"":687900},{""tier"":4,""winners"":4496,""prizeYen"":13500},{""tier"":5,""winners"":84196,""prizeYen"":1000}]"
"loto6","1480","2020-05-07","2 4 5 6 24 34","39","","126404430","[{""tier"":1,""winners"":0,""prizeYen"":0},{""tier"":2,""winners"":1,""prizeYen"":37922500},{""tier"":3,""winners"":217,""prizeYen"":188700},{""tier"":4,""winners"":12994,""prizeYen"":3300},{""tier"":5,""winners"":155185,""prizeYen"":1000}]"
"loto6","1481","2020-05-11","3 9 21 31 41 42","18","","0","[{""tier"":1,""winners"":1,""prizeYen"":319783400},{""tier"":2,""winners"":4,""prizeYen"":14503900},{""tier"":3,""winners"":178,""prizeYen"":351900},{""tier"":4,""winners"":8224,""prizeYen"":8000},{""tier"":5,""winners"":133376,""prizeYen"":1000}]"
"loto6","1482","2020-05-14","8 26 28 32 41 43","14","","182198254","[{""tier"":1,""winners"":0,""prizeYen"":0},{""tier"":2,""winners"":3,""prizeYen"":18220400},{""tier"":3,""winners"":119,""prizeYen"":496000},{""tier"":4,""winners"":6370,""prizeYen"":9700},{""tier"":5,""winners"":113798,""prizeYen"":1000}]"
"loto6","1483","2020-05-18","3 10 20 23 29 43","22","","398389709","[{""tier"":1,""winners"":0,""prizeYen"":0},{""tier"":2,""winners"":1,""prizeYen"":64859500},{""tier"":3,""winners"":188,""prizeYen"":372500},{""tier"":4,""winners"":10008,""prizeYen"":7300},{""tier"":5,""winners"":167670,""prizeYen"":1000}]"
"loto6","1484","2020-05-21","4 12 17 18 23 41","28","","641899336","[{""tier"":1,""winners"":0,""prizeYen"":0},{""tier"":2,""winners"":8,""prizeYen"":9131900},{""tier"":3,""winners"":265,""prizeYen"":297700},{""tier"":4,""winners"":13373,""prizeYen"":6200},{""tier"":5,""winners"":207773,""prizeYen"":1000}]"
"loto6","1485","2020-05-25","9 10 18 27 28 35","37","","0","[{""tier"":1,""winners"":2,""prizeYen"":466750300},{""tier"":2,""winners"":8,""prizeYen"":10935400},{""tier"":3,""winners"":370,""prizeYen"":255300},{""tier"":4,""winners"":15646,""prizeYen"":6300},{""tier"":5,""winners"":238116,""prizeYen"":1000}]"
"loto6","1486","2020-05-28","18 24 29 33 39 42","34","","24543661","[{""tier"":1,""winners"":1,""prizeYen"":200000000},{""tier"":2,""winners"":4,""prizeYen"":16841300},{""tier"":3,""winners"":172,""prizeYen"":422900},{""tier"":4,""winners"":9156,""prizeYen"":8300},{""tier"":5,""winners"":150614,""prizeYen"":1000}]"
"loto6","1487","2020-06-01","5 7 9 17 24 35","36","","0","[{""tier"":1,""winners"":1,""prizeYen"":246318900},{""tier"":2,""winners"":3,""prizeYen"":22178200},{""tier"":3,""winners"":299,""prizeYen"":240300},{""tier"":4,""winners"":14630,""prizeYen"":5100},{""tier"":5,""winners"":219068,""prizeYen"":1000}]"
"loto6","1488","2020-06-04","4 10 11 17 34 37","38","","207118226","[{""tier"":1,""winners"":0,""prizeYen"":0},{""tier"":2,""winners"":3,""prizeYen"":20712500},{""tier"":3,""winners"":284,""prizeYen"":236200},{""tier"":4,""winners"":12465,""prizeYen"":5600},{""tier"":5,""winners"":189787,""prizeYen"":1000}]"
"loto6","1489","2020-06-08","4 6 11 13 23 32","1","","448916617","[{""tier"":1,""winners"":0,""prizeYen"":0},{""tier"":2,""winners"":11,""prizeYen"":6594700},{""tier"":3,""winners"":369,""prizeYen"":212300},{""tier"":4,""winners"":16118,""prizeYen"":5100},{""tier"":5,""winners"":250353,""prizeYen"":1000}]"
"loto6","1490","2020-06-11","7 19 24 29 39 43","11","","0","[{""tier"":1,""winners"":2,""prizeYen"":364999800},{""tier"":2,""winners"":11,""prizeYen"":7666100},{""tier"":3,""winners"":220,""prizeYen"":413900},{""tier"":4,""winners"":12134,""prizeYen"":7900},{""tier"":5,""winners"":199045,""prizeYen"":1000}]"
"loto6","1491","2020-06-15","8 11 23 31 34 37","1","","102612262","[{""tier"":1,""winners"":1,""prizeYen"":200000000},{""tier"":2,""winners"":0,""prizeYen"":0},{""tier"":3,""winners"":259,""prizeYen"":291100},{""tier"":4,""winners"":11858,""prizeYen"":6700},{""tier"":5,""winners"":186570,""prizeYen"":1000}]"
"loto6","1492","2020-06-18","4 16 18 32 38 42","36","","0","[{""tier"":1,""winners"":2,""prizeYen"":181232600},{""tier"":2,""winners"":7,""prizeYen"":11136900},{""tier"":3,""winners"":222,""prizeYen"":379200},{""tier"":4,""winners"":11960,""prizeYen"":7400},{""tier"":5,""winners"":185658,""prizeYen"":1000}]"
"loto6","1493","2020-06-22","11 18 24 27 37 38","15","","34161074","[{""tier"":1,""winners"":1,""prizeYen"":200000000},{""tier"":2,""winners"":11,""prizeYen"":63864000},{""tier"":3,""winners"":307,""prizeYen"":247100},{""tier"":4,""winners"":14801,""prizeYen"":5400},{""tier"":5,""winners"":217042,""prizeYen"":1000}]"
"loto6","1494","2020-06-25","8 15 17 24 26 38","27","","0","[{""tier"":1,""winners"":1,""prizeYen"":262835300},{""tier"":2,""winners"":7,""prizeYen"":9800600},{""tier"":3,""winners"":369,""prizeYen"":200700},{""tier"":4,""winners"":15227,""prizeYen"":5100},{""tier"":5,""winners"":218029,""prizeYen"":1000}]"
"loto6","1495","2020-06-29","18 24 32 34 37 41","22","","245538914","[{""tier"":1,""winners"":0,""prizeYen"":0},{""tier"":2,""winners"":5,""prizeYen"":14732800},{""tier"":3,""winners"":269,""prizeYen"":295700},{""tier"":4,""winners"":12822,""prizeYen"":6500},{""tier"":5,""winners"":179188,""prizeYen"":1000}]"
"loto6","1496","2020-07-02","5 9 13 16 17 34","37","","0","[{""tier"":1,""winners"":2,""prizeYen"":256141800},{""tier"":2,""winners"":8,""prizeYen"":10003200},{""tier"":3,""winners"":253,""prizeYen"":3411600},{""tier"":4,""winners"":13646,""prizeYen"":6600},{""tier"":5,""winners"":216435,""prizeYen"":1000}]"
"loto6","1497","2020-07-06","6 22 28 30 35 37","8","","44163408","[{""tier"":1,""winners"":1,""prizeYen"":200000000},{""tier"":2,""winners"":3,""prizeYen"":24417100},{""tier"":3,""winners"":169,""prizeYen"":468000},{""tier"":4,""winners"":9249,""prizeYen"":9000},{""tier"":5,""winners"":158982,""prizeYen"":1000}]"
"loto6","1498","2020-07-09","1 6 7 9 31 37","43","","274581523","[{""tier"":1,""winners"":0,""prizeYen"":0},{""tier"":2,""winners"":6,""prizeYen"":11521200},{""tier"":3,""winners"":258,""prizeYen"":289300},{""tier"":4,""winners"":14027,""prizeYen"":5600},{""tier"":5,""winners"":213032,""prizeYen"":1000}]"
"loto6","1499","2020-07-13","10 11 27 28 29 37","13","","0","[{""tier"":1,""winners"":1,""prizeYen"":536585000},{""tier"":2,""winners"":13,""prizeYen"":6046400},{""tier"":3,""winners"":365,""prizeYen"":232500},{""tier"":4,""winners"":164800,""prizeYen"":5400},{""tier"":5,""winners"":243349,""prizeYen"":1000}]"
"loto6","1500","2020-07-16","19 21 22 28 29 30","4","","251664236","[{""tier"":1,""winners"":0,""prizeYen"":0},{""tier"":2,""winners"":1,""prizeYen"":75501700},{""tier"":3,""winners"":224,""prizeYen"":364000},{""tier"":4,""winners"":8677,""prizeYen"":9900},{""tier"":5,""winners"":152586,""prizeYen"":1000}]"
"loto6","1501","2020-07-20","6 10 13 25 31 38","15","","0","[{""tier"":1,""winners"":26,""prizeYen"":19933500},{""tier"":2,""winners"":10,""prizeYen"":7998500},{""tier"":3,""winners"":602,""prizeYen"":143400},{""tier"":4,""winners"":15538,""prizeYen"":5800},{""tier"":5,""winners"":230344,""prizeYen"":1000}]"
"loto6","1502","2020-07-23","1 17 25 28 32 42","26","","234010543","[{""tier"":1,""winners"":0,""prizeYen"":0},{""tier"":2,""winners"":7,""prizeYen"":10029300},{""tier"":3,""winners"":171,""prizeYen"":443300},{""tier"":4,""winners"":8230,""prizeYen"":9700},{""tier"":5,""winners"":142854,""prizeYen"":1000}]"
"loto6","1503","2020-07-27","1 8 16 35 40 42","20","","0","[{""tier"":1,""winners"":1,""prizeYen"":521514300},{""tier"":2,""winners"":4,""prizeYen"":21563400},{""tier"":3,""winners"":236,""prizeYen"":394700},{""tier"":4,""winners"":9751,""prizeYen"":10000},{""tier"":5,""winners"":165939,""prizeYen"":1000}]"
"loto6","1504","2020-07-30","5 7 9 21 42 43","35","","25327438","[{""tier"":1,""winners"":1,""prizeYen"":200000000},{""tier"":2,""winners"":4,""prizeYen"":16900100},{""tier"":3,""winners"":195,""prizeYen"":374300},{""tier"":4,""winners"":10088,""prizeYen"":7600},{""tier"":5,""winners"":171661,""prizeYen"":1000}]"
"loto6","1505","2020-08-03","1 2 14 15 21 34","19","","0","[{""tier"":1,""winners"":1,""prizeYen"":278421000},{""tier"":2,""winners"":3,""prizeYen"":25310100},{""tier"":3,""winners"":197,""prizeYen"":416200},{""tier"":4,""winners"":10296,""prizeYen"":8400},{""tier"":5,""winners"":175685,""prizeYen"":1000}]"
"loto6","1506","2020-08-06","10 12 19 28 35 41","39","","221608616","[{""tier"":1,""winners"":0,""prizeYen"":0},{""tier"":2,""winners"":3,""prizeYen"":22161500},{""tier"":3,""winners"":280,""prizeYen"":256400},{""tier"":4,""winners"":10501,""prizeYen"":72000},{""tier"":5,""winners"":166199,""prizeYen"":1000}]"
"loto6","1507","2020-08-10","19 20 22 30 35 43","29","","499358563","[{""tier"":1,""winners"":0,""prizeYen"":0},{""tier"":2,""winners"":5,""prizeYen"":16665500},{""tier"":3,""winners"":158,""prizeYen"":569500},{""tier"":4,""winners"":8351,""prizeYen"":11300},{""tier"":5,""winners"":150448,""prizeYen"":1000}]"
"loto6","1508","2020-08-13","9 13 28 29 32 40","41","","0","[{""tier"":1,""winners"":3,""prizeYen"":263028200},{""tier"":2,""winners"":11,""prizeYen"":7901800},{""tier"":3,""winners"":310,""prizeYen"":302800},{""tier"":4,""winners"":14237,""prizeYen"":6900},{""tier"":5,""winners"":216203,""prizeYen"":1000}]"
"loto6","1509","2020-08-17","6 11 12 34 36 41","43","","35299545","[{""tier"":1,""winners"":1,""prizeYen"":200000000},{""tier"":2,""winners"":3,""prizeYen"":23530700},{""tier"":3,""winners"":209,""prizeYen"":364700},{""tier"":4,""winners"":10936,""prizeYen"":7300},{""tier"":5,""winners"":181042,""prizeYen"":1000}]"
"loto6","1510","2020-08-20","8 13 17 18 21 38","23","","0","[{""tier"":1,""winners"":2,""prizeYen"":136105800},{""tier"":2,""winners"":9,""prizeYen"":7897300},{""tier"":3,""winners"":262,""prizeYen"":292900},{""tier"":4,""winners"":13361,""prizeYen"":6000},{""tier"":5,""winners"":200432,""prizeYen"":1000}]"
"loto6","1511","2020-08-24","11 16 22 24 38 40","6","","41449124","[{""tier"":1,""winners"":1,""prizeYen"":200000000},{""tier"":2,""winners"":5,""prizeYen"":14487400},{""tier"":3,""winners"":198,""prizeYen"":395000},{""tier"":4,""winners"":11001,""prizeYen"":7500},{""tier"":5,""winners"":173331,""prizeYen"":1000}]"
"loto6","1512","2020-08-27","1 11 12 24 32 38","39","","0","[{""tier"":1,""winners"":1,""prizeYen"":277445900},{""tier"":2,""winners"":10,""prizeYen"":7080100},{""tier"":3,""winners"":326,""prizeYen"":234500},{""tier"":4,""winners"":15409,""prizeYen"":5200},{""tier"":5,""winners"":224112,""prizeYen"":1000}]"
"loto6","1513","2020-08-31","13 14 18 19 25 42","5","","45111996","[{""tier"":1,""winners"":1,""prizeYen"":200000000},{""tier"":2,""winners"":4,""prizeYen"":18384000},{""tier"":3,""winners"":170,""prizeYen"":467100},{""tier"":4,""winners"":9710,""prizeYen"":8600},{""tier"":5,""winners"":172911,""prizeYen"":1000}]"
"loto6","1514","2020-09-03","11 16 22 29 37 43","14","","0","[{""tier"":1,""winners"":7,""prizeYen"":42779100},{""tier"":2,""winners"":3,""prizeYen"":25435000},{""tier"":3,""winners"":222,""prizeYen"":371200},{""tier"":4,""winners"":10893,""prizeYen"":7900},{""tier"":5,""winners"":178863,""prizeYen"":1000}]"
"loto6","1515","2020-09-07","5 9 17 21 27 29","30","","212989888","[{""tier"":1,""winners"":0,""prizeYen"":0},{""tier"":2,""winners"":7,""prizeYen"":9128400},{""tier"":3,""winners"":332,""prizeYen"":207800},{""tier"":4,""winners"":13667,""prizeYen"":5300},{""tier"":5,""winners"":202489,""prizeYen"":1000}]"
"loto6","1516","2020-09-10","25 32 34 37 41 42","28","","0","[{""tier"":1,""winners"":2,""prizeYen"":253136000},{""tier"":2,""winners"":3,""prizeYen"":29329100},{""tier"":3,""winners"":185,""prizeYen"":513600},{""tier"":4,""winners"":9643,""prizeYen"":10400},{""tier"":5,""winners"":157862,""prizeYen"":1000}]"
"loto6","1517","2020-09-14","14 25 27 30 39 41","8","","46170569","[{""tier"":1,""winners"":1,""prizeYen"":200000000},{""tier"":2,""winners"":4,""prizeYen"":18463300},{""tier"":3,""winners"":147,""prizeYen"":508000},{""tier"":4,""winners"":8661,""prizeYen"":9700},{""tier"":5,""winners"":153333,""prizeYen"":1000}]"
"loto6","1518","2020-09-17","6 15 16 22 36 41","20","","0","[{""tier"":1,""winners"":1,""prizeYen"":291679500},{""tier"":2,""winners"":2,""prizeYen"":36827500},{""tier"":3,""winners"":275,""prizeYen"":289200},{""tier"":4,""winners"":12082,""prizeYen"":6900},{""tier"":5,""winners"":178650,""prizeYen"":1000}]"
"loto6","1519","2020-09-21","5 8 20 21 27 43","9","","216940381","[{""tier"":1,""winners"":0,""prizeYen"":0},{""tier"":2,""winners"":8,""prizeYen"":8135500},{""tier"":3,""winners"":248,""prizeYen"":283400},{""tier"":4,""winners"":11615,""prizeYen"":6300},{""tier"":5,""winners"":178299,""prizeYen"":1000}]"
"loto6","1520","2020-09-24","1 6 11 13 30 33","4","","0","[{""tier"":1,""winners"":2,""prizeYen"":232863600},{""tier"":2,""winners"":4,""prizeYen"":18659600},{""tier"":3,""winners"":281,""prizeYen"":286800},{""tier"":4,""winners"":13811,""prizeYen"":6100},{""tier"":5,""winners"":212338,""prizeYen"":1000}]"
"loto6","1521","2020-09-28","17 21 22 40 41 42","13","","0","[{""tier"":1,""winners"":3,""prizeYen"":83344800},{""tier"":2,""winners"":6,""prizeYen"":12577100},{""tier"":3,""winners"":183,""prizeYen"":445300},{""tier"":4,""winners"":8464,""prizeYen"":10100},{""tier"":5,""winners"":139994,""prizeYen"":1000}]"
"loto6","1522","2020-10-01","5 17 21 22 32 35","41","","231115292","[{""tier"":1,""winners"":0,""prizeYen"":0},{""tier"":2,""winners"":3,""prizeYen"":23112200},{""tier"":3,""winners"":230,""prizeYen"":325500},{""tier"":4,""winners"":10129,""prizeYen"":7800},{""tier"":5,""winners"":159605,""prizeYen"":1000}]"
"loto6","1523","2020-10-05","2 15 17 25 34 38","27","","504644081","[{""tier"":1,""winners"":0,""prizeYen"":0},{""tier"":2,""winners"":14,""prizeYen"":5861500},{""tier"":3,""winners"":219,""prizeYen"":404600},{""tier"":4,""winners"":12080,""prizeYen"":7700},{""tier"":5,""winners"":197630,""prizeYen"":1000}]"
"loto6","1524","2020-10-08","2 3 15 24 30 43","39","","778802175","[{""tier"":1,""winners"":0,""prizeYen"":0},{""tier"":2,""winners"":6,""prizeYen"":13708300},{""tier"":3,""winners"":272,""prizeYen"":326500},{""tier"":4,""winners"":13785,""prizeYen"":6800},{""tier"":5,""winners"":219892,""prizeYen"":1000}]"
"loto6","1525","2020-10-12","3 7 20 21 28 32","24","","0","[{""tier"":1,""winners"":6,""prizeYen"":181609300},{""tier"":2,""winners"":16,""prizeYen"":5828600},{""tier"":3,""winners"":323,""prizeYen"":311800},{""tier"":4,""winners"":15861,""prizeYen"":6700},{""tier"":5,""winners"":241661,""prizeYen"":1000}]"
"loto6","1526","2020-10-15","4 17 19 21 39 41","36","","0","[{""tier"":1,""winners"":3,""prizeYen"":78738700},{""tier"":2,""winners"":4,""prizeYen"":17716700},{""tier"":3,""winners"":262,""prizeYen"":292100},{""tier"":4,""winners"":10885,""prizeYen"":7400},{""tier"":5,""winners"":174226,""prizeYen"":1000}]"
"loto6","1527","2020-10-19","2 5 9 11 27 32","33","","0","[{""tier"":1,""winners"":3,""prizeYen"":68377800},{""tier"":2,""winners"":9,""prizeYen"":6838000},{""tier"":3,""winners"":400,""prizeYen"":166100},{""tier"":4,""winners"":17653,""prizeYen"":3900},{""tier"":5,""winners"":236061,""prizeYen"":1000}]"
"loto6","1528","2020-10-22","1 14 17 34 35 37","16","","0","[{""tier"":1,""winners"":2,""prizeYen"":119727100},{""tier"":2,""winners"":4,""prizeYen"":17959600},{""tier"":3,""winners"":187,""prizeYen"":414800},{""tier"":4,""winners"":8633,""prizeYen"":9400},{""tier"":5,""winners"":147557,""prizeYen"":1000}]"
"loto6","1529","2020-10-26","3 19 26 28 33 40","1","","237713916","[{""tier"":1,""winners"":0,""prizeYen"":0},{""tier"":2,""winners"":5,""prizeYen"":14263300},{""tier"":3,""winners"":228,""prizeYen"":337800},{""tier"":4,""winners"":10932,""prizeYen"":7400},{""tier"":5,""winners"":171838,""prizeYen"":1000}]"
"loto6","1530","2020-10-29","2 5 10 34 37 40","7","","0","[{""tier"":1,""winners"":1,""prizeYen"":512112200},{""tier"":2,""winners"":4,""prizeYen"":20580500},{""tier"":3,""winners"":164,""prizeYen"":542100},{""tier"":4,""winners"":10015,""prizeYen"":9300},{""tier"":5,""winners"":178343,""prizeYen"":1000}]"
"loto6","1531","2020-11-02","2 6 7 10 30 33","14","","222085941","[{""tier"":1,""winners"":0,""prizeYen"":0},{""tier"":2,""winners"":5,""prizeYen"":13325500},{""tier"":3,""winners"":271,""prizeYen"":265500},{""tier"":4,""winners"":14114,""prizeYen"":5300},{""tier"":5,""winners"":213504,""prizeYen"":1000}]"
"loto6","1532","2020-11-05","2 9 14 16 17 21","34","","0","[{""tier"":1,""winners"":2,""prizeYen"":240046100},{""tier"":2,""winners"":7,""prizeYen"":11057700},{""tier"":3,""winners"":250,""prizeYen"":334300},{""tier"":4,""winners"":13610,""prizeYen"":6400},{""tier"":5,""winners"":224208,""prizeYen"":1000}]"
"loto6","1533","2020-11-09","15 22 27 37 38 41","5","","0","[{""tier"":1,""winners"":2,""prizeYen"":117494300},{""tier"":2,""winners"":11,""prizeYen"":6408900},{""tier"":3,""winners"":222,""prizeYen"":342900},{""tier"":4,""winners"":11570,""prizeYen"":6900},{""tier"":5,""winners"":180971,""prizeYen"":1000}]"
"loto6","1534","2020-11-12","1 9 18 22 24 43","39","","228058535","[{""tier"":1,""winners"":0,""prizeYen"":0},{""tier"":2,""winners"":5,""prizeYen"":13683900},{""tier"":3,""winners"":2112,""prizeYen"":348500},{""tier"":4,""winners"":10940,""prizeYen"":7100},{""tier"":5,""winners"":176794,""prizeYen"":1000}]"
"loto6","1535","2020-11-16","1 9 14 30 35 38","32","","0","[{""tier"":1,""winners"":2,""prizeYen"":259475600},{""tier"":2,""winners"":7,""prizeYen"":12467200},{""tier"":3,""winners"":176,""prizeYen"":535500},{""tier"":4,""winners"":9996,""prizeYen"":9900},{""tier"":5,""winners"":176633,""prizeYen"":1000}]"
"loto6","1536","2020-11-19","2 5 9 30 37 40","28","","23089269","[{""tier"":1,""winners"":1,""prizeYen"":200000000},{""tier"":2,""winners"":3,""prizeYen"":22309600},{""tier"":3,""winners"":254,""prizeYen"":284500},{""tier"":4,""winners"":11880,""prizeYen"":6400},{""tier"":5,""winners"":179760,""prizeYen"":1000}]"
"loto6","1537","2020-11-23","6 13 14 32 33 37","20","","0","[{""tier"":1,""winners"":1,""prizeYen"":261378200},{""tier"":2,""winners"":6,""prizeYen"":11914800},{""tier"":3,""winners"":242,""prizeYen"":319000},{""tier"":4,""winners"":10622,""prizeYen"":7600},{""tier"":5,""winners"":170970,""prizeYen"":1000}]"
"loto6","1538","2020-11-26","8 14 19 33 35 40","38","","240048771","[{""tier"":1,""winners"":0,""prizeYen"":0},{""tier"":2,""winners"":2,""prizeYen"":36008400},{""tier"":3,""winners"":171,""prizeYen"":454800},{""tier"":4,""winners"":8973,""prizeYen"":9100},{""tier"":5,""winners"":148552,""prizeYen"":1000}]"
"loto6","1539","2020-11-30","13 29 33 37 41 42","43","","0","[{""tier"":1,""winners"":1,""prizeYen"":530475300},{""tier"":2,""winners"":3,""prizeYen"":29043600},{""tier"":3,""winners"":246,""prizeYen"":382500},{""tier"":4,""winners"":11157,""prizeYen"":8900},{""tier"":5,""winners"":179457,""prizeYen"":1000}]"
"loto6","1540","2020-12-03","1 20 25 28 33 37","31","","0","[{""tier"":1,""winners"":2,""prizeYen"":118845000},{""tier"":2,""winners"":5,""prizeYen"":14261800},{""tier"":3,""winners"":143,""prizeYen"":538500},{""tier"":4,""winners"":8086,""prizeYen"":10000},{""tier"":5,""winners"":147506,""prizeYen"":1000}]"
"loto6","1541","2020-12-07","12 26 28 32 33 35","41","","241455786","[{""tier"":1,""winners"":0,""prizeYen"":0},{""tier"":2,""winners"":7,""prizeYen"":10348400},{""tier"":3,""winners"":178,""prizeYen"":439500},{""tier"":4,""winners"":9195,""prizeYen"":8900},{""tier"":5,""winners"":158890,""prizeYen"":1000}]"
"loto6","1542","2020-12-10","11 12 16 17 20 36","18","","512809029","[{""tier"":1,""winners"":0,""prizeYen"":0},{""tier"":2,""winners"":1,""prizeYen"":81408600},{""tier"":3,""winners"":203,""prizeYen"":433000},{""tier"":4,""winners"":11041,""prizeYen"":8400},{""tier"":5,""winners"":197546,""prizeYen"":1000}]"
"loto6","1543","2020-12-14","17 21 26 33 36 38","34","","829184615","[{""tier"":1,""winners"":0,""prizeYen"":0},{""tier"":2,""winners"":7,""prizeYen"":13559300},{""tier"":3,""winners"":253,""prizeYen"":405100},{""tier"":4,""winners"":12042,""prizeYen"":8900},{""tier"":5,""winners"":207503,""prizeYen"":1000}]"
"loto6","1544","2020-12-17","3 11 25 26 39 42","34","","546688277","[{""tier"":1,""winners"":1,""prizeYen"":600000000},{""tier"":2,""winners"":7,""prizeYen"":13607700},{""tier"":3,""winners"":447,""prizeYen"":230100},{""tier"":4,""winners"":17871,""prizeYen"":6000},{""tier"":5,""winners"":255915,""prizeYen"":1000}]"
"loto6","1545","2020-12-21","8 14 15 26 37 43","12","","255503255","[{""tier"":1,""winners"":1,""prizeYen"":600000000},{""tier"":2,""winners"":12,""prizeYen"":7720600},{""tier"":3,""winners"":403,""prizeYen"":248200},{""tier"":4,""winners"":15676,""prizeYen"":6700},{""tier"":5,""winners"":232251,""prizeYen"":1000}]"
"loto6","1546","2020-12-24","1 18 19 24 31 40","16","","0","[{""tier"":1,""winners"":2,""prizeYen"":275572000},{""tier"":2,""winners"":4,""prizeYen"":22173700},{""tier"":3,""winners"":273,""prizeYen"":350800},{""tier"":4,""winners"":12448,""prizeYen"":8100},{""tier"":5,""winners"":202658,""prizeYen"":1000}]"
"loto6","1547","2020-12-28","4 11 14 17 22 39","21","","50556777","[{""tier"":1,""winners"":1,""prizeYen"":200000000},{""tier"":2,""winners"":10,""prizeYen"":7516900},{""tier"":3,""winners"":362,""prizeYen"":224200},{""tier"":4,""winners"":15510,""prizeYen"":5500},{""tier"":5,""winners"":233230,""prizeYen"":1000}]"
"loto6","1548","2021-01-04","18 24 26 35 39 42","32","","315786518","[{""tier"":1,""winners"":0,""prizeYen"":0},{""tier"":2,""winners"":2,""prizeYen"":39785700},{""tier"":3,""winners"":227,""prizeYen"":378500},{""tier"":4,""winners"":10473,""prizeYen"":8600},{""tier"":5,""winners"":167576,""prizeYen"":1000}]"
"loto6","1549","2021-01-07","4 5 27 28 35 41","33","","589229311","[{""tier"":1,""winners"":0,""prizeYen"":0},{""tier"":2,""winners"":3,""prizeYen"":27345100},{""tier"":3,""winners"":244,""prizeYen"":363000},{""tier"":4,""winners"":13348,""prizeYen"":7000},{""tier"":5,""winners"":207970,""prizeYen"":1000}]"
"loto6","1550","2021-01-11","8 11 22 32 37 42","41","","277893021","[{""tier"":1,""winners"":1,""prizeYen"":600000000},{""tier"":2,""winners"":5,""prizeYen"":17320300},{""tier"":3,""winners"":268,""prizeYen"":348900},{""tier"":4,""winners"":14542,""prizeYen"":6700},{""tier"":5,""winners"":233369,""prizeYen"":1000}]"
"loto6","1551","2021-01-14","3 14 18 24 38 43","23","","0","[{""tier"":1,""winners"":3,""prizeYen"":180897400},{""tier"":2,""winners"":9,""prizeYen"":8826900},{""tier"":3,""winners"":302,""prizeYen"":284000},{""tier"":4,""winners"":14183,""prizeYen"":6300},{""tier"":5,""winners"":218705,""prizeYen"":1000}]"
"loto6","1552","2021-01-18","5 9 15 30 32 39","11","","56849793","[{""tier"":1,""winners"":1,""prizeYen"":200000000},{""tier"":2,""winners"":4,""prizeYen"":19264300},{""tier"":3,""winners"":214,""prizeYen"":388800},{""tier"":4,""winners"":11524,""prizeYen"":7600},{""tier"":5,""winners"":185083,""prizeYen"":1000}]"
"loto6","1553","2021-01-21","7 8 16 32 41 42","31","","0","[{""tier"":1,""winners"":4,""prizeYen"":77867100},{""tier"":2,""winners"":9,""prizeYen"":8487500},{""tier"":3,""winners"":209,""prizeYen"":394700},{""tier"":4,""winners"":10426,""prizeYen"":8300},{""tier"":5,""winners"":175449,""prizeYen"":1000}]"
"loto6","1554","2021-01-25","6 14 16 27 40 42","26","","0","[{""tier"":1,""winners"":2,""prizeYen"":124357100},{""tier"":2,""winners"":4,""prizeYen"":18654100},{""tier"":3,""winners"":191,""prizeYen"":421900},{""tier"":4,""winners"":9880,""prizeYen"":8600},{""tier"":5,""winners"":167174,""prizeYen"":1000}]"
"loto6","1555","2021-01-28","2 8 17 23 24 27","5","","0","[{""tier"":1,""winners"":2,""prizeYen"":101798900},{""tier"":2,""winners"":6,""prizeYen"":10180200},{""tier"":3,""winners"":338,""prizeYen"":195100},{""tier"":4,""winners"":15824,""prizeYen"":4400},{""tier"":5,""winners"":231076,""prizeYen"":1000}]"
"loto6","1556","2021-02-01","10 19 28 30 38 42","18","","257093373","[{""tier"":1,""winners"":0,""prizeYen"":0},{""tier"":2,""winners"":4,""prizeYen"":19282600},{""tier"":3,""winners"":171,""prizeYen"":487100},{""tier"":4,""winners"":9192,""prizeYen"":9500},{""tier"":5,""winners"":160550,""prizeYen"":1000}]"
"loto6","1557","2021-02-04","5 21 22 23 26 39","31","","522290979","[{""tier"":1,""winners"":0,""prizeYen"":0},{""tier"":2,""winners"":8,""prizeYen"":9945200},{""tier"":3,""winners"":184,""prizeYen"":466900},{""tier"":4,""winners"":11703,""prizeYen"":7700},{""tier"":5,""winners"":195810,""prizeYen"":1000}]"
"loto6","1558","2021-02-08","1 12 25 27 39 42","16","","213722015","[{""tier"":1,""winners"":1,""prizeYen"":600000000},{""tier"":2,""winners"":7,""prizeYen"":12490300},{""tier"":3,""winners"":329,""prizeYen"":287000},{""tier"":4,""winners"":14877,""prizeYen"":6700},{""tier"":5,""winners"":232071,""prizeYen"":1000}]"
"loto6","1559","2021-02-11","4 15 17 20 26 31","43","","0","[{""tier"":1,""winners"":1,""prizeYen"":480866800},{""tier"":2,""winners"":6,""prizeYen"":13357600},{""tier"":3,""winners"":243,""prizeYen"":356100},{""tier"":4,""winners"":12186,""prizeYen"":7500},{""tier"":5,""winners"":191409,""prizeYen"":1000}]"
"loto6","1560","2021-02-15","7 19 24 32 40 42","22","","43496170","[{""tier"":1,""winners"":1,""prizeYen"":200000000},{""tier"":2,""winners"":6,""prizeYen"":12175200},{""tier"":3,""winners"":265,""prizeYen"":297700},{""tier"":4,""winners"":11625,""prizeYen"":7100},{""tier"":5,""winners"":179639,""prizeYen"":1000}]"
"loto6","1561","2021-02-18","12 15 26 34 35 38","7","","0","[{""tier"":1,""winners"":2,""prizeYen"":149668200},{""tier"":2,""winners"":11,""prizeYen"":6977600},{""tier"":3,""winners"":216,""prizeYen"":383700},{""tier"":4,""winners"":10465,""prizeYen"":8300},{""tier"":5,""winners"":165668,""prizeYen"":1000}]"
"loto6","1562","2021-02-22","2 4 15 16 26 33","25","","235538502","[{""tier"":1,""winners"":0,""prizeYen"":0},{""tier"":2,""winners"":12,""prizeYen"":5888600},{""tier"":3,""winners"":293,""prizeYen"":260400},{""tier"":4,""winners"":13686,""prizeYen"":5800},{""tier"":5,""winners"":206126,""prizeYen"":1000}]"
"loto6","1563","2021-02-25","1 12 20 26 35 37","2","","512240826","[{""tier"":1,""winners"":0,""prizeYen"":0},{""tier"":2,""winners"":2,""prizeYen"":41506700},{""tier"":3,""winners"":232,""prizeYen"":386400},{""tier"":4,""winners"":10692,""prizeYen"":8800},{""tier"":5,""winners"":182066,""prizeYen"":1000}]"
"loto6","1564","2021-03-01","5 6 18 20 27 37","7","","0","[{""tier"":1,""winners"":3,""prizeYen"":268498000},{""tier"":2,""winners"":6,""prizeYen"":14663100},{""tier"":3,""winners"":277,""prizeYen"":343000},{""tier"":4,""winners"":15724,""prizeYen"":6300},{""tier"":5,""winners"":254101,""prizeYen"":1000}]"
"loto6","1565","2021-03-04","5 9 17 28 30 37","27","","20374543","[{""tier"":1,""winners"":1,""prizeYen"":200000000},{""tier"":2,""winners"":10,""prizeYen"":6611400},{""tier"":3,""winners"":345,""prizeYen"":206900},{""tier"":4,""winners"":13960,""prizeYen"":5400},{""tier"":5,""winners"":199839,""prizeYen"":1000}]"
"loto6","1566","2021-03-08","12 13 20 24 30 35","34","","0","[{""tier"":1,""winners"":2,""prizeYen"":139763500},{""tier"":2,""winners"":5,""prizeYen"":15549600},{""tier"":3,""winners"":194,""prizeYen"":432800},{""tier"":4,""winners"":10349,""prizeYen"":8500},{""tier"":5,""winners"":177380,""prizeYen"":1000}]"
"loto6","1567","2021-03-11","5 7 19 26 37 40","34","","0","[{""tier"":1,""winners"":2,""prizeYen"":111522300},{""tier"":2,""winners"":6,""prizeYen"":11152600},{""tier"":3,""winners"":286,""prizeYen"":252600},{""tier"":4,""winners"":12559,""prizeYen"":6000},{""tier"":5,""winners"":186887,""prizeYen"":1000}]"
"loto6","1568","2021-03-15","2 5 7 10 16 34","14","","221755287","[{""tier"":1,""winners"":0,""prizeYen"":0},{""tier"":2,""winners"":5,""prizeYen"":13305700},{""tier"":3,""winners"":261,""prizeYen"":275200},{""tier"":4,""winners"":13564,""prizeYen"":5500},{""tier"":5,""winners"":209052,""prizeYen"":1000}]"
"loto6","1569","2021-03-18","2 8 29 31 32 33","16","","490783276","[{""tier"":1,""winners"":0,""prizeYen"":0},{""tier"":2,""winners"":14,""prizeYen"":5765000},{""tier"":3,""winners"":214,""prizeYen"":407300},{""tier"":4,""winners"":10743,""prizeYen"":8500},{""tier"":5,""winners"":184879,""prizeYen"":1000}]"
"loto6","1570","2021-03-22","1 19 22 23 31 36","24","","183123869","[{""tier"":1,""winners"":1,""prizeYen"":600000000},{""tier"":2,""winners"":6,""prizeYen"":14617500},{""tier"":3,""winners"":239,""prizeYen"":396300},{""tier"":4,""winners"":11847,""prizeYen"":8400},{""tier"":5,""winners"":203824,""prizeYen"":1000}]"
"loto6","1571","2021-03-25","1 2 5 25 40 41","26","","0","[{""tier"":1,""winners"":1,""prizeYen"":447344100},{""tier"":2,""winners"":8,""prizeYen"":9908500},{""tier"":3,""winners"":227,""prizeYen"":377100},{""tier"":4,""winners"":11630,""prizeYen"":7700},{""tier"":5,""winners"":190160,""prizeYen"":1000}]"
"loto6","1572","2021-03-29","4 6 10 19 28 38","40","","0","[{""tier"":1,""winners"":4,""prizeYen"":54869000},{""tier"":2,""winners"":4,""prizeYen"":16461200},{""tier"":3,""winners"":432,""prizeYen"":164600},{""tier"":4,""winners"":17072,""prizeYen"":4400},{""tier"":5,""winners"":224595,""prizeYen"":1000}]"
"loto6","1573","2021-04-01","2 10 16 38 39 43","11","","68970442","[{""tier"":1,""winners"":1,""prizeYen"":200000000},{""tier"":2,""winners"":4,""prizeYen"":20173400},{""tier"":3,""winners"":206,""prizeYen"":423000},{""tier"":4,""winners"":10527,""prizeYen"":8700},{""tier"":5,""winners"":174037,""prizeYen"":1000}]"
"loto6","1574","2021-04-05","1 2 3 20 31 32","13","","0","[{""tier"":1,""winners"":1,""prizeYen"":321516000},{""tier"":2,""winners"":7,""prizeYen"":10823700},{""tier"":3,""winners"":282,""prizeYen"":290100},{""tier"":4,""winners"":10628,""prizeYen"":8100},{""tier"":5,""winners"":185386,""prizeYen"":1000}]"
"loto6","1575","2021-04-08","2 8 15 24 32 39","9","","0","[{""tier"":1,""winners"":5,""prizeYen"":42570000},{""tier"":2,""winners"":6,""prizeYen"":10642800},{""tier"":3,""winners"":509,""prizeYen"":135400},{""tier"":4,""winners"":15447,""prizeYen"":4700},{""tier"":5,""winners"":198290,""prizeYen"":1000}]"
"loto6","1576","2021-04-12","5 7 10 17 29 32","37","","20753880","[{""tier"":1,""winners"":1,""prizeYen"":200000000},{""tier"":2,""winners"":6,""prizeYen"":11038000},{""tier"":3,""winners"":296,""prizeYen"":241600},{""tier"":4,""winners"":13636,""prizeYen"":5500},{""tier"":5,""winners"":206274,""prizeYen"":1000}]"
"loto6","1577","2021-04-15","13 14 15 28 37 39","4","","268942151","[{""tier"":1,""winners"":0,""prizeYen"":0},{""tier"":2,""winners"":11,""prizeYen"":6768900},{""tier"":3,""winners"":224,""prizeYen"":358900},{""tier"":4,""winners"":11617,""prizeYen"":7300},{""tier"":5,""winners"":177471,""prizeYen"":1000}]"
"loto6","1578","2021-04-19","3 15 17 19 21 34","4","","0","[{""tier"":1,""winners"":2,""prizeYen"":273075900},{""tier"":2,""winners"":11,""prizeYen"":7560500},{""tier"":3,""winners"":265,""prizeYen"":338900},{""tier"":4,""winners"":13193,""prizeYen"":7100},{""tier"":5,""winners"":206455,""prizeYen"":1000}]"
"loto6","1579","2021-04-22","23 29 32 33 37 42","1","","250321018","[{""tier"":1,""winners"":0,""prizeYen"":0},{""tier"":2,""winners"":6,""prizeYen"":12516400},{""tier"":3,""winners"":155,""prizeYen"":523200},{""tier"":4,""winners"":9139,""prizeYen"":9300},{""tier"":5,""winners"":151537,""prizeYen"":1000}]"
"loto6","1580","2021-04-26","5 7 11 12 24 31","3","","0","[{""tier"":1,""winners"":9,""prizeYen"":54374500},{""tier"":2,""winners"":28,""prizeYen"":2561300},{""tier"":3,""winners"":756,""prizeYen"":102400},{""tier"":4,""winners"":24592,""prizeYen"":3300},{""tier"":5,""winners"":303210,""prizeYen"":1000}]"
"loto6","1581","2021-04-29","6 12 30 31 41 43","1","","230344081","[{""tier"":1,""winners"":0,""prizeYen"":0},{""tier"":2,""winners"":9,""prizeYen"":7678300},{""tier"":3,""winners"":210,""prizeYen"":355300},{""tier"":4,""winners"":9733,""prizeYen"":8100},{""tier"":5,""winners"":153376,""prizeYen"":1000}]"
"loto6","1582","2021-05-03","18 32 35 36 39 41","28","","518260405","[{""tier"":1,""winners"":0,""prizeYen"":0},{""tier"":2,""winners"":4,""prizeYen"":21594400},{""tier"":3,""winners"":196,""prizeYen"":475900},{""tier"":4,""winners"":8856,""prizeYen"":11100},{""tier"":5,""winners"":156476,""prizeYen"":1000}]"
"loto6","1583","2021-05-06","5 7 16 34 39 41","29","","815104198","[{""tier"":1,""winners"":0,""prizeYen"":0},{""tier"":2,""winners"":7,""prizeYen"":12722200},{""tier"":3,""winners"":272,""prizeYen"":353500},{""tier"":4,""winners"":13061,""prizeYen"":7700},{""tier"":5,""winners"":210487,""prizeYen"":1000}]"
"loto6","1584","2021-05-10","13 15 18 30 37 43","9","","560297731","[{""tier"":1,""winners"":1,""prizeYen"":600000000},{""tier"":2,""winners"":8,""prizeYen"":12945100},{""tier"":3,""winners"":262,""prizeYen"":426800},{""tier"":4,""winners"":12708,""prizeYen"":9200},{""tier"":5,""winners"":217627,""prizeYen"":1000}]"
"loto6","1585","2021-05-13","2 6 10 13 16 32","9","","838477235","[{""tier"":1,""winners"":0,""prizeYen"":0},{""tier"":2,""winners"":9,""prizeYen"":9272900},{""tier"":3,""winners"":329,""prizeYen"":273900},{""tier"":4,""winners"":15843,""prizeYen"":6000},{""tier"":5,""winners"":248969,""prizeYen"":1000}]"
"loto6","1586","2021-05-17","2 13 19 27 40 42","14","","1165623025","[{""tier"":1,""winners"":0,""prizeYen"":0},{""tier"":2,""winners"":8,""prizeYen"":12268300},{""tier"":3,""winners"":303,""prizeYen"":349800},{""tier"":4,""winners"":14154,""prizeYen"":7900},{""tier"":5,""winners"":228239,""prizeYen"":1000}]"
"loto6","1587","2021-05-20","16 21 22 27 36 43","37","","1519263024","[{""tier"":1,""winners"":0,""prizeYen"":0},{""tier"":2,""winners"":10,""prizeYen"":10609500},{""tier"":3,""winners"":265,""prizeYen"":432300},{""tier"":4,""winners"":12914,""prizeYen"":9300},{""tier"":5,""winners"":221825,""prizeYen"":1000}]"
"loto6","1588","2021-05-24","6 16 27 31 32 34","11","","1884619690","[{""tier"":1,""winners"":0,""prizeYen"":0},{""tier"":2,""winners"":5,""prizeYen"":21922100},{""tier"":3,""winners"":319,""prizeYen"":371000},{""tier"":4,""winners"":16401,""prizeYen"":7600},{""tier"":5,""winners"":269544,""prizeYen"":1000}]"
"loto6","1589","2021-05-27","11 21 25 31 36 39","32","","1674674315","[{""tier"":1,""winners"":1,""prizeYen"":600000000},{""tier"":2,""winners"":10,""prizeYen"":11702000},{""tier"":3,""winners"":274,""prizeYen"":461200},{""tier"":4,""winners"":16236,""prizeYen"":8200},{""tier"":5,""winners"":252875,""prizeYen"":1000}]"
"loto6","1590","2021-05-31","10 12 15 29 33 42","17","","1433672168","[{""tier"":1,""winners"":1,""prizeYen"":600000000},{""tier"":2,""winners"":9,""prizeYen"":11966900},{""tier"":3,""winners"":374,""prizeYen"":311000},{""tier"":4,""winners"":16918,""prizeYen"":7200},{""tier"":5,""winners"":274415,""prizeYen"":1000}]"
"loto6","1591","2021-06-03","7 9 18 21 26 43","14","","1170178009","[{""tier"":1,""winners"":1,""prizeYen"":600000000},{""tier"":2,""winners"":8,""prizeYen"":12619300},{""tier"":3,""winners"":335,""prizeYen"":325400},{""tier"":4,""winners"":16471,""prizeYen"":6900},{""tier"":5,""winners"":259810,""prizeYen"":1000}]"
"loto6","1592","2021-06-07","4 16 25 30 36 43","19","","915087669","[{""tier"":1,""winners"":1,""prizeYen"":600000000},{""tier"":2,""winners"":13,""prizeYen"":7959700},{""tier"":3,""winners"":292,""prizeYen"":382700},{""tier"":4,""winners"":13156,""prizeYen"":8900},{""tier"":5,""winners"":215757,""prizeYen"":1000}]"
"loto6","1593","2021-06-10","6 17 18 35 37 38","16","","1220647866","[{""tier"":1,""winners"":0,""prizeYen"":0},{""tier"":2,""winners"":12,""prizeYen"":7639200},{""tier"":3,""winners"":290,""prizeYen"":341300},{""tier"":4,""winners"":15346,""prizeYen"":6800},{""tier"":5,""winners"":242461,""prizeYen"":1000}]"
"loto6","1594","2021-06-14","1 5 6 13 34 36","18","","951269641","[{""tier"":1,""winners"":1,""prizeYen"":600000000},{""tier"":2,""winners"":5,""prizeYen"":19837900},{""tier"":3,""winners"":415,""prizeYen"":258100},{""tier"":4,""winners"":15310,""prizeYen"":7300},{""tier"":5,""winners"":265783,""prizeYen"":1000}]"
"loto6","1595","2021-06-17","16 21 30 32 40 43","15","","722046804","[{""tier"":1,""winners"":1,""prizeYen"":600000000},{""tier"":2,""winners"":6,""prizeYen"":18539400},{""tier"":3,""winners"":205,""prizeYen"":586000},{""tier"":4,""winners"":12152,""prizeYen"":10400},{""tier"":5,""winners"":208449,""prizeYen"":1000}]"
"loto6","1596","2021-06-21","10 15 30 35 42 43","26","","1065679551","[{""tier"":1,""winners"":0,""prizeYen"":0},{""tier"":2,""winners"":7,""prizeYen"":14727600},{""tier"":3,""winners"":244,""prizeYen"":456200},{""tier"":4,""winners"":12402,""prizeYen"":9400},{""tier"":5,""winners"":207286,""prizeYen"":1000}]"
"loto6","1597","2021-06-24","2 3 8 17 23 32","12","","0","[{""tier"":1,""winners"":3,""prizeYen"":454290200},{""tier"":2,""winners"":16,""prizeYen"":5572500},{""tier"":3,""winners"":678,""prizeYen"":142000},{""tier"":4,""winners"":23742,""prizeYen"":4200},{""tier"":5,""winners"":314289,""prizeYen"":1000}]"
"loto6","1598","2021-06-28","9 11 26 28 39 43","1","","64156365","[{""tier"":1,""winners"":1,""prizeYen"":200000000},{""tier"":2,""winners"":7,""prizeYen"":11321300},{""tier"":3,""winners"":233,""prizeYen"":367300},{""tier"":4,""winners"":12232,""prizeYen"":7300},{""tier"":5,""winners"":200172,""prizeYen"":1000}]"
"loto6","1599","2021-07-01","1 2 20 22 35 38","4","","0","[{""tier"":1,""winners"":1,""prizeYen"":337889600},{""tier"":2,""winners"":6,""prizeYen"":13687100},{""tier"":3,""winners"":222,""prizeYen"":399500},{""tier"":4,""winners"":9913,""prizeYen"":9400},{""tier"":5,""winners"":171486,""prizeYen"":1000}]"
"loto6","1600","2021-07-05","7 14 22 35 37 39","24","","52913916","[{""tier"":1,""winners"":1,""prizeYen"":200000000},{""tier"":2,""winners"":10,""prizeYen"":7587600},{""tier"":3,""winners"":261,""prizeYen"":313900},{""tier"":4,""winners"":11686,""prizeYen"":7400},{""tier"":5,""winners"":183089,""prizeYen"":1000}]"
"loto6","1601","2021-07-08","6 13 17 18 21 41","37","","298461714","[{""tier"":1,""winners"":0,""prizeYen"":0},{""tier"":2,""winners"":6,""prizeYen"":12277700},{""tier"":3,""winners"":279,""prizeYen"":285100},{""tier"":4,""winners"":12639,""prizeYen"":6600},{""tier"":5,""winners"":199644,""prizeYen"":1000}]"
"loto6","1602","2021-07-12","1 2 7 14 32 42","33","","577560631","[{""tier"":1,""winners"":0,""prizeYen"":0},{""tier"":2,""winners"":4,""prizeYen"":20933100},{""tier"":3,""winners"":282,""prizeYen"":320600},{""tier"":4,""winners"":14031,""prizeYen"":6800},{""tier"":5,""winners"":230385,""prizeYen"":1000}]"
"loto6","1603","2021-07-15","4 6 32 35 40 42","26","","891835621","[{""tier"":1,""winners"":0,""prizeYen"":0},{""tier"":2,""winners"":5,""prizeYen"":18857100},{""tier"":3,""winners"":196,""prizeYen"":519500},{""tier"":4,""winners"":11361,""prizeYen"":9400},{""tier"":5,""winners"":193113,""prizeYen"":1000}]"
"loto6","1604","2021-07-19","12 21 23 36 37 38","6","","0","[{""tier"":1,""winners"":4,""prizeYen"":303278000},{""tier"":2,""winners"":16,""prizeYen"":6024100},{""tier"":3,""winners"":306,""prizeYen"":340100},{""tier"":4,""winners"":14598,""prizeYen"":7500},{""tier"":5,""winners"":229118,""prizeYen"":1000}]"
"loto6","1605","2021-07-22","2 5 8 20 29 40","6","","224721445","[{""tier"":1,""winners"":0,""prizeYen"":0},{""tier"":2,""winners"":3,""prizeYen"":22472800},{""tier"":3,""winners"":232,""prizeYen"":313800},{""tier"":4,""winners"":12329,""prizeYen"":6200},{""tier"":5,""winners"":187754,""prizeYen"":1000}]"
"loto6","1606","2021-07-26","18 23 25 26 32 34","43","","0","[{""tier"":1,""winners"":1,""prizeYen"":505790600},{""tier"":2,""winners"":33,""prizeYen"":2555200},{""tier"":3,""winners"":239,""prizeYen"":381000},{""tier"":4,""winners"":11356,""prizeYen"":8400},{""tier"":5,""winners"":188067,""prizeYen"":1000}]"
"loto6","1607","2021-07-29","10 13 14 15 17 22","40","","231585365","[{""tier"":1,""winners"":0,""prizeYen"":0},{""tier"":2,""winners"":3,""prizeYen"":23159200},{""tier"":3,""winners"":159,""prizeYen"":471900},{""tier"":4,""winners"":9702,""prizeYen"":8100},{""tier"":5,""winners"":166900,""prizeYen"":1000}]"
"loto6","1608","2021-08-02","10 18 22 23 25 35","19","","0","[{""tier"":1,""winners"":1,""prizeYen"":509282000},{""tier"":2,""winners"":6,""prizeYen"":13885200},{""tier"":3,""winners"":232,""prizeYen"":387800},{""tier"":4,""winners"":12572,""prizeYen"":7500},{""tier"":5,""winners"":205473,""prizeYen"":1000}]"
"loto6","1609","2021-08-05","4 12 16 34 35 41","5","","31561885","[{""tier"":1,""winners"":1,""prizeYen"":200000000},{""tier"":2,""winners"":6,""prizeYen"":11578400},{""tier"":3,""winners"":191,""prizeYen"":392800},{""tier"":4,""winners"":9376,""prizeYen"":8400},{""tier"":5,""winners"":157972,""prizeYen"":1000}]"
"loto6","1610","2021-08-09","1 8 13 22 41 42","40","","266800327","[{""tier"":1,""winners"":0,""prizeYen"":0},{""tier"":2,""winners"":4,""prizeYen"":17643400},{""tier"":3,""winners"":194,""prizeYen"":392800},{""tier"":4,""winners"":10501,""prizeYen"":7600},{""tier"":5,""winners"":173671,""prizeYen"":1000}]"
"loto6","1611","2021-08-12","3 14 16 24 32 36","34","","0","[{""tier"":1,""winners"":2,""prizeYen"":259020800},{""tier"":2,""winners"":5,""prizeYen"":15074900},{""tier"":3,""winners"":314,""prizeYen"":259200},{""tier"":4,""winners"":14199,""prizeYen"":6000},{""tier"":5,""winners"":211211,""prizeYen"":1000}]"
"loto6","1612","2021-08-16","5 8 12 16 27 38","42","","0","[{""tier"":1,""winners"":8,""prizeYen"":25388800},{""tier"":2,""winners"":16,""prizeYen"":3808400},{""tier"":3,""winners"":529,""prizeYen"":124400},{""tier"":4,""winners"":19245,""prizeYen"":3600},{""tier"":5,""winners"":240064,""prizeYen"":1000}]"
"loto6","1613","2021-08-19","9 17 22 25 30 41","15","","228496717","[{""tier"":1,""winners"":0,""prizeYen"":0},{""tier"":2,""winners"":8,""prizeYen"":8568900},{""tier"":3,""winners"":212,""prizeYen"":349200},{""tier"":4,""winners"":10475,""prizeYen"":7400},{""tier"":5,""winners"":162397,""prizeYen"":1000}]"
"loto6","1614","2021-08-23","4 5 20 29 40 43","24","","521307271","[{""tier"":1,""winners"":0,""prizeYen"":0},{""tier"":2,""winners"":2,""prizeYen"":43923000},{""tier"":3,""winners"":201,""prizeYen"":471900},{""tier"":4,""winners"":10038,""prizeYen"":9900},{""tier"":5,""winners"":172594,""prizeYen"":1000}]"
"loto6","1615","2021-08-26","2 5 6 13 19 29","25","","192257783","[{""tier"":1,""winners"":1,""prizeYen"":600000000},{""tier"":2,""winners"":16,""prizeYen"":5080400},{""tier"":3,""winners"":431,""prizeYen"":203600},{""tier"":4,""winners"":18546,""prizeYen"":5000},{""tier"":5,""winners"":280761,""prizeYen"":1000}]"
"loto6","1616","2021-08-30","1 4 6 21 34 41","12","","0","[{""tier"":1,""winners"":1,""prizeYen"":478273700},{""tier"":2,""winners"":9,""prizeYen"":9534100},{""tier"":3,""winners"":231,""prizeYen"":401100},{""tier"":4,""winners"":11883,""prizeYen"":8200},{""tier"":5,""winners"":207857,""prizeYen"":1000}]"
"loto6","1617","2021-09-02","2 19 21 24 26 41","23","","45144696","[{""tier"":1,""winners"":1,""prizeYen"":200000000},{""tier"":2,""winners"":7,""prizeYen"":10506500},{""tier"":3,""winners"":190,""prizeYen"":418000},{""tier"":4,""winners"":10156,""prizeYen"":8200},{""tier"":5,""winners"":173195,""prizeYen"":1000}]"
"loto6","1618","2021-09-06","2 10 14 17 37 43","38","","309939596","[{""tier"":1,""winners"":0,""prizeYen"":0},{""tier"":2,""winners"":6,""prizeYen"":13240100},{""tier"":3,""winners"":295,""prizeYen"":290800},{""tier"":4,""winners"":12782,""prizeYen"":7000},{""tier"":5,""winners"":205625,""prizeYen"":1000}]"
"loto6","1619","2021-09-09","3 5 17 20 24 38","13","","0","[{""tier"":1,""winners"":1,""prizeYen"":582585000},{""tier"":2,""winners"":12,""prizeYen"":6816300},{""tier"":3,""winners"":380,""prizeYen"":232400},{""tier"":4,""winners"":16998,""prizeYen"":5400},{""tier"":5,""winners"":243682,""prizeYen"":1000}]"
"loto6","1620","2021-09-13","7 15 19 24 25 28","11","","236227979","[{""tier"":1,""winners"":0,""prizeYen"":0},{""tier"":2,""winners"":6,""prizeYen"":11811700},{""tier"":3,""winners"":262,""prizeYen"":292100},{""tier"":4,""winners"":13224,""prizeYen"":6100},{""tier"":5,""winners"":212875,""prizeYen"":1000}]"
"loto6","1621","2021-09-16","3 10 22 23 26 39","1","","0","[{""tier"":1,""winners"":1,""prizeYen"":512063000},{""tier"":2,""winners"":10,""prizeYen"":8275300},{""tier"":3,""winners"":305,""prizeYen"":293000},{""tier"":4,""winners"":15040,""prizeYen"":6200},{""tier"":5,""winners"":233592,""prizeYen"":1000}]"
"loto6","1622","2021-09-20","16 29 34 35 40 41","26","","253752770","[{""tier"":1,""winners"":0,""prizeYen"":0},{""tier"":2,""winners"":4,""prizeYen"":19032000},{""tier"":3,""winners"":144,""prizeYen"":570900},{""tier"":4,""winners"":8811,""prizeYen"":9800},{""tier"":5,""winners"":140530,""prizeYen"":1000}]"
"loto6","1623","2021-09-23","7 12 15 17 19 29","22","","0","[{""tier"":1,""winners"":2,""prizeYen"":260837600},{""tier"":2,""winners"":10,""prizeYen"":8037900},{""tier"":3,""winners"":290,""prizeYen"":299300},{""tier"":4,""winners"":14225,""prizeYen"":6400},{""tier"":5,""winners"":229953,""prizeYen"":1000}]"
"loto6","1624","2021-09-27","3 5 17 25 33 39","19","","0","[{""tier"":1,""winners"":4,""prizeYen"":57625000},{""tier"":2,""winners"":15,""prizeYen"":4610100},{""tier"":3,""winners"":451,""prizeYen"":165500},{""tier"":4,""winners"":16407,""prizeYen"":4800},{""tier"":5,""winners"":217094,""prizeYen"":1000}]"
"loto6","1625","2021-09-30","1 4 8 11 30 42","9","","220819031","[{""tier"":1,""winners"":0,""prizeYen"":0},{""tier"":2,""winners"":11,""prizeYen"":6022500},{""tier"":3,""winners"":348,""prizeYen"":205500},{""tier"":4,""winners"":16268,""prizeYen"":4600},{""tier"":5,""winners"":224954,""prizeYen"":1000}]"
"loto6","1626","2021-10-04","9 11 19 23 30 43","27","","501647043","[{""tier"":1,""winners"":0,""prizeYen"":0},{""tier"":2,""winners"":5,""prizeYen"":16850200},{""tier"":3,""winners"":274,""prizeYen"":332000},{""tier"":4,""winners"":14435,""prizeYen"":6600},{""tier"":5,""winners"":226053,""prizeYen"":1000}]"
"loto6","1627","2021-10-07","21 22 23 26 36 38","13","","817414530","[{""tier"":1,""winners"":0,""prizeYen"":0},{""tier"":2,""winners"":4,""prizeYen"":23683300},{""tier"":3,""winners"":226,""prizeYen"":452600},{""tier"":4,""winners"":11606,""prizeYen"":9300},{""tier"":5,""winners"":199656,""prizeYen"":1000}]"
"loto6","1628","2021-10-11","1 3 10 12 26 42","13","","0","[{""tier"":1,""winners"":2,""prizeYen"":563845400},{""tier"":2,""winners"":8,""prizeYen"":11635700},{""tier"":3,""winners"":432,""prizeYen"":232700},{""tier"":4,""winners"":20482,""prizeYen"":5100},{""tier"":5,""winners"":297732,""prizeYen"":1000}]"
"loto6","1629","2021-10-14","19 23 30 31 32 40","13","","252051095","[{""tier"":1,""winners"":0,""prizeYen"":0},{""tier"":2,""winners"":7,""prizeYen"":10802500},{""tier"":3,""winners"":143,""prizeYen"":571000},{""tier"":4,""winners"":7879,""prizeYen"":10900},{""tier"":5,""winners"":142296,""prizeYen"":1000}]"
"loto6","1630","2021-10-18","10 11 24 33 34 36","42","","0","[{""tier"":1,""winners"":4,""prizeYen"":136548900},{""tier"":2,""winners"":5,""prizeYen"":17649200},{""tier"":3,""winners"":241,""prizeYen"":395400},{""tier"":4,""winners"":12433,""prizeYen"":8000},{""tier"":5,""winners"":209522,""prizeYen"":1000}]"
"loto6","1631","2021-10-21","7 15 23 26 30 35","36","","0","[{""tier"":1,""winners"":2,""prizeYen"":115123800},{""tier"":2,""winners"":5,""prizeYen"":13935300},{""tier"":3,""winners"":256,""prizeYen"":293900},{""tier"":4,""winners"":11377,""prizeYen"":6900},{""tier"":5,""winners"":179993,""prizeYen"":1000}]"
"loto6","1632","2021-10-25","1 9 24 28 31 41","2","","0","[{""tier"":1,""winners"":3,""prizeYen"":80875700},{""tier"":2,""winners"":8,""prizeYen"":9098800},{""tier"":3,""winners"":198,""prizeYen"":397000},{""tier"":4,""winners"":10176,""prizeYen"":8100},{""tier"":5,""winners"":172404,""prizeYen"":1000}]"
"loto6","1633","2021-10-28","3 7 9 26 35 36","28","","227231251","[{""tier"":1,""winners"":0,""prizeYen"":0},{""tier"":2,""winners"":5,""prizeYen"":13634300},{""tier"":3,""winners"":227,""prizeYen"":324300},{""tier"":4,""winners"":11250,""prizeYen"":6900},{""tier"":5,""winners"":188728,""prizeYen"":1000}]"
"loto6","1634","2021-11-01","18 19 20 23 29 35","17","","519489077","[{""tier"":1,""winners"":0,""prizeYen"":0},{""tier"":2,""winners"":5,""prizeYen"":17536000},{""tier"":3,""winners"":194,""prizeYen"":488100},{""tier"":4,""winners"":10330,""prizeYen"":9600},{""tier"":5,""winners"":183460,""prizeYen"":1000}]"
"loto6","1635","2021-11-04","4 8 19 32 36 43","30","","0","[{""tier"":1,""winners"":2,""prizeYen"":407945900},{""tier"":2,""winners"":8,""prizeYen"":11115400},{""tier"":3,""winners"":274,""prizeYen"":350400},{""tier"":4,""winners"":12950,""prizeYen"":7800},{""tier"":5,""winners"":209292,""prizeYen"":1000}]"
"loto6","1636","2021-11-08","1 12 24 26 30 36","29","","0","[{""tier"":1,""winners"":4,""prizeYen"":59738300},{""tier"":2,""winners"":8,""prizeYen"":8961000},{""tier"":3,""winners"":259,""prizeYen"":298900},{""tier"":4,""winners"":13857,""prizeYen"":5900},{""tier"":5,""winners"":194786,""prizeYen"":1000}]"
"loto6","1637","2021-11-11","2 3 11 16 27 36","29","","0","[{""tier"":1,""winners"":2,""prizeYen"":103420200},{""tier"":2,""winners"":10,""prizeYen"":6205400},{""tier"":3,""winners"":326,""prizeYen"":205500},{""tier"":4,""winners"":14495,""prizeYen"":4800},{""tier"":5,""winners"":220052,""prizeYen"":1000}]"
"loto6","1638","2021-11-15","21 25 26 35 39 40","18","","263064473","[{""tier"":1,""winners"":0,""prizeYen"":0},{""tier"":2,""winners"":5,""prizeYen"":15784300},{""tier"":3,""winners"":116,""prizeYen"":734700},{""tier"":4,""winners"":7532,""prizeYen"":11900},{""tier"":5,""winners"":140514,""prizeYen"":1000}]"
"loto6","1639","2021-11-18","5 9 13 20 26 32","28","","524812177","[{""tier"":1,""winners"":0,""prizeYen"":0},{""tier"":2,""winners"":15,""prizeYen"":5235100},{""tier"":3,""winners"":365,""prizeYen"":232300},{""tier"":4,""winners"":14117,""prizeYen"":6300},{""tier"":5,""winners"":211547,""prizeYen"":1000}]"
"loto6","1640","2021-11-22","8 9 19 21 27 30","17","","0","[{""tier"":1,""winners"":2,""prizeYen"":401018100},{""tier"":2,""winners"":10,""prizeYen"":8316900},{""tier"":3,""winners"":378,""prizeYen"":237600},{""tier"":4,""winners"":16800,""prizeYen"":5600},{""tier"":5,""winners"":254068,""prizeYen"":1000}]"
"loto6","1641","2021-11-25","2 5 7 12 16 20","33","","0","[{""tier"":1,""winners"":7,""prizeYen"":29018900},{""tier"":2,""winners"":3,""prizeYen"":20313900},{""tier"":3,""winners"":475,""prizeYen"":138500},{""tier"":4,""winners"":17450,""prizeYen"":3900},{""tier"":5,""winners"":230494,""prizeYen"":1000}]"
"loto6","1642","2021-11-29","5 15 16 24 34 39","13","","38749670","[{""tier"":1,""winners"":1,""prizeYen"":200000000},{""tier"":2,""winners"":5,""prizeYen"":14325400},{""tier"":3,""winners"":258,""prizeYen"":299800},{""tier"":4,""winners"":10761,""prizeYen"":7500},{""tier"":5,""winners"":172029,""prizeYen"":1000}]"
"loto6","1643","2021-12-02","10 11 12 15 16 40","33","","0","[{""tier"":1,""winners"":2,""prizeYen"":140904800},{""tier"":2,""winners"":6,""prizeYen"":12153300},{""tier"":3,""winners"":182,""prizeYen"":432600},{""tier"":4,""winners"":10892,""prizeYen"":7600},{""tier"":5,""winners"":184844,""prizeYen"":1000}]"
"loto6","1644","2021-12-06","1 9 14 28 32 40","15","","47978103","[{""tier"":1,""winners"":1,""prizeYen"":200000000},{""tier"":2,""winners"":4,""prizeYen"":18598900},{""tier"":3,""winners"":240,""prizeYen"":334700},{""tier"":4,""winners"":10030,""prizeYen"":8400},{""tier"":5,""winners"":162899,""prizeYen"":1000}]"
"loto6","1645","2021-12-09","2 8 13 14 33 40","6","","0","[{""tier"":1,""winners"":3,""prizeYen"":93784600},{""tier"":2,""winners"":7,""prizeYen"":10002100},{""tier"":3,""winners"":431,""prizeYen"":175400},{""tier"":4,""winners"":14167,""prizeYen"":5600},{""tier"":5,""winners"":191024,""prizeYen"":1000}]"
"loto6","1646","2021-12-13","3 19 21 29 39 43","25","","246698413","[{""tier"":1,""winners"":0,""prizeYen"":0},{""tier"":2,""winners"":2,""prizeYen"":37005900},{""tier"":3,""winners"":179,""prizeYen"":446500},{""tier"":4,""winners"":9827,""prizeYen"":8500},{""tier"":5,""winners"":165594,""prizeYen"":1000}]"
"loto6","1647","2021-12-16","3 8 14 15 19 35","12","","514883908","[{""tier"":1,""winners"":0,""prizeYen"":0},{""tier"":2,""winners"":10,""prizeYen"":8045800},{""tier"":3,""winners"":300,""prizeYen"":289600},{""tier"":4,""winners"":14999,""prizeYen"":6100},{""tier"":5,""winners"":229171,""prizeYen"":1000}]"
"loto6","1648","2021-12-20","2 3 22 26 35 42","38","","0","[{""tier"":1,""winners"":3,""prizeYen"":275607500},{""tier"":2,""winners"":7,""prizeYen"":13369200},{""tier"":3,""winners"":260,""prizeYen"":388700},{""tier"":4,""winners"":14628,""prizeYen"":7300},{""tier"":5,""winners"":244002,""prizeYen"":1000}]"
"loto6","1649","2021-12-23","8 16 19 23 29 41","1","","236315434","[{""tier"":1,""winners"":0,""prizeYen"":0},{""tier"":2,""winners"":5,""prizeYen"":14179300},{""tier"":3,""winners"":291,""prizeYen"":263100},{""tier"":4,""winners"":12649,""prizeYen"":6300},{""tier"":5,""winners"":194130,""prizeYen"":1000}]"
"loto6","1650","2021-12-27","1 3 15 33 39 43","30","","0","[{""tier"":1,""winners"":4,""prizeYen"":132929600},{""tier"":2,""winners"":5,""prizeYen"":17724700},{""tier"":3,""winners"":258,""prizeYen"":370900},{""tier"":4,""winners"":13849,""prizeYen"":7300},{""tier"":5,""winners"":221232,""prizeYen"":1000}]"
"loto6","1651","2021-12-30","7 12 15 21 27 32","28","","0","[{""tier"":1,""winners"":2,""prizeYen"":119491000},{""tier"":2,""winners"":6,""prizeYen"":11949400},{""tier"":3,""winners"":357,""prizeYen"":216800},{""tier"":4,""winners"":14745,""prizeYen"":5500},{""tier"":5,""winners"":216560,""prizeYen"":1000}]"
"loto6","1652","2022-01-06","8 15 16 23 38 43","2","","0","[{""tier"":1,""winners"":2,""prizeYen"":119844100},{""tier"":2,""winners"":8,""prizeYen"":8988600},{""tier"":3,""winners"":334,""prizeYen"":232500},{""tier"":4,""winners"":15134,""prizeYen"":5400},{""tier"":5,""winners"":198935,""prizeYen"":1000}]"
"loto6","1653","2022-01-10","2 7 10 12 29 36","6","","23285229","[{""tier"":1,""winners"":1,""prizeYen"":200000000},{""tier"":2,""winners"":8,""prizeYen"":8373400},{""tier"":3,""winners"":389,""prizeYen"":185900},{""tier"":4,""winners"":16118,""prizeYen"":4700},{""tier"":5,""winners"":227195,""prizeYen"":1000}]"
"loto6","1654","2022-01-13","9 10 14 21 22 33","26","","285849238","[{""tier"":1,""winners"":0,""prizeYen"":0},{""tier"":2,""winners"":4,""prizeYen"":19692900},{""tier"":3,""winners"":256,""prizeYen"":332300},{""tier"":4,""winners"":13504,""prizeYen"":6600},{""tier"":5,""winners"":208882,""prizeYen"":1000}]"
"loto6","1655","2022-01-17","21 23 31 38 42 43","40","","606988061","[{""tier"":1,""winners"":0,""prizeYen"":0},{""tier"":2,""winners"":5,""prizeYen"":19268900},{""tier"":3,""winners"":185,""prizeYen"":562400},{""tier"":4,""winners"":9924,""prizeYen"":11000},{""tier"":5,""winners"":180169,""prizeYen"":1000}]"
"loto6","1656","2022-01-20","11 12 14 28 36 38","37","","0","[{""tier"":1,""winners"":2,""prizeYen"":462303000},{""tier"":2,""winners"":5,""prizeYen"":19057700},{""tier"":3,""winners"":303,""prizeYen"":339600},{""tier"":4,""winners"":14723,""prizeYen"":7300},{""tier"":5,""winners"":240889,""prizeYen"":1000}]"
"loto6","1657","2022-01-24","11 13 16 19 20 38","25","","57866369","[{""tier"":1,""winners"":1,""prizeYen"":200000000},{""tier"":2,""winners"":7,""prizeYen"":11051700},{""tier"":3,""winners"":229,""prizeYen"":364800},{""tier"":4,""winners"":10017,""prizeYen"":8800},{""tier"":5,""winners"":168876,""prizeYen"":1000}]"
"loto6","1658","2022-01-27","10 11 19 29 30 36","37","","0","[{""tier"":1,""winners"":2,""prizeYen"":160290900},{""tier"":2,""winners"":11,""prizeYen"":7165200},{""tier"":3,""winners"":281,""prizeYen"":302900},{""tier"":4,""winners"":13573,""prizeYen"":6600},{""tier"":5,""winners"":210222,""prizeYen"":1000}]"
"loto6","1659","2022-01-31","4 10 23 25 37 42","6","","49073733","[{""tier"":1,""winners"":1,""prizeYen"":200000000},{""tier"":2,""winners"":15,""prizeYen"":4981600},{""tier"":3,""winners"":236,""prizeYen"":341900},{""tier"":4,""winners"":11924,""prizeYen"":7100},{""tier"":5,""winners"":189368,""prizeYen"":1000}]"
"loto6","1660","2022-02-03","3 13 29 35 42 43","15","","0","[{""tier"":1,""winners"":1,""prizeYen"":321050200},{""tier"":2,""winners"":5,""prizeYen"":16319100},{""tier"":3,""winners"":175,""prizeYen"":503500},{""tier"":4,""winners"":9686,""prizeYen"":9600},{""tier"":5,""winners"":170616,""prizeYen"":1000}]"
"loto6","1661","2022-02-07","6 14 31 35 38 43","12","","260015227","[{""tier"":1,""winners"":0,""prizeYen"":0},{""tier"":2,""winners"":7,""prizeYen"":11143800},{""tier"":3,""winners"":147,""prizeYen"":573000},{""tier"":4,""winners"":8470,""prizeYen"":10500},{""tier"":5,""winners"":152410,""prizeYen"":1000}]"
"loto6","1662","2022-02-10","4 17 18 25 26 27","32","","0","[{""tier"":1,""winners"":1,""prizeYen"":518825300},{""tier"":2,""winners"":7,""prizeYen"":11092200},{""tier"":3,""winners"":322,""prizeYen"":260400},{""tier"":4,""winners"":14880,""prizeYen"":5900},{""tier"":5,""winners"":223911,""prizeYen"":1000}]"
"loto6","1663","2022-02-14","1 6 19 21 27 39","3","","228097048","[{""tier"":1,""winners"":0,""prizeYen"":0},{""tier"":2,""winners"":3,""prizeYen"":22810400},{""tier"":3,""winners"":265,""prizeYen"":278800},{""tier"":4,""winners"":12383,""prizeYen"":6300},{""tier"":5,""winners"":190416,""prizeYen"":1000}]"
"loto6","1664","2022-02-17","7 10 17 20 21 27","15","","0","[{""tier"":1,""winners"":1,""prizeYen"":498086000},{""tier"":2,""winners"":11,""prizeYen"":7363500},{""tier"":3,""winners"":394,""prizeYen"":222000},{""tier"":4,""winners"":15377,""prizeYen"":6000},{""tier"":5,""winners"":230196,""prizeYen"":1000}]"
"loto6","1665","2022-02-21","19 22 24 29 34 41","9","","47590471","[{""tier"":1,""winners"":1,""prizeYen"":200000000},{""tier"":2,""winners"":5,""prizeYen"":14855900},{""tier"":3,""winners"":170,""prizeYen"":471800},{""tier"":4,""winners"":9511,""prizeYen"":8900},{""tier"":5,""winners"":160291,""prizeYen"":1000}]"
"loto6","1666","2022-02-24","14 16 26 37 41 43","31","","311283430","[{""tier"":1,""winners"":0,""prizeYen"":0},{""tier"":2,""winners"":3,""prizeYen"":26370100},{""tier"":3,""winners"":180,""prizeYen"":474600},{""tier"":4,""winners"":8781,""prizeYen"":10200},{""tier"":5,""winners"":154486,""prizeYen"":1000}]"
"loto6","1667","2022-02-28","5 8 18 25 40 43","17","","600583728","[{""tier"":1,""winners"":0,""prizeYen"":0},{""tier"":2,""winners"":9,""prizeYen"":9643600},{""tier"":3,""winners"":266,""prizeYen"":352300},{""tier"":4,""winners"":13878,""prizeYen"":7100},{""tier"":5,""winners"":224283,""prizeYen"":1000}]"
"loto6","1668","2022-03-03","5 16 21 24 31 34","29","","331915902","[{""tier"":1,""winners"":1,""prizeYen"":600000000},{""tier"":2,""winners"":7,""prizeYen"":14200400},{""tier"":3,""winners"":245,""prizeYen"":438100},{""tier"":4,""winners"":13351,""prizeYen"":8400},{""tier"":5,""winners"":225803,""prizeYen"":1000}]"
"loto6","1669","2022-03-07","2 4 13 14 22 29","26","","0","[{""tier"":1,""winners"":2,""prizeYen"":306391000},{""tier"":2,""winners"":2,""prizeYen"":42131200},{""tier"":3,""winners"":365,""prizeYen"":249300},{""tier"":4,""winners"":17300,""prizeYen"":5500},{""tier"":5,""winners"":254940,""prizeYen"":1000}]"
"loto6","1670","2022-03-10","1 16 20 23 32 37","18","","245483960","[{""tier"":1,""winners"":0,""prizeYen"":0},{""tier"":2,""winners"":7,""prizeYen"":10521000},{""tier"":3,""winners"":205,""prizeYen"":387900},{""tier"":4,""winners"":10177,""prizeYen"":8200},{""tier"":5,""winners"":168079,""prizeYen"":1000}]"
"loto6","1671","2022-03-14","16 27 37 38 39 43","10","","0","[{""tier"":1,""winners"":1,""prizeYen"":549305500},{""tier"":2,""winners"":5,""prizeYen"":18229800},{""tier"":3,""winners"":227,""prizeYen"":433600},{""tier"":4,""winners"":12215,""prizeYen"":8500},{""tier"":5,""winners"":198083,""prizeYen"":1000}]"
"loto6","1672","2022-03-17","6 17 22 27 37 42","34","","0","[{""tier"":1,""winners"":2,""prizeYen"":114360000},{""tier"":2,""winners"":3,""prizeYen"":22872700},{""tier"":3,""winners"":312,""prizeYen"":237500},{""tier"":4,""winners"":12599,""prizeYen"":6200},{""tier"":5,""winners"":190739,""prizeYen"":1000}]"
"loto6","1673","2022-03-21","24 33 35 36 41 43","21","","245050874","[{""tier"":1,""winners"":0,""prizeYen"":0},{""tier"":2,""winners"":2,""prizeYen"":36758800},{""tier"":3,""winners"":160,""prizeYen"":496200},{""tier"":4,""winners"":7928,""prizeYen"":10500},{""tier"":5,""winners"":139948,""prizeYen"":1000}]"
"loto6","1674","2022-03-24","14 19 25 29 33 43","31","","0","[{""tier"":1,""winners"":1,""prizeYen"":522554500},{""tier"":2,""winners"":5,""prizeYen"":16650700},{""tier"":3,""winners"":202,""prizeYen"":445100},{""tier"":4,""winners"":11443,""prizeYen"":8300},{""tier"":5,""winners"":189233,""prizeYen"":1000}]"
"loto6","1675","2022-03-28","2 3 17 27 28 34","6","","56467348","[{""tier"":1,""winners"":1,""prizeYen"":200000000},{""tier"":2,""winners"":5,""prizeYen"":15388500},{""tier"":3,""winners"":285,""prizeYen"":291500},{""tier"":4,""winners"":14311,""prizeYen"":6100},{""tier"":5,""winners"":225357,""prizeYen"":1000}]"
"loto6","1676","2022-03-31","5 13 21 27 31 36","11","","310308997","[{""tier"":1,""winners"":0,""prizeYen"":0},{""tier"":2,""winners"":6,""prizeYen"":12692400},{""tier"":3,""winners"":316,""prizeYen"":260200},{""tier"":4,""winners"":13050,""prizeYen"":6600},{""tier"":5,""winners"":196907,""prizeYen"":1000}]"
"loto6","1677","2022-04-04","11 20 26 31 34 38","32","","0","[{""tier"":1,""winners"":3,""prizeYen"":205631800},{""tier"":2,""winners"":6,""prizeYen"":15329800},{""tier"":3,""winners"":251,""prizeYen"":395700},{""tier"":4,""winners"":10701,""prizeYen"":9800},{""tier"":5,""winners"":185964,""prizeYen"":1000}]"
"loto6","1678","2022-04-07","3 15 17 21 22 23","13","","0","[{""tier"":1,""winners"":2,""prizeYen"":109880500},{""tier"":2,""winners"":6,""prizeYen"":10988400},{""tier"":3,""winners"":277,""prizeYen"":257000},{""tier"":4,""winners"":12978,""prizeYen"":5700},{""tier"":5,""winners"":200889,""prizeYen"":1000}]"
"loto6","1679","2022-04-11","10 12 13 21 31 41","27","","244518910","[{""tier"":1,""winners"":0,""prizeYen"":0},{""tier"":2,""winners"":3,""prizeYen"":24452600},{""tier"":3,""winners"":241,""prizeYen"":328700},{""tier"":4,""winners"":11038,""prizeYen"":7500},{""tier"":5,""winners"":177907,""prizeYen"":1000}]"
"loto6","1680","2022-04-14","4 19 29 32 35 42","25","","521914281","[{""tier"":1,""winners"":0,""prizeYen"":0},{""tier"":2,""winners"":4,""prizeYen"":20805300},{""tier"":3,""winners"":233,""prizeYen"":385700},{""tier"":4,""winners"":11332,""prizeYen"":8300},{""tier"":5,""winners"":188617,""prizeYen"":1000}]"
"loto6","1681","2022-04-18","1 7 11 13 15 42","33","","840491202","[{""tier"":1,""winners"":0,""prizeYen"":0},{""tier"":2,""winners"":5,""prizeYen"":19115200},{""tier"":3,""winners"":248,""prizeYen"":416200},{""tier"":4,""winners"":15630,""prizeYen"":6900},{""tier"":5,""winners"":261493,""prizeYen"":1000}]"
"loto6","1682","2022-04-21","6 9 10 21 33 41","14","","1179068911","[{""tier"":1,""winners"":0,""prizeYen"":0},{""tier"":2,""winners"":11,""prizeYen"":9234200},{""tier"":3,""winners"":373,""prizeYen"":294000},{""tier"":4,""winners"":17452,""prizeYen"":6600},{""tier"":5,""winners"":278571,""prizeYen"":1000}]"
"loto6","1683","2022-04-25","6 15 28 30 32 43","21","","0","[{""tier"":1,""winners"":3,""prizeYen"":526693900},{""tier"":2,""winners"":7,""prizeYen"":17186800},{""tier"":3,""winners"":350,""prizeYen"":371200},{""tier"":4,""winners"":16464,""prizeYen"":8300},{""tier"":5,""winners"":269939,""prizeYen"":1000}]"
"loto6","1684","2022-04-28","5 10 26 30 34 40","31","","52910000","[{""tier"":1,""winners"":1,""prizeYen"":200000000},{""tier"":2,""winners"":3,""prizeYen"":25291800},{""tier"":3,""winners"":196,""prizeYen"":418000},{""tier"":4,""winners"":9927,""prizeYen"":8700},{""tier"":5,""winners"":165841,""prizeYen"":1000}]"
"loto6","1685","2022-05-02","1 26 27 28 33 37","8","","0","[{""tier"":1,""winners"":1,""prizeYen"":332065800},{""tier"":2,""winners"":7,""prizeYen"":11964200},{""tier"":3,""winners"":154,""prizeYen"":587300},{""tier"":4,""winners"":9785,""prizeYen"":9700},{""tier"":5,""winners"":180626,""prizeYen"":1000}]"
"loto6","1686","2022-05-05","7 8 9 23 25 41","11","","0","[{""tier"":1,""winners"":2,""prizeYen"":102693600},{""tier"":2,""winners"":8,""prizeYen"":7702200},{""tier"":3,""winners"":229,""prizeYen"":290500},{""tier"":4,""winners"":11876,""prizeYen"":5900},{""tier"":5,""winners"":189112,""prizeYen"":1000}]"
"loto6","1687","2022-05-09","20 21 23 26 29 35","22","","256069713","[{""tier"":1,""winners"":0,""prizeYen"":0},{""tier"":2,""winners"":8,""prizeYen"":9602900},{""tier"":3,""winners"":195,""prizeYen"":425400},{""tier"":4,""winners"":8438,""prizeYen"":10200},{""tier"":5,""winners"":149755,""prizeYen"":1000}]"
"loto6","1688","2022-05-12","2 4 10 24 34 42","8","","0","[{""tier"":1,""winners"":3,""prizeYen"":173844600},{""tier"":2,""winners"":28,""prizeYen"":2844300},{""tier"":3,""winners"":393,""prizeYen"":218800},{""tier"":4,""winners"":15975,""prizeYen"":5600},{""tier"":5,""winners"":224888,""prizeYen"":1000}]"
"loto6","1689","2022-05-16","4 7 21 22 34 42","31","","0","[{""tier"":1,""winners"":5,""prizeYen"":48329100},{""tier"":2,""winners"":5,""prizeYen"":14499200},{""tier"":3,""winners"":261,""prizeYen"":299900},{""tier"":4,""winners"":11145,""prizeYen"":7400},{""tier"":5,""winners"":178764,""prizeYen"":1000}]"
"loto6","1690","2022-05-19","8 16 21 23 29 37","38","","0","[{""tier"":1,""winners"":3,""prizeYen"":72360700},{""tier"":2,""winners"":6,""prizeYen"":10854400},{""tier"":3,""winners"":382,""prizeYen"":184100},{""tier"":4,""winners"":13050,""prizeYen"":5600},{""tier"":5,""winners"":188138,""prizeYen"":1000}]"
"loto6","1691","2022-05-23","13 16 18 29 33 41","26","","242381810","[{""tier"":1,""winners"":0,""prizeYen"":0},{""tier"":2,""winners"":2,""prizeYen"":36358400},{""tier"":3,""winners"":234,""prizeYen"":335600},{""tier"":4,""winners"":9859,""prizeYen"":8400},{""tier"":5,""winners"":163684,""prizeYen"":1000}]"
"loto6","1692","2022-05-26","4 8 17 31 37 42","14","","0","[{""tier"":1,""winners"":1,""prizeYen"":520778600},{""tier"":2,""winners"":6,""prizeYen"":13920200},{""tier"":3,""winners"":298,""prizeYen"":302600},{""tier"":4,""winners"":13542,""prizeYen"":7000},{""tier"":5,""winners"":214202,""prizeYen"":1000}]"
"loto6","1693","2022-05-30","7 8 21 23 34 36","11","","27866964","[{""tier"":1,""winners"":1,""prizeYen"":200000000},{""tier"":2,""winners"":7,""prizeYen"":9766000},{""tier"":3,""winners"":336,""prizeYen"":219700},{""tier"":4,""winners"":13770,""prizeYen"":5600},{""tier"":5,""winners"":196104,""prizeYen"":1000}]"
"loto6","1694","2022-06-02","2 12 14 26 32 37","29","","0","[{""tier"":1,""winners"":1,""prizeYen"":267868300},{""tier"":2,""winners"":4,""prizeYen"":18000600},{""tier"":3,""winners"":290,""prizeYen"":268100},{""tier"":4,""winners"":13521,""prizeYen"":6000},{""tier"":5,""winners"":199197,""prizeYen"":1000}]"
"loto6","1695","2022-06-06","3 8 14 18 28 37","39","","16122806","[{""tier"":1,""winners"":1,""prizeYen"":200000000},{""tier"":2,""winners"":3,""prizeYen"":21612900},{""tier"":3,""winners"":311,""prizeYen"":225100},{""tier"":4,""winners"":14464,""prizeYen"":5100},{""tier"":5,""winners"":202022,""prizeYen"":1000}]"
"loto6","1696","2022-06-09","2 4 13 18 32 35","12","","255992308","[{""tier"":1,""winners"":0,""prizeYen"":0},{""tier"":2,""winners"":4,""prizeYen"":17990800},{""tier"":3,""winners"":214,""prizeYen"":363100},{""tier"":4,""winners"":10627,""prizeYen"":7700},{""tier"":5,""winners"":174749,""prizeYen"":1000}]"
"loto6","1697","2022-06-13","2 3 11 12 22 35","26","","0","[{""tier"":1,""winners"":1,""prizeYen"":516523200},{""tier"":2,""winners"":16,""prizeYen"":4885100},{""tier"":3,""winners"":416,""prizeYen"":202900},{""tier"":4,""winners"":19347,""prizeYen"":4600},{""tier"":5,""winners"":267267,""prizeYen"":1000}]"
"loto6","1698","2022-06-16","6 16 18 33 42 43","11","","235526810","[{""tier"":1,""winners"":0,""prizeYen"":0},{""tier"":2,""winners"":6,""prizeYen"":11776700},{""tier"":3,""winners"":189,""prizeYen"":403700},{""tier"":4,""winners"":10027,""prizeYen"":8000},{""tier"":5,""winners"":161958,""prizeYen"":1000}]"
"loto6","1699","2022-06-20","4 6 16 27 39 42","1","","0","[{""tier"":1,""winners"":1,""prizeYen"":507202600},{""tier"":2,""winners"":10,""prizeYen"":8150500},{""tier"":3,""winners"":347,""prizeYen"":253600},{""tier"":4,""winners"":15571,""prizeYen"":5900},{""tier"":5,""winners"":235257,""prizeYen"":1000}]"
"loto6","1700","2022-06-23","11 19 20 27 31 35","6","","237776885","[{""tier"":1,""winners"":0,""prizeYen"":0},{""tier"":2,""winners"":5,""prizeYen"":14267000},{""tier"":3,""winners"":184,""prizeYen"":418600},{""tier"":4,""winners"":9726,""prizeYen"":8300},{""tier"":5,""winners"":158718,""prizeYen"":1000}]"
"loto6","1701","2022-06-27","5 8 27 30 33 39","10","","0","[{""tier"":1,""winners"":3,""prizeYen"":168435800},{""tier"":2,""winners"":10,""prizeYen"":8026100},{""tier"":3,""winners"":278,""prizeYen"":311700},{""tier"":4,""winners"":13957,""prizeYen"":6500},{""tier"":5,""winners"":219062,""prizeYen"":1000}]"
"loto6","1702","2022-06-30","2 6 7 18 27 38","14","","0","[{""tier"":1,""winners"":1,""prizeYen"":198347600},{""tier"":2,""winners"":11,""prizeYen"":5409600},{""tier"":3,""winners"":330,""prizeYen"":194700},{""tier"":4,""winners"":15967,""prizeYen"":4200},{""tier"":5,""winners"":220299,""prizeYen"":1000}]"
"loto6","1703","2022-07-04","14 22 23 30 33 38","18","","46576051","[{""tier"":1,""winners"":1,""prizeYen"":200000000},{""tier"":2,""winners"":7,""prizeYen"":10567800},{""tier"":3,""winners"":194,""prizeYen"":411800},{""tier"":4,""winners"":8986,""prizeYen"":9300},{""tier"":5,""winners"":151198,""prizeYen"":1000}]"
"loto6","1704","2022-07-07","1 5 18 26 39 40","31","","292451884","[{""tier"":1,""winners"":0,""prizeYen"":0},{""tier"":2,""winners"":11,""prizeYen"":6705900},{""tier"":3,""winners"":261,""prizeYen"":305200},{""tier"":4,""winners"":10994,""prizeYen"":7600},{""tier"":5,""winners"":172175,""prizeYen"":1000}]"
"loto6","1705","2022-07-11","3 6 9 28 37 41","5","","0","[{""tier"":1,""winners"":2,""prizeYen"":272161500},{""tier"":2,""winners"":6,""prizeYen"":12593900},{""tier"":3,""winners"":365,""prizeYen"":223500},{""tier"":4,""winners"":15628,""prizeYen"":5500},{""tier"":5,""winners"":236791,""prizeYen"":1000}]"
"loto6","1706","2022-07-14","13 15 32 35 37 38","25","","227711765","[{""tier"":1,""winners"":0,""prizeYen"":0},{""tier"":2,""winners"":3,""prizeYen"":22771900},{""tier"":3,""winners"":148,""prizeYen"":498500},{""tier"":4,""winners"":8095,""prizeYen"":9600},{""tier"":5,""winners"":136595,""prizeYen"":1000}]"
"loto6","1707","2022-07-18","14 16 28 34 35 36","26","","0","[{""tier"":1,""winners"":1,""prizeYen"":489691600},{""tier"":2,""winners"":9,""prizeYen"":8732900},{""tier"":3,""winners"":284,""prizeYen"":298800},{""tier"":4,""winners"":10901,""prizeYen"":8200},{""tier"":5,""winners"":172327,""prizeYen"":1000}]"
"loto6","1708","2022-07-21","1 20 29 35 40 41","16","","241800268","[{""tier"":1,""winners"":0,""prizeYen"":0},{""tier"":2,""winners"":1,""prizeYen"":72542400},{""tier"":3,""winners"":119,""prizeYen"":658300},{""tier"":4,""winners"":6683,""prizeYen"":12300},{""tier"":5,""winners"":117225,""prizeYen"":1000}]"
"loto6","1709","2022-07-25","3 4 7 20 22 41","5","","0","[{""tier"":1,""winners"":1,""prizeYen"":496248600},{""tier"":2,""winners"":6,""prizeYen"":12722800},{""tier"":3,""winners"":339,""prizeYen"":243100},{""tier"":4,""winners"":14145,""prizeYen"":6100},{""tier"":5,""winners"":214848,""prizeYen"":1000}]"
"loto6","1710","2022-07-28","1 2 21 27 32 37","14","","216230165","[{""tier"":1,""winners"":0,""prizeYen"":0},{""tier"":2,""winners"":11,""prizeYen"":5897300},{""tier"":3,""winners"":152,""prizeYen"":460900},{""tier"":4,""winners"":9877,""prizeYen"":7400},{""tier"":5,""winners"":165872,""prizeYen"":1000}]"
"loto6","1711","2022-08-01","3 32 33 34 35 40","5","","505198420","[{""tier"":1,""winners"":0,""prizeYen"":0},{""tier"":2,""winners"":2,""prizeYen"":43346600},{""tier"":3,""winners"":148,""prizeYen"":632600},{""tier"":4,""winners"":8686,""prizeYen"":11300},{""tier"":5,""winners"":150390,""prizeYen"":1000}]"
"loto6","1712","2022-08-04","1 5 15 24 25 28","14","","765874905","[{""tier"":1,""winners"":0,""prizeYen"":0},{""tier"":2,""winners"":10,""prizeYen"":7820500},{""tier"":3,""winners"":345,""prizeYen"":244800},{""tier"":4,""winners"":15785,""prizeYen"":5600},{""tier"":5,""winners"":235178,""prizeYen"":1000}]"
"loto6","1713","2022-08-08","6 32 38 39 40 42","37","","1089824702","[{""tier"":1,""winners"":0,""prizeYen"":0},{""tier"":2,""winners"":9,""prizeYen"":10798600},{""tier"":3,""winners"":180,""prizeYen"":583100},{""tier"":4,""winners"":11550,""prizeYen"":9600},{""tier"":5,""winners"":186956,""prizeYen"":1000}]"
"loto6","1714","2022-08-11","11 15 20 26 33 42","16","","1398751276","[{""tier"":1,""winners"":0,""prizeYen"":0},{""tier"":2,""winners"":7,""prizeYen"":13240100},{""tier"":3,""winners"":279,""prizeYen"":358700},{""tier"":4,""winners"":12313,""prizeYen"":8500},{""tier"":5,""winners"":205132,""prizeYen"":1000}]"
"loto6","1715","2022-08-15","2 6 15 16 32 37","25","","0","[{""tier"":1,""winners"":5,""prizeYen"":340516100},{""tier"":2,""winners"":12,""prizeYen"":7595900},{""tier"":3,""winners"":574,""prizeYen"":171400},{""tier"":4,""winners"":21046,""prizeYen"":4900},{""tier"":5,""winners"":286778,""prizeYen"":1000}]"
"loto6","1716","2022-08-18","2 26 27 32 38 42","9","","225178871","[{""tier"":1,""winners"":0,""prizeYen"":0},{""tier"":2,""winners"":5,""prizeYen"":13511100},{""tier"":3,""winners"":265,""prizeYen"":275300},{""tier"":4,""winners"":11403,""prizeYen"":6700},{""tier"":5,""winners"":174199,""prizeYen"":1000}]"
"loto6","1717","2022-08-22","15 21 23 24 33 36","40","","0","[{""tier"":1,""winners"":1,""prizeYen"":505268900},{""tier"":2,""winners"":9,""prizeYen"":9336600},{""tier"":3,""winners"":215,""prizeYen"":422000},{""tier"":4,""winners"":12251,""prizeYen"":7800},{""tier"":5,""winners"":202259,""prizeYen"":1000}]"
"loto6","1718","2022-08-25","1 6 9 15 18 38","10","","215678318","[{""tier"":1,""winners"":0,""prizeYen"":0},{""tier"":2,""winners"":6,""prizeYen"":10784200},{""tier"":3,""winners"":214,""prizeYen"":326500},{""tier"":4,""winners"":13129,""prizeYen"":5600},{""tier"":5,""winners"":202935,""prizeYen"":1000}]"
"loto6","1719","2022-08-29","4 11 15 16 35 39","36","","0","[{""tier"":1,""winners"":3,""prizeYen"":163593600},{""tier"":2,""winners"":6,""prizeYen"":13755500},{""tier"":3,""winners"":235,""prizeYen"":379200},{""tier"":4,""winners"":13216,""prizeYen"":7100},{""tier"":5,""winners"":220615,""prizeYen"":1000}]"
"loto6","1720","2022-09-01","1 5 18 25 32 38","20","","0","[{""tier"":1,""winners"":2,""prizeYen"":112190500},{""tier"":2,""winners"":7,""prizeYen"":9616600},{""tier"":3,""winners"":347,""prizeYen"":209500},{""tier"":4,""winners"":12497,""prizeYen"":6100},{""tier"":5,""winners"":182995,""prizeYen"":1000}]"
"loto6","1721","2022-09-05","7 8 14 17 22 39","30","","0","[{""tier"":1,""winners"":4,""prizeYen"":56371800},{""tier"":2,""winners"":5,""prizeYen"":13529600},{""tier"":3,""winners"":306,""prizeYen"":238700},{""tier"":4,""winners"":14160,""prizeYen"":5400},{""tier"":5,""winners"":209185,""prizeYen"":1000}]"
"loto6","1722","2022-09-08","2 5 30 33 36 42","28","","0","[{""tier"":1,""winners"":2,""prizeYen"":117408500},{""tier"":2,""winners"":3,""prizeYen"":23482400},{""tier"":3,""winners"":141,""prizeYen"":539500},{""tier"":4,""winners"":8419,""prizeYen"":9500},{""tier"":5,""winners"":148633,""prizeYen"":1000}]"
"loto6","1723","2022-09-12","6 10 15 16 30 38","26","","224760293","[{""tier"":1,""winners"":0,""prizeYen"":0},{""tier"":2,""winners"":10,""prizeYen"":6743000},{""tier"":3,""winners"":282,""prizeYen"":258200},{""tier"":4,""winners"":14304,""prizeYen"":5300},{""tier"":5,""winners"":208888,""prizeYen"":1000}]"
"loto6","1724","2022-09-15","6 9 24 26 33 37","16","","0","[{""tier"":1,""winners"":2,""prizeYen"":237946800},{""tier"":2,""winners"":6,""prizeYen"":12557000},{""tier"":3,""winners"":283,""prizeYen"":287500},{""tier"":4,""winners"":14027,""prizeYen"":6100},{""tier"":5,""winners"":226283,""prizeYen"":1000}]"
"loto6","1725","2022-09-19","2 10 16 17 20 28","1","","7084941","[{""tier"":1,""winners"":1,""prizeYen"":200000000},{""tier"":2,""winners"":10,""prizeYen"":6212700},{""tier"":3,""winners"":257,""prizeYen"":261000},{""tier"":4,""winners"":11045,""prizeYen"":6400},{""tier"":5,""winners"":171906,""prizeYen"":1000}]"
"loto6","1726","2022-09-22","9 14 16 21 27 43","26","","245150001","[{""tier"":1,""winners"":0,""prizeYen"":0},{""tier"":2,""winners"":4,""prizeYen"":17855400},{""tier"":3,""winners"":247,""prizeYen"":312200},{""tier"":4,""winners"":11534,""prizeYen"":7000},{""tier"":5,""winners"":178543,""prizeYen"":1000}]"
"loto6","1727","2022-09-26","3 13 16 22 33 42","15","","0","[{""tier"":1,""winners"":2,""prizeYen"":254648900},{""tier"":2,""winners"":8,""prizeYen"":9905800},{""tier"":3,""winners"":299,""prizeYen"":286200},{""tier"":4,""winners"":14002,""prizeYen"":6400},{""tier"":5,""winners"":217491,""prizeYen"":1000}]"
"loto6","1728","2022-09-29","4 8 14 18 26 38","3","","0","[{""tier"":1,""winners"":2,""prizeYen"":106579500},{""tier"":2,""winners"":10,""prizeYen"":6394900},{""tier"":3,""winners"":379,""prizeYen"":182200},{""tier"":4,""winners"":14880,""prizeYen"":4900},{""tier"":5,""winners"":201879,""prizeYen"":1000}]"
"loto6","1729","2022-10-03","11 15 24 25 28 31","9","","225468042","[{""tier"":1,""winners"":0,""prizeYen"":0},{""tier"":2,""winners"":7,""prizeYen"":9663200},{""tier"":3,""winners"":238,""prizeYen"":306900},{""tier"":4,""winners"":12410,""prizeYen"":6200},{""tier"":5,""winners"":190327,""prizeYen"":1000}]"
"loto6","1730","2022-10-06","4 8 16 21 22 26","23","","0","[{""tier"":1,""winners"":2,""prizeYen"":231356100},{""tier"":2,""winners"":7,""prizeYen"":10167900},{""tier"":3,""winners"":333,""prizeYen"":230800},{""tier"":4,""winners"":15681,""prizeYen"":5100},{""tier"":5,""winners"":231967,""prizeYen"":1000}]"
"loto6","1731","2022-10-10","3 7 19 21 32 35","6","","0","[{""tier"":1,""winners"":3,""prizeYen"":71117500},{""tier"":2,""winners"":8,""prizeYen"":8000900},{""tier"":3,""winners"":287,""prizeYen"":240800},{""tier"":4,""winners"":12152,""prizeYen"":6000},{""tier"":5,""winners"":179159,""prizeYen"":1000}]"
"loto6","1732","2022-10-13","3 18 19 34 38 42","14","","228477301","[{""tier"":1,""winners"":0,""prizeYen"":0},{""tier"":2,""winners"":8,""prizeYen"":8568100},{""tier"":3,""winners"":304,""prizeYen"":243500},{""tier"":4,""winners"":9264,""prizeYen"":8400},{""tier"":5,""winners"":149547,""prizeYen"":1000}]"
"loto6","1733","2022-10-17","22 24 25 27 29 39","7","","0","[{""tier"":1,""winners"":1,""prizeYen"":516755500},{""tier"":2,""winners"":5,""prizeYen"":17297200},{""tier"":3,""winners"":217,""prizeYen"":430400},{""tier"":4,""winners"":10142,""prizeYen"":9700},{""tier"":5,""winners"":180344,""prizeYen"":1000}]"
"loto6","1734","2022-10-20","5 6 11 19 28 35","42","","0","[{""tier"":1,""winners"":2,""prizeYen"":103129400},{""tier"":2,""winners"":11,""prizeYen"":5625400},{""tier"":3,""winners"":371,""prizeYen"":180100},{""tier"":4,""winners"":14867,""prizeYen"":4700},{""tier"":5,""winners"":209076,""prizeYen"":1000}]"
"loto6","1735","2022-10-24","1 21 24 33 40 41","12","","246009338","[{""tier"":1,""winners"":0,""prizeYen"":0},{""tier"":2,""winners"":6,""prizeYen"":12300800},{""tier"":3,""winners"":158,""prizeYen"":504400},{""tier"":4,""winners"":9053,""prizeYen"":9300},{""tier"":5,""winners"":149442,""prizeYen"":1000}]"
"loto6","1736","2022-10-27","6 9 25 26 27 32","11","","0","[{""tier"":1,""winners"":4,""prizeYen"":123702000},{""tier"":2,""winners"":14,""prizeYen"":5331500},{""tier"":3,""winners"":306,""prizeYen"":263400},{""tier"":4,""winners"":14522,""prizeYen"":5800},{""tier"":5,""winners"":223540,""prizeYen"":1000}]"
"loto6","1737","2022-10-31","12 14 22 24 29 33","3","","228993138","[{""tier"":1,""winners"":0,""prizeYen"":0},{""tier"":2,""winners"":12,""prizeYen"":5725000},{""tier"":3,""winners"":236,""prizeYen"":314300},{""tier"":4,""winners"":10954,""prizeYen"":7100},{""tier"":5,""winners"":181503,""prizeYen"":1000}]"
"loto6","1738","2022-11-03","7 12 20 31 33 43","14","","0","[{""tier"":1,""winners"":3,""prizeYen"":168079300},{""tier"":2,""winners"":5,""prizeYen"":16515200},{""tier"":3,""winners"":199,""prizeYen"":448100},{""tier"":4,""winners"":10832,""prizeYen"":8600},{""tier"":5,""winners"":181251,""prizeYen"":1000}]"
"loto6","1739","2022-11-07","1 7 12 36 37 39","41","","45299092","[{""tier"":1,""winners"":1,""prizeYen"":200000000},{""tier"":2,""winners"":11,""prizeYen"":6690100},{""tier"":3,""winners"":164,""prizeYen"":484600},{""tier"":4,""winners"":9844,""prizeYen"":8500},{""tier"":5,""winners"":173012,""prizeYen"":1000}]"
"loto6","1740","2022-11-10","14 21 24 27 31 38","5","","290024789","[{""tier"":1,""winners"":0,""prizeYen"":0},{""tier"":2,""winners"":5,""prizeYen"":14684000},{""tier"":3,""winners"":210,""prizeYen"":377500},{""tier"":4,""winners"":10768,""prizeYen"":7700},{""tier"":5,""winners"":180850,""prizeYen"":1000}]"
"loto6","1741","2022-11-14","4 14 17 19 22 42","6","","0","[{""tier"":1,""winners"":2,""prizeYen"":282134100},{""tier"":2,""winners"":12,""prizeYen"":6856300},{""tier"":3,""winners"":250,""prizeYen"":355400},{""tier"":4,""winners"":13897,""prizeYen"":6700},{""tier"":5,""winners"":219304,""prizeYen"":1000}]"
"loto6","1742","2022-11-17","16 20 22 29 33 40","25","","242964451","[{""tier"":1,""winners"":0,""prizeYen"":0},{""tier"":2,""winners"":4,""prizeYen"":18222900},{""tier"":3,""winners"":177,""prizeYen"":444700},{""tier"":4,""winners"":8623,""prizeYen"":9600},{""tier"":5,""winners"":143246,""prizeYen"":1000}]"
"loto6","1743","2022-11-21","3 17 18 19 20 42","9","","0","[{""tier"":1,""winners"":1,""prizeYen"":525681400},{""tier"":2,""winners"":7,""prizeYen"":12116800},{""tier"":3,""winners"":252,""prizeYen"":363400},{""tier"":4,""winners"":11987,""prizeYen"":8000},{""tier"":5,""winners"":194416,""prizeYen"":1000}]"
"loto6","1744","2022-11-24","1 8 21 25 26 35","20","","217695740","[{""tier"":1,""winners"":0,""prizeYen"":0},{""tier"":2,""winners"":9,""prizeYen"":7256700},{""tier"":3,""winners"":168,""prizeYen"":419800},{""tier"":4,""winners"":10207,""prizeYen"":7300},{""tier"":5,""winners"":171976,""prizeYen"":1000}]"
"loto6","1745","2022-11-28","7 9 10 21 39 40","32","","492325906","[{""tier"":1,""winners"":0,""prizeYen"":0},{""tier"":2,""winners"":5,""prizeYen"":16478300},{""tier"":3,""winners"":273,""prizeYen"":325900},{""tier"":4,""winners"":12451,""prizeYen"":7500},{""tier"":5,""winners"":202287,""prizeYen"":1000}]"
"loto6","1746","2022-12-01","3 11 14 22 27 32","31","","760000989","[{""tier"":1,""winners"":0,""prizeYen"":0},{""tier"":2,""winners"":9,""prizeYen"":8922700},{""tier"":3,""winners"":393,""prizeYen"":220600},{""tier"":4,""winners"":17779,""prizeYen"":5100},{""tier"":5,""winners"":266501,""prizeYen"":1000}]"
"loto6","1747","2022-12-05","1 9 11 14 15 40","32","","1080044049","[{""tier"":1,""winners"":0,""prizeYen"":0},{""tier"":2,""winners"":7,""prizeYen"":13716500},{""tier"":3,""winners"":326,""prizeYen"":318000},{""tier"":4,""winners"":14944,""prizeYen"":7300},{""tier"":5,""winners"":241368,""prizeYen"":1000}]"
"loto6","1748","2022-12-08","8 11 23 28 36 39","6","","202218000","[{""tier"":1,""winners"":2,""prizeYen"":600000000},{""tier"":2,""winners"":17,""prizeYen"":5685600},{""tier"":3,""winners"":435,""prizeYen"":239900},{""tier"":4,""winners"":19062,""prizeYen"":5700},{""tier"":5,""winners"":280635,""prizeYen"":1000}]"
"loto6","1749","2022-12-12","1 4 13 17 31 34","18","","0","[{""tier"":1,""winners"":1,""prizeYen"":496122900},{""tier"":2,""winners"":7,""prizeYen"":12596300},{""tier"":3,""winners"":277,""prizeYen"":343700},{""tier"":4,""winners"":12676,""prizeYen"":7900},{""tier"":5,""winners"":208574,""prizeYen"":1000}]"
"loto6","1750","2022-12-15","3 15 18 21 34 40","1","","41084530","[{""tier"":1,""winners"":1,""prizeYen"":200000000},{""tier"":2,""winners"":6,""prizeYen"":12054600},{""tier"":3,""winners"":242,""prizeYen"":322700},{""tier"":4,""winners"":10233,""prizeYen"":8000},{""tier"":5,""winners"":162161,""prizeYen"":1000}]"
"loto6","1751","2022-12-19","1 12 21 24 29 42","32","","0","[{""tier"":1,""winners"":2,""prizeYen"":145793100},{""tier"":2,""winners"":6,""prizeYen"":12525500},{""tier"":3,""winners"":264,""prizeYen"":307400},{""tier"":4,""winners"":13184,""prizeYen"":6500},{""tier"":5,""winners"":208091,""prizeYen"":1000}]"
"loto6","1752","2022-12-22","2 5 15 20 22 36","8","","223452511","[{""tier"":1,""winners"":0,""prizeYen"":0},{""tier"":2,""winners"":8,""prizeYen"":8379700},{""tier"":3,""winners"":277,""prizeYen"":261300},{""tier"":4,""winners"":12088,""prizeYen"":6300},{""tier"":5,""winners"":190890,""prizeYen"":1000}]"
"loto6","1753","2022-12-26","1 2 4 9 22 25","38","","0","[{""tier"":1,""winners"":4,""prizeYen"":120198100},{""tier"":2,""winners"":7,""prizeYen"":11029200},{""tier"":3,""winners"":548,""prizeYen"":152100},{""tier"":4,""winners"":21289,""prizeYen"":4100},{""tier"":5,""winners"":281829,""prizeYen"":1000}]"
"loto6","1754","2022-12-29","3 6 7 19 35 39","21","","226358966","[{""tier"":1,""winners"":0,""prizeYen"":0},{""tier"":2,""winners"":15,""prizeYen"":4527300},{""tier"":3,""winners"":277,""prizeYen"":264700},{""tier"":4,""winners"":14117,""prizeYen"":5400},{""tier"":5,""winners"":215037,""prizeYen"":1000}]"
"loto6","1755","2023-01-05","4 11 13 26 27 36","15","","0","[{""tier"":1,""winners"":1,""prizeYen"":492706600},{""tier"":2,""winners"":7,""prizeYen"":11415200},{""tier"":3,""winners"":321,""prizeYen"":268800},{""tier"":4,""winners"":15302,""prizeYen"":5900},{""tier"":5,""winners"":232237,""prizeYen"":1000}]"
"loto6","1756","2023-01-09","19 25 29 36 37 41","2","","0","[{""tier"":1,""winners"":3,""prizeYen"":90288300},{""tier"":2,""winners"":8,""prizeYen"":10157700},{""tier"":3,""winners"":186,""prizeYen"":471800},{""tier"":4,""winners"":8873,""prizeYen"":10400},{""tier"":5,""winners"":154982,""prizeYen"":1000}]"
"loto6","1757","2023-01-12","6 12 15 35 36 39","42","","30940310","[{""tier"":1,""winners"":1,""prizeYen"":200000000},{""tier"":2,""winners"":2,""prizeYen"":34642100},{""tier"":3,""winners"":212,""prizeYen"":352900},{""tier"":4,""winners"":11043,""prizeYen"":7100},{""tier"":5,""winners"":177093,""prizeYen"":1000}]"
"loto6","1758","2023-01-16","7 14 28 32 42 43","17","","0","[{""tier"":1,""winners"":2,""prizeYen"":143786400},{""tier"":2,""winners"":9,""prizeYen"":8554700},{""tier"":3,""winners"":270,""prizeYen"":307900},{""tier"":4,""winners"":12191,""prizeYen"":7200},{""tier"":5,""winners"":175124,""prizeYen"":1000}]"
"loto6","1759","2023-01-19","1 10 25 27 28 33","15","","222368506","[{""tier"":1,""winners"":0,""prizeYen"":0},{""tier"":2,""winners"":9,""prizeYen"":7412500},{""tier"":3,""winners"":192,""prizeYen"":375200},{""tier"":4,""winners"":10474,""prizeYen"":7200},{""tier"":5,""winners"":175779,""prizeYen"":1000}]"
"loto6","1760","2023-01-23","8 14 18 38 39 42","30","","498062325","[{""tier"":1,""winners"":0,""prizeYen"":0},{""tier"":2,""winners"":4,""prizeYen"":20677700},{""tier"":3,""winners"":266,""prizeYen"":335800},{""tier"":4,""winners"":12546,""prizeYen"":7500},{""tier"":5,""winners"":198360,""prizeYen"":1000}]"
"loto6","1761","2023-01-26","5 7 13 21 23 30","42","","155247670","[{""tier"":1,""winners"":1,""prizeYen"":600000000},{""tier"":2,""winners"":8,""prizeYen"":9644700},{""tier"":3,""winners"":317,""prizeYen"":262800},{""tier"":4,""winners"":15702,""prizeYen"":5600},{""tier"":5,""winners"":234463,""prizeYen"":1000}]"
"loto6","1762","2023-01-30","1 6 7 20 37 40","10","","0","[{""tier"":1,""winners"":2,""prizeYen"":211296300},{""tier"":2,""winners"":10,""prizeYen"":8020600},{""tier"":3,""winners"":223,""prizeYen"":388400},{""tier"":4,""winners"":11560,""prizeYen"":7900},{""tier"":5,""winners"":191530,""prizeYen"":1000}]"
"loto6","1763","2023-02-02","2 6 20 30 31 41","11","","236001349","[{""tier"":1,""winners"":0,""prizeYen"":0},{""tier"":2,""winners"":6,""prizeYen"":11800400},{""tier"":3,""winners"":206,""prizeYen"":371100},{""tier"":4,""winners"":9616,""prizeYen"":8400},{""tier"":5,""winners"":160293,""prizeYen"":1000}]"
"loto6","1764","2023-02-06","16 21 26 31 39 42","41","","523127255","[{""tier"":1,""winners"":0,""prizeYen"":0},{""tier"":2,""winners"":6,""prizeYen"":14356700},{""tier"":3,""winners"":177,""prizeYen"":525500},{""tier"":4,""winners"":10495,""prizeYen"":9300},{""tier"":5,""winners"":183634,""prizeYen"":1000}]"
"loto6","1765","2023-02-09","1 10 15 19 20 32","6","","809588526","[{""tier"":1,""winners"":0,""prizeYen"":0},{""tier"":2,""winners"":8,""prizeYen"":10742600},{""tier"":3,""winners"":265,""prizeYen"":350200},{""tier"":4,""winners"":12807,""prizeYen"":7600},{""tier"":5,""winners"":212878,""prizeYen"":1000}]"
"loto6","1766","2023-02-13","16 19 25 26 35 43","38","","539361496","[{""tier"":1,""winners"":1,""prizeYen"":600000000},{""tier"":2,""winners"":5,""prizeYen"":19787000},{""tier"":3,""winners"":241,""prizeYen"":443300},{""tier"":4,""winners"":12399,""prizeYen"":9100},{""tier"":5,""winners"":201471,""prizeYen"":1000}]"
"loto6","1767","2023-02-16","7 15 17 21 32 35","43","","0","[{""tier"":1,""winners"":2,""prizeYen"":411168200},{""tier"":2,""winners"":5,""prizeYen"":16979000},{""tier"":3,""winners"":328,""prizeYen"":279500},{""tier"":4,""winners"":14379,""prizeYen"":6700},{""tier"":5,""winners"":223026,""prizeYen"":1000}]"
"loto6","1768","2023-02-20","6 21 30 32 39 40","34","","253456544","[{""tier"":1,""winners"":0,""prizeYen"":0},{""tier"":2,""winners"":3,""prizeYen"":25346400},{""tier"":3,""winners"":164,""prizeYen"":500700},{""tier"":4,""winners"":8552,""prizeYen"":10100},{""tier"":5,""winners"":150881,""prizeYen"":1000}]"
"loto6","1769","2023-02-23","4 11 15 19 28 32","34","","500442562","[{""tier"":1,""winners"":0,""prizeYen"":0},{""tier"":2,""winners"":7,""prizeYen"":10585400},{""tier"":3,""winners"":302,""prizeYen"":264900},{""tier"":4,""winners"":14387,""prizeYen"":5800},{""tier"":5,""winners"":217004,""prizeYen"":1000}]"
"loto6","1770","2023-02-27","1 11 18 24 37 43","28","","0","[{""tier"":1,""winners"":2,""prizeYen"":398402400},{""tier"":2,""winners"":9,""prizeYen"":9879000},{""tier"":3,""winners"":339,""prizeYen"":283200},{""tier"":4,""winners"":14554,""prizeYen"":6900},{""tier"":5,""winners"":225402,""prizeYen"":1000}]"
"loto6","1771","2023-03-02","3 6 12 16 31 42","40","","15485862","[{""tier"":1,""winners"":1,""prizeYen"":200000000},{""tier"":2,""winners"":8,""prizeYen"":8080900},{""tier"":3,""winners"":276,""prizeYen"":252900},{""tier"":4,""winners"":13180,""prizeYen"":5500},{""tier"":5,""winners"":205337,""prizeYen"":1000}]"
"loto6","1772","2023-03-06","5 21 22 30 32 36","16","","267706152","[{""tier"":1,""winners"":0,""prizeYen"":0},{""tier"":2,""winners"":9,""prizeYen"":8407600},{""tier"":3,""winners"":185,""prizeYen"":441700},{""tier"":4,""winners"":9844,""prizeYen"":8700},{""tier"":5,""winners"":174141,""prizeYen"":1000}]"
"loto6","1773","2023-03-09","12 21 22 27 31 32","20","","535087487","[{""tier"":1,""winners"":0,""prizeYen"":0},{""tier"":2,""winners"":2,""prizeYen"":40108500},{""tier"":3,""winners"":286,""prizeYen"":302900},{""tier"":4,""winners"":11383,""prizeYen"":8000},{""tier"":5,""winners"":196004,""prizeYen"":1000}]"
"loto6","1774","2023-03-13","17 18 26 30 36 40","3","","844604763","[{""tier"":1,""winners"":0,""prizeYen"":0},{""tier"":2,""winners"":11,""prizeYen"":8441600},{""tier"":3,""winners"":184,""prizeYen"":545000},{""tier"":4,""winners"":10167,""prizeYen"":10400},{""tier"":5,""winners"":174847,""prizeYen"":1000}]"
"loto6","1775","2023-03-16","4 5 9 26 27 29","43","","523302617","[{""tier"":1,""winners"":1,""prizeYen"":600000000},{""tier"":2,""winners"":5,""prizeYen"":16722400},{""tier"":3,""winners"":424,""prizeYen"":212900},{""tier"":4,""winners"":17819,""prizeYen"":5300},{""tier"":5,""winners"":267111,""prizeYen"":1000}]"
"loto6","1776","2023-03-20","5 11 18 25 33 38","32","","0","[{""tier"":1,""winners"":8,""prizeYen"":99346200},{""tier"":2,""winners"":17,""prizeYen"":4790700},{""tier"":3,""winners"":511,""prizeYen"":172100},{""tier"":4,""winners"":17514,""prizeYen"":5300},{""tier"":5,""winners"":237601,""prizeYen"":1000}]"
"loto6","1777","2023-03-23","5 16 19 21 30 35","11","","39914722","[{""tier"":1,""winners"":1,""prizeYen"":200000000},{""tier"":2,""winners"":7,""prizeYen"":10282300},{""tier"":3,""winners"":203,""prizeYen"":382900},{""tier"":4,""winners"":11354,""prizeYen"":7200},{""tier"":5,""winners"":180923,""prizeYen"":1000}]"
"loto6","1778","2023-03-27","9 19 24 25 26 39","34","","283213972","[{""tier"":1,""winners"":0,""prizeYen"":0},{""tier"":2,""winners"":6,""prizeYen"":12165300},{""tier"":3,""winners"":223,""prizeYen"":353400},{""tier"":4,""winners"":12239,""prizeYen"":6800},{""tier"":5,""winners"":193701,""prizeYen"":1000}]"
"loto6","1779","2023-03-30","11 13 20 33 35 40","34","","563477875","[{""tier"":1,""winners"":0,""prizeYen"":0},{""tier"":2,""winners"":6,""prizeYen"":14013600},{""tier"":3,""winners"":178,""prizeYen"":510100},{""tier"":4,""winners"":9678,""prizeYen"":9900},{""tier"":5,""winners"":165807,""prizeYen"":1000}]"
"loto6","1780","2023-04-03","1 5 19 26 35 37","32","","858029577","[{""tier"":1,""winners"":0,""prizeYen"":0},{""tier"":2,""winners"":13,""prizeYen"":6797500},{""tier"":3,""winners"":355,""prizeYen"":268800},{""tier"":4,""winners"":15712,""prizeYen"":6400},{""tier"":5,""winners"":235858,""prizeYen"":1000}]"
"loto6","1781","2023-04-06","10 18 32 39 41 42","12","","585354422","[{""tier"":1,""winners"":1,""prizeYen"":600000000},{""tier"":2,""winners"":5,""prizeYen"":19640100},{""tier"":3,""winners"":271,""prizeYen"":391300},{""tier"":4,""winners"":11543,""prizeYen"":9700},{""tier"":5,""winners"":199195,""prizeYen"":1000}]"
"loto6","1782","2023-04-10","7 31 32 36 39 42","34","","893217003","[{""tier"":1,""winners"":0,""prizeYen"":0},{""tier"":2,""winners"":6,""prizeYen"":15393600},{""tier"":3,""winners"":211,""prizeYen"":472700},{""tier"":4,""winners"":10577,""prizeYen"":9900},{""tier"":5,""winners"":182324,""prizeYen"":1000}]"
"loto6","1783","2023-04-13","5 14 19 23 30 42","35","","0","[{""tier"":1,""winners"":3,""prizeYen"":398379800},{""tier"":2,""winners"":9,""prizeYen"":10064400},{""tier"":3,""winners"":331,""prizeYen"":295500},{""tier"":4,""winners"":13849,""prizeYen"":7400},{""tier"":5,""winners"":225000,""prizeYen"":1000}]"
"loto6","1784","2023-04-17","3 19 30 32 36 40","42","","254293846","[{""tier"":1,""winners"":0,""prizeYen"":0},{""tier"":2,""winners"":12,""prizeYen"":6357500},{""tier"":3,""winners"":193,""prizeYen"":426800},{""tier"":4,""winners"":10005,""prizeYen"":8700},{""tier"":5,""winners"":162735,""prizeYen"":1000}]"
"loto6","1785","2023-04-20","4 11 24 35 37 42","7","","0","[{""tier"":1,""winners"":2,""prizeYen"":259104900},{""tier"":2,""winners"":8,""prizeYen"":9897100},{""tier"":3,""winners"":373,""prizeYen"":229200},{""tier"":4,""winners"":15143,""prizeYen"":5900},{""tier"":5,""winners"":214104,""prizeYen"":1000}]"
"loto6","1786","2023-04-24","2 5 6 26 33 35","13","","0","[{""tier"":1,""winners"":3,""prizeYen"":74854700},{""tier"":2,""winners"":1,""prizeYen"":67371500},{""tier"":3,""winners"":270,""prizeYen"":269400},{""tier"":4,""winners"":12831,""prizeYen"":5900},{""tier"":5,""winners"":209893,""prizeYen"":1000}]"
"loto6","1787","2023-04-27","2 13 17 19 41 43","1","","40173376","[{""tier"":1,""winners"":1,""prizeYen"":200000000},{""tier"":2,""winners"":4,""prizeYen"":18013500},{""tier"":3,""winners"":168,""prizeYen"":463100},{""tier"":4,""winners"":8461,""prizeYen"":9700},{""tier"":5,""winners"":149655,""prizeYen"":1000}]"
"loto6","1788","2023-05-01","3 14 16 19 26 39","9","","0","[{""tier"":1,""winners"":3,""prizeYen"":94568500},{""tier"":2,""winners"":6,""prizeYen"":12177000},{""tier"":3,""winners"":467,""prizeYen"":168900},{""tier"":4,""winners"":14438,""prizeYen"":5700},{""tier"":5,""winners"":212411,""prizeYen"":1000}]"
"loto6","1789","2023-05-04","6 9 16 26 29 34","36","","0","[{""tier"":1,""winners"":2,""prizeYen"":104929100},{""tier"":2,""winners"":22,""prizeYen"":2861700},{""tier"":3,""winners"":255,""prizeYen"":266600},{""tier"":4,""winners"":10987,""prizeYen"":6500},{""tier"":5,""winners"":169539,""prizeYen"":1000}]"
"loto6","1790","2023-05-08","6 14 18 22 29 30","36","","25920957","[{""tier"":1,""winners"":1,""prizeYen"":200000000},{""tier"":2,""winners"":17,""prizeYen"":3986900},{""tier"":3,""winners"":253,""prizeYen"":289300},{""tier"":4,""winners"":11445,""prizeYen"":6700},{""tier"":5,""winners"":172214,""prizeYen"":1000}]"
"loto6","1791","2023-05-11","8 9 18 19 30 36","17","","0","[{""tier"":1,""winners"":1,""prizeYen"":258224200},{""tier"":2,""winners"":7,""prizeYen"":9956100},{""tier"":3,""winners"":289,""prizeYen"":260400},{""tier"":4,""winners"":13895,""prizeYen"":5700},{""tier"":5,""winners"":204528,""prizeYen"":1000}]"
"loto6","1792","2023-05-15","1 4 16 31 32 41","30","","232706901","[{""tier"":1,""winners"":0,""prizeYen"":0},{""tier"":2,""winners"":4,""prizeYen"":17453500},{""tier"":3,""winners"":245,""prizeYen"":307700},{""tier"":4,""winners"":9198,""prizeYen"":8600},{""tier"":5,""winners"":157342,""prizeYen"":1000}]"
"loto6","1793","2023-05-18","1 6 14 15 23 24","42","","0","[{""tier"":1,""winners"":1,""prizeYen"":471004800},{""tier"":2,""winners"":5,""prizeYen"":14298300},{""tier"":3,""winners"":299,""prizeYen"":258200},{""tier"":4,""winners"":13877,""prizeYen"":5800},{""tier"":5,""winners"":215747,""prizeYen"":1000}]"
"loto6","1794","2023-05-22","24 29 32 35 36 40","39","","120468915","[{""tier"":1,""winners"":1,""prizeYen"":200000000},{""tier"":2,""winners"":0,""prizeYen"":0},{""tier"":3,""winners"":138,""prizeYen"":578700},{""tier"":4,""winners"":7407,""prizeYen"":11300},{""tier"":5,""winners"":134471,""prizeYen"":1000}]"
"loto6","1795","2023-05-25","26 30 31 35 41 43","5","","382474902","[{""tier"":1,""winners"":0,""prizeYen"":0},{""tier"":2,""winners"":3,""prizeYen"":26201400},{""tier"":3,""winners"":167,""prizeYen"":508300},{""tier"":4,""winners"":7801,""prizeYen"":11400},{""tier"":5,""winners"":135928,""prizeYen"":1000}]"
"loto6","1796","2023-05-29","2 5 15 16 23 26","32","","19076924","[{""tier"":1,""winners"":1,""prizeYen"":600000000},{""tier"":2,""winners"":25,""prizeYen"":2839300},{""tier"":3,""winners"":394,""prizeYen"":194500},{""tier"":4,""winners"":17769,""prizeYen"":4500},{""tier"":5,""winners"":253912,""prizeYen"":1000}]"
"loto6","1797","2023-06-01","15 23 26 34 41 43","32","","270107659","[{""tier"":1,""winners"":0,""prizeYen"":0},{""tier"":2,""winners"":10,""prizeYen"":7531100},{""tier"":3,""winners"":169,""prizeYen"":481200},{""tier"":4,""winners"":8977,""prizeYen"":9500},{""tier"":5,""winners"":146710,""prizeYen"":1000}]"
"loto6","1798","2023-06-05","4 5 19 32 34 37","41","","0","[{""tier"":1,""winners"":1,""prizeYen"":537761200},{""tier"":2,""winners"":7,""prizeYen"":11471200},{""tier"":3,""winners"":232,""prizeYen"":373700},{""tier"":4,""winners"":11820,""prizeYen"":7700},{""tier"":5,""winners"":206986,""prizeYen"":1000}]"
"loto6","1799","2023-06-08","11 18 34 40 41 42","14","","233865642","[{""tier"":1,""winners"":0,""prizeYen"":0},{""tier"":2,""winners"":3,""prizeYen"":23387300},{""tier"":3,""winners"":159,""prizeYen"":476500},{""tier"":4,""winners"":7285,""prizeYen"":10900},{""tier"":5,""winners"":129713,""prizeYen"":1000}]"
"loto6","1800","2023-06-12","6 12 13 15 17 41","27","","488656494","[{""tier"":1,""winners"":0,""prizeYen"":0},{""tier"":2,""winners"":4,""prizeYen"":19109900},{""tier"":3,""winners"":194,""prizeYen"":425500},{""tier"":4,""winners"":11398,""prizeYen"":7600},{""tier"":5,""winners"":197422,""prizeYen"":1000}]"
"loto6","1801","2023-06-15","18 25 26 37 39 43","21","","771504813","[{""tier"":1,""winners"":0,""prizeYen"":0},{""tier"":2,""winners"":3,""prizeYen"":28285700},{""tier"":3,""winners"":239,""prizeYen"":383400},{""tier"":4,""winners"":12156,""prizeYen"":7900},{""tier"":5,""winners"":192763,""prizeYen"":1000}]"
"loto6","1802","2023-06-19","1 9 34 35 39 42","33","","495654725","[{""tier"":1,""winners"":1,""prizeYen"":600000000},{""tier"":2,""winners"":8,""prizeYen"":12156000},{""tier"":3,""winners"":210,""prizeYen"":500100},{""tier"":4,""winners"":11367,""prizeYen"":9700},{""tier"":5,""winners"":197331,""prizeYen"":1000}]"
"loto6","1803","2023-06-22","9 16 18 19 39 41","3","","0","[{""tier"":1,""winners"":2,""prizeYen"":381595900},{""tier"":2,""winners"":14,""prizeYen"":5733100},{""tier"":3,""winners"":285,""prizeYen"":304100},{""tier"":4,""winners"":13688,""prizeYen"":6600},{""tier"":5,""winners"":206407,""prizeYen"":1000}]"
"loto6","1804","2023-06-26","12 14 18 25 36 42","26","","237908208","[{""tier"":1,""winners"":0,""prizeYen"":0},{""tier"":2,""winners"":7,""prizeYen"":10196400},{""tier"":3,""winners"":242,""prizeYen"":318500},{""tier"":4,""winners"":11685,""prizeYen"":6900},{""tier"":5,""winners"":171226,""prizeYen"":1000}]"
"loto6","1805","2023-06-29","4 22 27 31 32 40","35","","513627388","[{""tier"":1,""winners"":0,""prizeYen"":0},{""tier"":2,""winners"":3,""prizeYen"":27572800},{""tier"":3,""winners"":174,""prizeYen"":513400},{""tier"":4,""winners"":10011,""prizeYen"":9400},{""tier"":5,""winners"":168551,""prizeYen"":1000}]"
"loto6","1806","2023-07-03","11 30 35 38 40 43","12","","829360116","[{""tier"":1,""winners"":0,""prizeYen"":0},{""tier"":2,""winners"":6,""prizeYen"":15787100},{""tier"":3,""winners"":180,""prizeYen"":568300},{""tier"":4,""winners"":9382,""prizeYen"":11500},{""tier"":5,""winners"":169096,""prizeYen"":1000}]"
"loto6","1807","2023-07-06","1 2 8 9 10 20","25","","0","[{""tier"":1,""winners"":6,""prizeYen"":182247300},{""tier"":2,""winners"":27,""prizeYen"":2934800},{""tier"":3,""winners"":829,""prizeYen"":103200},{""tier"":4,""winners"":24548,""prizeYen"":3600},{""tier"":5,""winners"":283753,""prizeYen"":1000}]"
"loto6","1808","2023-07-10","2 10 27 38 40 41","11","","38718308","[{""tier"":1,""winners"":1,""prizeYen"":200000000},{""tier"":2,""winners"":7,""prizeYen"":10231100},{""tier"":3,""winners"":176,""prizeYen"":439400},{""tier"":4,""winners"":9544,""prizeYen"":8500},{""tier"":5,""winners"":154445,""prizeYen"":1000}]"
"loto6","1809","2023-07-13","2 5 10 22 24 42","7","","0","[{""tier"":1,""winners"":1,""prizeYen"":255706700},{""tier"":2,""winners"":11,""prizeYen"":5918000},{""tier"":3,""winners"":308,""prizeYen"":228200},{""tier"":4,""winners"":14494,""prizeYen"":5100},{""tier"":5,""winners"":205373,""prizeYen"":1000}]"
"loto6","1810","2023-07-17","4 17 26 30 31 43","25","","222620640","[{""tier"":1,""winners"":0,""prizeYen"":0},{""tier"":2,""winners"":6,""prizeYen"":11131300},{""tier"":3,""winners"":203,""prizeYen"":355300},{""tier"":4,""winners"":8916,""prizeYen"":8500},{""tier"":5,""winners"":144812,""prizeYen"":1000}]"
"loto6","1811","2023-07-20","2 4 6 13 20 38","33","","463972886","[{""tier"":1,""winners"":0,""prizeYen"":0},{""tier"":2,""winners"":10,""prizeYen"":7240800},{""tier"":3,""winners"":282,""prizeYen"":277200},{""tier"":4,""winners"":12980,""prizeYen"":6300},{""tier"":5,""winners"":205566,""prizeYen"":1000}]"
"loto6","1812","2023-07-24","10 13 18 28 36 39","7","","0","[{""tier"":1,""winners"":2,""prizeYen"":372892500},{""tier"":2,""winners"":10,""prizeYen"":8454600},{""tier"":3,""winners"":226,""prizeYen"":404000},{""tier"":4,""winners"":12342,""prizeYen"":7800},{""tier"":5,""winners"":200246,""prizeYen"":1000}]"
"loto6","1813","2023-07-27","5 22 26 34 39 42","12","","220726195","[{""tier"":1,""winners"":0,""prizeYen"":0},{""tier"":2,""winners"":4,""prizeYen"":16555000},{""tier"":3,""winners"":237,""prizeYen"":301700},{""tier"":4,""winners"":10887,""prizeYen"":6900},{""tier"":5,""winners"":160130,""prizeYen"":1000}]"
"loto6","1814","2023-07-31","1 2 13 21 23 31","5","","0","[{""tier"":1,""winners"":3,""prizeYen"":159510400},{""tier"":2,""winners"":9,""prizeYen"":8593700},{""tier"":3,""winners"":248,""prizeYen"":336800},{""tier"":4,""winners"":12018,""prizeYen"":7300},{""tier"":5,""winners"":195835,""prizeYen"":1000}]"
"loto6","1815","2023-08-03","3 8 10 25 26 29","32","","192885681","[{""tier"":1,""winners"":0,""prizeYen"":0},{""tier"":2,""winners"":5,""prizeYen"":11573500},{""tier"":3,""winners"":387,""prizeYen"":161400},{""tier"":4,""winners"":15411,""prizeYen"":4200},{""tier"":5,""winners"":209644,""prizeYen"":1000}]"
"loto6","1816","2023-08-07","2 21 25 34 35 40","6","","477568650","[{""tier"":1,""winners"":0,""prizeYen"":0},{""tier"":2,""winners"":1,""prizeYen"":85407600},{""tier"":3,""winners"":217,""prizeYen"":425000},{""tier"":4,""winners"":8684,""prizeYen"":11200},{""tier"":5,""winners"":156533,""prizeYen"":1000}]"
"loto6","1817","2023-08-10","6 24 30 33 37 38","7","","745117766","[{""tier"":1,""winners"":0,""prizeYen"":0},{""tier"":2,""winners"":4,""prizeYen"":20066800},{""tier"":3,""winners"":199,""prizeYen"":435600},{""tier"":4,""winners"":11704,""prizeYen"":7800},{""tier"":5,""winners"":193927,""prizeYen"":1000}]"
"loto6","1818","2023-08-14","2 11 23 25 34 36","1","","0","[{""tier"":1,""winners"":3,""prizeYen"":338006100},{""tier"":2,""winners"":5,""prizeYen"":16134500},{""tier"":3,""winners"":292,""prizeYen"":298300},{""tier"":4,""winners"":13468,""prizeYen"":6800},{""tier"":5,""winners"":212589,""prizeYen"":1000}]"
"loto6","1819","2023-08-17","5 8 18 20 24 34","29","","213428141","[{""tier"":1,""winners"":0,""prizeYen"":0},{""tier"":2,""winners"":5,""prizeYen"":12806100},{""tier"":3,""winners"":196,""prizeYen"":352800},{""tier"":4,""winners"":10713,""prizeYen"":6800},{""tier"":5,""winners"":175118,""prizeYen"":1000}]"
"loto6","1820","2023-08-21","5 10 30 35 36 41","23","","485149304","[{""tier"":1,""winners"":0,""prizeYen"":0},{""tier"":2,""winners"":3,""prizeYen"":27173000},{""tier"":3,""winners"":183,""prizeYen"":481000},{""tier"":4,""winners"":10318,""prizeYen"":9000},{""tier"":5,""winners"":174492,""prizeYen"":1000}]"
"loto6","1821","2023-08-24","9 11 12 14 27 38","34","","0","[{""tier"":1,""winners"":2,""prizeYen"":366131200},{""tier"":2,""winners"":5,""prizeYen"":14827200},{""tier"":3,""winners"":354,""prizeYen"":226100},{""tier"":4,""winners"":16487,""prizeYen"":5100},{""tier"":5,""winners"":240603,""prizeYen"":1000}]"
"loto6","1822","2023-08-28","5 18 21 22 26 42","8","","21290207","[{""tier"":1,""winners"":1,""prizeYen"":200000000},{""tier"":2,""winners"":12,""prizeYen"":5532400},{""tier"":3,""winners"":254,""prizeYen"":282200},{""tier"":4,""winners"":13028,""prizeYen"":5800},{""tier"":5,""winners"":191145,""prizeYen"":1000}]"
"loto6","1823","2023-08-31","4 10 18 25 34 38","40","","252636681","[{""tier"":1,""winners"":0,""prizeYen"":0},{""tier"":2,""winners"":12,""prizeYen"":5783800},{""tier"":3,""winners"":367,""prizeYen"":204200},{""tier"":4,""winners"":13594,""prizeYen"":5800},{""tier"":5,""winners"":191681,""prizeYen"":1000}]"
"loto6","1824","2023-09-04","6 7 13 18 25 43","33","","0","[{""tier"":1,""winners"":1,""prizeYen"":516962700},{""tier"":2,""winners"":9,""prizeYen"":8811100},{""tier"":3,""winners"":317,""prizeYen"":270100},{""tier"":4,""winners"":14658,""prizeYen"":6100},{""tier"":5,""winners"":224083,""prizeYen"":1000}]"
"loto6","1825","2023-09-07","1 10 13 17 20 41","4","","0","[{""tier"":1,""winners"":2,""prizeYen"":114153400},{""tier"":2,""winners"":6,""prizeYen"":11415700},{""tier"":3,""winners"":171,""prizeYen"":432500},{""tier"":4,""winners"":9096,""prizeYen"":8500},{""tier"":5,""winners"":154788,""prizeYen"":1000}]"
"loto6","1826","2023-09-11","7 14 18 19 22 25","38","","212235063","[{""tier"":1,""winners"":0,""prizeYen"":0},{""tier"":2,""winners"":9,""prizeYen"":7074700},{""tier"":3,""winners"":254,""prizeYen"":270700},{""tier"":4,""winners"":12145,""prizeYen"":5900},{""tier"":5,""winners"":192732,""prizeYen"":1000}]"
"loto6","1827","2023-09-14","1 13 18 23 38 41","36","","466330270","[{""tier"":1,""winners"":0,""prizeYen"":0},{""tier"":2,""winners"":7,""prizeYen"":10890100},{""tier"":3,""winners"":183,""prizeYen"":449800},{""tier"":4,""winners"":11036,""prizeYen"":7800},{""tier"":5,""winners"":179655,""prizeYen"":1000}]"
"loto6","1828","2023-09-18","1 6 9 16 18 22","8","","112124781","[{""tier"":1,""winners"":1,""prizeYen"":600000000},{""tier"":2,""winners"":32,""prizeYen"":2304300},{""tier"":3,""winners"":381,""prizeYen"":209000},{""tier"":4,""winners"":17596,""prizeYen"":4700},{""tier"":5,""winners"":248601,""prizeYen"":1000}]"
"loto6","1829","2023-09-21","12 15 16 17 28 42","32","","0","[{""tier"":1,""winners"":1,""prizeYen"":351361300},{""tier"":2,""winners"":6,""prizeYen"":11962200},{""tier"":3,""winners"":209,""prizeYen"":370800},{""tier"":4,""winners"":10978,""prizeYen"":7400},{""tier"":5,""winners"":182364,""prizeYen"":1000}]"
"loto6","1830","2023-09-25","4 10 23 29 31 36","6","","229479469","[{""tier"":1,""winners"":0,""prizeYen"":0},{""tier"":2,""winners"":10,""prizeYen"":6884600},{""tier"":3,""winners"":246,""prizeYen"":302200},{""tier"":4,""winners"":10774,""prizeYen"":7200},{""tier"":5,""winners"":166683,""prizeYen"":1000}]"
"loto6","1831","2023-09-28","1 14 17 27 32 43","42","","0","[{""tier"":1,""winners"":2,""prizeYen"":245962100},{""tier"":2,""winners"":4,""prizeYen"":19684000},{""tier"":3,""winners"":234,""prizeYen"":363300},{""tier"":4,""winners"":10395,""prizeYen"":8600},{""tier"":5,""winners"":169862,""prizeYen"":1000}]"
"loto6","1832","2023-10-02","2 7 20 25 35 40","6","","0","[{""tier"":1,""winners"":3,""prizeYen"":79450400},{""tier"":2,""winners"":1,""prizeYen"":71507700},{""tier"":3,""winners"":207,""prizeYen"":373000},{""tier"":4,""winners"":10163,""prizeYen"":8000},{""tier"":5,""winners"":161849,""prizeYen"":1000}]"
"loto6","1833","2023-10-05","7 13 34 37 42 43","38","","26740704","[{""tier"":1,""winners"":1,""prizeYen"":200000000},{""tier"":2,""winners"":2,""prizeYen"":34012200},{""tier"":3,""winners"":156,""prizeYen"":470900},{""tier"":4,""winners"":8188,""prizeYen"":9400},{""tier"":5,""winners"":139460,""prizeYen"":1000}]"
"loto6","1834","2023-10-09","14 21 30 38 40 42","20","","266974272","[{""tier"":1,""winners"":0,""prizeYen"":0},{""tier"":2,""winners"":7,""prizeYen"":10296000},{""tier"":3,""winners"":128,""prizeYen"":608000},{""tier"":4,""winners"":7299,""prizeYen"":11200},{""tier"":5,""winners"":129422,""prizeYen"":1000}]"
"loto6","1835","2023-10-12","11 20 23 24 31 33","1","","517135946","[{""tier"":1,""winners"":0,""prizeYen"":0},{""tier"":2,""winners"":9,""prizeYen"":8338900},{""tier"":3,""winners"":212,""prizeYen"":382300},{""tier"":4,""winners"":10914,""prizeYen"":7800},{""tier"":5,""winners"":185534,""prizeYen"":1000}]"
"loto6","1836","2023-10-16","13 17 18 22 23 41","26","","0","[{""tier"":1,""winners"":2,""prizeYen"":399234500},{""tier"":2,""winners"":7,""prizeYen"":12057500},{""tier"":3,""winners"":325,""prizeYen"":280400},{""tier"":4,""winners"":14141,""prizeYen"":6800},{""tier"":5,""winners"":220563,""prizeYen"":1000}]"
"loto6","1837","2023-10-19","16 17 27 34 38 42","20","","230820246","[{""tier"":1,""winners"":0,""prizeYen"":0},{""tier"":2,""winners"":5,""prizeYen"":13849600},{""tier"":3,""winners"":206,""prizeYen"":363000},{""tier"":4,""winners"":9848,""prizeYen"":8000},{""tier"":5,""winners"":156611,""prizeYen"":1000}]"
"loto6","1838","2023-10-23","3 13 23 28 30 43","5","","0","[{""tier"":1,""winners"":3,""prizeYen"":165067400},{""tier"":2,""winners"":3,""prizeYen"":23439000},{""tier"":3,""winners"":623,""prizeYen"":137400},{""tier"":4,""winners"":13401,""prizeYen"":6700},{""tier"":5,""winners"":188156,""prizeYen"":1000}]"
"loto6","1839","2023-10-26","2 5 26 32 34 40","21","","217376707","[{""tier"":1,""winners"":0,""prizeYen"":0},{""tier"":2,""winners"":6,""prizeYen"":10869100},{""tier"":3,""winners"":217,""prizeYen"":324500},{""tier"":4,""winners"":10134,""prizeYen"":7300},{""tier"":5,""winners"":158345,""prizeYen"":1000}]"
"loto6","1840","2023-10-30","4 9 15 21 26 33","13","","468003679","[{""tier"":1,""winners"":0,""prizeYen"":0},{""tier"":2,""winners"":6,""prizeYen"":12531700},{""tier"":3,""winners"":354,""prizeYen"":229300},{""tier"":4,""winners"":14922,""prizeYen"":5700},{""tier"":5,""winners"":215161,""prizeYen"":1000}]"
"loto6","1841","2023-11-02","8 11 15 31 33 38","30","","135376643","[{""tier"":1,""winners"":1,""prizeYen"":600000000},{""tier"":2,""winners"":5,""prizeYen"":16042900},{""tier"":3,""winners"":282,""prizeYen"":307100},{""tier"":4,""winners"":13287,""prizeYen"":6800},{""tier"":5,""winners"":215515,""prizeYen"":1000}]"
"loto6","1842","2023-11-06","4 6 9 24 26 29","35","","0","[{""tier"":1,""winners"":7,""prizeYen"":52614100},{""tier"":2,""winners"":6,""prizeYen"":11646400},{""tier"":3,""winners"":429,""prizeYen"":175900},{""tier"":4,""winners"":17538,""prizeYen"":4500},{""tier"":5,""winners"":236521,""prizeYen"":1000}]"
"loto6","1843","2023-11-09","4 5 10 19 26 37","3","","201702992","[{""tier"":1,""winners"":0,""prizeYen"":0},{""tier"":2,""winners"":4,""prizeYen"":15128200},{""tier"":3,""winners"":343,""prizeYen"":190500},{""tier"":4,""winners"":14791,""prizeYen"":4600},{""tier"":5,""winners"":201976,""prizeYen"":1000}]"
"loto6","1844","2023-11-13","12 15 28 31 34 43","9","","0","[{""tier"":1,""winners"":1,""prizeYen"":475066400},{""tier"":2,""winners"":15,""prizeYen"":5467400},{""tier"":3,""winners"":247,""prizeYen"":358500},{""tier"":4,""winners"":11122,""prizeYen"":8400},{""tier"":5,""winners"":170228,""prizeYen"":1000}]"
"loto6","1845","2023-11-16","10 22 25 30 31 39","28","","22390898","[{""tier"":1,""winners"":1,""prizeYen"":200000000},{""tier"":2,""winners"":3,""prizeYen"":22239800},{""tier"":3,""winners"":185,""prizeYen"":389400},{""tier"":4,""winners"":9157,""prizeYen"":8300},{""tier"":5,""winners"":150460,""prizeYen"":1000}]"
"loto6","1846","2023-11-20","6 8 15 16 33 37","34","","251687935","[{""tier"":1,""winners"":0,""prizeYen"":0},{""tier"":2,""winners"":3,""prizeYen"":22930400},{""tier"":3,""winners"":278,""prizeYen"":267200},{""tier"":4,""winners"":12611,""prizeYen"":6200},{""tier"":5,""winners"":195059,""prizeYen"":1000}]"
"loto6","1847","2023-11-23","18 22 25 35 36 39","43","","0","[{""tier"":1,""winners"":1,""prizeYen"":505533800},{""tier"":2,""winners"":3,""prizeYen"":25385400},{""tier"":3,""winners"":237,""prizeYen"":347000},{""tier"":4,""winners"":11233,""prizeYen"":7700},{""tier"":5,""winners"":177427,""prizeYen"":1000}]"
"loto6","1848","2023-11-27","3 23 26 27 31 35","10","","26989766","[{""tier"":1,""winners"":1,""prizeYen"":200000000},{""tier"":2,""winners"":2,""prizeYen"":34049500},{""tier"":3,""winners"":173,""prizeYen"":425100},{""tier"":4,""winners"":9904,""prizeYen"":7800},{""tier"":5,""winners"":169010,""prizeYen"":1000}]"
"loto6","1849","2023-11-30","11 15 17 33 36 41","6","","0","[{""tier"":1,""winners"":1,""prizeYen"":262837000},{""tier"":2,""winners"":6,""prizeYen"":11792700},{""tier"":3,""winners"":205,""prizeYen"":372700},{""tier"":4,""winners"":9585,""prizeYen"":8400},{""tier"":5,""winners"":165533,""prizeYen"":1000}]"
"loto6","1850","2023-12-04","1 8 23 30 36 41","39","","236682846","[{""tier"":1,""winners"":0,""prizeYen"":0},{""tier"":2,""winners"":2,""prizeYen"":35503500},{""tier"":3,""winners"":201,""prizeYen"":381500},{""tier"":4,""winners"":9540,""prizeYen"":8400},{""tier"":5,""winners"":159827,""prizeYen"":1000}]"
"loto6","1851","2023-12-07","8 9 10 16 17 39","4","","486750428","[{""tier"":1,""winners"":0,""prizeYen"":0},{""tier"":2,""winners"":8,""prizeYen"":9377800},{""tier"":3,""winners"":232,""prizeYen"":349200},{""tier"":4,""winners"":12986,""prizeYen"":6500},{""tier"":5,""winners"":215232,""prizeYen"":1000}]"
"loto6","1852","2023-12-11","15 16 24 26 35 43","38","","792979562","[{""tier"":1,""winners"":0,""prizeYen"":0},{""tier"":2,""winners"":6,""prizeYen"":15311900},{""tier"":3,""winners"":251,""prizeYen"":395200},{""tier"":4,""winners"":12819,""prizeYen"":8100},{""tier"":5,""winners"":210184,""prizeYen"":1000}]"
"loto6","1853","2023-12-14","11 13 24 26 28 34","17","","0","[{""tier"":1,""winners"":2,""prizeYen"":548747800},{""tier"":2,""winners"":4,""prizeYen"":22839400},{""tier"":3,""winners"":314,""prizeYen"":314200},{""tier"":4,""winners"":14733,""prizeYen"":7000},{""tier"":5,""winners"":243093,""prizeYen"":1000}]"
"loto6","1854","2023-12-18","7 8 12 25 30 32","40","","220323037","[{""tier"":1,""winners"":0,""prizeYen"":0},{""tier"":2,""winners"":7,""prizeYen"":9442700},{""tier"":3,""winners"":327,""prizeYen"":218300},{""tier"":4,""winners"":14206,""prizeYen"":5300},{""tier"":5,""winners"":210210,""prizeYen"":1000}]"
"loto6","1855","2023-12-21","21 24 26 30 31 38","3","","513633078","[{""tier"":1,""winners"":0,""prizeYen"":0},{""tier"":2,""winners"":7,""prizeYen"":12570800},{""tier"":3,""winners"":187,""prizeYen"":508100},{""tier"":4,""winners"":10003,""prizeYen"":10000},{""tier"":5,""winners"":181745,""prizeYen"":1000}]"
"loto6","1856","2023-12-25","4 10 19 31 34 35","43","","242890729","[{""tier"":1,""winners"":1,""prizeYen"":600000000},{""tier"":2,""winners"":13,""prizeYen"":7598500},{""tier"":3,""winners"":259,""prizeYen"":411800},{""tier"":4,""winners"":13102,""prizeYen"":8600},{""tier"":5,""winners"":219102,""prizeYen"":1000}]"
"loto6","1857","2023-12-28","11 16 20 23 38 41","33","","531364755","[{""tier"":1,""winners"":0,""prizeYen"":0},{""tier"":2,""winners"":7,""prizeYen"":12363500},{""tier"":3,""winners"":306,""prizeYen"":305400},{""tier"":4,""winners"":13047,""prizeYen"":7500},{""tier"":5,""winners"":206570,""prizeYen"":1000}]"
"loto6","1858","2024-01-04","12 13 17 22 35 40","5","","822109563","[{""tier"":1,""winners"":0,""prizeYen"":0},{""tier"":2,""winners"":9,""prizeYen"":9691800},{""tier"":3,""winners"":206,""prizeYen"":457200},{""tier"":4,""winners"":11798,""prizeYen"":8400},{""tier"":5,""winners"":199393,""prizeYen"":1000}]"
"loto6","1859","2024-01-08","1 4 11 28 37 39","15","","1134064954","[{""tier"":1,""winners"":0,""prizeYen"":0},{""tier"":2,""winners"":15,""prizeYen"":6239300},{""tier"":3,""winners"":346,""prizeYen"":292100},{""tier"":4,""winners"":16258,""prizeYen"":6500},{""tier"":5,""winners"":258228,""prizeYen"":1000}]"
"loto6","1860","2024-01-11","8 15 20 21 31 34","28","","281262616","[{""tier"":1,""winners"":2,""prizeYen"":600000000},{""tier"":2,""winners"":6,""prizeYen"":17360400},{""tier"":3,""winners"":307,""prizeYen"":366400},{""tier"":4,""winners"":15308,""prizeYen"":7700},{""tier"":5,""winners"":246612,""prizeYen"":1000}]"
"loto6","1861","2024-01-15","2 12 13 27 39 40","30","","0","[{""tier"":1,""winners"":2,""prizeYen"":282827200},{""tier"":2,""winners"":6,""prizeYen"":14220000},{""tier"":3,""winners"":351,""prizeYen"":262500},{""tier"":4,""winners"":13602,""prizeYen"":7100},{""tier"":5,""winners"":208568,""prizeYen"":1000}]"
"loto6","1862","2024-01-18","25 27 33 37 38 43","16","","40435498","[{""tier"":1,""winners"":1,""prizeYen"":200000000},{""tier"":2,""winners"":1,""prizeYen"":72133000},{""tier"":3,""winners"":148,""prizeYen"":526300},{""tier"":4,""winners"":8046,""prizeYen"":10200},{""tier"":5,""winners"":150753,""prizeYen"":1000}]"
"loto6","1863","2024-01-22","15 20 24 37 38 39","27","","300299055","[{""tier"":1,""winners"":0,""prizeYen"":0},{""tier"":2,""winners"":3,""prizeYen"":25987200},{""tier"":3,""winners"":179,""prizeYen"":470300},{""tier"":4,""winners"":10298,""prizeYen"":8600},{""tier"":5,""winners"":175448,""prizeYen"":1000}]"
"loto6","1864","2024-01-25","14 22 28 34 41 42","11","","0","[{""tier"":1,""winners"":1,""prizeYen"":574191000},{""tier"":2,""winners"":4,""prizeYen"":20542500},{""tier"":3,""winners"":292,""prizeYen"":303900},{""tier"":4,""winners"":12679,""prizeYen"":7300},{""tier"":5,""winners"":189153,""prizeYen"":1000}]"
"loto6","1865","2024-01-29","3 5 18 21 26 36","34","","0","[{""tier"":1,""winners"":3,""prizeYen"":73761800},{""tier"":2,""winners"":5,""prizeYen"":13277500},{""tier"":3,""winners"":377,""prizeYen"":190100},{""tier"":4,""winners"":15703,""prizeYen"":4800},{""tier"":5,""winners"":214137,""prizeYen"":1000}]"
"loto6","1866","2024-02-01","8 19 21 29 38 40","12","","233273334","[{""tier"":1,""winners"":0,""prizeYen"":0},{""tier"":2,""winners"":9,""prizeYen"":7776000},{""tier"":3,""winners"":210,""prizeYen"":359900},{""tier"":4,""winners"":9262,""prizeYen"":8600},{""tier"":5,""winners"":155571,""prizeYen"":1000}]"
"loto6","1867","2024-02-05","1 6 17 28 40 42","4","","0","[{""tier"":1,""winners"":1,""prizeYen"":504004900},{""tier"":2,""winners"":4,""prizeYen"":20305500},{""tier"":3,""winners"":222,""prizeYen"":395100},{""tier"":4,""winners"":11102,""prizeYen"":8300},{""tier"":5,""winners"":184650,""prizeYen"":1000}]"
"loto6","1868","2024-02-08","3 7 22 23 24 32","2","","0","[{""tier"":1,""winners"":2,""prizeYen"":101919500},{""tier"":2,""winners"":9,""prizeYen"":6794800},{""tier"":3,""winners"":260,""prizeYen"":254000},{""tier"":4,""winners"":12979,""prizeYen"":5300},{""tier"":5,""winners"":197603,""prizeYen"":1000}]"
"loto6","1869","2024-02-12","7 8 16 28 36 37","29","","16177185","[{""tier"":1,""winners"":1,""prizeYen"":200000000},{""tier"":2,""winners"":5,""prizeYen"":12971000},{""tier"":3,""winners"":231,""prizeYen"":303200},{""tier"":4,""winners"":11680,""prizeYen"":6300},{""tier"":5,""winners"":177874,""prizeYen"":1000}]"
"loto6","1870","2024-02-15","5 9 13 23 25 40","27","","245047218","[{""tier"":1,""winners"":0,""prizeYen"":0},{""tier"":2,""winners"":8,""prizeYen"":8582900},{""tier"":3,""winners"":196,""prizeYen"":378300},{""tier"":4,""winners"":11444,""prizeYen"":6800},{""tier"":5,""winners"":191508,""prizeYen"":1000}]"
"loto6","1871","2024-02-19","7 13 22 24 38 42","14","","0","[{""tier"":1,""winners"":2,""prizeYen"":254066500},{""tier"":2,""winners"":12,""prizeYen"":6577300},{""tier"":3,""winners"":347,""prizeYen"":245600},{""tier"":4,""winners"":14440,""prizeYen"":6200},{""tier"":5,""winners"":213290,""prizeYen"":1000}]"
"loto6","1872","2024-02-22","3 18 20 25 34 40","31","","29345751","[{""tier"":1,""winners"":1,""prizeYen"":200000000},{""tier"":2,""winners"":5,""prizeYen"":13761100},{""tier"":3,""winners"":181,""prizeYen"":410500},{""tier"":4,""winners"":8384,""prizeYen"":9300},{""tier"":5,""winners"":146924,""prizeYen"":1000}]"
"loto6","1873","2024-02-26","6 15 26 33 39 41","42","","0","[{""tier"":1,""winners"":2,""prizeYen"":131721800},{""tier"":2,""winners"":7,""prizeYen"":10033000},{""tier"":3,""winners"":384,""prizeYen"":197500},{""tier"":4,""winners"":14774,""prizeYen"":5400},{""tier"":5,""winners"":196590,""prizeYen"":1000}]"
"loto6","1874","2024-02-29","13 31 33 36 41 43","29","","238677746","[{""tier"":1,""winners"":0,""prizeYen"":0},{""tier"":2,""winners"":1,""prizeYen"":71605600},{""tier"":3,""winners"":171,""prizeYen"":452200},{""tier"":4,""winners"":7384,""prizeYen"":11000},{""tier"":5,""winners"":125656,""prizeYen"":1000}]"
"loto6","1875","2024-03-04","11 15 16 24 38 39","29","","0","[{""tier"":1,""winners"":3,""prizeYen"":166298400},{""tier"":2,""winners"":7,""prizeYen"":11152500},{""tier"":3,""winners"":369,""prizeYen"":228400},{""tier"":4,""winners"":15220,""prizeYen"":5800},{""tier"":5,""winners"":221321,""prizeYen"":1000}]"
"loto6","1876","2024-03-07","4 7 17 31 38 43","30","","221891680","[{""tier"":1,""winners"":0,""prizeYen"":0},{""tier"":2,""winners"":4,""prizeYen"":16642400},{""tier"":3,""winners"":194,""prizeYen"":370500},{""tier"":4,""winners"":9108,""prizeYen"":8300},{""tier"":5,""winners"":154575,""prizeYen"":1000}]"
"loto6","1877","2024-03-11","1 11 13 16 21 37","6","","482832946","[{""tier"":1,""winners"":0,""prizeYen"":0},{""tier"":2,""winners"":112,""prizeYen"":6523700},{""tier"":3,""winners"":226,""prizeYen"":374000},{""tier"":4,""winners"":12403,""prizeYen"":7200},{""tier"":5,""winners"":208897,""prizeYen"":1000}]"
"loto6","1878","2024-03-14","6 8 12 18 32 38","39","","0","[{""tier"":1,""winners"":2,""prizeYen"":368908100},{""tier"":2,""winners"":8,""prizeYen"":9562100},{""tier"":3,""winners"":375,""prizeYen"":220300},{""tier"":4,""winners"":16295,""prizeYen"":5300},{""tier"":5,""winners"":244254,""prizeYen"":1000}]"
"loto6","1879","2024-03-18","1 8 14 27 29 37","6","","34749329","[{""tier"":1,""winners"":1,""prizeYen"":200000000},{""tier"":2,""winners"":4,""prizeYen"":17606700},{""tier"":3,""winners"":237,""prizeYen"":320900},{""tier"":4,""winners"":11861,""prizeYen"":6700},{""tier"":5,""winners"":186500,""prizeYen"":1000}]"
"loto6","1880","2024-03-21","9 14 21 31 33 43","30","","280690425","[{""tier"":1,""winners"":0,""prizeYen"":0},{""tier"":2,""winners"":5,""prizeYen"":14756900},{""tier"":3,""winners"":159,""prizeYen"":501100},{""tier"":4,""winners"":8391,""prizeYen"":10000},{""tier"":5,""winners"":147309,""prizeYen"":1000}]"
"loto6","1881","2024-03-25","2 9 22 31 33 35","30","","0","[{""tier"":1,""winners"":2,""prizeYen"":275084000},{""tier"":2,""winners"":7,""prizeYen"":11549400},{""tier"":3,""winners"":234,""prizeYen"":373100},{""tier"":4,""winners"":10559,""prizeYen"":8700},{""tier"":5,""winners"":186641,""prizeYen"":1000}]"
"loto6","1882","2024-03-28","3 6 11 25 36 43","10","","4226616","[{""tier"":1,""winners"":1,""prizeYen"":200000000},{""tier"":2,""winners"":8,""prizeYen"":7658700},{""tier"":3,""winners"":258,""prizeYen"":256400},{""tier"":4,""winners"":12873,""prizeYen"":5400},{""tier"":5,""winners"":187345,""prizeYen"":1000}]"
"loto6","1883","2024-04-01","3 11 24 25 28 32","5","","0","[{""tier"":1,""winners"":1,""prizeYen"":230077300},{""tier"":2,""winners"":11,""prizeYen"":6159700},{""tier"":3,""winners"":345,""prizeYen"":212100},{""tier"":4,""winners"":14484,""prizeYen"":5300},{""tier"":5,""winners"":213554,""prizeYen"":1000}]"
"loto6","1884","2024-04-04","20 25 29 36 38 42","19","","234245366","[{""tier"":1,""winners"":0,""prizeYen"":0},{""tier"":2,""winners"":2,""prizeYen"":35137900},{""tier"":3,""winners"":115,""prizeYen"":659900},{""tier"":4,""winners"":6648,""prizeYen"":12000},{""tier"":5,""winners"":119386,""prizeYen"":1000}]"
"loto6","1885","2024-04-08","2 6 7 16 17 41","32","","0","[{""tier"":1,""winners"":1,""prizeYen"":489806400},{""tier"":2,""winners"":5,""prizeYen"":15334100},{""tier"":3,""winners"":259,""prizeYen"":319600},{""tier"":4,""winners"":12940,""prizeYen"":6700},{""tier"":5,""winners"":211391,""prizeYen"":1000}]"
"loto6","1886","2024-04-11","1 6 19 25 33 39","15","","0","[{""tier"":1,""winners"":2,""prizeYen"":105659600},{""tier"":2,""winners"":4,""prizeYen"":15849400},{""tier"":3,""winners"":269,""prizeYen"":254500},{""tier"":4,""winners"":10737,""prizeYen"":6700},{""tier"":5,""winners"":169989,""prizeYen"":1000}]"
"loto6","1887","2024-04-15","5 7 15 18 36 37","20","","216067328","[{""tier"":1,""winners"":0,""prizeYen"":0},{""tier"":2,""winners"":5,""prizeYen"":12964400},{""tier"":3,""winners"":249,""prizeYen"":281100},{""tier"":4,""winners"":11669,""prizeYen"":6300},{""tier"":5,""winners"":187506,""prizeYen"":1000}]"
"loto6","1888","2024-04-18","4 5 6 28 29 39","7","","466861903","[{""tier"":1,""winners"":0,""prizeYen"":0},{""tier"":2,""winners"":8,""prizeYen"":9405100},{""tier"":3,""winners"":298,""prizeYen"":272600},{""tier"":4,""winners"":13312,""prizeYen"":6400},{""tier"":5,""winners"":215270,""prizeYen"":1000}]"
"loto6","1889","2024-04-22","7 15 21 27 28 32","24","","142399180","[{""tier"":1,""winners"":1,""prizeYen"":600000000},{""tier"":2,""winners"":8,""prizeYen"":10332900},{""tier"":3,""winners"":353,""prizeYen"":252900},{""tier"":4,""winners"":15300,""prizeYen"":6100},{""tier"":5,""winners"":229808,""prizeYen"":1000}]"
"loto6","1890","2024-04-25","17 21 29 34 41 42","2","","405444399","[{""tier"":1,""winners"":0,""prizeYen"":0},{""tier"":2,""winners"":15,""prizeYen"":5261000},{""tier"":3,""winners"":155,""prizeYen"":549800},{""tier"":4,""winners"":9264,""prizeYen"":9700},{""tier"":5,""winners"":153993,""prizeYen"":1000}]"
"loto6","1891","2024-04-29","2 16 23 38 40 43","33","","677231175","[{""tier"":1,""winners"":0,""prizeYen"":0},{""tier"":2,""winners"":3,""prizeYen"":27179500},{""tier"":3,""winners"":262,""prizeYen"":336100},{""tier"":4,""winners"":11701,""prizeYen"":7900},{""tier"":5,""winners"":185746,""prizeYen"":1000}]"
"loto6","1892","2024-05-02","7 8 9 19 22 38","24","","345879883","[{""tier"":1,""winners"":1,""prizeYen"":600000000},{""tier"":2,""winners"":10,""prizeYen"":8059700},{""tier"":3,""winners"":324,""prizeYen"":268600},{""tier"":4,""winners"":16844,""prizeYen"":5400},{""tier"":5,""winners"":257525,""prizeYen"":1000}]"
"loto6","1893","2024-05-06","25 31 33 35 37 42","16","","0","[{""tier"":1,""winners"":2,""prizeYen"":310731000},{""tier"":2,""winners"":2,""prizeYen"":41338600},{""tier"":3,""winners"":214,""prizeYen"":417200},{""tier"":4,""winners"":9289,""prizeYen"":10100},{""tier"":5,""winners"":159161,""prizeYen"":1000}]"
"loto6","1894","2024-05-09","19 29 36 37 41 42","35","","235032541","[{""tier"":1,""winners"":0,""prizeYen"":0},{""tier"":2,""winners"":7,""prizeYen"":10073100},{""tier"":3,""winners"":187,""prizeYen"":407200},{""tier"":4,""winners"":7375,""prizeYen"":10900},{""tier"":5,""winners"":131350,""prizeYen"":1000}]"
"loto6","1895","2024-05-13","6 18 29 33 35 40","1","","0","[{""tier"":1,""winners"":2,""prizeYen"":247410400},{""tier"":2,""winners"":6,""prizeYen"":12989800},{""tier"":3,""winners"":225,""prizeYen"":374000},{""tier"":4,""winners"":10976,""prizeYen"":8100},{""tier"":5,""winners"":175662,""prizeYen"":1000}]"
"loto6","1896","2024-05-16","5 12 15 16 28 40","1","","211609968","[{""tier"":1,""winners"":0,""prizeYen"":0},{""tier"":2,""winners"":13,""prizeYen"":4883400},{""tier"":3,""winners"":256,""prizeYen"":267800},{""tier"":4,""winners"":12217,""prizeYen"":5900},{""tier"":5,""winners"":180802,""prizeYen"":1000}]"
"loto6","1897","2024-05-20","7 23 27 30 34 36","28","","467565603","[{""tier"":1,""winners"":0,""prizeYen"":0},{""tier"":2,""winners"":4,""prizeYen"":19197300},{""tier"":3,""winners"":190,""prizeYen"":436400},{""tier"":4,""winners"":10691,""prizeYen"":8100},{""tier"":5,""winners"":177758,""prizeYen"":1000}]"
"loto6","1898","2024-05-23","5 19 23 26 31 42","32","","0","[{""tier"":1,""winners"":3,""prizeYen"":241813300},{""tier"":2,""winners"":8,""prizeYen"":9670600},{""tier"":3,""winners"":328,""prizeYen"":254700},{""tier"":4,""winners"":13386,""prizeYen"":6500},{""tier"":5,""winners"":201791,""prizeYen"":1000}]"
"loto6","1899","2024-05-27","2 4 9 19 33 36","3","","214862563","[{""tier"":1,""winners"":0,""prizeYen"":0},{""tier"":2,""winners"":6,""prizeYen"":10743400},{""tier"":3,""winners"":182,""prizeYen"":382500},{""tier"":4,""winners"":11060,""prizeYen"":6600},{""tier"":5,""winners"":179671,""prizeYen"":1000}]"
"loto6","1900","2024-05-30","3 9 29 30 39 42","23","","463390688","[{""tier"":1,""winners"":0,""prizeYen"":0},{""tier"":2,""winners"":3,""prizeYen"":24853600},{""tier"":3,""winners"":252,""prizeYen"":319500},{""tier"":4,""winners"":11853,""prizeYen"":7100},{""tier"":5,""winners"":180600,""prizeYen"":1000}]"
"loto6","1901","2024-06-03","14 15 26 28 33 37","4","","132921531","[{""tier"":1,""winners"":1,""prizeYen"":600000000},{""tier"":2,""winners"":12,""prizeYen"":6738400},{""tier"":3,""winners"":335,""prizeYen"":260600},{""tier"":4,""winners"":14591,""prizeYen"":6300},{""tier"":5,""winners"":206185,""prizeYen"":1000}]"
"loto6","1902","2024-06-06","4 7 15 18 35 40","12","","0","[{""tier"":1,""winners"":1,""prizeYen"":374961800},{""tier"":2,""winners"":6,""prizeYen"":12102400},{""tier"":3,""winners"":217,""prizeYen"":361300},{""tier"":4,""winners"":11086,""prizeYen"":7400},{""tier"":5,""winners"":178100,""prizeYen"":1000}]"
"loto6","1903","2024-06-10","18 19 23 25 27 32","20","","0","[{""tier"":1,""winners"":2,""prizeYen"":110005700},{""tier"":2,""winners"":7,""prizeYen"":9429300},{""tier"":3,""winners"":272,""prizeYen"":262000},{""tier"":4,""winners"":10176,""prizeYen"":7400},{""tier"":5,""winners"":169575,""prizeYen"":1000}]"
"loto6","1904","2024-06-13","14 21 23 24 28 36","7","","212054878","[{""tier"":1,""winners"":0,""prizeYen"":0},{""tier"":2,""winners"":10,""prizeYen"":6361800},{""tier"":3,""winners"":139,""prizeYen"":494200},{""tier"":4,""winners"":9390,""prizeYen"":7700},{""tier"":5,""winners"":150025,""prizeYen"":1000}]"
"loto6","1905","2024-06-17","4 5 17 20 29 30","40","","0","[{""tier"":1,""winners"":4,""prizeYen"":114995300},{""tier"":2,""winners"":6,""prizeYen"":12396700},{""tier"":3,""winners"":300,""prizeYen"":267700},{""tier"":4,""winners"":13294,""prizeYen"":6300},{""tier"":5,""winners"":200847,""prizeYen"":1000}]"
"loto6","1906","2024-06-20","1 8 21 22 30 42","24","","0","[{""tier"":1,""winners"":3,""prizeYen"":70838900},{""tier"":2,""winners"":6,""prizeYen"":10626100},{""tier"":3,""winners"":184,""prizeYen"":374200},{""tier"":4,""winners"":9802,""prizeYen"":7400},{""tier"":5,""winners"":155995,""prizeYen"":1000}]"
"loto6","1907","2024-06-24","10 14 21 23 24 40","28","","226835269","[{""tier"":1,""winners"":0,""prizeYen"":0},{""tier"":2,""winners"":10,""prizeYen"":6805200},{""tier"":3,""winners"":161,""prizeYen"":456400},{""tier"":4,""winners"":9247,""prizeYen"":8300},{""tier"":5,""winners"":153544,""prizeYen"":1000}]"
"loto6","1908","2024-06-27","3 9 21 25 42 43","36","","472876951","[{""tier"":1,""winners"":0,""prizeYen"":0},{""tier"":2,""winners"":7,""prizeYen"":10544900},{""tier"":3,""winners"":221,""prizeYen"":360700},{""tier"":4,""winners"":10942,""prizeYen"":7600},{""tier"":5,""winners"":180783,""prizeYen"":1000}]"
"loto6","1909","2024-07-01","3 5 7 8 22 27","28","","101308807","[{""tier"":1,""winners"":1,""prizeYen"":600000000},{""tier"":2,""winners"":12,""prizeYen"":5710900},{""tier"":3,""winners"":579,""prizeYen"":127800},{""tier"":4,""winners"":23201,""prizeYen"":3300},{""tier"":5,""winners"":290738,""prizeYen"":1000}]"
"loto6","1910","2024-07-04","2 8 24 29 30 31","6","","0","[{""tier"":1,""winners"":1,""prizeYen"":332909800},{""tier"":2,""winners"":5,""prizeYen"":13896500},{""tier"":3,""winners"":219,""prizeYen"":342600},{""tier"":4,""winners"":12224,""prizeYen"":6400},{""tier"":5,""winners"":190945,""prizeYen"":1000}]"
"loto6","1911","2024-07-08","4 8 9 14 16 41","15","","212398251","[{""tier"":1,""winners"":0,""prizeYen"":0},{""tier"":2,""winners"":5,""prizeYen"":12744300},{""tier"":3,""winners"":196,""prizeYen"":351100},{""tier"":4,""winners"":11681,""prizeYen"":6200},{""tier"":5,""winners"":190010,""prizeYen"":1000}]"
"loto6","1912","2024-07-11","1 11 24 29 33 34","4","","454629017","[{""tier"":1,""winners"":0,""prizeYen"":0},{""tier"":2,""winners"":7,""prizeYen"":10381600},{""tier"":3,""winners"":234,""prizeYen"":335300},{""tier"":4,""winners"":10923,""prizeYen"":7500},{""tier"":5,""winners"":180344,""prizeYen"":1000}]"
"loto6","1913","2024-07-15","2 5 22 23 29 33","17","","0","[{""tier"":1,""winners"":2,""prizeYen"":347186900},{""tier"":2,""winners"":10,""prizeYen"":7192500},{""tier"":3,""winners"":253,""prizeYen"":307000},{""tier"":4,""winners"":13362,""prizeYen"":6100},{""tier"":5,""winners"":212688,""prizeYen"":1000}]"
"loto6","1914","2024-07-18","4 10 22 24 36 38","8","","0","[{""tier"":1,""winners"":2,""prizeYen"":106724200},{""tier"":2,""winners"":11,""prizeYen"":5821500},{""tier"":3,""winners"":206,""prizeYen"":335700},{""tier"":4,""winners"":9894,""prizeYen"":7300},{""tier"":5,""winners"":164197,""prizeYen"":1000}]"
"loto6","1915","2024-07-22","4 10 14 19 24 40","15","","212916545","[{""tier"":1,""winners"":0,""prizeYen"":0},{""tier"":2,""winners"":4,""prizeYen"":15969200},{""tier"":3,""winners"":215,""prizeYen"":320800},{""tier"":4,""winners"":10894,""prizeYen"":6600},{""tier"":5,""winners"":163172,""prizeYen"":1000}]"
"loto6","1916","2024-07-25","5 13 18 23 30 39","33","","0","[{""tier"":1,""winners"":1,""prizeYen"":442499500},{""tier"":2,""winners"":12,""prizeYen"":5739700},{""tier"":3,""winners"":292,""prizeYen"":254700},{""tier"":4,""winners"":12724,""prizeYen"":6100},{""tier"":5,""winners"":190803,""prizeYen"":1000}]"
"loto6","1917","2024-07-29","3 12 14 29 30 33","21","","21305800","[{""tier"":1,""winners"":1,""prizeYen"":200000000},{""tier"":2,""winners"":7,""prizeYen"":9484800},{""tier"":3,""winners"":271,""prizeYen"":264500},{""tier"":4,""winners"":12663,""prizeYen"":5900},{""tier"":5,""winners"":192714,""prizeYen"":1000}]"
"loto6","1918","2024-08-01","3 4 5 6 18 20","11","","0","[{""tier"":1,""winners"":6,""prizeYen"":37642000},{""tier"":2,""winners"":23,""prizeYen"":2668000},{""tier"":3,""winners"":404,""prizeYen"":164000},{""tier"":4,""winners"":16771,""prizeYen"":4100},{""tier"":5,""winners"":211902,""prizeYen"":1000}]"
"loto6","1919","2024-08-05","5 17 19 21 38 41","6","","0","[{""tier"":1,""winners"":3,""prizeYen"":70987400},{""tier"":2,""winners"":7,""prizeYen"":9127200},{""tier"":3,""winners"":225,""prizeYen"":306600},{""tier"":4,""winners"":10185,""prizeYen"":7100},{""tier"":5,""winners"":158281,""prizeYen"":1000}]"
"loto6","1920","2024-08-08","6 10 22 23 31 36","37","","0","[{""tier"":1,""winners"":2,""prizeYen"":100599100},{""tier"":2,""winners"":5,""prizeYen"":12072200},{""tier"":3,""winners"":260,""prizeYen"":250700},{""tier"":4,""winners"":11452,""prizeYen"":6000},{""tier"":5,""winners"":172173,""prizeYen"":1000}]"
"loto6","1921","2024-08-12","1 2 13 25 33 41","31","","3992505","[{""tier"":1,""winners"":1,""prizeYen"":200000000},{""tier"":2,""winners"":4,""prizeYen"":15299900},{""tier"":3,""winners"":241,""prizeYen"":274200},{""tier"":4,""winners"":9700,""prizeYen"":7200},{""tier"":5,""winners"":149266,""prizeYen"":1000}]"
"loto6","1922","2024-08-15","3 11 22 31 33 35","13","","212329390","[{""tier"":1,""winners"":0,""prizeYen"":0},{""tier"":2,""winners"":10,""prizeYen"":6250300},{""tier"":3,""winners"":298,""prizeYen"":226500},{""tier"":4,""winners"":11489,""prizeYen"":6200},{""tier"":5,""winners"":170338,""prizeYen"":1000}]"
"loto6","1923","2024-08-19","6 7 18 30 34 37","3","","462281689","[{""tier"":1,""winners"":0,""prizeYen"":0},{""tier"":2,""winners"":5,""prizeYen"":14997600},{""tier"":3,""winners"":198,""prizeYen"":409000},{""tier"":4,""winners"":11074,""prizeYen"":7700},{""tier"":5,""winners"":182470,""prizeYen"":1000}]"
"loto6","1924","2024-08-22","7 16 18 25 26 27","17","","0","[{""tier"":1,""winners"":2,""prizeYen"":356524000},{""tier"":2,""winners"":20,""prizeYen"":3761600},{""tier"":3,""winners"":301,""prizeYen"":269900},{""tier"":4,""winners"":14489,""prizeYen"":5900},{""tier"":5,""winners"":213575,""prizeYen"":1000}]"
"loto6","1925","2024-08-26","5 9 11 18 34 37","22","","211853722","[{""tier"":1,""winners"":0,""prizeYen"":0},{""tier"":2,""winners"":15,""prizeYen"":4237200},{""tier"":3,""winners"":277,""prizeYen"":247700},{""tier"":4,""winners"":12133,""prizeYen"":5900},{""tier"":5,""winners"":185476,""prizeYen"":1000}]"
"loto6","1926","2024-08-29","10 13 18 24 34 37","1","","453132589","[{""tier"":1,""winners"":0,""prizeYen"":0},{""tier"":2,""winners"":3,""prizeYen"":24128600},{""tier"":3,""winners"":239,""prizeYen"":327000},{""tier"":4,""winners"":10993,""prizeYen"":7500},{""tier"":5,""winners"":175688,""prizeYen"":1000}]"
"loto6","1927","2024-09-02","2 11 18 26 32 36","10","","132813201","[{""tier"":1,""winners"":1,""prizeYen"":600000000},{""tier"":2,""winners"":7,""prizeYen"":11986700},{""tier"":3,""winners"":271,""prizeYen"":334300},{""tier"":4,""winners"":14045,""prizeYen"":6800},{""tier"":5,""winners"":219772,""prizeYen"":1000}]"
"loto6","1928","2024-09-05","2 18 20 24 26 29","22","","379755871","[{""tier"":1,""winners"":0,""prizeYen"":0},{""tier"":2,""winners"":6,""prizeYen"":12347500},{""tier"":3,""winners"":175,""prizeYen"":457100},{""tier"":4,""winners"":10554,""prizeYen"":8000},{""tier"":5,""winners"":180699,""prizeYen"":1000}]"
"loto6","1929","2024-09-09","7 10 12 20 40 43","4","","667019502","[{""tier"":1,""winners"":0,""prizeYen"":0},{""tier"":2,""winners"":10,""prizeYen"":8618100},{""tier"":3,""winners"":258,""prizeYen"":360700},{""tier"":4,""winners"":12018,""prizeYen"":8100},{""tier"":5,""winners"":192678,""prizeYen"":1000}]"
"loto6","1930","2024-09-12","5 10 19 23 29 37","11","","0","[{""tier"":1,""winners"":3,""prizeYen"":313326300},{""tier"":2,""winners"":15,""prizeYen"":5459300},{""tier"":3,""winners"":369,""prizeYen"":239600},{""tier"":4,""winners"":16755,""prizeYen"":5500},{""tier"":5,""winners"":249362,""prizeYen"":1000}]"
"loto6","1931","2024-09-16","9 23 27 30 33 41","4","","19052827","[{""tier"":1,""winners"":1,""prizeYen"":200000000},{""tier"":2,""winners"":8,""prizeYen"":8214700},{""tier"":3,""winners"":173,""prizeYen"":410200},{""tier"":4,""winners"":9168,""prizeYen"":8100},{""tier"":5,""winners"":154755,""prizeYen"":1000}]"
"loto6","1932","2024-09-19","1 5 16 20 24 31","29","","0","[{""tier"":1,""winners"":1,""prizeYen"":247212700},{""tier"":2,""winners"":10,""prizeYen"":6845000},{""tier"":3,""winners"":261,""prizeYen"":283200},{""tier"":4,""winners"":11617,""prizeYen"":6700},{""tier"":5,""winners"":178498,""prizeYen"":1000}]"
"loto6","1933","2024-09-23","3 7 9 10 12 30","16","","0","[{""tier"":1,""winners"":3,""prizeYen"":57055600},{""tier"":2,""winners"":18,""prizeYen"":2852800},{""tier"":3,""winners"":748,""prizeYen"":74100},{""tier"":4,""winners"":22295,""prizeYen"":2600},{""tier"":5,""winners"":240816,""prizeYen"":1000}]"
"loto6","1934","2024-09-26","6 13 16 20 27 41","30","","22613429","[{""tier"":1,""winners"":1,""prizeYen"":200000000},{""tier"":2,""winners"":3,""prizeYen"":22262000},{""tier"":3,""winners"":289,""prizeYen"":249500},{""tier"":4,""winners"":10151,""prizeYen"":7500},{""tier"":5,""winners"":156787,""prizeYen"":1000}]"
"loto6","1935","2024-09-30","3 8 12 14 17 40","2","","246101056","[{""tier"":1,""winners"":0,""prizeYen"":0},{""tier"":2,""winners"":7,""prizeYen"":9578300},{""tier"":3,""winners"":224,""prizeYen"":323200},{""tier"":4,""winners"":12312,""prizeYen"":6200},{""tier"":5,""winners"":2014270,""prizeYen"":1000}]"
"loto6","1936","2024-10-03","1 6 19 29 33 35","26","","496665863","[{""tier"":1,""winners"":0,""prizeYen"":0},{""tier"":2,""winners"":4,""prizeYen"":18792900},{""tier"":3,""winners"":189,""prizeYen"":429500},{""tier"":4,""winners"":10886,""prizeYen"":7800},{""tier"":5,""winners"":180864,""prizeYen"":1000}]"
"loto6","1937","2024-10-07","1 9 26 28 31 38","8","","0","[{""tier"":1,""winners"":2,""prizeYen"":391290900},{""tier"":2,""winners"":8,""prizeYen"":10722100},{""tier"":3,""winners"":208,""prizeYen"":445300},{""tier"":4,""winners"":11143,""prizeYen"":8700},{""tier"":5,""winners"":195350,""prizeYen"":1000}]"
"loto6","1938","2024-10-10","5 9 14 32 39 41","24","","18953720","[{""tier"":1,""winners"":1,""prizeYen"":200000000},{""tier"":2,""winners"":9,""prizeYen"":7298600},{""tier"":3,""winners"":234,""prizeYen"":303100},{""tier"":4,""winners"":10125,""prizeYen"":7400},{""tier"":5,""winners"":148890,""prizeYen"":1000}]"
"loto6","1939","2024-10-14","10 22 26 27 29 37","41","","0","[{""tier"":1,""winners"":2,""prizeYen"":122236300},{""tier"":2,""winners"":3,""prizeYen"":22552600},{""tier"":3,""winners"":193,""prizeYen"":378500},{""tier"":4,""winners"":9701,""prizeYen"":7900},{""tier"":5,""winners"":168638,""prizeYen"":1000}]"
"loto6","1940","2024-10-17","2 14 15 25 26 42","9","","16939059","[{""tier"":1,""winners"":1,""prizeYen"":200000000},{""tier"":2,""winners"":10,""prizeYen"":6508300},{""tier"":3,""winners"":309,""prizeYen"":227400},{""tier"":4,""winners"":11787,""prizeYen"":6300},{""tier"":5,""winners"":174482,""prizeYen"":1000}]"
"loto6","1941","2024-10-21","2 12 13 21 23 43","39","","0","[{""tier"":1,""winners"":1,""prizeYen"":245989400},{""tier"":2,""winners"":5,""prizeYen"":13743400},{""tier"":3,""winners"":262,""prizeYen"":283200},{""tier"":4,""winners"":11432,""prizeYen"":6800},{""tier"":5,""winners"":184315,""prizeYen"":1000}]"
"loto6","1942","2024-10-24","1 16 18 26 27 35","29","","217209902","[{""tier"":1,""winners"":0,""prizeYen"":0},{""tier"":2,""winners"":2,""prizeYen"":32582500},{""tier"":3,""winners"":160,""prizeYen"":439800},{""tier"":4,""winners"":9166,""prizeYen"":8100},{""tier"":5,""winners"":153660,""prizeYen"":1000}]"
"loto6","1943","2024-10-28","10 11 17 25 34 38","9","","0","[{""tier"":1,""winners"":2,""prizeYen"":231601500},{""tier"":2,""winners"":9,""prizeYen"":8200000},{""tier"":3,""winners"":358,""prizeYen"":222600},{""tier"":4,""winners"":14161,""prizeYen"":5900},{""tier"":5,""winners"":207875,""prizeYen"":1000}]"
"loto6","1944","2024-10-31","6 11 21 33 39 42","18","","0","[{""tier"":1,""winners"":2,""prizeYen"":105420000},{""tier"":2,""winners"":9,""prizeYen"":7028200},{""tier"":3,""winners"":232,""prizeYen"":284400},{""tier"":4,""winners"":10307,""prizeYen"":7000},{""tier"":5,""winners"":164246,""prizeYen"":1000}]"
"loto6","1945","2024-11-04","1 2 4 14 27 43","41","","0","[{""tier"":1,""winners"":2,""prizeYen"":104034300},{""tier"":2,""winners"":1,""prizeYen"":62422600},{""tier"":3,""winners"":256,""prizeYen"":263300},{""tier"":4,""winners"":11359,""prizeYen"":6200},{""tier"":5,""winners"":176670,""prizeYen"":1000}]"
"loto6","1946","2024-11-07","8 9 11 27 36 38","18","","196432716","[{""tier"":1,""winners"":0,""prizeYen"":0},{""tier"":2,""winners"":10,""prizeYen"":5893100},{""tier"":3,""winners"":251,""prizeYen"":253500},{""tier"":4,""winners"":11780,""prizeYen"":5700},{""tier"":5,""winners"":185328,""prizeYen"":1000}]"
"loto6","1947","2024-11-11","10 24 30 36 37 41","5","","462806084","[{""tier"":1,""winners"":0,""prizeYen"":0},{""tier"":2,""winners"":2,""prizeYen"":39957300},{""tier"":3,""winners"":198,""prizeYen"":435800},{""tier"":4,""winners"":9970,""prizeYen"":9100},{""tier"":5,""winners"":168794,""prizeYen"":1000}]"
"loto6","1948","2024-11-14","18 29 30 38 39 43","40","","0","[{""tier"":1,""winners"":2,""prizeYen"":377664000},{""tier"":2,""winners"":3,""prizeYen"":29253100},{""tier"":3,""winners"":242,""prizeYen"":391600},{""tier"":4,""winners"":9781,""prizeYen"":10200},{""tier"":5,""winners"":168091,""prizeYen"":1000}]"
"loto6","1949","2024-11-18","12 13 17 28 37 43","27","","23903437","[{""tier"":1,""winners"":1,""prizeYen"":200000000},{""tier"":2,""winners"":3,""prizeYen"":22391000},{""tier"":3,""winners"":176,""prizeYen"":412100},{""tier"":4,""winners"":9430,""prizeYen"":8100},{""tier"":5,""winners"":159992,""prizeYen"":1000}]"
"loto6","1950","2024-11-21","9 20 26 28 30 42","6","","257432231","[{""tier"":1,""winners"":0,""prizeYen"":0},{""tier"":2,""winners"":7,""prizeYen"":10008700},{""tier"":3,""winners"":144,""prizeYen"":525400},{""tier"":4,""winners"":7846,""prizeYen"":10100},{""tier"":5,""winners"":143282,""prizeYen"":1000}]"
"loto6","1951","2024-11-25","1 3 6 23 28 35","14","","0","[{""tier"":1,""winners"":1,""prizeYen"":500141700},{""tier"":2,""winners"":8,""prizeYen"":9101900},{""tier"":3,""winners"":280,""prizeYen"":280800},{""tier"":4,""winners"":14140,""prizeYen"":5800},{""tier"":5,""winners"":219313,""prizeYen"":1000}]"
"loto6","1952","2024-11-28","24 25 31 32 34 40","12","","27389705","[{""tier"":1,""winners"":1,""prizeYen"":200000000},{""tier"":2,""winners"":6,""prizeYen"":11369800},{""tier"":3,""winners"":151,""prizeYen"":487900},{""tier"":4,""winners"":7319,""prizeYen"":10600},{""tier"":5,""winners"":127375,""prizeYen"":1000}]"
"loto6","1953","2024-12-02","19 23 29 33 36 40","27","","0","[{""tier"":1,""winners"":1,""prizeYen"":279082400},{""tier"":2,""winners"":7,""prizeYen"":10787100},{""tier"":3,""winners"":204,""prizeYen"":399700},{""tier"":4,""winners"":10031,""prizeYen"":8500},{""tier"":5,""winners"":164497,""prizeYen"":1000}]"
"loto6","1954","2024-12-05","2 10 15 25 35 37","22","","209893841","[{""tier"":1,""winners"":0,""prizeYen"":0},{""tier"":2,""winners"":8,""prizeYen"":7871200},{""tier"":3,""winners"":198,""prizeYen"":343400},{""tier"":4,""winners"":10493,""prizeYen"":6800},{""tier"":5,""winners"":160003,""prizeYen"":1000}]"
"loto6","1955","2024-12-09","11 19 26 28 29 36","1","","463287000","[{""tier"":1,""winners"":0,""prizeYen"":0},{""tier"":2,""winners"":6,""prizeYen"":12670000},{""tier"":3,""winners"":235,""prizeYen"":349300},{""tier"":4,""winners"":11973,""prizeYen"":7200},{""tier"":5,""winners"":197905,""prizeYen"":1000}]"
"loto6","1956","2024-12-12","2 19 21 24 35 42","17","","740760596","[{""tier"":1,""winners"":0,""prizeYen"":0},{""tier"":2,""winners"":11,""prizeYen"":7567700},{""tier"":3,""winners"":322,""prizeYen"":279100},{""tier"":4,""winners"":13655,""prizeYen"":6900},{""tier"":5,""winners"":200037,""prizeYen"":1000}]"
"loto6","1957","2024-12-16","3 4 5 13 34 42","18","","466973777","[{""tier"":1,""winners"":1,""prizeYen"":600000000},{""tier"":2,""winners"":8,""prizeYen"":12233300},{""tier"":3,""winners"":221,""prizeYen"":478200},{""tier"":4,""winners"":15264,""prizeYen"":7300},{""tier"":5,""winners"":254422,""prizeYen"":1000}]"
"loto6","1958","2024-12-19","1 15 16 20 21 25","19","","161134078","[{""tier"":1,""winners"":1,""prizeYen"":600000000},{""tier"":2,""winners"":6,""prizeYen"":14708400},{""tier"":3,""winners"":261,""prizeYen"":365100},{""tier"":4,""winners"":11862,""prizeYen"":8400},{""tier"":5,""winners"":201654,""prizeYen"":1000}]"
"loto6","1959","2024-12-23","19 20 36 40 41 43","22","","0","[{""tier"":1,""winners"":1,""prizeYen"":453644600},{""tier"":2,""winners"":2,""prizeYen"":43878000},{""tier"":3,""winners"":178,""prizeYen"":532400},{""tier"":4,""winners"":8931,""prizeYen"":11200},{""tier"":5,""winners"":149682,""prizeYen"":1000}]"
"loto6","1960","2024-12-26","10 22 27 28 31 32","8","","51986189","[{""tier"":1,""winners"":1,""prizeYen"":200000000},{""tier"":2,""winners"":4,""prizeYen"":18899500},{""tier"":3,""winners"":181,""prizeYen"":451000},{""tier"":4,""winners"":9695,""prizeYen"":8800},{""tier"":5,""winners"":170170,""prizeYen"":1000}]"
"loto6","1961","2024-12-30","11 12 27 28 38 43","10","","0","[{""tier"":1,""winners"":3,""prizeYen"":99354600},{""tier"":2,""winners"":9,""prizeYen"":8202800},{""tier"":3,""winners"":263,""prizeYen"":303100},{""tier"":4,""winners"":12438,""prizeYen"":6700},{""tier"":5,""winners"":197407,""prizeYen"":1000}]"
"loto6","1962","2025-01-06","4 8 19 22 32 37","26","","221083304","[{""tier"":1,""winners"":0,""prizeYen"":0},{""tier"":2,""winners"":9,""prizeYen"":7369600},{""tier"":3,""winners"":262,""prizeYen"":273400},{""tier"":4,""winners"":11441,""prizeYen"":6600},{""tier"":5,""winners"":176426,""prizeYen"":1000}]"
"loto6","1963","2025-01-09","3 4 20 29 35 38","6","","485899223","[{""tier"":1,""winners"":0,""prizeYen"":0},{""tier"":2,""winners"":5,""prizeYen"":15889400},{""tier"":3,""winners"":161,""prizeYen"":532900},{""tier"":4,""winners"":9398,""prizeYen"":9600},{""tier"":5,""winners"":169569,""prizeYen"":1000}]"
"loto6","1964","2025-01-13","2 5 28 33 35 36","34","","0","[{""tier"":1,""winners"":2,""prizeYen"":380755400},{""tier"":2,""winners"":5,""prizeYen"":16537200},{""tier"":3,""winners"":281,""prizeYen"":317700},{""tier"":4,""winners"":12805,""prizeYen"":7300},{""tier"":5,""winners"":213836,""prizeYen"":1000}]"
"loto6","1965","2025-01-16","17 18 20 23 33 43","19","","226335385","[{""tier"":1,""winners"":0,""prizeYen"":0},{""tier"":2,""winners"":2,""prizeYen"":33951400},{""tier"":3,""winners"":135,""prizeYen"":543200},{""tier"":4,""winners"":7763,""prizeYen"":9900},{""tier"":5,""winners"":137810,""prizeYen"":1000}]"
"loto6","1966","2025-01-20","4 12 25 29 34 36","32","","0","[{""tier"":1,""winners"":2,""prizeYen"":245216100},{""tier"":2,""winners"":8,""prizeYen"":9903900},{""tier"":3,""winners"":246,""prizeYen"":347800},{""tier"":4,""winners"":12579,""prizeYen"":7100},{""tier"":5,""winners"":200098,""prizeYen"":1000}]"
"loto6","1967","2025-01-23","3 4 22 26 29 35","37","","208541317","[{""tier"":1,""winners"":0,""prizeYen"":0},{""tier"":2,""winners"":8,""prizeYen"":7820500},{""tier"":3,""winners"":204,""prizeYen"":331200},{""tier"":4,""winners"":10972,""prizeYen"":6500},{""tier"":5,""winners"":172592,""prizeYen"":1000}]"
"loto6","1968","2025-01-27","6 13 15 22 35 41","37","","0","[{""tier"":1,""winners"":1,""prizeYen"":467060300},{""tier"":2,""winners"":4,""prizeYen"":19389500},{""tier"":3,""winners"":259,""prizeYen"":323300},{""tier"":4,""winners"":11600,""prizeYen"":7600},{""tier"":5,""winners"":181112,""prizeYen"":1000}]"
"loto6","1969","2025-01-30","3 7 12 13 35 38","24","","201148825","[{""tier"":1,""winners"":0,""prizeYen"":0},{""tier"":2,""winners"":13,""prizeYen"":4642000},{""tier"":3,""winners"":215,""prizeYen"":303100},{""tier"":4,""winners"":10743,""prizeYen"":6400},{""tier"":5,""winners"":178223,""prizeYen"":1000}]"
"loto6","1970","2025-02-03","11 26 27 31 36 37","42","","0","[{""tier"":1,""winners"":1,""prizeYen"":473982200},{""tier"":2,""winners"":2,""prizeYen"":40926300},{""tier"":3,""winners"":220,""prizeYen"":401800},{""tier"":4,""winners"":11701,""prizeYen"":7900},{""tier"":5,""winners"":196648,""prizeYen"":1000}]"
"loto6","1971","2025-02-06","2 6 9 26 32 36","23","","204356057","[{""tier"":1,""winners"":0,""prizeYen"":0},{""tier"":2,""winners"":14,""prizeYen"":4379200},{""tier"":3,""winners"":271,""prizeYen"":244300},{""tier"":4,""winners"":12116,""prizeYen"":5700},{""tier"":5,""winners"":180000,""prizeYen"":1000}]"
"loto6","1972","2025-02-10","3 14 27 28 32 36","12","","0","[{""tier"":1,""winners"":2,""prizeYen"":232087100},{""tier"":2,""winners"":11,""prizeYen"":7086100},{""tier"":3,""winners"":336,""prizeYen"":250500},{""tier"":4,""winners"":14284,""prizeYen"":6200},{""tier"":5,""winners"":206312,""prizeYen"":1000}]"
"loto6","1973","2025-02-13","7 10 14 27 28 32","4","","205147427","[{""tier"":1,""winners"":0,""prizeYen"":0},{""tier"":2,""winners"":6,""prizeYen"":10257700},{""tier"":3,""winners"":292,""prizeYen"":227600},{""tier"":4,""winners"":13551,""prizeYen"":5100},{""tier"":5,""winners"":183516,""prizeYen"":1000}]"
"loto6","1974","2025-02-17","2 6 13 21 24 30","43","","469420123","[{""tier"":1,""winners"":0,""prizeYen"":0},{""tier"":2,""winners"":6,""prizeYen"":13214000},{""tier"":3,""winners"":313,""prizeYen"":273500},{""tier"":4,""winners"":15614,""prizeYen"":5700},{""tier"":5,""winners"":232116,""prizeYen"":1000}]"
"loto6","1975","2025-02-20","11 13 15 20 35 42","19","","0","[{""tier"":1,""winners"":3,""prizeYen"":254048800},{""tier"":2,""winners"":7,""prizeYen"":12545800},{""tier"":3,""winners"":210,""prizeYen"":451600},{""tier"":4,""winners"":10719,""prizeYen"":9300},{""tier"":5,""winners"":189919,""prizeYen"":1000}]"
"loto6","1976","2025-02-24","4 6 22 30 33 36","2","","15625957","[{""tier"":1,""winners"":1,""prizeYen"":200000000},{""tier"":2,""winners"":2,""prizeYen"":32344900},{""tier"":3,""winners"":222,""prizeYen"":314600},{""tier"":4,""winners"":10492,""prizeYen"":7000},{""tier"":5,""winners"":167538,""prizeYen"":1000}]"
"loto6","1977","2025-02-27","4 14 20 28 29 34","30","","0","[{""tier"":1,""winners"":7,""prizeYen"":37160000},{""tier"":2,""winners"":6,""prizeYen"":12225100},{""tier"":3,""winners"":210,""prizeYen"":377200},{""tier"":4,""winners"":10859,""prizeYen"":7700},{""tier"":5,""winners"":173020,""prizeYen"":1000}]"
"loto6","1978","2025-03-03","23 25 26 30 34 35","12","","46177490","[{""tier"":1,""winners"":1,""prizeYen"":200000000},{""tier"":2,""winners"":2,""prizeYen"":36927800},{""tier"":3,""winners"":160,""prizeYen"":498500},{""tier"":4,""winners"":7633,""prizeYen"":11000},{""tier"":5,""winners"":140461,""prizeYen"":1000}]"
"loto6","1979","2025-03-06","15 18 19 21 37 40","17","","283712254","[{""tier"":1,""winners"":0,""prizeYen"":0},{""tier"":2,""winners"":5,""prizeYen"":14252500},{""tier"":3,""winners"":167,""prizeYen"":460800},{""tier"":4,""winners"":9085,""prizeYen"":8900},{""tier"":5,""winners"":151824,""prizeYen"":1000}]"
"loto6","1980","2025-03-10","1 2 13 19 35 41","3","","0","[{""tier"":1,""winners"":2,""prizeYen"":288235400},{""tier"":2,""winners"":4,""prizeYen"":21957600},{""tier"":3,""winners"":239,""prizeYen"":396800},{""tier"":4,""winners"":11996,""prizeYen"":8300},{""tier"":5,""winners"":202581,""prizeYen"":1000}]"
"loto6","1981","2025-03-13","5 10 15 17 29 41","30","","208586608","[{""tier"":1,""winners"":0,""prizeYen"":0},{""tier"":2,""winners"":9,""prizeYen"":6953100},{""tier"":3,""winners"":171,""prizeYen"":395200},{""tier"":4,""winners"":10254,""prizeYen"":6900},{""tier"":5,""winners"":160545,""prizeYen"":1000}]"
"loto6","1982","2025-03-17","20 21 23 28 32 34","6","","477710057","[{""tier"":1,""winners"":0,""prizeYen"":0},{""tier"":2,""winners"":3,""prizeYen"":26913200},{""tier"":3,""winners"":167,""prizeYen"":522100},{""tier"":4,""winners"":9007,""prizeYen"":10200},{""tier"":5,""winners"":157954,""prizeYen"":1000}]"
"loto6","1983","2025-03-20","3 18 31 36 37 40","23","","747824533","[{""tier"":1,""winners"":0,""prizeYen"":0},{""tier"":2,""winners"":4,""prizeYen"":20259200},{""tier"":3,""winners"":179,""prizeYen"":488900},{""tier"":4,""winners"":10100,""prizeYen"":9100},{""tier"":5,""winners"":174041,""prizeYen"":1000}]"
"loto6","1984","2025-03-24","4 19 28 29 34 40","3","","456522723","[{""tier"":1,""winners"":1,""prizeYen"":600000000},{""tier"":2,""winners"":5,""prizeYen"":18522400},{""tier"":3,""winners"":310,""prizeYen"":322600},{""tier"":4,""winners"":13861,""prizeYen"":7600},{""tier"":5,""winners"":216030,""prizeYen"":1000}]"
"loto6","1985","2025-03-27","1 30 36 37 41 43","33","","745827333","[{""tier"":1,""winners"":0,""prizeYen"":0},{""tier"":2,""winners"":4,""prizeYen"":21698500},{""tier"":3,""winners"":155,""prizeYen"":604700},{""tier"":4,""winners"":8786,""prizeYen"":11200},{""tier"":5,""winners"":152020,""prizeYen"":1000}]"
"loto6","1986","2025-03-31","14 20 29 31 41 42","24","","1057592440","[{""tier"":1,""winners"":0,""prizeYen"":0},{""tier"":2,""winners"":6,""prizeYen"":15588700},{""tier"":3,""winners"":211,""prizeYen"":478700},{""tier"":4,""winners"":10627,""prizeYen"":10000},{""tier"":5,""winners"":184279,""prizeYen"":1000}]"
"loto6","1987","2025-04-03","8 12 25 28 32 42","27","","753645824","[{""tier"":1,""winners"":1,""prizeYen"":600000000},{""tier"":2,""winners"":4,""prizeYen"":22204700},{""tier"":3,""winners"":349,""prizeYen"":274800},{""tier"":4,""winners"":16113,""prizeYen"":6200},{""tier"":5,""winners"":249001,""prizeYen"":1000}]"
"loto6","1988","2025-04-07","6 20 23 24 33 35","27","","447886685","[{""tier"":1,""winners"":1,""prizeYen"":600000000},{""tier"":2,""winners"":7,""prizeYen"":12610700},{""tier"":3,""winners"":233,""prizeYen"":409100},{""tier"":4,""winners"":13636,""prizeYen"":7300},{""tier"":5,""winners"":221858,""prizeYen"":1000}]"
"loto6","1989","2025-04-10","15 17 23 29 35 43","8","","721346489","[{""tier"":1,""winners"":0,""prizeYen"":0},{""tier"":2,""winners"":12,""prizeYen"":6836700},{""tier"":3,""winners"":262,""prizeYen"":338100},{""tier"":4,""winners"":11276,""prizeYen"":8300},{""tier"":5,""winners"":181594,""prizeYen"":1000}]"
"loto6","1990","2025-04-14","6 9 15 19 24 40","30","","400711088","[{""tier"":1,""winners"":1,""prizeYen"":600000000},{""tier"":2,""winners"":7,""prizeYen"":11973100},{""tier"":3,""winners"":309,""prizeYen"":292900},{""tier"":4,""winners"":14668,""prizeYen"":6500},{""tier"":5,""winners"":230369,""prizeYen"":1000}]"
"loto6","1991","2025-04-17","1 5 12 16 17 40","4","","0","[{""tier"":1,""winners"":2,""prizeYen"":333146900},{""tier"":2,""winners"":3,""prizeYen"":26559100},{""tier"":3,""winners"":278,""prizeYen"":309500},{""tier"":4,""winners"":12511,""prizeYen"":7200},{""tier"":5,""winners"":208004,""prizeYen"":1000}]"
"loto6","1992","2025-04-21","9 11 18 21 27 34","13","","0","[{""tier"":1,""winners"":2,""prizeYen"":107593400},{""tier"":2,""winners"":6,""prizeYen"":10759600},{""tier"":3,""winners"":290,""prizeYen"":240400},{""tier"":4,""winners"":13380,""prizeYen"":5500},{""tier"":5,""winners"":194321,""prizeYen"":1000}]"
"loto6","1993","2025-04-24","7 12 13 35 37 42","31","","14616653","[{""tier"":1,""winners"":1,""prizeYen"":200000000},{""tier"":2,""winners"":4,""prizeYen"":16096700},{""tier"":3,""winners"":205,""prizeYen"":339100},{""tier"":4,""winners"":9632,""prizeYen"":7600},{""tier"":5,""winners"":156719,""prizeYen"":1000}]"
"loto6","1994","2025-04-28","10 11 13 16 24 26","12","","0","[{""tier"":1,""winners"":1,""prizeYen"":243750300},{""tier"":2,""winners"":6,""prizeYen"":11457000},{""tier"":3,""winners"":243,""prizeYen"":305500},{""tier"":4,""winners"":11995,""prizeYen"":6500},{""tier"":5,""winners"":193990,""prizeYen"":1000}]"
"loto6","1995","2025-05-01","2 4 8 26 27 37","19","","0","[{""tier"":1,""winners"":3,""prizeYen"":66525400},{""tier"":2,""winners"":11,""prizeYen"":5443100},{""tier"":3,""winners"":294,""prizeYen"":219900},{""tier"":4,""winners"":13244,""prizeYen"":5100},{""tier"":5,""winners"":205361,""prizeYen"":1000}]"
"loto6","1996","2025-05-05","6 17 26 28 33 34","20","","0","[{""tier"":1,""winners"":2,""prizeYen"":105651300},{""tier"":2,""winners"":7,""prizeYen"":9056100},{""tier"":3,""winners"":215,""prizeYen"":318400},{""tier"":4,""winners"":10299,""prizeYen"":7000},{""tier"":5,""winners"":161024,""prizeYen"":1000}]"
"loto6","1997","2025-05-08","5 16 17 28 36 40","14","","216449935","[{""tier"":1,""winners"":0,""prizeYen"":0},{""tier"":2,""winners"":4,""prizeYen"":16234200},{""tier"":3,""winners"":243,""prizeYen"":288500},{""tier"":4,""winners"":10860,""prizeYen"":6800},{""tier"":5,""winners"":159161,""prizeYen"":1000}]"
"loto6","1998","2025-05-12","1 4 6 9 20 43","21","","468895009","[{""tier"":1,""winners"":0,""prizeYen"":0},{""tier"":2,""winners"":8,""prizeYen"":9467000},{""tier"":3,""winners"":339,""prizeYen"":241200},{""tier"":4,""winners"":15697,""prizeYen"":5500},{""tier"":5,""winners"":221407,""prizeYen"":1000}]"
"loto6","1999","2025-05-15","17 31 34 35 36 38","2","","756752052","[{""tier"":1,""winners"":0,""prizeYen"":0},{""tier"":2,""winners"":4,""prizeYen"":21589900},{""tier"":3,""winners"":164,""prizeYen"":568600},{""tier"":4,""winners"":8953,""prizeYen"":11000},{""tier"":5,""winners"":153346,""prizeYen"":1000}]"
"loto6","2000","2025-05-19","1 2 16 21 25 35","22","","1053097181","[{""tier"":1,""winners"":0,""prizeYen"":0},{""tier"":2,""winners"":3,""prizeYen"":29635400},{""tier"":3,""winners"":251,""prizeYen"":382500},{""tier"":4,""winners"":12337,""prizeYen"":8200},{""tier"":5,""winners"":206276,""prizeYen"":1000}]"
"loto6","2001","2025-05-22","13 21 24 26 34 36","20","","755578703","[{""tier"":1,""winners"":1,""prizeYen"":600000000},{""tier"":2,""winners"":4,""prizeYen"":22686800},{""tier"":3,""winners"":264,""prizeYen"":371200},{""tier"":4,""winners"":13087,""prizeYen"":7900},{""tier"":5,""winners"":215342,""prizeYen"":1000}]"
"loto6","2002","2025-05-26","1 17 19 23 36 42","15","","1059361065","[{""tier"":1,""winners"":0,""prizeYen"":0},{""tier"":2,""winners"":6,""prizeYen"":15189600},{""tier"":3,""winners"":296,""prizeYen"":332500},{""tier"":4,""winners"":12726,""prizeYen"":8100},{""tier"":5,""winners"":209910,""prizeYen"":1000}]"
"loto6","2003","2025-05-29","1 5 10 13 35 40","39","","0","[{""tier"":1,""winners"":5,""prizeYen"":272022200},{""tier"":2,""winners"":2,""prizeYen"":45113900},{""tier"":3,""winners"":277,""prizeYen"":351700},{""tier"":4,""winners"":13487,""prizeYen"":7600},{""tier"":5,""winners"":222715,""prizeYen"":1000}]"
"loto6","2004","2025-06-02","16 18 25 27 31 36","7","","237113181","[{""tier"":1,""winners"":0,""prizeYen"":0},{""tier"":2,""winners"":12,""prizeYen"":5928000},{""tier"":3,""winners"":194,""prizeYen"":396000},{""tier"":4,""winners"":10751,""prizeYen"":7500},{""tier"":5,""winners"":167295,""prizeYen"":1000}]"
"loto6","2005","2025-06-05","3 7 18 27 33 34","6","","480117370","[{""tier"":1,""winners"":0,""prizeYen"":0},{""tier"":2,""winners"":10,""prizeYen"":7290300},{""tier"":3,""winners"":403,""prizeYen"":195300},{""tier"":4,""winners"":16493,""prizeYen"":5000},{""tier"":5,""winners"":227754,""prizeYen"":1000}]"
"loto6","2006","2025-06-09","4 7 19 22 26 28","33","","0","[{""tier"":1,""winners"":2,""prizeYen"":366756500},{""tier"":2,""winners"":18,""prizeYen"":4223400},{""tier"":3,""winners"":423,""prizeYen"":194000},{""tier"":4,""winners"":18834,""prizeYen"":4600},{""tier"":5,""winners"":261834,""prizeYen"":1000}]"
"loto6","2007","2025-06-12","6 18 23 24 30 35","38","","2290785","[{""tier"":1,""winners"":1,""prizeYen"":200000000},{""tier"":2,""winners"":5,""prizeYen"":12137800},{""tier"":3,""winners"":305,""prizeYen"":214800},{""tier"":4,""winners"":12826,""prizeYen"":5400},{""tier"":5,""winners"":174837,""prizeYen"":1000}]"
"loto6","2008","2025-06-16","5 8 9 17 22 36","30","","0","[{""tier"":1,""winners"":1,""prizeYen"":212980400},{""tier"":2,""winners"":15,""prizeYen"":4213900},{""tier"":3,""winners"":403,""prizeYen"":169300},{""tier"":4,""winners"":16397,""prizeYen"":4300},{""tier"":5,""winners"":232774,""prizeYen"":1000}]"
"loto6","2009","2025-06-19","8 17 20 35 36 40","12","","0","[{""tier"":1,""winners"":2,""prizeYen"":110607700},{""tier"":2,""winners"":5,""prizeYen"":13273300},{""tier"":3,""winners"":173,""prizeYen"":414200},{""tier"":4,""winners"":9240,""prizeYen"":8100},{""tier"":5,""winners"":148204,""prizeYen"":1000}]"
"loto6","2010","2025-06-23","9 15 24 29 31 40","13","","228495598","[{""tier"":1,""winners"":0,""prizeYen"":0},{""tier"":2,""winners"":3,""prizeYen"":22850300},{""tier"":3,""winners"":208,""prizeYen"":355900},{""tier"":4,""winners"":9717,""prizeYen"":8000},{""tier"":5,""winners"":153689,""prizeYen"":1000}]"
"loto6","2011","2025-06-26","12 14 18 24 30 42","4","","0","[{""tier"":1,""winners"":1,""prizeYen"":482082100},{""tier"":2,""winners"":13,""prizeYen"":5852100},{""tier"":3,""winners"":292,""prizeYen"":281300},{""tier"":4,""winners"":12185,""prizeYen"":7100},{""tier"":5,""winners"":185280,""prizeYen"":1000}]"
"loto6","2012","2025-06-30","1 14 20 36 38 41","30","","50715673","[{""tier"":1,""winners"":1,""prizeYen"":200000000},{""tier"":2,""winners"":1,""prizeYen"":75217100},{""tier"":3,""winners"":118,""prizeYen"":688400},{""tier"":4,""winners"":7433,""prizeYen"":11500},{""tier"":5,""winners"":136879,""prizeYen"":1000}]"
"loto6","2013","2025-07-03","7 12 30 31 39 43","42","","0","[{""tier"":1,""winners"":2,""prizeYen"":144542500},{""tier"":2,""winners"":1,""prizeYen"":71513100},{""tier"":3,""winners"":170,""prizeYen"":454300},{""tier"":4,""winners"":9667,""prizeYen"":8400},{""tier"":5,""winners"":159724,""prizeYen"":1000}]"
"loto6","2014","2025-07-07","7 11 21 24 29 34","40","","18491184","[{""tier"":1,""winners"":1,""prizeYen"":200000000},{""tier"":2,""winners"":1,""prizeYen"":65549500},{""tier"":3,""winners"":226,""prizeYen"":313200},{""tier"":4,""winners"":12073,""prizeYen"":6100},{""tier"":5,""winners"":193672,""prizeYen"":1000}]"
"loto6","2015","2025-07-10","6 8 13 16 20 23","26","","0","[{""tier"":1,""winners"":4,""prizeYen"":55995600},{""tier"":2,""winners"":10,""prizeYen"":6164900},{""tier"":3,""winners"":480,""prizeYen"":138700},{""tier"":4,""winners"":12155,""prizeYen"":5700},{""tier"":5,""winners"":193300,""prizeYen"":1000}]"
"loto6","2016","2025-07-14","10 13 27 31 40 42","1","","229213996","[{""tier"":1,""winners"":0,""prizeYen"":0},{""tier"":2,""winners"":4,""prizeYen"":17191600},{""tier"":3,""winners"":163,""prizeYen"":455600},{""tier"":4,""winners"":8088,""prizeYen"":9700},{""tier"":5,""winners"":140198,""prizeYen"":1000}]"
"loto6","2017","2025-07-17","2 4 11 22 24 35","8","","0","[{""tier"":1,""winners"":3,""prizeYen"":148608000},{""tier"":2,""winners"":18,""prizeYen"":3610200},{""tier"":3,""winners"":384,""prizeYen"":182700},{""tier"":4,""winners"":15751,""prizeYen"":4700},{""tier"":5,""winners"":222132,""prizeYen"":1000}]"
"loto6","2018","2025-07-21","1 2 14 21 22 33","37","","0","[{""tier"":1,""winners"":2,""prizeYen"":102179200},{""tier"":2,""winners"":6,""prizeYen"":10218200},{""tier"":3,""winners"":227,""prizeYen"":291600},{""tier"":4,""winners"":10619,""prizeYen"":6500},{""tier"":5,""winners"":159437,""prizeYen"":1000}]"
"loto6","2019","2025-07-24","7 13 14 21 39 42","9","","0","[{""tier"":1,""winners"":2,""prizeYen"":109854100},{""tier"":2,""winners"":9,""prizeYen"":7323800},{""tier"":3,""winners"":248,""prizeYen"":287000},{""tier"":4,""winners"":11742,""prizeYen"":6400},{""tier"":5,""winners"":160438,""prizeYen"":1000}]"
"loto6","2020","2025-07-28","5 21 23 28 38 39","32","","222163139","[{""tier"":1,""winners"":0,""prizeYen"":0},{""tier"":2,""winners"":1,""prizeYen"":66651100},{""tier"":3,""winners"":176,""prizeYen"":408900},{""tier"":4,""winners"":9360,""prizeYen"":8100},{""tier"":5,""winners"":157824,""prizeYen"":1000}]"
"loto6","2021","2025-07-31","2 17 22 29 30 43","31","","473732119","[{""tier"":1,""winners"":0,""prizeYen"":0},{""tier"":2,""winners"":8,""prizeYen"":9434100},{""tier"":3,""winners"":216,""prizeYen"":377300},{""tier"":4,""winners"":10525,""prizeYen"":8100},{""tier"":5,""winners"":171200,""prizeYen"":1000}]"
"loto6","2022","2025-08-04","2 3 18 26 31 33","30","","0","[{""tier"":1,""winners"":2,""prizeYen"":370901400},{""tier"":2,""winners"":5,""prizeYen"":16084700},{""tier"":3,""winners"":261,""prizeYen"":332700},{""tier"":4,""winners"":13919,""prizeYen"":6500},{""tier"":5,""winners"":223217,""prizeYen"":1000}]"
"loto6","2023","2025-08-07","1 20 28 29 31 43","5","","25586133","[{""tier"":1,""winners"":1,""prizeYen"":2000000000},{""tier"":2,""winners"":1,""prizeYen"":67678000},{""tier"":3,""winners"":152,""prizeYen"":480800},{""tier"":4,""winners"":7976,""prizeYen"":9600},{""tier"":5,""winners"":132339,""prizeYen"":1000}]"
"loto6","2024","2025-08-11","10 13 16 29 34 42","21","","0","[{""tier"":1,""winners"":2,""prizeYen"":130661400},{""tier"":2,""winners"":8,""prizeYen"":8840400},{""tier"":3,""winners"":191,""prizeYen"":399800},{""tier"":4,""winners"":8973,""prizeYen"":8900},{""tier"":5,""winners"":149650,""prizeYen"":1000}]"
"loto6","2025","2025-08-14","12 18 26 28 41 43","35","","208136262","[{""tier"":1,""winners"":0,""prizeYen"":0},{""tier"":2,""winners"":2,""prizeYen"":31221400},{""tier"":3,""winners"":140,""prizeYen"":481600},{""tier"":4,""winners"":7663,""prizeYen"":9200},{""tier"":5,""winners"":135664,""prizeYen"":1000}]"
"loto6","2026","2025-08-18","2 5 8 11 20 26","28","","0","[{""tier"":1,""winners"":6,""prizeYen"":71626100},{""tier"":2,""winners"":20,""prizeYen"":3324400},{""tier"":3,""winners"":649,""prizeYen"":110600},{""tier"":4,""winners"":21880,""prizeYen"":3400},{""tier"":5,""winners"":265529,""prizeYen"":1000}]"
"loto6","2027","2025-08-21","5 12 18 23 34 39","13","","1142580","[{""tier"":1,""winners"":1,""prizeYen"":200000000},{""tier"":2,""winners"":7,""prizeYen"":8620600},{""tier"":3,""winners"":389,""prizeYen"":167500},{""tier"":4,""winners"":12260,""prizeYen"":5600},{""tier"":5,""winners"":169488,""prizeYen"":1000}]"
"loto6","2028","2025-08-25","6 10 12 19 21 42","16","","216271318","[{""tier"":1,""winners"":0,""prizeYen"":0},{""tier"":2,""winners"":6,""prizeYen"":10756700},{""tier"":3,""winners"":334,""prizeYen"":208600},{""tier"":4,""winners"":15152,""prizeYen"":4800},{""tier"":5,""winners"":208583,""prizeYen"":1000}]"
"loto6","2029","2025-08-28","7 21 31 36 40 43","41","","81535997","[{""tier"":1,""winners"":1,""prizeYen"":488049000},{""tier"":2,""winners"":0,""prizeYen"":0},{""tier"":3,""winners"":162,""prizeYen"":543500},{""tier"":4,""winners"":9379,""prizeYen"":9900},{""tier"":5,""winners"":164175,""prizeYen"":1000}]"
"loto6","2030","2025-09-01","3 7 28 29 32 36","13","","324569514","[{""tier"":1,""winners"":0,""prizeYen"":0},{""tier"":2,""winners"":4,""prizeYen"":18228100},{""tier"":3,""winners"":264,""prizeYen"":298200},{""tier"":4,""winners"":12618,""prizeYen"":6500},{""tier"":5,""winners"":198695,""prizeYen"":1000}]"
"loto6","2031","2025-09-04","2 3 16 20 23 29","27","","0","[{""tier"":1,""winners"":3,""prizeYen"":194184800},{""tier"":2,""winners"":6,""prizeYen"":12899600},{""tier"":3,""winners"":298,""prizeYen"":280400},{""tier"":4,""winners"":14158,""prizeYen"":6200},{""tier"":5,""winners"":218931,""prizeYen"":1000}]"
"loto6","2032","2025-09-08","8 15 27 33 37 39","31","","23188375","[{""tier"":1,""winners"":1,""prizeYen"":200000000},{""tier"":2,""winners"":7,""prizeYen"":9565500},{""tier"":3,""winners"":366,""prizeYen"":197500},{""tier"":4,""winners"":12928,""prizeYen"":5900},{""tier"":5,""winners"":182907,""prizeYen"":1000}]"
"loto6","2033","2025-09-11","5 16 21 22 33 35","26","","0","[{""tier"":1,""winners"":3,""prizeYen"":85086700},{""tier"":2,""winners"":7,""prizeYen"":9946200},{""tier"":3,""winners"":242,""prizeYen"":310700},{""tier"":4,""winners"":10699,""prizeYen"":7400},{""tier"":5,""winners"":167344,""prizeYen"":1000}]"
"loto6","2034","2025-09-15","2 13 22 25 35 37","17","","0","[{""tier"":1,""winners"":2,""prizeYen"":106154000},{""tier"":2,""winners"":9,""prizeYen"":7077100},{""tier"":3,""winners"":198,""prizeYen"":347400},{""tier"":4,""winners"":10984,""prizeYen"":6600},{""tier"":5,""winners"":163768,""prizeYen"":1000}]"
"loto6","2035","2025-09-18","5 10 12 17 21 35","9","","196961791","[{""tier"":1,""winners"":0,""prizeYen"":0},{""tier"":2,""winners"":9,""prizeYen"":6565600},{""tier"":3,""winners"":286,""prizeYen"":223100},{""tier"":4,""winners"":12973,""prizeYen"":5100},{""tier"":5,""winners"":187195,""prizeYen"":1000}]"
"loto6","2036","2025-09-22","7 10 17 26 35 42","33","","0","[{""tier"":1,""winners"":1,""prizeYen"":454612800},{""tier"":2,""winners"":7,""prizeYen"":11042500},{""tier"":3,""winners"":275,""prizeYen"":303500},{""tier"":4,""winners"":11927,""prizeYen"":7300},{""tier"":5,""winners"":193947,""prizeYen"":1000}]"
"loto6","2037","2025-09-25","7 12 20 23 27 29","10","","195374667","[{""tier"":1,""winners"":0,""prizeYen"":0},{""tier"":2,""winners"":3,""prizeYen"":19538100},{""tier"":3,""winners"":251,""prizeYen"":252100},{""tier"":4,""winners"":12515,""prizeYen"":5300},{""tier"":5,""winners"":188891,""prizeYen"":1000}]"
"loto6","2038","2025-09-29","5 31 37 39 41 42","33","","0","[{""tier"":1,""winners"":1,""prizeYen"":468137300},{""tier"":2,""winners"":10,""prizeYen"":8183100},{""tier"":3,""winners"":156,""prizeYen"":566500},{""tier"":4,""winners"":8779,""prizeYen"":10600},{""tier"":5,""winners"":152703,""prizeYen"":1000}]"
"loto6","2039","2025-10-02","2 15 25 27 38 42","22","","215395177","[{""tier"":1,""winners"":0,""prizeYen"":0},{""tier"":2,""winners"":11,""prizeYen"":5874600},{""tier"":3,""winners"":271,""prizeYen"":257500},{""tier"":4,""winners"":11331,""prizeYen"":6500},{""tier"":5,""winners"":169403,""prizeYen"":1000}]"
"loto6","2040","2025-10-06","7 12 14 15 24 30","32","","0","[{""tier"":1,""winners"":1,""prizeYen"":474998900},{""tier"":2,""winners"":8,""prizeYen"":9735400},{""tier"":3,""winners"":301,""prizeYen"":279400},{""tier"":4,""winners"":14739,""prizeYen"":6000},{""tier"":5,""winners"":229684,""prizeYen"":1000}]"
"loto6","2041","2025-10-09","4 19 22 24 32 38","11","","209502018","[{""tier"":1,""winners"":0,""prizeYen"":0},{""tier"":2,""winners"":13,""prizeYen"":4834800},{""tier"":3,""winners"":233,""prizeYen"":291300},{""tier"":4,""winners"":10452,""prizeYen"":6800},{""tier"":5,""winners"":156707,""prizeYen"":1000}]"
"loto6","2042","2025-10-13","9 14 29 38 41 43","12","","0","[{""tier"":1,""winners"":1,""prizeYen"":470308700},{""tier"":2,""winners"":5,""prizeYen"":15648900},{""tier"":3,""winners"":179,""prizeYen"":472000},{""tier"":4,""winners"":9622,""prizeYen"":9200},{""tier"":5,""winners"":157062,""prizeYen"":1000}]"
"loto6","2043","2025-10-16","11 19 22 34 40 42","31","","223699102","[{""tier"":1,""winners"":0,""prizeYen"":0},{""tier"":2,""winners"":5,""prizeYen"":13422300},{""tier"":3,""winners"":183,""prizeYen"":306000},{""tier"":4,""winners"":8573,""prizeYen"":8900},{""tier"":5,""winners"":142617,""prizeYen"":1000}]"
"loto6","2044","2025-10-20","1 6 11 26 33 40","14","","484403623","[{""tier"":1,""winners"":0,""prizeYen"":0},{""tier"":2,""winners"":6,""prizeYen"":13035600},{""tier"":3,""winners"":291,""prizeYen"":290200},{""tier"":4,""winners"":13818,""prizeYen"":6400},{""tier"":5,""winners"":212520,""prizeYen"":1000}]"
"loto6","2045","2025-10-23","1 4 7 12 16 28","19","","0","[{""tier"":1,""winners"":3,""prizeYen"":239377600},{""tier"":2,""winners"":14,""prizeYen"":5008600},{""tier"":3,""winners"":596,""prizeYen"":127000},{""tier"":4,""winners"":21477,""prizeYen"":3700},{""tier"":5,""winners"":272776,""prizeYen"":1000}]"
"loto6","2046","2025-10-27","2 5 10 22 25 38","14","","0","[{""tier"":1,""winners"":3,""prizeYen"":65800600},{""tier"":2,""winners"":21,""prizeYen"":2820100},{""tier"":3,""winners"":470,""prizeYen"":136000},{""tier"":4,""winners"":16168,""prizeYen"":4100},{""tier"":5,""winners"":209575,""prizeYen"":1000}]"
"loto6","2047","2025-10-30","10 11 16 19 37 39","27","","210723088","[{""tier"":1,""winners"":0,""prizeYen"":0},{""tier"":2,""winners"":3,""prizeYen"":21072900},{""tier"":3,""winners"":165,""prizeYen"":413700},{""tier"":4,""winners"":8955,""prizeYen"":8000},{""tier"":5,""winners"":155144,""prizeYen"":1000}]"
"loto6","2048","2025-11-03","8 13 18 32 37 43","27","","468334806","[{""tier"":1,""winners"":0,""prizeYen"":0},{""tier"":2,""winners"":7,""prizeYen"":11040800},{""tier"":3,""winners"":162,""prizeYen"":515200},{""tier"":4,""winners"":10649,""prizeYen"":8200},{""tier"":5,""winners"":175084,""prizeYen"":1000}]"
"loto6","2049","2025-11-06","10 24 25 39 40 42","19","","753434862","[{""tier"":1,""winners"":0,""prizeYen"":0},{""tier"":2,""winners"":9,""prizeYen"":9503600},{""tier"":3,""winners"":190,""prizeYen"":486100},{""tier"":4,""winners"":10720,""prizeYen"":9100},{""tier"":5,""winners"":179593,""prizeYen"":1000}]"
"loto6","2050","2025-11-10","6 11 15 21 25 32","5","","1053519923","[{""tier"":1,""winners"":0,""prizeYen"":0},{""tier"":2,""winners"":10,""prizeYen"":9002800},{""tier"":3,""winners"":309,""prizeYen"":314600},{""tier"":4,""winners"":15774,""prizeYen"":6500},{""tier"":5,""winners"":248843,""prizeYen"":1000}]"
"loto6","2051","2025-11-13","3 15 27 28 31 39","20","","176502270","[{""tier"":1,""winners"":2,""prizeYen"":600000000},{""tier"":2,""winners"":15,""prizeYen"":6459800},{""tier"":3,""winners"":481,""prizeYen"":217500},{""tier"":4,""winners"":17971,""prizeYen"":6100},{""tier"":5,""winners"":258708,""prizeYen"":1000}]"
"loto6","2052","2025-11-17","1 3 18 25 30 34","10","","437181358","[{""tier"":1,""winners"":0,""prizeYen"":0},{""tier"":2,""winners"":5,""prizeYen"":15641200},{""tier"":3,""winners"":240,""prizeYen"":351900},{""tier"":4,""winners"":12225,""prizeYen"":7300},{""tier"":5,""winners"":195372,""prizeYen"":1000}]"
"loto6","2053","2025-11-20","20 28 31 35 37 41","13","","724468616","[{""tier"":1,""winners"":0,""prizeYen"":0},{""tier"":2,""winners"":4,""prizeYen"":21547200},{""tier"":3,""winners"":145,""prizeYen"":641900},{""tier"":4,""winners"":9252,""prizeYen"":10600},{""tier"":5,""winners"":162769,""prizeYen"":1000}]"
"loto6","2054","2025-11-24","1 14 27 30 33 37","23","","429996617","[{""tier"":1,""winners"":1,""prizeYen"":600000000},{""tier"":2,""winners"":1,""prizeYen"":91661400},{""tier"":3,""winners"":239,""prizeYen"":414100},{""tier"":4,""winners"":12213,""prizeYen"":8500},{""tier"":5,""winners"":203450,""prizeYen"":1000}]"
"loto6","2055","2025-11-27","11 12 14 17 21 26","2","","693711520","[{""tier"":1,""winners"":0,""prizeYen"":0},{""tier"":2,""winners"":9,""prizeYen"":8790700},{""tier"":3,""winners"":258,""prizeYen"":331100},{""tier"":4,""winners"":13553,""prizeYen"":6600},{""tier"":5,""winners"":227553,""prizeYen"":1000}]"
"loto6","2056","2025-12-01","3 7 15 17 19 30","38","","386535047","[{""tier"":1,""winners"":1,""prizeYen"":600000000},{""tier"":2,""winners"":6,""prizeYen"":14641600},{""tier"":3,""winners"":408,""prizeYen"":232500},{""tier"":4,""winners"":17973,""prizeYen"":5500},{""tier"":5,""winners"":262734,""prizeYen"":1000}]"
"loto6","2057","2025-12-04","5 7 21 22 38 41","24","","0","[{""tier"":1,""winners"":3,""prizeYen"":217303700},{""tier"":2,""winners"":7,""prizeYen"":11373600},{""tier"":3,""winners"":263,""prizeYen"":326900},{""tier"":4,""winners"":13310,""prizeYen"":6800},{""tier"":5,""winners"":207944,""prizeYen"":1000}]"
"loto6","2058","2025-12-08","9 12 14 16 19 42","18","","0","[{""tier"":1,""winners"":2,""prizeYen"":115587500},{""tier"":2,""winners"":4,""prizeYen"":17338600},{""tier"":3,""winners"":171,""prizeYen"":438000},{""tier"":4,""winners"":9488,""prizeYen"":8300},{""tier"":5,""winners"":172385,""prizeYen"":1000}]"
"loto6","2059","2025-12-11","2 13 26 28 38 43","3","","0","[{""tier"":1,""winners"":2,""prizeYen"":110548300},{""tier"":2,""winners"":6,""prizeYen"":11055100},{""tier"":3,""winners"":193,""prizeYen"":371100},{""tier"":4,""winners"":10577,""prizeYen"":7100},{""tier"":5,""winners"":161791,""prizeYen"":1000}]"
"loto6","2060","2025-12-15","8 16 22 40 41 42","10","","43279462","[{""tier"":1,""winners"":1,""prizeYen"":200000000},{""tier"":2,""winners"":7,""prizeYen"":10426600},{""tier"":3,""winners"":164,""prizeYen"":480600},{""tier"":4,""winners"":8955,""prizeYen"":9300},{""tier"":5,""winners"":147543,""prizeYen"":1000}]"
"loto6","2061","2025-12-18","5 6 13 21 33 34","40","","0","[{""tier"":1,""winners"":1,""prizeYen"":276436400},{""tier"":2,""winners"":3,""prizeYen"":23316400},{""tier"":3,""winners"":319,""prizeYen"":236800},{""tier"":4,""winners"":11939,""prizeYen"":6600},{""tier"":5,""winners"":182215,""prizeYen"":1000}]"
"loto6","2062","2025-12-22","1 9 18 24 35 42","8","","48674501","[{""tier"":1,""winners"":1,""prizeYen"":200000000},{""tier"":2,""winners"":11,""prizeYen"":6782200},{""tier"":3,""winners"":292,""prizeYen"":275900},{""tier"":4,""winners"":12385,""prizeYen"":6800},{""tier"":5,""winners"":192461,""prizeYen"":1000}]"
"loto6","2063","2025-12-25","4 28 29 30 38 42","15","","313298859","[{""tier"":1,""winners"":0,""prizeYen"":0},{""tier"":2,""winners"":6,""prizeYen"":13231600},{""tier"":3,""winners"":144,""prizeYen"":595400},{""tier"":4,""winners"":9010,""prizeYen"":10000},{""tier"":5,""winners"":162075,""prizeYen"":1000}]"
"loto6","2064","2025-12-29","2 7 24 37 39 41","3","","5920512","[{""tier"":1,""winners"":1,""prizeYen"":600000000},{""tier"":2,""winners"":12,""prizeYen"":7315700},{""tier"":3,""winners"":264,""prizeYen"":359100},{""tier"":4,""winners"":14217,""prizeYen"":7000},{""tier"":5,""winners"":227361,""prizeYen"":1000}]"
"loto6","2065","2026-01-05","6 18 21 31 37 40","3","","259218384","[{""tier"":1,""winners"":0,""prizeYen"":0},{""tier"":2,""winners"":5,""prizeYen"":15198300},{""tier"":3,""winners"":215,""prizeYen"":381700},{""tier"":4,""winners"":10741,""prizeYen"":8000},{""tier"":5,""winners"":178338,""prizeYen"":1000}]"
"loto6","2066","2026-01-08","8 28 30 32 37 38","5","","0","[{""tier"":1,""winners"":1,""prizeYen"":542887200},{""tier"":2,""winners"":4,""prizeYen"":21275800},{""tier"":3,""winners"":156,""prizeYen"":589100},{""tier"":4,""winners"":10434,""prizeYen"":9300},{""tier"":5,""winners"":185431,""prizeYen"":1000}]"
"loto6","2067","2026-01-12","3 4 12 15 32 42","31","","221877669","[{""tier"":1,""winners"":0,""prizeYen"":0},{""tier"":2,""winners"":6,""prizeYen"":11094200},{""tier"":3,""winners"":195,""prizeYen"":368600},{""tier"":4,""winners"":10677,""prizeYen"":7100},{""tier"":5,""winners"":185401,""prizeYen"":1000}]"
"loto6","2068","2026-01-15","2 10 13 14 29 33","32","","484491749","[{""tier"":1,""winners"":0,""prizeYen"":0},{""tier"":2,""winners"":6,""prizeYen"":13131100},{""tier"":3,""winners"":378,""prizeYen"":225000},{""tier"":4,""winners"":14922,""prizeYen"":6000},{""tier"":5,""winners"":223597,""prizeYen"":1000}]"
"loto6","2069","2026-01-19","6 17 23 27 33 35","4","","0","[{""tier"":1,""winners"":9,""prizeYen"":86819200},{""tier"":2,""winners"":11,""prizeYen"":8097000},{""tier"":3,""winners"":361,""prizeYen"":266400},{""tier"":4,""winners"":15509,""prizeYen"":6500},{""tier"":5,""winners"":241214,""prizeYen"":1000}]"
"loto6","2070","2026-01-22","6 10 25 30 34 36","12","","21907185","[{""tier"":1,""winners"":1,""prizeYen"":200000000},{""tier"":2,""winners"":9,""prizeYen"":7397100},{""tier"":3,""winners"":151,""prizeYen"":476100},{""tier"":4,""winners"":8966,""prizeYen"":8400},{""tier"":5,""winners"":156035,""prizeYen"":1000}]"
"loto6","2071","2026-01-26","15 24 29 32 33 35","14","","273871384","[{""tier"":1,""winners"":0,""prizeYen"":0},{""tier"":2,""winners"":4,""prizeYen"":18897900},{""tier"":3,""winners"":253,""prizeYen"":322600},{""tier"":4,""winners"":11221,""prizeYen"":7600},{""tier"":5,""winners"":177707,""prizeYen"":1000}]"
"loto6","2072","2026-01-29","8 18 24 36 40 42","43","","538049454","[{""tier"":1,""winners"":0,""prizeYen"":0},{""tier"":2,""winners"":6,""prizeYen"":13209300},{""tier"":3,""winners"":306,""prizeYen"":279700},{""tier"":4,""winners"":12711,""prizeYen"":7100},{""tier"":5,""winners"":188758,""prizeYen"":1000}]"
"loto6","2073","2026-02-02","2 12 14 24 26 29","8","","826984918","[{""tier"":1,""winners"":0,""prizeYen"":0},{""tier"":2,""winners"":13,""prizeYen"":6667900},{""tier"":3,""winners"":378,""prizeYen"":247600},{""tier"":4,""winners"":17612,""prizeYen"":5600},{""tier"":5,""winners"":270616,""prizeYen"":1000}]"
"loto6","2074","2026-02-05","5 6 16 26 27 36","11","","0","[{""tier"":1,""winners"":4,""prizeYen"":281563500},{""tier"":2,""winners"":18,""prizeYen"":4987900},{""tier"":3,""winners"":649,""prizeYen"":149400},{""tier"":4,""winners"":19672,""prizeYen"":5200},{""tier"":5,""winners"":263713,""prizeYen"":1000}]"
"loto6","2075","2026-02-09","7 10 14 16 35 37","11","","222215112","[{""tier"":1,""winners"":0,""prizeYen"":0},{""tier"":2,""winners"":2,""prizeYen"":33333300},{""tier"":3,""winners"":177,""prizeYen"":406700},{""tier"":4,""winners"":10275,""prizeYen"":7400},{""tier"":5,""winners"":169978,""prizeYen"":1000}]"
"loto6","2076","2026-02-12","1 9 20 22 28 41","30","","0","[{""tier"":1,""winners"":5,""prizeYen"":94842000},{""tier"":2,""winners"":7,""prizeYen"":10800100},{""tier"":3,""winners"":579,""prizeYen"":141000},{""tier"":4,""winners"":14943,""prizeYen"":5700},{""tier"":5,""winners"":195735,""prizeYen"":1000}]"
"loto6","2077","2026-02-16","17 18 23 24 26 43","10","","238876055","[{""tier"":1,""winners"":0,""prizeYen"":0},{""tier"":2,""winners"":4,""prizeYen"":17916200},{""tier"":3,""winners"":155,""prizeYen"":499300},{""tier"":4,""winners"":9258,""prizeYen"":8800},{""tier"":5,""winners"":161757,""prizeYen"":1000}]"
"loto6","2078","2026-02-19","1 10 20 24 30 35","41","","0","[{""tier"":1,""winners"":1,""prizeYen"":495292100},{""tier"":2,""winners"":6,""prizeYen"":12821200},{""tier"":3,""winners"":245,""prizeYen"":339000},{""tier"":4,""winners"":12042,""prizeYen"":7200},{""tier"":5,""winners"":181113,""prizeYen"":1000}]"
"loto6","2079","2026-02-23","5 11 15 17 24 39","31","","207185202","[{""tier"":1,""winners"":0,""prizeYen"":0},{""tier"":2,""winners"":16,""prizeYen"":3884800},{""tier"":3,""winners"":311,""prizeYen"":215800},{""tier"":4,""winners"":13225,""prizeYen"":5300},{""tier"":5,""winners"":195301,""prizeYen"":1000}]"
"loto6","2080","2026-02-26","6 12 30 36 37 38","8","","0","[{""tier"":1,""winners"":1,""prizeYen"":455170700},{""tier"":2,""winners"":10,""prizeYen"":7439800},{""tier"":3,""winners"":241,""prizeYen"":333300},{""tier"":4,""winners"":13400,""prizeYen"":6300},{""tier"":5,""winners"":198415,""prizeYen"":1000}]"
"loto6","2081","2026-03-02","14 31 32 37 41 42","22","","247024989","[{""tier"":1,""winners"":0,""prizeYen"":0},{""tier"":2,""winners"":3,""prizeYen"":24703300},{""tier"":3,""winners"":154,""prizeYen"":519700},{""tier"":4,""winners"":8262,""prizeYen"":10200},{""tier"":5,""winners"":140455,""prizeYen"":1000}]"
"loto6","2082","2026-03-05","5 11 14 19 25 40","17","","0","[{""tier"":1,""winners"":2,""prizeYen"":266807600},{""tier"":2,""winners"":6,""prizeYen"":14329900},{""tier"":3,""winners"":293,""prizeYen"":316900},{""tier"":4,""winners"":14596,""prizeYen"":6700},{""tier"":5,""winners"":232454,""prizeYen"":1000}]"
"loto6","2083","2026-03-09","8 10 13 17 26 29","43","","210243220","[{""tier"":1,""winners"":0,""prizeYen"":0},{""tier"":2,""winners"":7,""prizeYen"":9010700},{""tier"":3,""winners"":302,""prizeYen"":225500},{""tier"":4,""winners"":13544,""prizeYen"":5300},{""tier"":5,""winners"":199383,""prizeYen"":1000}]"
"loto6","2084","2026-03-12","8 17 18 19 30 39","9","","462516068","[{""tier"":1,""winners"":0,""prizeYen"":0},{""tier"":2,""winners"":8,""prizeYen"":9460500},{""tier"":3,""winners"":290,""prizeYen"":281800},{""tier"":4,""winners"":11789,""prizeYen"":7300},{""tier"":5,""winners"":183453,""prizeYen"":1000}]"
"loto6","2085","2026-03-16","6 8 13 26 35 43","14","","131403738","[{""tier"":1,""winners"":1,""prizeYen"":600000000},{""tier"":2,""winners"":3,""prizeYen"":26889600},{""tier"":3,""winners"":276,""prizeYen"":315600},{""tier"":4,""winners"":12985,""prizeYen"":7000},{""tier"":5,""winners"":208313,""prizeYen"":1000}]"
"loto6","2086","2026-03-19","4 11 19 28 39 40","6","","377168743","[{""tier"":1,""winners"":0,""prizeYen"":0},{""tier"":2,""winners"":15,""prizeYen"":4915400},{""tier"":3,""winners"":296,""prizeYen"":269000},{""tier"":4,""winners"":12723,""prizeYen"":6600},{""tier"":5,""winners"":188055,""prizeYen"":1000}]"
"loto6","2087","2026-03-23","7 10 15 18 26 39","13","","31193795","[{""tier"":1,""winners"":1,""prizeYen"":600000000},{""tier"":2,""winners"":9,""prizeYen"":8467700},{""tier"":3,""winners"":302,""prizeYen"":272500},{""tier"":4,""winners"":14390,""prizeYen"":6000},{""tier"":5,""winners"":216634,""prizeYen"":1000}]"
"loto6","2088","2026-03-26","8 16 18 27 37 39","29","","0","[{""tier"":1,""winners"":3,""prizeYen"":85315200},{""tier"":2,""winners"":11,""prizeYen"":6129800},{""tier"":3,""winners"":282,""prizeYen"":258200},{""tier"":4,""winners"":12626,""prizeYen"":6000},{""tier"":5,""winners"":184969,""prizeYen"":1000}]"
"loto6","2089","2026-03-30","9 16 18 32 37 43","13","","236800230","[{""tier"":1,""winners"":0,""prizeYen"":0},{""tier"":2,""winners"":11,""prizeYen"":6458300},{""tier"":3,""winners"":162,""prizeYen"":473500},{""tier"":4,""winners"":9049,""prizeYen"":8900},{""tier"":5,""winners"":151757,""prizeYen"":1000}]"
"loto6","2090","2026-04-02","2 3 6 9 24 36","5","","0","[{""tier"":1,""winners"":1,""prizeYen"":449917100},{""tier"":2,""winners"":8,""prizeYen"":7992100},{""tier"":3,""winners"":476,""prizeYen"":145000},{""tier"":4,""winners"":19544,""prizeYen"":3700},{""tier"":5,""winners"":251566,""prizeYen"":1000}]"
"loto6","2091","2026-04-06","6 16 21 25 28 43","9","","227840393","[{""tier"":1,""winners"":0,""prizeYen"":0},{""tier"":2,""winners"":2,""prizeYen"":34177100},{""tier"":3,""winners"":187,""prizeYen"":394700},{""tier"":4,""winners"":9022,""prizeYen"":8600},{""tier"":5,""winners"":160010,""prizeYen"":1000}]"
"loto6","2092","2026-04-09","8 13 27 36 37 43","3","","480712171","[{""tier"":1,""winners"":0,""prizeYen"":0},{""tier"":2,""winners"":6,""prizeYen"":12644000},{""tier"":3,""winners"":264,""prizeYen"":310300},{""tier"":4,""winners"":11718,""prizeYen"":7300},{""tier"":5,""winners"":181007,""prizeYen"":1000}]"
"loto6","2093","2026-04-13","2 10 21 26 29 38","12","","751519994","[{""tier"":1,""winners"":0,""prizeYen"":0},{""tier"":2,""winners"":16,""prizeYen"":5077800},{""tier"":3,""winners"":329,""prizeYen"":266600},{""tier"":4,""winners"":14455,""prizeYen"":6400},{""tier"":5,""winners"":224282,""prizeYen"":1000}]"
"loto6","2094","2026-04-16","3 4 7 11 24 30","16","","0","[{""tier"":1,""winners"":5,""prizeYen"":200321600},{""tier"":2,""winners"":18,""prizeYen"":4168200},{""tier"":3,""winners"":710,""prizeYen"":114100},{""tier"":4,""winners"":25626,""prizeYen"":3300},{""tier"":5,""winners"":316889,""prizeYen"":1000}]"
"loto6","2095","2026-04-20","13 20 22 23 28 30","29","","242447428","[{""tier"":1,""winners"":0,""prizeYen"":0},{""tier"":2,""winners"":5,""prizeYen"":14547300},{""tier"":3,""winners"":175,""prizeYen"":448800},{""tier"":4,""winners"":8524,""prizeYen"":9700},{""tier"":5,""winners"":153085,""prizeYen"":1000}]"
"loto6","2096","2026-04-23","8 15 18 21 33 43","38","","493922051","[{""tier"":1,""winners"":0,""prizeYen"":0},{""tier"":2,""winners"":6,""prizeYen"":12574100},{""tier"":3,""winners"":239,""prizeYen"":340900},{""tier"":4,""winners"":12495,""prizeYen"":6800},{""tier"":5,""winners"":190942,""prizeYen"":1000}]"
"loto6","2097","2026-04-27","3 20 24 27 34 42","37","","785838686","[{""tier"":1,""winners"":0,""prizeYen"":0},{""tier"":2,""winners"":4,""prizeYen"":21894400},{""tier"":3,""winners"":261,""prizeYen"":362300},{""tier"":4,""winners"":12217,""prizeYen"":8100},{""tier"":5,""winners"":202554,""prizeYen"":1000}]"
"loto6","2098","2026-04-30","1 6 15 18 19 42","24","","0","[{""tier"":1,""winners"":2,""prizeYen"":536215400},{""tier"":2,""winners"":18,""prizeYen"":4776600},{""tier"":3,""winners"":254,""prizeYen"":365500},{""tier"":4,""winners"":14486,""prizeYen"":6700},{""tier"":5,""winners"":235925,""prizeYen"":1000}]"
"loto6","2099","2026-05-04","19 21 34 36 39 42","43","","245719871","[{""tier"":1,""winners"":0,""prizeYen"":0},{""tier"":2,""winners"":2,""prizeYen"":36859100},{""tier"":3,""winners"":126,""prizeYen"":631800},{""tier"":4,""winners"":7983,""prizeYen"":10500},{""tier"":5,""winners"":139177,""prizeYen"":1000}]"
"loto6","2100","2026-05-07","8 17 24 32 35 41","28","","0","[{""tier"":1,""winners"":5,""prizeYen"":100644600},{""tier"":2,""winners"":15,""prizeYen"":5150200},{""tier"":3,""winners"":461,""prizeYen"":180900},{""tier"":4,""winners"":15912,""prizeYen"":5500},{""tier"":5,""winners"":212199,""prizeYen"":1000}]"
"loto6","2101","2026-05-11","1 17 29 33 40 42","21","","0","[{""tier"":1,""winners"":2,""prizeYen"":119417600},{""tier"":2,""winners"":3,""prizeYen"":23884300},{""tier"":3,""winners"":158,""prizeYen"":489700},{""tier"":4,""winners"":8609,""prizeYen"":9400},{""tier"":5,""winners"":143366,""prizeYen"":1000}]"
"loto6","2102","2026-05-14","18 21 25 28 30 43","8","","23538243","[{""tier"":1,""winners"":1,""prizeYen"":200000000},{""tier"":2,""winners"":8,""prizeYen"":8382900},{""tier"":3,""winners"":148,""prizeYen"":489300},{""tier"":4,""winners"":8874,""prizeYen"":8600},{""tier"":5,""winners"":147401,""prizeYen"":1000}]"
"loto6","2103","2026-05-18","1 2 4 5 8 38","39","","0","[{""tier"":1,""winners"":2,""prizeYen"":121423400},{""tier"":2,""winners"":6,""prizeYen"":10965700},{""tier"":3,""winners"":523,""prizeYen"":135800},{""tier"":4,""winners"":18465,""prizeYen"":4000},{""tier"":5,""winners"":234935,""prizeYen"":1000}]"
"loto6","2104","2026-05-21","18 19 21 25 28 34","4","","15845051","[{""tier"":1,""winners"":1,""prizeYen"":200000000},{""tier"":2,""winners"":9,""prizeYen"":7195000},{""tier"":3,""winners"":180,""prizeYen"":388500},{""tier"":4,""winners"":9725,""prizeYen"":7500},{""tier"":5,""winners"":153283,""prizeYen"":1000}]"
"loto6","2105","2026-05-25","5 26 28 30 36 40","32","","267091381","[{""tier"":1,""winners"":0,""prizeYen"":0},{""tier"":2,""winners"":5,""prizeYen"":15075200},{""tier"":3,""winners"":159,""prizeYen"":511900},{""tier"":4,""winners"":8406,""prizeYen"":10200},{""tier"":5,""winners"":151323,""prizeYen"":1000}]"
"loto6","2106","2026-05-28","1 6 17 27 34 43","24","","0","[{""tier"":1,""winners"":2,""prizeYen"":261492400},{""tier"":2,""winners"":12,""prizeYen"":6397500},{""tier"":3,""winners"":269,""prizeYen"":308200},{""tier"":4,""winners"":12294,""prizeYen"":7100},{""tier"":5,""winners"":193814,""prizeYen"":1000}]"
"loto6","2107","2026-06-01","5 8 27 32 36 39","38","","33399525","[{""tier"":1,""winners"":1,""prizeYen"":200000000},{""tier"":2,""winners"":6,""prizeYen"":11670300},{""tier"":3,""winners"":241,""prizeYen"":313700},{""tier"":4,""winners"":11251,""prizeYen"":7100},{""tier"":5,""winners"":181175,""prizeYen"":1000}]"
"loto6","2108","2026-06-04","2 5 10 15 28 43","27","","0","[{""tier"":1,""winners"":3,""prizeYen"":83434500},{""tier"":2,""winners"":6,""prizeYen"":10845500},{""tier"":3,""winners"":313,""prizeYen"":224500},{""tier"":4,""winners"":13552,""prizeYen"":5400},{""tier"":5,""winners"":195451,""prizeYen"":1000}]"
"loto6","2109","2026-06-08","6 11 19 31 38 41","3","","17268406","[{""tier"":1,""winners"":1,""prizeYen"":200000000},{""tier"":2,""winners"":6,""prizeYen"":10863700},{""tier"":3,""winners"":234,""prizeYen"":300800},{""tier"":4,""winners"":10718,""prizeYen"":6900},{""tier"":5,""winners"":171685,""prizeYen"":1000}]"
"loto6","2110","2026-06-11","3 9 18 35 36 40","29","","0","[{""tier"":1,""winners"":2,""prizeYen"":124941200},{""tier"":2,""winners"":4,""prizeYen"":17446600},{""tier"":3,""winners"":217,""prizeYen"":347300},{""tier"":4,""winners"":11138,""prizeYen"":7100},{""tier"":5,""winners"":167812,""prizeYen"":1000}]"
"loto6","2111","2026-06-15","1 5 8 12 37 43","36","","207517626","[{""tier"":1,""winners"":0,""prizeYen"":0},{""tier"":2,""winners"":5,""prizeYen"":12451400},{""tier"":3,""winners"":259,""prizeYen"":259500},{""tier"":4,""winners"":13929,""prizeYen"":5100},{""tier"":5,""winners"":216748,""prizeYen"":1000}]"
"loto6","2112","2026-06-18","3 7 8 27 31 40","18","","455366461","[{""tier"":1,""winners"":0,""prizeYen"":0},{""tier"":2,""winners"":4,""prizeYen"":18589200},{""tier"":3,""winners"":293,""prizeYen"":274000},{""tier"":4,""winners"":14317,""prizeYen"":5900},{""tier"":5,""winners"":218891,""prizeYen"":1000}]"
"loto6","2113","2026-06-22","2 5 32 36 38 42","14","","744495484","[{""tier"":1,""winners"":0,""prizeYen"":0},{""tier"":2,""winners"":8,""prizeYen"":10842600},{""tier"":3,""winners"":225,""prizeYen"":416300},{""tier"":4,""winners"":12885,""prizeYen"":7600},{""tier"":5,""winners"":213988,""prizeYen"":1000}]"
"loto6","2114","2026-06-25","2 16 20 21 23 33","43","","0","[{""tier"":1,""winners"":2,""prizeYen"":525897600},{""tier"":2,""winners"":8,""prizeYen"":11524100},{""tier"":3,""winners"":313,""prizeYen"":318000},{""tier"":4,""winners"":13496,""prizeYen"":7700},{""tier"":5,""winners"":212254,""prizeYen"":1000}]"
"loto6","2115","2026-06-29","1 3 11 34 35 42","23","","228591918","[{""tier"":1,""winners"":0,""prizeYen"":0},{""tier"":2,""winners"":8,""prizeYen"":8572400},{""tier"":3,""winners"":171,""prizeYen"":433100},{""tier"":4,""winners"":10071,""prizeYen"":7700},{""tier"":5,""winners"":168868,""prizeYen"":1000}]"
"loto6","2116","2026-07-02","2 6 13 14 20 42","10","","0","[{""tier"":1,""winners"":1,""prizeYen"":485666100},{""tier"":2,""winners"":7,""prizeYen"":11017800},{""tier"":3,""winners"":226,""prizeYen"":368500},{""tier"":4,""winners"":12948,""prizeYen"":6700},{""tier"":5,""winners"":216056,""prizeYen"":1000}]"
"loto6","2117","2026-07-06","4 7 26 27 35 41","34","","230386799","[{""tier"":1,""winners"":0,""prizeYen"":0},{""tier"":2,""winners"":4,""prizeYen"":17279500},{""tier"":3,""winners"":213,""prizeYen"":350400},{""tier"":4,""winners"":11374,""prizeYen"":6900},{""tier"":5,""winners"":181867,""prizeYen"":1000}]"
"loto6","2118","2026-07-09","1 5 8 35 36 37","24","","482140962","[{""tier"":1,""winners"":0,""prizeYen"":0},{""tier"":2,""winners"":6,""prizeYen"":12588100},{""tier"":3,""winners"":323,""prizeYen"":252500},{""tier"":4,""winners"":14687,""prizeYen"":5800},{""tier"":5,""winners"":223868,""prizeYen"":1000}]"
"loto6","2119","2026-07-13","15 18 20 22 30 38","42","","177434948","[{""tier"":1,""winners"":1,""prizeYen"":600000000},{""tier"":2,""winners"":2,""prizeYen"":44295500},{""tier"":3,""winners"":193,""prizeYen"":495700},{""tier"":4,""winners"":11079,""prizeYen"":9100},{""tier"":5,""winners"":192434,""prizeYen"":1000}]"
"loto6","2120","2026-07-16","3 8 13 14 16 43","26","","418643783","[{""tier"":1,""winners"":0,""prizeYen"":0},{""tier"":2,""winners"":9,""prizeYen"":8040500},{""tier"":3,""winners"":195,""prizeYen"":400700},{""tier"":4,""winners"":11417,""prizeYen"":7200},{""tier"":5,""winners"":201006,""prizeYen"":1000}]"
"loto6","2121","2026-07-20","1 3 10 17 25 26","36","","78463295","[{""tier"":1,""winners"":1,""prizeYen"":600000000},{""tier"":2,""winners"":11,""prizeYen"":7086200},{""tier"":3,""winners"":479,""prizeYen"":175700},{""tier"":4,""winners"":17960,""prizeYen"":4900},{""tier"":5,""winners"":251843,""prizeYen"":1000}]"
"loto6","2122","2026-07-23","12 15 18 21 26 32","41","","311395743","[{""tier"":1,""winners"":0,""prizeYen"":0},{""tier"":2,""winners"":8,""prizeYen"":8735200},{""tier"":3,""winners"":224,""prizeYen"":336900},{""tier"":4,""winners"":10717,""prizeYen"":7400},{""tier"":5,""winners"":174785,""prizeYen"":1000}]"
"loto6","2123","2026-07-27","1 2 4 25 37 40","43","","0","[{""tier"":1,""winners"":2,""prizeYen"":293335100},{""tier"":2,""winners"":8,""prizeYen"":10323100},{""tier"":3,""winners"":194,""prizeYen"":459700},{""tier"":4,""winners"":10917,""prizeYen"":8600},{""tier"":5,""winners"":194406,""prizeYen"":1000}]"
"loto6","2124","2026-07-30","6 20 29 36 37 41","19","","219914692","[{""tier"":1,""winners"":0,""prizeYen"":0},{""tier"":2,""winners"":8,""prizeYen"":8247000},{""tier"":3,""winners"":165,""prizeYen"":431800},{""tier"":4,""winners"":8005,""prizeYen"":9400},{""tier"":5,""winners"":134914,""prizeYen"":1000}]"
"loto6","2125","2026-08-03","3 22 25 28 30 43","39","","489963936","[{""tier"":1,""winners"":0,""prizeYen"":0},{""tier"":2,""winners"":7,""prizeYen"":11573900},{""tier"":3,""winners"":241,""prizeYen"":363000},{""tier"":4,""winners"":11686,""prizeYen"":7900},{""tier"":5,""winners"":192692,""prizeYen"":1000}]"
"loto6","2126","2026-08-06","18 20 22 35 37 42","24","","163194603","[{""tier"":1,""winners"":1,""prizeYen"":600000000},{""tier"":2,""winners"":4,""prizeYen"":20492900},{""tier"":3,""winners"":240,""prizeYen"":368800},{""tier"":4,""winners"":11134,""prizeYen"":8400},{""tier"":5,""winners"":187447,""prizeYen"":1000}]"
