game,drawNumber,drawDate,mainNumbers,bonusNumbers,salesAmount,carryoverAmount,prizeTiers
"loto7","1","2013-04-05","7 10 12 17 23 28 34","3 15","","0","[{""tier"":1,""winners"":1,""prizeYen"":301716500},{""tier"":2,""winners"":24,""prizeYen"":4144600},{""tier"":3,""winners"":168,""prizeYen"":828900},{""tier"":4,""winners"":8254,""prizeYen"":9800},{""tier"":5,""winners"":115022,""prizeYen"":1700},{""tier"":6,""winners"":189593,""prizeYen"":900}]"
"loto7","2","2013-04-12","20 24 29 31 33 34 35","12 32","","247506600","[{""tier"":1,""winners"":0,""prizeYen"":0},{""tier"":2,""winners"":3,""prizeYen"":27968500},{""tier"":3,""winners"":63,""prizeYen"":1864500},{""tier"":4,""winners"":3631,""prizeYen"":18900},{""tier"":5,""winners"":67155,""prizeYen"":2500},{""tier"":6,""winners"":122990,""prizeYen"":1200}]"
"loto7","3","2013-04-19","2 7 8 11 14 23 31","5 15","","646583065","[{""tier"":1,""winners"":0,""prizeYen"":0},{""tier"":2,""winners"":15,""prizeYen"":8717200},{""tier"":3,""winners"":218,""prizeYen"":839700},{""tier"":4,""winners"":9957,""prizeYen"":10700},{""tier"":5,""winners"":147796,""prizeYen"":1700},{""tier"":6,""winners"":252702,""prizeYen"":900}]"
"loto7","4","2013-04-26","12 13 22 23 24 28 29","2 14","","1055636845","[{""tier"":1,""winners"":0,""prizeYen"":0},{""tier"":2,""winners"":6,""prizeYen"":22730100},{""tier"":3,""winners"":132,""prizeYen"":1446400},{""tier"":4,""winners"":7217,""prizeYen"":15500},{""tier"":5,""winners"":127060,""prizeYen"":2100},{""tier"":6,""winners"":217162,""prizeYen"":1100}]"
"loto7","5","2013-05-03","1 3 4 5 16 21 28","22 31","","1502479900","[{""tier"":1,""winners"":0,""prizeYen"":0},{""tier"":2,""winners"":13,""prizeYen"":11525600},{""tier"":3,""winners"":217,""prizeYen"":966600},{""tier"":4,""winners"":10451,""prizeYen"":11700},{""tier"":5,""winners"":163965,""prizeYen"":1800},{""tier"":6,""winners"":239669,""prizeYen"":1100}]"
"loto7","6","2013-05-10","5 15 19 23 30 34 35","6 25","","1975256125","[{""tier"":1,""winners"":0,""prizeYen"":0},{""tier"":2,""winners"":13,""prizeYen"":12174300},{""tier"":3,""winners"":166,""prizeYen"":1334700},{""tier"":4,""winners"":9111,""prizeYen"":14200},{""tier"":5,""winners"":158890,""prizeYen"":2000},{""tier"":6,""winners"":271441,""prizeYen"":1000}]"
"loto7","7","2013-05-17","1 3 5 7 27 29 33","6 15","","41801960","[{""tier"":1,""winners"":3,""prizeYen"":800000000},{""tier"":2,""winners"":18,""prizeYen"":8835900},{""tier"":3,""winners"":209,""prizeYen"":1065300},{""tier"":4,""winners"":10300,""prizeYen"":12600},{""tier"":5,""winners"":164712,""prizeYen"":1900},{""tier"":6,""winners"":287966,""prizeYen"":1000}]"
"loto7","8","2013-05-24","2 21 28 29 30 32 36","6 8","","390672500","[{""tier"":1,""winners"":0,""prizeYen"":0},{""tier"":2,""winners"":4,""prizeYen"":28966000},{""tier"":3,""winners"":98,""prizeYen"":1655100},{""tier"":4,""winners"":5628,""prizeYen"":16900},{""tier"":5,""winners"":98454,""prizeYen"":2300},{""tier"":6,""winners"":201752,""prizeYen"":1000}]"
"loto7","9","2013-05-31","3 4 15 23 27 30 36","13 35","","0","[{""tier"":1,""winners"":2,""prizeYen"":380111200},{""tier"":2,""winners"":4,""prizeYen"":30883600},{""tier"":3,""winners"":201,""prizeYen"":860400},{""tier"":4,""winners"":8281,""prizeYen"":12200},{""tier"":5,""winners"":129548,""prizeYen"":1900},{""tier"":6,""winners"":213199,""prizeYen"":1000}]"
"loto7","10","2013-06-07","1 2 3 6 24 28 30","16 20","","321524240","[{""tier"":1,""winners"":0,""prizeYen"":0},{""tier"":2,""winners"":4,""prizeYen"":26389000},{""tier"":3,""winners"":147,""prizeYen"":1005200},{""tier"":4,""winners"":6861,""prizeYen"":12600},{""tier"":5,""winners"":113261,""prizeYen"":1800},{""tier"":6,""winners"":166137,""prizeYen"":1100}]"
"loto7","11","2013-06-14","9 15 26 29 32 34 36","14 35","","0","[{""tier"":1,""winners"":1,""prizeYen"":707670400},{""tier"":2,""winners"":6,""prizeYen"":20977400},{""tier"":3,""winners"":138,""prizeYen"":1276800},{""tier"":4,""winners"":6700,""prizeYen"":15400},{""tier"":5,""winners"":112138,""prizeYen"":2200},{""tier"":6,""winners"":211430,""prizeYen"":1000}]"
"loto7","12","2013-06-21","11 12 14 19 26 27 33","24 32","","0","[{""tier"":1,""winners"":1,""prizeYen"":296535200},{""tier"":2,""winners"":9,""prizeYen"":11274500},{""tier"":3,""winners"":198,""prizeYen"":717400},{""tier"":4,""winners"":7888,""prizeYen"":10500},{""tier"":5,""winners"":111522,""prizeYen"":1800},{""tier"":6,""winners"":167040,""prizeYen"":1100}]"
"loto7","13","2013-06-28","6 10 16 21 27 28 35","15 34","","297797015","[{""tier"":1,""winners"":0,""prizeYen"":0},{""tier"":2,""winners"":8,""prizeYen"":12556800},{""tier"":3,""winners"":116,""prizeYen"":1212300},{""tier"":4,""winners"":6420,""prizeYen"":12800},{""tier"":5,""winners"":102857,""prizeYen"":1900},{""tier"":6,""winners"":180788,""prizeYen"":1000}]"
"loto7","14","2013-07-05","4 7 8 9 24 28 30","34 36","","0","[{""tier"":1,""winners"":2,""prizeYen"":316971200},{""tier"":2,""winners"":16,""prizeYen"":7259000},{""tier"":3,""winners"":206,""prizeYen"":789300},{""tier"":4,""winners"":9151,""prizeYen"":10400},{""tier"":5,""winners"":138034,""prizeYen"":1700},{""tier"":6,""winners"":208315,""prizeYen"":1000}]"
"loto7","15","2013-07-12","2 10 14 17 23 25 35","8 29","","0","[{""tier"":1,""winners"":2,""prizeYen"":139246400},{""tier"":2,""winners"":10,""prizeYen"":9268900},{""tier"":3,""winners"":112,""prizeYen"":1158600},{""tier"":4,""winners"":5732,""prizeYen"":13200},{""tier"":5,""winners"":92282,""prizeYen"":2000},{""tier"":6,""winners"":176674,""prizeYen"":900}]"
"loto7","16","2013-07-19","5 6 9 13 16 21 23","8 34","","0","[{""tier"":1,""winners"":1,""prizeYen"":259314500},{""tier"":2,""winners"":4,""prizeYen"":21862000},{""tier"":3,""winners"":105,""prizeYen"":1165900},{""tier"":4,""winners"":4943,""prizeYen"":14500},{""tier"":5,""winners"":83727,""prizeYen"":2100},{""tier"":6,""winners"":151462,""prizeYen"":1000}]"
"loto7","17","2013-07-26","2 3 5 22 34 36 37","7 15","","257444175","[{""tier"":1,""winners"":0,""prizeYen"":0},{""tier"":2,""winners"":4,""prizeYen"":20977700},{""tier"":3,""winners"":90,""prizeYen"":1305200},{""tier"":4,""winners"":4666,""prizeYen"":14700},{""tier"":5,""winners"":77221,""prizeYen"":2200},{""tier"":6,""winners"":169662,""prizeYen"":800}]"
"loto7","18","2013-08-02","12 17 21 24 29 31 36","20 26","","0","[{""tier"":1,""winners"":4,""prizeYen"":138991400},{""tier"":2,""winners"":6,""prizeYen"":16682100},{""tier"":3,""winners"":217,""prizeYen"":645700},{""tier"":4,""winners"":6847,""prizeYen"":1200},{""tier"":5,""winners"":97855,""prizeYen"":2000},{""tier"":6,""winners"":147556,""prizeYen"":1200}]"
"loto7","19","2013-08-09","2 14 19 20 21 22 31","1 15","","234808895","[{""tier"":1,""winners"":0,""prizeYen"":0},{""tier"":2,""winners"":4,""prizeYen"":19848700},{""tier"":3,""winners"":76,""prizeYen"":1462500},{""tier"":4,""winners"":3806,""prizeYen"":17100},{""tier"":5,""winners"":64380,""prizeYen"":2500},{""tier"":6,""winners"":114009,""prizeYen"":1200}]"
"loto7","20","2013-08-16","2 5 13 20 21 23 28","11 22","","536318350","[{""tier"":1,""winners"":0,""prizeYen"":0},{""tier"":2,""winners"":7,""prizeYen"":14478600},{""tier"":3,""winners"":127,""prizeYen"":1117200},{""tier"":4,""winners"":8054,""prizeYen"":10300},{""tier"":5,""winners"":106761,""prizeYen"":1900},{""tier"":6,""winners"":175616,""prizeYen"":1000}]"
"loto7","21","2013-08-23","1 9 13 15 25 30 33","19 28","","95906390","[{""tier"":1,""winners"":1,""prizeYen"":800000000},{""tier"":2,""winners"":10,""prizeYen"":12244200},{""tier"":3,""winners"":132,""prizeYen"":1298600},{""tier"":4,""winners"":6801,""prizeYen"":14700},{""tier"":5,""winners"":112769,""prizeYen"":2200},{""tier"":6,""winners"":194579,""prizeYen"":1100}]"
"loto7","22","2013-08-30","2 4 8 9 15 23 25","3 10","","392492300","[{""tier"":1,""winners"":0,""prizeYen"":0},{""tier"":2,""winners"":14,""prizeYen"":7236900},{""tier"":3,""winners"":164,""prizeYen"":864800},{""tier"":4,""winners"":7789,""prizeYen"":10600},{""tier"":5,""winners"":117980,""prizeYen"":1700},{""tier"":6,""winners"":203297,""prizeYen"":900}]"
"loto7","23","2013-09-06","4 8 11 25 28 29 30","14 32","","0","[{""tier"":1,""winners"":1,""prizeYen"":746478700},{""tier"":2,""winners"":12,""prizeYen"":9581100},{""tier"":3,""winners"":166,""prizeYen"":969600},{""tier"":4,""winners"":8013,""prizeYen"":11700},{""tier"":5,""winners"":124341,""prizeYen"":1800},{""tier"":6,""winners"":193931,""prizeYen"":1000}]"
"loto7","24","2013-09-13","4 5 8 10 16 19 33","2 29","","257380635","[{""tier"":1,""winners"":0,""prizeYen"":0},{""tier"":2,""winners"":6,""prizeYen"":14535600},{""tier"":3,""winners"":120,""prizeYen"":1017400},{""tier"":4,""winners"":5270,""prizeYen"":13500},{""tier"":5,""winners"":86619,""prizeYen"":2000},{""tier"":6,""winners"":154752,""prizeYen"":1000}]"
"loto7","25","2013-09-20","1 6 11 16 17 18 21","10 24","","0","[{""tier"":1,""winners"":2,""prizeYen"":288220500},{""tier"":2,""winners"":4,""prizeYen"":25836500},{""tier"":3,""winners"":102,""prizeYen"":1418400},{""tier"":4,""winners"":5581,""prizeYen"":15200},{""tier"":5,""winners"":91372,""prizeYen"":2200},{""tier"":6,""winners"":173039,""prizeYen"":1000}]"
"loto7","26","2013-09-27","11 13 16 18 26 31 36","21 27","","242988750","[{""tier"":1,""winners"":0,""prizeYen"":0},{""tier"":2,""winners"":3,""prizeYen"":27534000},{""tier"":3,""winners"":68,""prizeYen"":1700600},{""tier"":4,""winners"":4092,""prizeYen"":16500},{""tier"":5,""winners"":69621,""prizeYen"":2400},{""tier"":6,""winners"":131086,""prizeYen"":1100}]"
"loto7","27","2013-10-04","1 10 11 14 17 18 28","25 26","","534246145","[{""tier"":1,""winners"":0,""prizeYen"":0},{""tier"":2,""winners"":7,""prizeYen"":14134500},{""tier"":3,""winners"":130,""prizeYen"":1065500},{""tier"":4,""winners"":5972,""prizeYen"":13600},{""tier"":5,""winners"":97788,""prizeYen"":2000},{""tier"":6,""winners"":176737,""prizeYen"":1000}]"
"loto7","28","2013-10-11","6 7 12 15 19 35 37","1 11","","62941930","[{""tier"":1,""winners"":1,""prizeYen"":800000000},{""tier"":2,""winners"":8,""prizeYen"":14005000},{""tier"":3,""winners"":173,""prizeYen"":906600},{""tier"":4,""winners"":8428,""prizeYen"":10900},{""tier"":5,""winners"":117449,""prizeYen"":1900},{""tier"":6,""winners"":181526,""prizeYen"":1100}]"
"loto7","29","2013-10-18","2 3 16 17 24 26 28","15 31","","369168905","[{""tier"":1,""winners"":0,""prizeYen"":0},{""tier"":2,""winners"":8,""prizeYen"":12465300},{""tier"":3,""winners"":118,""prizeYen"":1183100},{""tier"":4,""winners"":6600,""prizeYen"":12400},{""tier"":5,""winners"":109583,""prizeYen"":1800},{""tier"":6,""winners"":183727,""prizeYen"":900}]"
"loto7","30","2013-10-25","6 8 13 22 26 32 36","16 34","","719099050","[{""tier"":1,""winners"":0,""prizeYen"":0},{""tier"":2,""winners"":10,""prizeYen"":11720500},{""tier"":3,""winners"":115,""prizeYen"":1426800},{""tier"":4,""winners"":6578,""prizeYen"":14600},{""tier"":5,""winners"":109416,""prizeYen"":2100},{""tier"":6,""winners"":187753,""prizeYen"":1100}]"
"loto7","31","2013-11-01","9 12 13 19 23 33 34","20 32","","330605330","[{""tier"":1,""winners"":1,""prizeYen"":800000000},{""tier"":2,""winners"":10,""prizeYen"":13498600},{""tier"":3,""winners"":161,""prizeYen"":1173700},{""tier"":4,""winners"":8364,""prizeYen"":13200},{""tier"":5,""winners"":133958,""prizeYen"":2000},{""tier"":6,""winners"":205732,""prizeYen"":1100}]"
"loto7","32","2013-11-08","3 8 15 18 27 29 37","31 34","","0","[{""tier"":1,""winners"":3,""prizeYen"":225745200},{""tier"":2,""winners"":9,""prizeYen"":12679800},{""tier"":3,""winners"":176,""prizeYen"":907700},{""tier"":4,""winners"":8081,""prizeYen"":11500},{""tier"":5,""winners"":125046,""prizeYen"":1800},{""tier"":6,""winners"":194399,""prizeYen"":1000}]"
"loto7","33","2013-11-15","1 4 17 24 29 33 36","19 30","","266123875","[{""tier"":1,""winners"":0,""prizeYen"":0},{""tier"":2,""winners"":6,""prizeYen"":14839800},{""tier"":3,""winners"":127,""prizeYen"":981500},{""tier"":4,""winners"":5830,""prizeYen"":12500},{""tier"":5,""winners"":87193,""prizeYen"":2000},{""tier"":6,""winners"":142603,""prizeYen"":1100}]"
"loto7","34","2013-11-22","4 6 7 23 24 32 35","8 27","","588283060","[{""tier"":1,""winners"":0,""prizeYen"":0},{""tier"":2,""winners"":9,""prizeYen"":11700500},{""tier"":3,""winners"":147,""prizeYen"":1002800},{""tier"":4,""winners"":6976,""prizeYen"":12300},{""tier"":5,""winners"":108906,""prizeYen"":1900},{""tier"":6,""winners"":197576,""prizeYen"":900}]"
"loto7","35","2013-11-29","1 16 18 19 25 30 34","26 36","","921548030","[{""tier"":1,""winners"":0,""prizeYen"":0},{""tier"":2,""winners"":2,""prizeYen"":57126000},{""tier"":3,""winners"":88,""prizeYen"":1817600},{""tier"":4,""winners"":6079,""prizeYen"":15400},{""tier"":5,""winners"":103961,""prizeYen"":2200},{""tier"":6,""winners"":170370,""prizeYen"":1200}]"
"loto7","36","2013-12-06","5 6 10 11 20 28 36","25 37","","494443545","[{""tier"":1,""winners"":1,""prizeYen"":800000000},{""tier"":2,""winners"":10,""prizeYen"":12705800},{""tier"":3,""winners"":200,""prizeYen"":889300},{""tier"":4,""winners"":9252,""prizeYen"":11200},{""tier"":5,""winners"":142419,""prizeYen"":1800},{""tier"":6,""winners"":223589,""prizeYen"":1000}]"
"loto7","37","2013-12-13","7 8 10 13 14 19 37","29 33","","33565555","[{""tier"":1,""winners"":1,""prizeYen"":800000000},{""tier"":2,""winners"":8,""prizeYen"":13943800},{""tier"":3,""winners"":125,""prizeYen"":1249300},{""tier"":4,""winners"":6741,""prizeYen"":13500},{""tier"":5,""winners"":113597,""prizeYen"":1900},{""tier"":6,""winners"":193752,""prizeYen"":1000}]"
"loto7","38","2013-12-20","4 14 19 22 24 29 34","8 31","","0","[{""tier"":1,""winners"":1,""prizeYen"":323677300},{""tier"":2,""winners"":19,""prizeYen"":5241700},{""tier"":3,""winners"":670,""prizeYen"":208100},{""tier"":4,""winners"":6320,""prizeYen"":12900},{""tier"":5,""winners"":89901,""prizeYen"":2200},{""tier"":6,""winners"":163891,""prizeYen"":1100}]"
"loto7","39","2013-12-27","7 13 19 23 25 26 30","1 18","","0","[{""tier"":1,""winners"":1,""prizeYen"":279333700},{""tier"":2,""winners"":9,""prizeYen"":10369500},{""tier"":3,""winners"":104,""prizeYen"":1256200},{""tier"":4,""winners"":5865,""prizeYen"":13000},{""tier"":5,""winners"":94790,""prizeYen"":1900},{""tier"":6,""winners"":166850,""prizeYen"":1000}]"
"loto7","40","2014-01-10","2 6 11 23 26 31 34","7 20","","0","[{""tier"":1,""winners"":1,""prizeYen"":281251400},{""tier"":2,""winners"":8,""prizeYen"":11663700},{""tier"":3,""winners"":136,""prizeYen"":960500},{""tier"":4,""winners"":6276,""prizeYen"":12200},{""tier"":5,""winners"":97091,""prizeYen"":1900},{""tier"":6,""winners"":160108,""prizeYen"":1000}]"
"loto7","41","2014-01-17","2 3 8 15 34 35 36","25 28","","242481625","[{""tier"":1,""winners"":0,""prizeYen"":0},{""tier"":2,""winners"":18,""prizeYen"":4576600},{""tier"":3,""winners"":114,""prizeYen"":1011600},{""tier"":4,""winners"":5690,""prizeYen"":11800},{""tier"":5,""winners"":85743,""prizeYen"":1900},{""tier"":6,""winners"":163995,""prizeYen"":900}]"
"loto7","42","2014-01-24","2 15 16 17 23 31 33","8 26","","0","[{""tier"":1,""winners"":1,""prizeYen"":564832800},{""tier"":2,""winners"":9,""prizeYen"":11822000},{""tier"":3,""winners"":152,""prizeYen"":979900},{""tier"":4,""winners"":6789,""prizeYen"":12800},{""tier"":5,""winners"":106318,""prizeYen"":2000},{""tier"":6,""winners"":198943,""prizeYen"":900}]"
"loto7","43","2014-01-31","4 6 7 8 24 31 37","5 13","","253658750","[{""tier"":1,""winners"":0,""prizeYen"":0},{""tier"":2,""winners"":7,""prizeYen"":12336300},{""tier"":3,""winners"":131,""prizeYen"":922800},{""tier"":4,""winners"":6190,""prizeYen"":11400},{""tier"":5,""winners"":99278,""prizeYen"":1700},{""tier"":6,""winners"":174501,""prizeYen"":900}]"
"loto7","44","2014-02-07","3 4 6 15 27 28 29","1 14","","569611595","[{""tier"":1,""winners"":0,""prizeYen"":0},{""tier"":2,""winners"":26,""prizeYen"":4030700},{""tier"":3,""winners"":285,""prizeYen"":514700},{""tier"":4,""winners"":10327,""prizeYen"":8300},{""tier"":5,""winners"":128463,""prizeYen"":1600},{""tier"":6,""winners"":201888,""prizeYen"":900}]"
"loto7","45","2014-02-14","1 2 9 18 21 27 33","25 31","","899790300","[{""tier"":1,""winners"":0,""prizeYen"":0},{""tier"":2,""winners"":9,""prizeYen"":12406400},{""tier"":3,""winners"":163,""prizeYen"":959000},{""tier"":4,""winners"":7190,""prizeYen"":12700},{""tier"":5,""winners"":109093,""prizeYen"":2000},{""tier"":6,""winners"":182578,""prizeYen"":1100}]"
"loto7","46","2014-02-21","2 5 6 15 23 27 30","4 35","","491347345","[{""tier"":1,""winners"":1,""prizeYen"":800000000},{""tier"":2,""winners"":21,""prizeYen"":6075000},{""tier"":3,""winners"":279,""prizeYen"":640100},{""tier"":4,""winners"":11944,""prizeYen"":8700},{""tier"":5,""winners"":166273,""prizeYen"":1500},{""tier"":6,""winners"":269340,""prizeYen"":800}]"
"loto7","47","2014-02-28","2 9 11 14 20 21 36","6 15","","0","[{""tier"":1,""winners"":2,""prizeYen"":411638000},{""tier"":2,""winners"":10,""prizeYen"":11192600},{""tier"":3,""winners"":127,""prizeYen"":1233800},{""tier"":4,""winners"":6304,""prizeYen"":14500},{""tier"":5,""winners"":100950,""prizeYen"":2200},{""tier"":6,""winners"":179186,""prizeYen"":1100}]"
"loto7","48","2014-03-07","3 5 24 26 29 30 34","8 35","","0","[{""tier"":1,""winners"":1,""prizeYen"":240970300},{""tier"":2,""winners"":6,""prizeYen"":13821600},{""tier"":3,""winners"":96,""prizeYen"":1209300},{""tier"":4,""winners"":4568,""prizeYen"":14900},{""tier"":5,""winners"":78659,""prizeYen"":2100},{""tier"":6,""winners"":150052,""prizeYen"":1000}]"
"loto7","49","2014-03-14","8 11 12 17 24 26 27","14 21","","0","[{""tier"":1,""winners"":1,""prizeYen"":237579900},{""tier"":2,""winners"":9,""prizeYen"":8854400},{""tier"":3,""winners"":142,""prizeYen"":785600},{""tier"":4,""winners"":5956,""prizeYen"":10900},{""tier"":5,""winners"":91203,""prizeYen"":1700},{""tier"":6,""winners"":129398,""prizeYen"":1100}]"
"loto7","50","2014-03-21","3 4 7 8 15 24 29","11 16","","0","[{""tier"":1,""winners"":2,""prizeYen"":112997700},{""tier"":2,""winners"":13,""prizeYen"":5740400},{""tier"":3,""winners"":193,""prizeYen"":541300},{""tier"":4,""winners"":8096,""prizeYen"":7500},{""tier"":5,""winners"":108710,""prizeYen"":1300},{""tier"":6,""winners"":167151,""prizeYen"":800}]"
"loto7","51","2014-03-28","1 4 5 8 20 23 35","15 33","","228789300","[{""tier"":1,""winners"":0,""prizeYen"":0},{""tier"":2,""winners"":7,""prizeYen"":11055400},{""tier"":3,""winners"":85,""prizeYen"":1274600},{""tier"":4,""winners"":5048,""prizeYen"":12500},{""tier"":5,""winners"":79109,""prizeYen"":1900},{""tier"":6,""winners"":140349,""prizeYen"":1000}]"
"loto7","52","2014-04-04","8 10 22 24 26 32 34","5 9","","517585780","[{""tier"":1,""winners"":0,""prizeYen"":0},{""tier"":2,""winners"":7,""prizeYen"":13429000},{""tier"":3,""winners"":78,""prizeYen"":1687200},{""tier"":4,""winners"":4588,""prizeYen"":16800},{""tier"":5,""winners"":80076,""prizeYen"":2300},{""tier"":6,""winners"":157564,""prizeYen"":1000}]"
"loto7","53","2014-04-11","1 4 14 16 20 33 36","12 30","","0","[{""tier"":1,""winners"":2,""prizeYen"":424722700},{""tier"":2,""winners"":11,""prizeYen"":10154700},{""tier"":3,""winners"":105,""prizeYen"":1489300},{""tier"":4,""winners"":5567,""prizeYen"":16400},{""tier"":5,""winners"":94976,""prizeYen"":2300},{""tier"":6,""winners"":166040,""prizeYen"":1200}]"
"loto7","54","2014-04-18","1 3 5 10 18 22 23","7 35","","239162760","[{""tier"":1,""winners"":0,""prizeYen"":0},{""tier"":2,""winners"":12,""prizeYen"":6757100},{""tier"":3,""winners"":156,""prizeYen"":727600},{""tier"":4,""winners"":6012,""prizeYen"":11000},{""tier"":5,""winners"":89428,""prizeYen"":1800},{""tier"":6,""winners"":160144,""prizeYen"":900}]"
"loto7","55","2014-04-25","4 12 14 17 23 30 36","13 33","","0","[{""tier"":1,""winners"":1,""prizeYen"":536627600},{""tier"":2,""winners"":5,""prizeYen"":20250200},{""tier"":3,""winners"":132,""prizeYen"":173800},{""tier"":4,""winners"":6629,""prizeYen"":12500},{""tier"":5,""winners"":102151,""prizeYen"":2000},{""tier"":6,""winners"":161412,""prizeYen"":1100}]"
"loto7","56","2014-05-02","4 23 26 27 28 32 36","29 30","","239510660","[{""tier"":1,""winners"":0,""prizeYen"":0},{""tier"":2,""winners"":5,""prizeYen"":16071900},{""tier"":3,""winners"":69,""prizeYen"":1630400},{""tier"":4,""winners"":4476,""prizeYen"":14700},{""tier"":5,""winners"":77069,""prizeYen"":2100},{""tier"":6,""winners"":125240,""prizeYen"":1100}]"
"loto7","57","2014-05-09","5 6 12 16 17 20 33","8 32","","535837750","[{""tier"":1,""winners"":0,""prizeYen"":0},{""tier"":2,""winners"":14,""prizeYen"":6948300},{""tier"":3,""winners"":130,""prizeYen"":1047500},{""tier"":4,""winners"":5981,""prizeYen"":13300},{""tier"":5,""winners"":99333,""prizeYen"":1900},{""tier"":6,""winners"":167658,""prizeYen"":1000}]"
"loto7","58","2014-05-16","1 6 7 8 23 32 33","11 34","","69864060","[{""tier"":1,""winners"":1,""prizeYen"":800000000},{""tier"":2,""winners"":5,""prizeYen"":22002600},{""tier"":3,""winners"":176,""prizeYen"":875000},{""tier"":4,""winners"":7390,""prizeYen"":12200},{""tier"":5,""winners"":115904,""prizeYen"":1900},{""tier"":6,""winners"":204160,""prizeYen"":900}]"
"loto7","59","2014-05-23","5 8 12 13 21 30 35","27 34","","333161630","[{""tier"":1,""winners"":0,""prizeYen"":0},{""tier"":2,""winners"":10,""prizeYen"":8769400},{""tier"":3,""winners"":134,""prizeYen"":916100},{""tier"":4,""winners"":6036,""prizeYen"":11900},{""tier"":5,""winners"":90778,""prizeYen"":1900},{""tier"":6,""winners"":152530,""prizeYen"":1000}]"
"loto7","60","2014-05-30","3 7 9 15 16 23 34","5 33","","0","[{""tier"":1,""winners"":1,""prizeYen"":636917600},{""tier"":2,""winners"":10,""prizeYen"":9951000},{""tier"":3,""winners"":203,""prizeYen"":686200},{""tier"":4,""winners"":9309,""prizeYen"":8700},{""tier"":5,""winners"":131989,""prizeYen"":1500},{""tier"":6,""winners"":207951,""prizeYen"":800}]"
"loto7","61","2014-06-06","5 10 11 21 28 31 37","13 14","","0","[{""tier"":1,""winners"":1,""prizeYen"":231978000},{""tier"":2,""winners"":5,""prizeYen"":15005200},{""tier"":3,""winners"":110,""prizeYen"":954800},{""tier"":4,""winners"":4819,""prizeYen"":12700},{""tier"":5,""winners"":73709,""prizeYen"":2000},{""tier"":6,""winners"":124174,""prizeYen"":1000}]"
"loto7","62","2014-06-13","4 10 12 15 27 32 33","9 16","","234614670","[{""tier"":1,""winners"":0,""prizeYen"":0},{""tier"":2,""winners"":6,""prizeYen"":12590700},{""tier"":3,""winners"":115,""prizeYen"":919600},{""tier"":4,""winners"":5329,""prizeYen"":11600},{""tier"":5,""winners"":82357,""prizeYen"":1800},{""tier"":6,""winners"":137777,""prizeYen"":900}]"
"loto7","63","2014-06-20","4 8 19 24 28 30 32","12 37","","0","[{""tier"":1,""winners"":1,""prizeYen"":524339700},{""tier"":2,""winners"":15,""prizeYen"":6457200},{""tier"":3,""winners"":180,""prizeYen"":753300},{""tier"":4,""winners"":7737,""prizeYen"":10200},{""tier"":5,""winners"":107083,""prizeYen"":1800},{""tier"":6,""winners"":167728,""prizeYen"":1000}]"
"loto7","64","2014-06-27","4 15 16 17 20 29 36","19 26","","235685240","[{""tier"":1,""winners"":0,""prizeYen"":0},{""tier"":2,""winners"":2,""prizeYen"":38773400},{""tier"":3,""winners"":71,""prizeYen"":1529000},{""tier"":4,""winners"":4186,""prizeYen"":15200},{""tier"":5,""winners"":72498,""prizeYen"":2100},{""tier"":6,""winners"":110154,""prizeYen"":1200}]"
"loto7","65","2014-07-04","4 7 12 22 23 24 28","25 34","","510891905","[{""tier"":1,""winners"":0,""prizeYen"":0},{""tier"":2,""winners"":13,""prizeYen"":7294900},{""tier"":3,""winners"":184,""prizeYen"":721500},{""tier"":4,""winners"":8698,""prizeYen"":8900},{""tier"":5,""winners"":127318,""prizeYen"":1500},{""tier"":6,""winners"":189206,""prizeYen"":900}]"
"loto7","66","2014-07-11","1 11 25 28 31 33 37","3 20","","829816620","[{""tier"":1,""winners"":0,""prizeYen"":0},{""tier"":2,""winners"":3,""prizeYen"":35602400},{""tier"":3,""winners"":104,""prizeYen"":1437700},{""tier"":4,""winners"":5619,""prizeYen"":15600},{""tier"":5,""winners"":99107,""prizeYen"":2100},{""tier"":6,""winners"":172089,""prizeYen"":1100}]"
"loto7","67","2014-07-18","7 11 15 17 18 25 35","6 33","","1181533320","[{""tier"":1,""winners"":0,""prizeYen"":0},{""tier"":2,""winners"":13,""prizeYen"":9336100},{""tier"":3,""winners"":166,""prizeYen"":1023500},{""tier"":4,""winners"":7610,""prizeYen"":13000},{""tier"":5,""winners"":121393,""prizeYen"":2000},{""tier"":6,""winners"":220199,""prizeYen"":1000}]"
"loto7","68","2014-07-25","2 7 13 15 24 34 35","12 23","","808528740","[{""tier"":1,""winners"":1,""prizeYen"":800000000},{""tier"":2,""winners"":25,""prizeYen"":5519400},{""tier"":3,""winners"":210,""prizeYen"":919800},{""tier"":4,""winners"":10354,""prizeYen"":10900},{""tier"":5,""winners"":152027,""prizeYen"":1800},{""tier"":6,""winners"":281508,""prizeYen"":800}]"
"loto7","69","2014-08-01","13 17 20 22 28 29 37","11 12","","363873750","[{""tier"":1,""winners"":1,""prizeYen"":800000000},{""tier"":2,""winners"":9,""prizeYen"":13107500},{""tier"":3,""winners"":118,""prizeYen"":1399600},{""tier"":4,""winners"":5961,""prizeYen"":16200},{""tier"":5,""winners"":99657,""prizeYen"":2400},{""tier"":6,""winners"":179019,""prizeYen"":1100}]"
"loto7","70","2014-08-08","9 10 18 21 27 33 35","4 11","","0","[{""tier"":1,""winners"":3,""prizeYen"":222116800},{""tier"":2,""winners"":15,""prizeYen"":6723700},{""tier"":3,""winners"":163,""prizeYen"":866200},{""tier"":4,""winners"":7266,""prizeYen"":11400},{""tier"":5,""winners"":102768,""prizeYen"":1900},{""tier"":6,""winners"":178645,""prizeYen"":1000}]"
"loto7","71","2014-08-15","1 6 13 29 34 35 37","2 15","","225783715","[{""tier"":1,""winners"":0,""prizeYen"":0},{""tier"":2,""winners"":2,""prizeYen"":37959300},{""tier"":3,""winners"":61,""prizeYen"":1742300},{""tier"":4,""winners"":3423,""prizeYen"":18200},{""tier"":5,""winners"":61037,""prizeYen"":2500},{""tier"":6,""winners"":118919,""prizeYen"":1100}]"
"loto7","72","2014-08-22","11 12 18 19 20 31 32","9 21","","0","[{""tier"":1,""winners"":5,""prizeYen"":103896700},{""tier"":2,""winners"":35,""prizeYen"":2815300},{""tier"":3,""winners"":120,""prizeYen"":1149500},{""tier"":4,""winners"":5236,""prizeYen"":15400},{""tier"":5,""winners"":84053,""prizeYen"":2300},{""tier"":6,""winners"":145081,""prizeYen"":1200}]"
"loto7","73","2014-08-29","12 16 23 25 27 30 32","28 33","","239746775","[{""tier"":1,""winners"":0,""prizeYen"":0},{""tier"":2,""winners"":9,""prizeYen"":8881600},{""tier"":3,""winners"":96,""prizeYen"":1165600},{""tier"":4,""winners"":4888,""prizeYen"":13400},{""tier"":5,""winners"":79551,""prizeYen"":2000},{""tier"":6,""winners"":137375,""prizeYen"":1000}]"
"loto7","74","2014-09-05","5 13 14 15 16 24 31","9 11","","538287400","[{""tier"":1,""winners"":0,""prizeYen"":0},{""tier"":2,""winners"":9,""prizeYen"":10902000},{""tier"":3,""winners"":115,""prizeYen"":1194400},{""tier"":4,""winners"":6063,""prizeYen"":13200},{""tier"":5,""winners"":100706,""prizeYen"":1900},{""tier"":6,""winners"":168688,""prizeYen"":1000}]"
"loto7","75","2014-09-12","4 9 15 17 19 35 37","10 20","","0","[{""tier"":1,""winners"":2,""prizeYen"":434459600},{""tier"":2,""winners"":9,""prizeYen"":12033700},{""tier"":3,""winners"":107,""prizeYen"":1417000},{""tier"":4,""winners"":5858,""prizeYen"":15100},{""tier"":5,""winners"":102544,""prizeYen"":2100},{""tier"":6,""winners"":164397,""prizeYen"":1100}]"
"loto7","76","2014-09-19","4 13 18 29 32 34 36","24 33","","0","[{""tier"":1,""winners"":1,""prizeYen"":241111000},{""tier"":2,""winners"":5,""prizeYen"":15503500},{""tier"":3,""winners"":131,""prizeYen"":828400},{""tier"":4,""winners"":4941,""prizeYen"":12800},{""tier"":5,""winners"":76086,""prizeYen"":2000},{""tier"":6,""winners"":141102,""prizeYen"":900}]"
"loto7","77","2014-09-26","3 10 23 25 26 28 30","15 29","","220682015","[{""tier"":1,""winners"":0,""prizeYen"":0},{""tier"":2,""winners"":8,""prizeYen"":9431900},{""tier"":3,""winners"":99,""prizeYen"":1067000},{""tier"":4,""winners"":4833,""prizeYen"":12600},{""tier"":5,""winners"":79505,""prizeYen"":1900},{""tier"":6,""winners"":134731,""prizeYen"":1000}]"
"loto7","78","2014-10-03","5 6 10 14 24 28 36","7 20","","0","[{""tier"":1,""winners"":2,""prizeYen"":245019800},{""tier"":2,""winners"":8,""prizeYen"":11188900},{""tier"":3,""winners"":134,""prizeYen"":935100},{""tier"":4,""winners"":6232,""prizeYen"":11700},{""tier"":5,""winners"":93845,""prizeYen"":1900},{""tier"":6,""winners"":153240,""prizeYen"":1000}]"
"loto7","79","2014-10-10","2 4 7 9 21 29 37","6 36","","213723005","[{""tier"":1,""winners"":0,""prizeYen"":0},{""tier"":2,""winners"":8,""prizeYen"":9076100},{""tier"":3,""winners"":83,""prizeYen"":1224700},{""tier"":4,""winners"":4630,""prizeYen"":12800},{""tier"":5,""winners"":76764,""prizeYen"":1900},{""tier"":6,""winners"":127730,""prizeYen"":1000}]"
"loto7","80","2014-10-17","2 5 10 18 21 24 27","25 34","","482184370","[{""tier"":1,""winners"":0,""prizeYen"":0},{""tier"":2,""winners"":6,""prizeYen"":15082300},{""tier"":3,""winners"":161,""prizeYen"":786800},{""tier"":4,""winners"":6067,""prizeYen"":12200},{""tier"":5,""winners"":91076,""prizeYen"":2000},{""tier"":6,""winners"":142350,""prizeYen"":1100}]"
"loto7","81","2014-10-24","1 3 10 18 28 31 35","9 21","","805203145","[{""tier"":1,""winners"":0,""prizeYen"":0},{""tier"":2,""winners"":10,""prizeYen"":10885100},{""tier"":3,""winners"":117,""prizeYen"":1302400},{""tier"":4,""winners"":6097,""prizeYen"":14600},{""tier"":5,""winners"":101530,""prizeYen"":2100},{""tier"":6,""winners"":176500,""prizeYen"":1100}]"
"loto7","82","2014-10-31","1 3 16 20 25 27 34","18 37","","1195576075","[{""tier"":1,""winners"":0,""prizeYen"":0},{""tier"":2,""winners"":10,""prizeYen"":13060900},{""tier"":3,""winners"":117,""prizeYen"":1562800},{""tier"":4,""winners"":6744,""prizeYen"":15900},{""tier"":5,""winners"":116324,""prizeYen"":2200},{""tier"":6,""winners"":191383,""prizeYen"":1200}]"
"loto7","83","2014-11-07","1 11 21 26 28 32 35","18 22","","1619633575","[{""tier"":1,""winners"":0,""prizeYen"":0},{""tier"":2,""winners"":11,""prizeYen"":13156900},{""tier"":3,""winners"":118,""prizeYen"":1717000},{""tier"":4,""winners"":7047,""prizeYen"":16800},{""tier"":5,""winners"":123990,""prizeYen"":2300},{""tier"":6,""winners"":218185,""prizeYen"":1200}]"
"loto7","84","2014-11-14","8 16 23 28 29 35 36","12 37","","2095793915","[{""tier"":1,""winners"":0,""prizeYen"":0},{""tier"":2,""winners"":23,""prizeYen"":6770600},{""tier"":3,""winners"":236,""prizeYen"":923700},{""tier"":4,""winners"":12518,""prizeYen"":10200},{""tier"":5,""winners"":180209,""prizeYen"":1700},{""tier"":6,""winners"":291170,""prizeYen"":900}]"
"loto7","85","2014-11-21","6 7 10 11 22 26 35","14 23","","1808128280","[{""tier"":1,""winners"":1,""prizeYen"":800000000},{""tier"":2,""winners"":22,""prizeYen"":7538600},{""tier"":3,""winners"":242,""prizeYen"":959400},{""tier"":4,""winners"":10771,""prizeYen"":12600},{""tier"":5,""winners"":170753,""prizeYen"":1900},{""tier"":6,""winners"":306651,""prizeYen"":900}]"
"loto7","86","2014-11-28","3 10 20 21 22 26 30","24 35","","1416245085","[{""tier"":1,""winners"":1,""prizeYen"":800000000},{""tier"":2,""winners"":16,""prizeYen"":8694200},{""tier"":3,""winners"":153,""prizeYen"":1272800},{""tier"":4,""winners"":7353,""prizeYen"":15500},{""tier"":5,""winners"":120914,""prizeYen"":2300},{""tier"":6,""winners"":205807,""prizeYen"":1200}]"
"loto7","87","2014-12-05","8 9 12 18 20 28 31","13 15","","1790275855","[{""tier"":1,""winners"":0,""prizeYen"":0},{""tier"":2,""winners"":13,""prizeYen"":9776900},{""tier"":3,""winners"":138,""prizeYen"":1289400},{""tier"":4,""winners"":7821,""prizeYen"":13300},{""tier"":5,""winners"":127559,""prizeYen"":2000},{""tier"":6,""winners"":223589,""prizeYen"":1000}]"
"loto7","88","2014-12-12","3 4 10 14 25 29 30","18 19","","2182851930","[{""tier"":1,""winners"":0,""prizeYen"":0},{""tier"":2,""winners"":11,""prizeYen"":12013600},{""tier"":3,""winners"":177,""prizeYen"":1045200},{""tier"":4,""winners"":8800,""prizeYen"":12300},{""tier"":5,""winners"":136071,""prizeYen"":1900},{""tier"":6,""winners"":235427,""prizeYen"":1000}]"
"loto7","89","2014-12-19","1 3 11 26 28 34 36","17 20","","2591414655","[{""tier"":1,""winners"":0,""prizeYen"":0},{""tier"":2,""winners"":12,""prizeYen"":11582900},{""tier"":3,""winners"":159,""prizeYen"":1223800},{""tier"":4,""winners"":8388,""prizeYen"":13600},{""tier"":5,""winners"":138336,""prizeYen"":2000},{""tier"":6,""winners"":224541,""prizeYen"":1100}]"
"loto7","90","2014-12-26","2 8 9 13 14 18 37","11 25","","2234360775","[{""tier"":1,""winners"":1,""prizeYen"":800000000},{""tier"":2,""winners"":15,""prizeYen"":10036600},{""tier"":3,""winners"":153,""prizeYen"":1377500},{""tier"":4,""winners"":8377,""prizeYen"":14700},{""tier"":5,""winners"":142874,""prizeYen"":2100},{""tier"":6,""winners"":267154,""prizeYen"":1000}]"
"loto7","91","2015-01-09","1 5 7 14 15 25 35","18 24","","2671288235","[{""tier"":1,""winners"":0,""prizeYen"":0},{""tier"":2,""winners"":18,""prizeYen"":8186000},{""tier"":3,""winners"":315,""prizeYen"":654800},{""tier"":4,""winners"":11332,""prizeYen"":10600},{""tier"":5,""winners"":162096,""prizeYen"":1800},{""tier"":6,""winners"":260376,""prizeYen"":1000}]"
"loto7","92","2015-01-16","4 5 15 25 26 29 32","11 27","","2276371255","[{""tier"":1,""winners"":1,""prizeYen"":800000000},{""tier"":2,""winners"":9,""prizeYen"":15195400},{""tier"":3,""winners"":162,""prizeYen"":1181800},{""tier"":4,""winners"":7853,""prizeYen"":14300},{""tier"":5,""winners"":133466,""prizeYen"":2000},{""tier"":6,""winners"":245160,""prizeYen"":1000}]"
"loto7","93","2015-01-23","2 5 11 14 17 30 32","31 37","","1052449145","[{""tier"":1,""winners"":2,""prizeYen"":800000000},{""tier"":2,""winners"":10,""prizeYen"":12969400},{""tier"":3,""winners"":139,""prizeYen"":1306200},{""tier"":4,""winners"":7146,""prizeYen"":14900},{""tier"":5,""winners"":117498,""prizeYen"":2200},{""tier"":6,""winners"":196034,""prizeYen"":1200}]"
"loto7","94","2015-01-30","13 19 20 27 28 29 30","26 36","","0","[{""tier"":1,""winners"":2,""prizeYen"":705794000},{""tier"":2,""winners"":8,""prizeYen"":15220500},{""tier"":3,""winners"":120,""prizeYen"":1420500},{""tier"":4,""winners"":6192,""prizeYen"":16100},{""tier"":5,""winners"":104231,""prizeYen"":2300},{""tier"":6,""winners"":181697,""prizeYen"":1200}]"
"loto7","95","2015-02-06","1 8 13 14 18 30 34","26 36","","268239710","[{""tier"":1,""winners"":0,""prizeYen"":0},{""tier"":2,""winners"":5,""prizeYen"":18009000},{""tier"":3,""winners"":89,""prizeYen"":1416400},{""tier"":4,""winners"":4775,""prizeYen"":15400},{""tier"":5,""winners"":79565,""prizeYen"":2200},{""tier"":6,""winners"":146366,""prizeYen"":1100}]"
"loto7","96","2015-02-13","9 11 14 21 22 23 24","10 36","","573705620","[{""tier"":1,""winners"":0,""prizeYen"":0},{""tier"":2,""winners"":15,""prizeYen"":6898400},{""tier"":3,""winners"":130,""prizeYen"":1114300},{""tier"":4,""winners"":6426,""prizeYen"":13200},{""tier"":5,""winners"":103877,""prizeYen"":2000},{""tier"":6,""winners"":180889,""prizeYen"":1000}]"
"loto7","97","2015-02-20","7 13 14 16 22 24 35","1 29","","99001930","[{""tier"":1,""winners"":1,""prizeYen"":800000000},{""tier"":2,""winners"":16,""prizeYen"":6932900},{""tier"":3,""winners"":129,""prizeYen"":1203800},{""tier"":4,""winners"":6927,""prizeYen"":13100},{""tier"":5,""winners"":111308,""prizeYen"":2000},{""tier"":6,""winners"":178510,""prizeYen"":1100}]"
"loto7","98","2015-02-27","3 9 11 13 19 25 33","10 30","","387567960","[{""tier"":1,""winners"":0,""prizeYen"":0},{""tier"":2,""winners"":18,""prizeYen"":5366700},{""tier"":3,""winners"":189,""prizeYen"":715500},{""tier"":4,""winners"":7746,""prizeYen"":10200},{""tier"":5,""winners"":109792,""prizeYen"":1700},{""tier"":6,""winners"":172961,""prizeYen"":1000}]"
"loto7","99","2015-03-06","13 17 22 24 27 28 35","11 19","","0","[{""tier"":1,""winners"":1,""prizeYen"":699064600},{""tier"":2,""winners"":11,""prizeYen"":9328000},{""tier"":3,""winners"":131,""prizeYen"":1096500},{""tier"":4,""winners"":6826,""prizeYen"":12300},{""tier"":5,""winners"":105445,""prizeYen"":1900},{""tier"":6,""winners"":176597,""prizeYen"":1000}]"
"loto7","100","2015-03-13","1 2 11 16 25 35 36","9 14","","248837600","[{""tier"":1,""winners"":0,""prizeYen"":0},{""tier"":2,""winners"":6,""prizeYen"":14043600},{""tier"":3,""winners"":76,""prizeYen"":1552100},{""tier"":4,""winners"":4479,""prizeYen"":15400},{""tier"":5,""winners"":78016,""prizeYen"":2100},{""tier"":6,""winners"":152645,""prizeYen"":1000}]"
"loto7","101","2015-03-20","11 12 21 23 28 36 37","3 16","","546062785","[{""tier"":1,""winners"":0,""prizeYen"":0},{""tier"":2,""winners"":9,""prizeYen"":10648500},{""tier"":3,""winners"":147,""prizeYen"":912700},{""tier"":4,""winners"":5973,""prizeYen"":13100},{""tier"":5,""winners"":97792,""prizeYen"":1900},{""tier"":6,""winners"":177936,""prizeYen"":900}]"
"loto7","102","2015-03-27","1 4 8 27 28 29 31","13 25","","0","[{""tier"":1,""winners"":3,""prizeYen"":295337700},{""tier"":2,""winners"":14,""prizeYen"":7795200},{""tier"":3,""winners"":155,""prizeYen"":985700},{""tier"":4,""winners"":7215,""prizeYen"":12400},{""tier"":5,""winners"":117503,""prizeYen"":1800},{""tier"":6,""winners"":200661,""prizeYen"":900}]"
"loto7","103","2015-04-03","2 3 11 12 22 35 36","30 34","","237715660","[{""tier"":1,""winners"":0,""prizeYen"":0},{""tier"":2,""winners"":3,""prizeYen"":27272900},{""tier"":3,""winners"":134,""prizeYen"":854800},{""tier"":4,""winners"":5989,""prizeYen"":11200},{""tier"":5,""winners"":91551,""prizeYen"":1800},{""tier"":6,""winners"":133012,""prizeYen"":1100}]"
"loto7","104","2015-04-10","7 9 11 15 16 22 37","12 13","","0","[{""tier"":1,""winners"":1,""prizeYen"":523951100},{""tier"":2,""winners"":7,""prizeYen"":13662100},{""tier"":3,""winners"":129,""prizeYen"":1037800},{""tier"":4,""winners"":6241,""prizeYen"":12500},{""tier"":5,""winners"":98767,""prizeYen"":1900},{""tier"":6,""winners"":168004,""prizeYen"":1000}]"
"loto7","105","2015-04-17","3 15 19 20 26 28 33","17 21","","0","[{""tier"":1,""winners"":1,""prizeYen"":248384000},{""tier"":2,""winners"":12,""prizeYen"":6977900},{""tier"":3,""winners"":116,""prizeYen"":1010500},{""tier"":4,""winners"":5412,""prizeYen"":12700},{""tier"":5,""winners"":85105,""prizeYen"":1900},{""tier"":6,""winners"":137748,""prizeYen"":1100}]"
"loto7","106","2015-04-24","6 10 12 19 21 22 30","1 11","","242369330","[{""tier"":1,""winners"":0,""prizeYen"":0},{""tier"":2,""winners"":10,""prizeYen"":8217800},{""tier"":3,""winners"":105,""prizeYen"":1095600},{""tier"":4,""winners"":4888,""prizeYen"":13800},{""tier"":5,""winners"":78353,""prizeYen"":2100},{""tier"":6,""winners"":144248,""prizeYen"":1000}]"
"loto7","107","2015-05-01","3 8 9 13 17 27 33","29 31","","543591915","[{""tier"":1,""winners"":0,""prizeYen"":0},{""tier"":2,""winners"":15,""prizeYen"":6523000},{""tier"":3,""winners"":165,""prizeYen"":830100},{""tier"":4,""winners"":7623,""prizeYen"":10500},{""tier"":5,""winners"":112363,""prizeYen"":1700},{""tier"":6,""winners"":182521,""prizeYen"":900}]"
"loto7","108","2015-05-08","2 6 7 8 28 30 36","18 21","","856434470","[{""tier"":1,""winners"":0,""prizeYen"":0},{""tier"":2,""winners"":15,""prizeYen"":6899600},{""tier"":3,""winners"":164,""prizeYen"":883400},{""tier"":4,""winners"":7155,""prizeYen"":11800},{""tier"":5,""winners"":111653,""prizeYen"":1800},{""tier"":6,""winners"":180825,""prizeYen"":1000}]"
"loto7","109","2015-05-15","6 17 20 21 24 30 32","7 23","","1194796700","[{""tier"":1,""winners"":0,""prizeYen"":0},{""tier"":2,""winners"":7,""prizeYen"":16296700},{""tier"":3,""winners"":116,""prizeYen"":1376700},{""tier"":4,""winners"":5373,""prizeYen"":17400},{""tier"":5,""winners"":90074,""prizeYen"":2500},{""tier"":6,""winners"":168077,""prizeYen"":1200}]"
"loto7","110","2015-05-22","4 12 22 30 31 35 36","19 37","","1552785590","[{""tier"":1,""winners"":0,""prizeYen"":0},{""tier"":2,""winners"":5,""prizeYen"":24076400},{""tier"":3,""winners"":97,""prizeYen"":1737400},{""tier"":4,""winners"":5982,""prizeYen"":16500},{""tier"":5,""winners"":107601,""prizeYen"":2200},{""tier"":6,""winners"":193433,""prizeYen"":1100}]"
"loto7","111","2015-05-29","7 8 9 24 28 30 33","1 34","","1156138945","[{""tier"":1,""winners"":1,""prizeYen"":800000000},{""tier"":2,""winners"":20,""prizeYen"":6520500},{""tier"":3,""winners"":462,""prizeYen"":395100},{""tier"":4,""winners"":9785,""prizeYen"":10900},{""tier"":5,""winners"":141811,""prizeYen"":1800},{""tier"":6,""winners"":216444,""prizeYen"":1000}]"
"loto7","112","2015-06-05","6 7 10 15 27 35 36","13 20","","1500897975","[{""tier"":1,""winners"":0,""prizeYen"":0},{""tier"":2,""winners"":11,""prizeYen"":10423500},{""tier"":3,""winners"":185,""prizeYen"":867600},{""tier"":4,""winners"":7596,""prizeYen"":12300},{""tier"":5,""winners"":124932,""prizeYen"":1800},{""tier"":6,""winners"":200050,""prizeYen"":1000}]"
"loto7","113","2015-06-12","4 6 7 9 15 17 37","14 20","","1865147520","[{""tier"":1,""winners"":0,""prizeYen"":0},{""tier"":2,""winners"":5,""prizeYen"":24776900},{""tier"":3,""winners"":143,""prizeYen"":1212800},{""tier"":4,""winners"":8092,""prizeYen"":12500},{""tier"":5,""winners"":131713,""prizeYen"":1900},{""tier"":6,""winners"":197180,""prizeYen"":1000}]"
"loto7","114","2015-06-19","8 13 26 27 28 29 37","4 12","","1458876495","[{""tier"":1,""winners"":1,""prizeYen"":800000000},{""tier"":2,""winners"":13,""prizeYen"":10381400},{""tier"":3,""winners"":176,""prizeYen"":1073500},{""tier"":4,""winners"":9938,""prizeYen"":11100},{""tier"":5,""winners"":149653,""prizeYen"":1800},{""tier"":6,""winners"":269436,""prizeYen"":900}]"
"loto7","115","2015-06-26","6 8 13 14 20 25 27","24 26","","1019016770","[{""tier"":1,""winners"":1,""prizeYen"":800000000},{""tier"":2,""winners"":12,""prizeYen"":10371300},{""tier"":3,""winners"":208,""prizeYen"":837600},{""tier"":4,""winners"":8562,""prizeYen"":11900},{""tier"":5,""winners"":132365,""prizeYen"":1900},{""tier"":6,""winners"":223347,""prizeYen"":1000}]"
"loto7","116","2015-07-03","9 14 23 27 28 31 32","3 20","","585423220","[{""tier"":1,""winners"":1,""prizeYen"":800000000},{""tier"":2,""winners"":7,""prizeYen"":16907200},{""tier"":3,""winners"":159,""prizeYen"":1042000},{""tier"":4,""winners"":8032,""prizeYen"":12100},{""tier"":5,""winners"":121251,""prizeYen"":1900},{""tier"":6,""winners"":196929,""prizeYen"":1000}]"
"loto7","117","2015-07-10","9 10 20 28 31 34 37","23 26","","913053470","[{""tier"":1,""winners"":0,""prizeYen"":0},{""tier"":2,""winners"":4,""prizeYen"":27178600},{""tier"":3,""winners"":99,""prizeYen"":1537300},{""tier"":4,""winners"":5050,""prizeYen"":17600},{""tier"":5,""winners"":87904,""prizeYen"":2500},{""tier"":6,""winners"":165536,""prizeYen"":1100}]"
"loto7","118","2015-07-17","5 8 9 24 27 28 30","16 20","","1243142375","[{""tier"":1,""winners"":0,""prizeYen"":0},{""tier"":2,""winners"":9,""prizeYen"":11925600},{""tier"":3,""winners"":213,""prizeYen"":705400},{""tier"":4,""winners"":11376,""prizeYen"":7700},{""tier"":5,""winners"":140813,""prizeYen"":1500},{""tier"":6,""winners"":198944,""prizeYen"":900}]"
"loto7","119","2015-07-24","3 6 8 14 15 25 36","24 35","","784900955","[{""tier"":1,""winners"":1,""prizeYen"":800000000},{""tier"":2,""winners"":90,""prizeYen"":1234300},{""tier"":3,""winners"":223,""prizeYen"":697400},{""tier"":4,""winners"":11619,""prizeYen"":7800},{""tier"":5,""winners"":137464,""prizeYen"":1600},{""tier"":6,""winners"":229907,""prizeYen"":800}]"
"loto7","120","2015-07-31","2 16 18 26 32 35 37","9 36","","1103234440","[{""tier"":1,""winners"":0,""prizeYen"":0},{""tier"":2,""winners"":5,""prizeYen"":21086900},{""tier"":3,""winners"":125,""prizeYen"":1180800},{""tier"":4,""winners"":5325,""prizeYen"":16200},{""tier"":5,""winners"":90974,""prizeYen"":2300},{""tier"":6,""winners"":163486,""prizeYen"":1100}]"
"loto7","121","2015-08-07","2 4 13 16 21 30 37","19 29","","628349190","[{""tier"":1,""winners"":1,""prizeYen"":800000000},{""tier"":2,""winners"":3,""prizeYen"":35571400},{""tier"":3,""winners"":103,""prizeYen"":1450400},{""tier"":4,""winners"":5189,""prizeYen"":16800},{""tier"":5,""winners"":87477,""prizeYen"":2400},{""tier"":6,""winners"":164610,""prizeYen"":1000}]"
"loto7","122","2015-08-14","2 16 18 26 27 34 35","5 12","","926503785","[{""tier"":1,""winners"":0,""prizeYen"":0},{""tier"":2,""winners"":9,""prizeYen"":11120500},{""tier"":3,""winners"":130,""prizeYen"":1077800},{""tier"":4,""winners"":6455,""prizeYen"":12700},{""tier"":5,""winners"":91608,""prizeYen"":2200},{""tier"":6,""winners"":171725,""prizeYen"":1000}]"
"loto7","123","2015-08-21","1 3 5 8 29 34 36","23 28","","472187410","[{""tier"":1,""winners"":1,""prizeYen"":800000000},{""tier"":2,""winners"":11,""prizeYen"":10030800},{""tier"":3,""winners"":117,""prizeYen"":1320200},{""tier"":4,""winners"":6184,""prizeYen"":14600},{""tier"":5,""winners"":112178,""prizeYen"":1900},{""tier"":6,""winners"":226852,""prizeYen"":800}]"
"loto7","124","2015-08-28","1 2 15 17 18 22 36","6 27","","0","[{""tier"":1,""winners"":1,""prizeYen"":785704400},{""tier"":2,""winners"":6,""prizeYen"":17461400},{""tier"":3,""winners"":94,""prizeYen"":1560300},{""tier"":4,""winners"":5424,""prizeYen"":15800},{""tier"":5,""winners"":91676,""prizeYen"":2300},{""tier"":6,""winners"":178588,""prizeYen"":1000}]"
"loto7","125","2015-09-04","1 6 11 14 19 28 35","18 21","","248655270","[{""tier"":1,""winners"":0,""prizeYen"":0},{""tier"":2,""winners"":4,""prizeYen"":21167200},{""tier"":3,""winners"":146,""prizeYen"":811800},{""tier"":4,""winners"":6273,""prizeYen"":11000},{""tier"":5,""winners"":93226,""prizeYen"":1800},{""tier"":6,""winners"":138088,""prizeYen"":1100}]"
"loto7","126","2015-09-11","4 10 13 16 17 21 27","1 18","","0","[{""tier"":1,""winners"":2,""prizeYen"":265266200},{""tier"":2,""winners"":3,""prizeYen"":31531800},{""tier"":3,""winners"":119,""prizeYen"":1112800},{""tier"":4,""winners"":5526,""prizeYen"":14000},{""tier"":5,""winners"":89632,""prizeYen"":2100},{""tier"":6,""winners"":149649,""prizeYen"":1100}]"
"loto7","127","2015-09-18","10 12 15 23 28 30 35","6 25","","0","[{""tier"":1,""winners"":2,""prizeYen"":125520200},{""tier"":2,""winners"":16,""prizeYen"":5042700},{""tier"":3,""winners"":144,""prizeYen"":784400},{""tier"":4,""winners"":6662,""prizeYen"":9900},{""tier"":5,""winners"":97309,""prizeYen"":1600},{""tier"":6,""winners"":149636,""prizeYen"":900}]"
"loto7","128","2015-09-25","2 4 8 23 26 27 32","3 35","","0","[{""tier"":1,""winners"":1,""prizeYen"":233557500},{""tier"":2,""winners"":7,""prizeYen"":11052200},{""tier"":3,""winners"":104,""prizeYen"":1041400},{""tier"":4,""winners"":5578,""prizeYen"":11300},{""tier"":5,""winners"":84609,""prizeYen"":1800},{""tier"":6,""winners"":148326,""prizeYen"":900}]"
"loto7","129","2015-10-02","5 7 11 19 24 27 30","29 35","","0","[{""tier"":1,""winners"":1,""prizeYen"":229587800},{""tier"":2,""winners"":10,""prizeYen"":7828100},{""tier"":3,""winners"":141,""prizeYen"":777200},{""tier"":4,""winners"":6246,""prizeYen"":10200},{""tier"":5,""winners"":91513,""prizeYen"":1700},{""tier"":6,""winners"":140404,""prizeYen"":1000}]"
"loto7","130","2015-10-09","1 15 20 23 25 31 32","5 24","","226123355","[{""tier"":1,""winners"":0,""prizeYen"":0},{""tier"":2,""winners"":4,""prizeYen"":18949300},{""tier"":3,""winners"":68,""prizeYen"":1560500},{""tier"":4,""winners"":3633,""prizeYen"":17100},{""tier"":5,""winners"":62774,""prizeYen"":2400},{""tier"":6,""winners"":119695,""prizeYen"":1100}]"
"loto7","131","2015-10-16","3 4 12 17 32 34 36","23 31","","497901650","[{""tier"":1,""winners"":0,""prizeYen"":0},{""tier"":2,""winners"":7,""prizeYen"":12634400},{""tier"":3,""winners"":98,""prizeYen"":1263400},{""tier"":4,""winners"":4936,""prizeYen"":14700},{""tier"":5,""winners"":82400,""prizeYen"":2100},{""tier"":6,""winners"":148373,""prizeYen"":1000}]"
"loto7","132","2015-10-23","7 10 14 16 20 30 31","35 37","","799493370","[{""tier"":1,""winners"":0,""prizeYen"":0},{""tier"":2,""winners"":7,""prizeYen"":14771100},{""tier"":3,""winners"":113,""prizeYen"":1281000},{""tier"":4,""winners"":5432,""prizeYen"":15600},{""tier"":5,""winners"":89305,""prizeYen"":2300},{""tier"":6,""winners"":155506,""prizeYen"":1200}]"
"loto7","133","2015-10-30","3 7 13 15 17 21 30","14 27","","1134284665","[{""tier"":1,""winners"":0,""prizeYen"":0},{""tier"":2,""winners"":9,""prizeYen"":12735100},{""tier"":3,""winners"":170,""prizeYen"":943800},{""tier"":4,""winners"":7575,""prizeYen"":12400},{""tier"":5,""winners"":119190,""prizeYen"":1900},{""tier"":6,""winners"":207611,""prizeYen"":1000}]"
"loto7","134","2015-11-06","4 9 20 28 30 34 35","12 29","","1481435860","[{""tier"":1,""winners"":0,""prizeYen"":0},{""tier"":2,""winners"":12,""prizeYen"":9879700},{""tier"":3,""winners"":126,""prizeYen"":1317200},{""tier"":4,""winners"":6497,""prizeYen"":14900},{""tier"":5,""winners"":114011,""prizeYen"":2100},{""tier"":6,""winners"":209075,""prizeYen"":1000}]"
"loto7","135","2015-11-13","8 9 13 14 24 32 34","3 4","","1845014875","[{""tier"":1,""winners"":0,""prizeYen"":0},{""tier"":2,""winners"":7,""prizeYen"":17695100},{""tier"":3,""winners"":169,""prizeYen"":1026000},{""tier"":4,""winners"":7454,""prizeYen"":13600},{""tier"":5,""winners"":121932,""prizeYen"":2000},{""tier"":6,""winners"":223604,""prizeYen"":1000}]"
"loto7","136","2015-11-20","10 17 24 27 30 33 37","18 31","","2222533760","[{""tier"":1,""winners"":0,""prizeYen"":0},{""tier"":2,""winners"":12,""prizeYen"":10716600},{""tier"":3,""winners"":138,""prizeYen"":1304600},{""tier"":4,""winners"":7501,""prizeYen"":14000},{""tier"":5,""winners"":120568,""prizeYen"":2100},{""tier"":6,""winners"":211203,""prizeYen"":1100}]"
"loto7","137","2015-11-27","13 19 21 25 27 32 35","16 20","","1820523185","[{""tier"":1,""winners"":1,""prizeYen"":800000000},{""tier"":2,""winners"":25,""prizeYen"":5282900},{""tier"":3,""winners"":192,""prizeYen"":963000},{""tier"":4,""winners"":8883,""prizeYen"":12200},{""tier"":5,""winners"":128611,""prizeYen"":2000},{""tier"":6,""winners"":209643,""prizeYen"":1100}]"
"loto7","138","2015-12-04","2 5 17 20 21 32 33","30 35","","1370182325","[{""tier"":1,""winners"":1,""prizeYen"":800000000},{""tier"":2,""winners"":9,""prizeYen"":13318500},{""tier"":3,""winners"":154,""prizeYen"":1089600},{""tier"":4,""winners"":6562,""prizeYen"":15000},{""tier"":5,""winners"":105002,""prizeYen"":2300},{""tier"":6,""winners"":177272,""prizeYen"":1200}]"
"loto7","139","2015-12-11","9 16 18 21 23 34 35","4 36","","1712940710","[{""tier"":1,""winners"":0,""prizeYen"":0},{""tier"":2,""winners"":10,""prizeYen"":11434100},{""tier"":3,""winners"":143,""prizeYen"":1119400},{""tier"":4,""winners"":7128,""prizeYen"":13100},{""tier"":5,""winners"":111609,""prizeYen"":2000},{""tier"":6,""winners"":201359,""prizeYen"":1000}]"
"loto7","140","2015-12-18","3 11 12 13 17 26 35","1 33","","2074538935","[{""tier"":1,""winners"":0,""prizeYen"":0},{""tier"":2,""winners"":5,""prizeYen"":24262700},{""tier"":3,""winners"":141,""prizeYen"":1204500},{""tier"":4,""winners"":8119,""prizeYen"":12200},{""tier"":5,""winners"":130651,""prizeYen"":1800},{""tier"":6,""winners"":217378,""prizeYen"":1000}]"
"loto7","141","2015-12-25","2 10 18 30 31 32 36","21 29","","1672001745","[{""tier"":1,""winners"":1,""prizeYen"":800000000},{""tier"":2,""winners"":6,""prizeYen"":22037800},{""tier"":3,""winners"":161,""prizeYen"":1149700},{""tier"":4,""winners"":7645,""prizeYen"":14200},{""tier"":5,""winners"":122514,""prizeYen"":2100},{""tier"":6,""winners"":210961,""prizeYen"":1100}]"
"loto7","142","2016-01-08","6 12 14 18 21 27 28","1 33","","2060628715","[{""tier"":1,""winners"":0,""prizeYen"":0},{""tier"":2,""winners"":20,""prizeYen"":6745000},{""tier"":3,""winners"":180,""prizeYen"":1049200},{""tier"":4,""winners"":9004,""prizeYen"":12300},{""tier"":5,""winners"":142612,""prizeYen"":1900},{""tier"":6,""winners"":245135,""prizeYen"":1000}]"
"loto7","143","2016-01-15","1 3 8 14 28 29 33","4 31","","2444749620","[{""tier"":1,""winners"":0,""prizeYen"":0},{""tier"":2,""winners"":18,""prizeYen"":7204200},{""tier"":3,""winners"":218,""prizeYen"":832700},{""tier"":4,""winners"":10077,""prizeYen"":10500},{""tier"":5,""winners"":147524,""prizeYen"":1700},{""tier"":6,""winners"":235436,""prizeYen"":1000}]"
"loto7","144","2016-01-22","2 9 13 18 22 32 36","17 26","","2050454225","[{""tier"":1,""winners"":1,""prizeYen"":800000000},{""tier"":2,""winners"":21,""prizeYen"":6503100},{""tier"":3,""winners"":249,""prizeYen"":767800},{""tier"":4,""winners"":10143,""prizeYen"":11000},{""tier"":5,""winners"":147247,""prizeYen"":1800},{""tier"":6,""winners"":245690,""prizeYen"":1000}]"
"loto7","145","2016-01-29","10 12 18 28 29 30 35","4 19","","2433616350","[{""tier"":1,""winners"":0,""prizeYen"":0},{""tier"":2,""winners"":18,""prizeYen"":6993600},{""tier"":3,""winners"":194,""prizeYen"":908400},{""tier"":4,""winners"":9476,""prizeYen"":10900},{""tier"":5,""winners"":139105,""prizeYen"":1800},{""tier"":6,""winners"":234198,""prizeYen"":900}]"
"loto7","146","2016-02-05","4 10 25 27 28 33 34","15 35","","2034765345","[{""tier"":1,""winners"":1,""prizeYen"":800000000},{""tier"":2,""winners"":11,""prizeYen"":12190200},{""tier"":3,""winners"":160,""prizeYen"":1173200},{""tier"":4,""winners"":8350,""prizeYen"":13100},{""tier"":5,""winners"":136343,""prizeYen"":1900},{""tier"":6,""winners"":239815,""prizeYen"":1000}]"
"loto7","147","2016-02-12","1 5 7 12 15 24 25","8 14","","826803760","[{""tier"":1,""winners"":2,""prizeYen"":800000000},{""tier"":2,""winners"":18,""prizeYen"":6995700},{""tier"":3,""winners"":198,""prizeYen"":890300},{""tier"":4,""winners"":10536,""prizeYen"":9800},{""tier"":5,""winners"":150535,""prizeYen"":1600},{""tier"":6,""winners"":235286,""prizeYen"":900}]"
"loto7","148","2016-02-19","1 9 11 16 20 30 34","12 33","","1173362780","[{""tier"":1,""winners"":0,""prizeYen"":0},{""tier"":2,""winners"":15,""prizeYen"":7948400},{""tier"":3,""winners"":117,""prizeYen"":1426600},{""tier"":4,""winners"":6038,""prizeYen"":16200},{""tier"":5,""winners"":103270,""prizeYen"":2300},{""tier"":6,""winners"":179666,""prizeYen"":1200}]"
"loto7","149","2016-02-26","1 4 15 19 22 23 31","12 32","","730966110","[{""tier"":1,""winners"":1,""prizeYen"":800000000},{""tier"":2,""winners"":8,""prizeYen"":14895800},{""tier"":3,""winners"":160,""prizeYen"":1042600},{""tier"":4,""winners"":7774,""prizeYen"":12500},{""tier"":5,""winners"":121130,""prizeYen"":1900},{""tier"":6,""winners"":192840,""prizeYen"":1100}]"
"loto7","150","2016-03-04","6 7 14 20 27 31 34","11 24","","256955600","[{""tier"":1,""winners"":1,""prizeYen"":800000000},{""tier"":2,""winners"":12,""prizeYen"":9273400},{""tier"":3,""winners"":171,""prizeYen"":911000},{""tier"":4,""winners"":6898,""prizeYen"":13200},{""tier"":5,""winners"":105383,""prizeYen"":2100},{""tier"":6,""winners"":181216,""prizeYen"":1100}]"
"loto7","151","2016-03-11","9 10 13 15 21 22 24","4 8","","553668980","[{""tier"":1,""winners"":0,""prizeYen"":0},{""tier"":2,""winners"":9,""prizeYen"":11155700},{""tier"":3,""winners"":97,""prizeYen"":1449000},{""tier"":4,""winners"":5598,""prizeYen"":14700},{""tier"":5,""winners"":95911,""prizeYen"":2100},{""tier"":6,""winners"":194859,""prizeYen"":900}]"
"loto7","152","2016-03-18","8 12 17 21 23 24 31","6 7","","69792960","[{""tier"":1,""winners"":1,""prizeYen"":800000000},{""tier"":2,""winners"":17,""prizeYen"":6175600},{""tier"":3,""winners"":130,""prizeYen"":1130500},{""tier"":4,""winners"":7742,""prizeYen"":11100},{""tier"":5,""winners"":116837,""prizeYen"":1800},{""tier"":6,""winners"":197700,""prizeYen"":900}]"
"loto7","153","2016-03-25","7 9 10 16 20 28 37","2 33","","0","[{""tier"":1,""winners"":1,""prizeYen"":362456100},{""tier"":2,""winners"":12,""prizeYen"":7885800},{""tier"":3,""winners"":115,""prizeYen"":1152000},{""tier"":4,""winners"":5753,""prizeYen"":13500},{""tier"":5,""winners"":91889,""prizeYen"":2000},{""tier"":6,""winners"":158231,""prizeYen"":1000}]"
"loto7","154","2016-04-01","2 4 19 21 24 28 35","3 13","","0","[{""tier"":1,""winners"":1,""prizeYen"":257297800},{""tier"":2,""winners"":15,""prizeYen"":5671400},{""tier"":3,""winners"":127,""prizeYen"":937700},{""tier"":4,""winners"":5988,""prizeYen"":11600},{""tier"":5,""winners"":92287,""prizeYen"":1800},{""tier"":6,""winners"":163911,""prizeYen"":900}]"
"loto7","155","2016-04-08","2 9 13 18 22 24 26","10 37","","0","[{""tier"":1,""winners"":1,""prizeYen"":251995000},{""tier"":2,""winners"":11,""prizeYen"":7583900},{""tier"":3,""winners"":161,""prizeYen"":725400},{""tier"":4,""winners"":6403,""prizeYen"":10700},{""tier"":5,""winners"":88855,""prizeYen"":1900},{""tier"":6,""winners"":138643,""prizeYen"":1000}]"
"loto7","156","2016-04-15","4 9 16 19 22 33 34","17 36","","0","[{""tier"":1,""winners"":1,""prizeYen"":259663500},{""tier"":2,""winners"":5,""prizeYen"":16995300},{""tier"":3,""winners"":138,""prizeYen"":862000},{""tier"":4,""winners"":5663,""prizeYen"":12300},{""tier"":5,""winners"":82668,""prizeYen"":2000},{""tier"":6,""winners"":131839,""prizeYen"":1100}]"
"loto7","157","2016-04-22","5 9 16 26 28 29 32","1 37","","252322715","[{""tier"":1,""winners"":0,""prizeYen"":0},{""tier"":2,""winners"":6,""prizeYen"":13780700},{""tier"":3,""winners"":112,""prizeYen"":1033500},{""tier"":4,""winners"":4754,""prizeYen"":14200},{""tier"":5,""winners"":80218,""prizeYen"":2000},{""tier"":6,""winners"":129228,""prizeYen"":1100}]"
"loto7","158","2016-04-29","3 6 7 30 32 36 37","5 20","","0","[{""tier"":1,""winners"":1,""prizeYen"":535280700},{""tier"":2,""winners"":7,""prizeYen"":13303800},{""tier"":3,""winners"":109,""prizeYen"":1196100},{""tier"":4,""winners"":4614,""prizeYen"":16500},{""tier"":5,""winners"":84564,""prizeYen"":2200},{""tier"":6,""winners"":141718,""prizeYen"":1100}]"
"loto7","159","2016-05-06","10 14 17 21 23 27 31","16 24","","234794530","[{""tier"":1,""winners"":0,""prizeYen"":0},{""tier"":2,""winners"":5,""prizeYen"":15896900},{""tier"":3,""winners"":127,""prizeYen"":876100},{""tier"":4,""winners"":5520,""prizeYen"":11800},{""tier"":5,""winners"":83349,""prizeYen"":1900},{""tier"":6,""winners"":127314,""prizeYen"":1100}]"
"loto7","160","2016-05-13","1 2 8 24 32 36 37","23 33","","0","[{""tier"":1,""winners"":2,""prizeYen"":255795700},{""tier"":2,""winners"":5,""prizeYen"":18657900},{""tier"":3,""winners"":94,""prizeYen"":1389400},{""tier"":4,""winners"":6795,""prizeYen"":11200},{""tier"":5,""winners"":87158,""prizeYen"":2100},{""tier"":6,""winners"":151192,""prizeYen"":1100}]"
"loto7","161","2016-05-20","8 14 17 18 20 22 34","4 30","","233401615","[{""tier"":1,""winners"":0,""prizeYen"":0},{""tier"":2,""winners"":6,""prizeYen"":13320500},{""tier"":3,""winners"":69,""prizeYen"":1621600},{""tier"":4,""winners"":4314,""prizeYen"":15200},{""tier"":5,""winners"":70156,""prizeYen"":2300},{""tier"":6,""winners"":128448,""prizeYen"":1100}]"
"loto7","162","2016-05-27","2 7 8 12 14 23 27","6 10","","0","[{""tier"":1,""winners"":1,""prizeYen"":500555900},{""tier"":2,""winners"":15,""prizeYen"":6029500},{""tier"":3,""winners"":156,""prizeYen"":811600},{""tier"":4,""winners"":8086,""prizeYen"":9100},{""tier"":5,""winners"":112419,""prizeYen"":1600},{""tier"":6,""winners"":178019,""prizeYen"":900}]"
"loto7","163","2016-06-03","1 2 6 16 28 30 31","3 7","","0","[{""tier"":1,""winners"":1,""prizeYen"":237793900},{""tier"":2,""winners"":7,""prizeYen"":11300600},{""tier"":3,""winners"":118,""prizeYen"":938500},{""tier"":4,""winners"":5118,""prizeYen"":12600},{""tier"":5,""winners"":79064,""prizeYen"":2000},{""tier"":6,""winners"":150062,""prizeYen"":900}]"
"loto7","164","2016-06-10","3 13 20 23 31 35 36","2 11","","229558135","[{""tier"":1,""winners"":0,""prizeYen"":0},{""tier"":2,""winners"":4,""prizeYen"":19067900},{""tier"":3,""winners"":92,""prizeYen"":1160600},{""tier"":4,""winners"":4328,""prizeYen"":14400},{""tier"":5,""winners"":67249,""prizeYen"":2300},{""tier"":6,""winners"":127590,""prizeYen"":1000}]"
"loto7","165","2016-06-17","9 11 14 15 16 18 27","6 20","","529403390","[{""tier"":1,""winners"":0,""prizeYen"":0},{""tier"":2,""winners"":3,""prizeYen"":32554300},{""tier"":3,""winners"":96,""prizeYen"":1424200},{""tier"":4,""winners"":5542,""prizeYen"":14400},{""tier"":5,""winners"":100873,""prizeYen"":1900},{""tier"":6,""winners"":163858,""prizeYen"":1000}]"
"loto7","166","2016-06-24","14 20 27 29 30 31 37","23 34","","838919740","[{""tier"":1,""winners"":0,""prizeYen"":0},{""tier"":2,""winners"":9,""prizeYen"":11749100},{""tier"":3,""winners"":103,""prizeYen"":1437200},{""tier"":4,""winners"":5210,""prizeYen"":16600},{""tier"":5,""winners"":90495,""prizeYen"":2300},{""tier"":6,""winners"":159868,""prizeYen"":1200}]"
"loto7","167","2016-07-01","1 3 5 7 10 26 36","19 37","","0","[{""tier"":1,""winners"":2,""prizeYen"":596966700},{""tier"":2,""winners"":16,""prizeYen"":7293200},{""tier"":3,""winners"":175,""prizeYen"":933500},{""tier"":4,""winners"":8295,""prizeYen"":11500},{""tier"":5,""winners"":126796,""prizeYen"":1800},{""tier"":6,""winners"":199765,""prizeYen"":1000}]"
"loto7","168","2016-07-08","3 9 12 14 19 20 36","2 5","","249683290","[{""tier"":1,""winners"":0,""prizeYen"":0},{""tier"":2,""winners"":8,""prizeYen"":10278400},{""tier"":3,""winners"":96,""prizeYen"":1199100},{""tier"":4,""winners"":4707,""prizeYen"":14300},{""tier"":5,""winners"":79672,""prizeYen"":2000},{""tier"":6,""winners"":142639,""prizeYen"":1000}]"
"loto7","169","2016-07-15","1 5 10 20 21 28 30","25 26","","541842255","[{""tier"":1,""winners"":0,""prizeYen"":0},{""tier"":2,""winners"":9,""prizeYen"":10458600},{""tier"":3,""winners"":145,""prizeYen"":908800},{""tier"":4,""winners"":7713,""prizeYen"":10000},{""tier"":5,""winners"":101092,""prizeYen"":1800},{""tier"":6,""winners"":143001,""prizeYen"":1100}]"
"loto7","170","2016-07-22","3 5 6 9 27 32 36","12 24","","45774325","[{""tier"":1,""winners"":1,""prizeYen"":800000000},{""tier"":2,""winners"":9,""prizeYen"":11318500},{""tier"":3,""winners"":126,""prizeYen"":1131800},{""tier"":4,""winners"":7099,""prizeYen"":11700},{""tier"":5,""winners"":111780,""prizeYen"":1800},{""tier"":6,""winners"":198470,""prizeYen"":900}]"
"loto7","171","2016-07-29","1 2 6 21 23 27 28","11 16","","0","[{""tier"":1,""winners"":1,""prizeYen"":308533500},{""tier"":2,""winners"":6,""prizeYen"":14778000},{""tier"":3,""winners"":112,""prizeYen"":1108300},{""tier"":4,""winners"":5675,""prizeYen"":12800},{""tier"":5,""winners"":94440,""prizeYen"":1900},{""tier"":6,""winners"":169580,""prizeYen"":900}]"
"loto7","172","2016-08-05","5 20 21 27 30 31 36","9 26","","0","[{""tier"":1,""winners"":1,""prizeYen"":229139600},{""tier"":2,""winners"":10,""prizeYen"":7737500},{""tier"":3,""winners"":143,""prizeYen"":757500},{""tier"":4,""winners"":5836,""prizeYen"":10800},{""tier"":5,""winners"":82221,""prizeYen"":1900},{""tier"":6,""winners"":134057,""prizeYen"":1000}]"
"loto7","173","2016-08-12","7 9 19 22 24 27 30","4 28","","228099815","[{""tier"":1,""winners"":0,""prizeYen"":0},{""tier"":2,""winners"":9,""prizeYen"":8179800},{""tier"":3,""winners"":96,""prizeYen"":1073500},{""tier"":4,""winners"":4599,""prizeYen"":13100},{""tier"":5,""winners"":76223,""prizeYen"":1900},{""tier"":6,""winners"":151261,""prizeYen"":800}]"
"loto7","174","2016-08-19","10 13 14 15 23 31 32","4 29","","0","[{""tier"":1,""winners"":3,""prizeYen"":170269900},{""tier"":2,""winners"":7,""prizeYen"":13318400},{""tier"":3,""winners"":109,""prizeYen"":1197400},{""tier"":4,""winners"":5268,""prizeYen"":14500},{""tier"":5,""winners"":86852,""prizeYen"":2100},{""tier"":6,""winners"":160305,""prizeYen"":1000}]"
"loto7","175","2016-08-26","6 17 21 31 33 35 37","14 18","","239677540","[{""tier"":1,""winners"":0,""prizeYen"":0},{""tier"":2,""winners"":3,""prizeYen"":26441700},{""tier"":3,""winners"":93,""prizeYen"":1194100},{""tier"":4,""winners"":4005,""prizeYen"":16200},{""tier"":5,""winners"":70659,""prizeYen"":2200},{""tier"":6,""winners"":124654,""prizeYen"":1100}]"
"loto7","176","2016-09-02","1 11 12 17 22 30 35","15 16","","528455810","[{""tier"":1,""winners"":0,""prizeYen"":0},{""tier"":2,""winners"":5,""prizeYen"":18978800},{""tier"":3,""winners"":89,""prizeYen"":1492600},{""tier"":4,""winners"":5367,""prizeYen"":14500},{""tier"":5,""winners"":87754,""prizeYen"":2100},{""tier"":6,""winners"":148588,""prizeYen"":1100}]"
"loto7","177","2016-09-09","9 15 19 23 25 34 36","2 35","","35718160","[{""tier"":1,""winners"":1,""prizeYen"":800000000},{""tier"":2,""winners"":9,""prizeYen"":11551700},{""tier"":3,""winners"":142,""prizeYen"":1025000},{""tier"":4,""winners"":6691,""prizeYen"":12700},{""tier"":5,""winners"":108184,""prizeYen"":1900},{""tier"":6,""winners"":184822,""prizeYen"":1000}]"
"loto7","178","2016-09-16","6 9 11 15 26 34 36","13 37","","298979855","[{""tier"":1,""winners"":0,""prizeYen"":0},{""tier"":2,""winners"":8,""prizeYen"":11013900},{""tier"":3,""winners"":93,""prizeYen"":1326300},{""tier"":4,""winners"":5206,""prizeYen"":13900},{""tier"":5,""winners"":84160,""prizeYen"":2100},{""tier"":6,""winners"":137192,""prizeYen"":1100}]"
"loto7","179","2016-09-23","4 9 12 13 22 26 36","5 33","","0","[{""tier"":1,""winners"":1,""prizeYen"":581403600},{""tier"":2,""winners"":8,""prizeYen"":11980000},{""tier"":3,""winners"":150,""prizeYen"":894400},{""tier"":4,""winners"":6573,""prizeYen"":11900},{""tier"":5,""winners"":100985,""prizeYen"":1900},{""tier"":6,""winners"":168946,""prizeYen"":1000}]"
"loto7","180","2016-09-30","1 8 11 21 23 25 28","5 37","","237187815","[{""tier"":1,""winners"":0,""prizeYen"":0},{""tier"":2,""winners"":14,""prizeYen"":5721300},{""tier"":3,""winners"":109,""prizeYen"":1028700},{""tier"":4,""winners"":5735,""prizeYen"":11400},{""tier"":5,""winners"":89930,""prizeYen"":1800},{""tier"":6,""winners"":153913,""prizeYen"":900}]"
"loto7","181","2016-10-07","7 8 10 13 19 23 24","15 27","","521445450","[{""tier"":1,""winners"":0,""prizeYen"":0},{""tier"":2,""winners"":7,""prizeYen"":13205000},{""tier"":3,""winners"":130,""prizeYen"":995400},{""tier"":4,""winners"":6491,""prizeYen"":11600},{""tier"":5,""winners"":102655,""prizeYen"":1800},{""tier"":6,""winners"":189360,""prizeYen"":800}]"
"loto7","182","2016-10-14","1 7 10 11 20 23 30","3 37","","842496950","[{""tier"":1,""winners"":0,""prizeYen"":0},{""tier"":2,""winners"":28,""prizeYen"":3682100},{""tier"":3,""winners"":203,""prizeYen"":711000},{""tier"":4,""winners"":9719,""prizeYen"":8700},{""tier"":5,""winners"":117841,""prizeYen"":1700},{""tier"":6,""winners"":189068,""prizeYen"":900}]"
"loto7","183","2016-10-21","6 15 20 26 33 34 37","19 29","","1181212000","[{""tier"":1,""winners"":0,""prizeYen"":0},{""tier"":2,""winners"":5,""prizeYen"":23089700},{""tier"":3,""winners"":113,""prizeYen"":1430300},{""tier"":4,""winners"":5827,""prizeYen"":16200},{""tier"":5,""winners"":98227,""prizeYen"":2300},{""tier"":6,""winners"":175010,""prizeYen"":1200}]"
"loto7","184","2016-10-28","7 14 18 22 23 26 34","2 32","","751867760","[{""tier"":1,""winners"":1,""prizeYen"":800000000},{""tier"":2,""winners"":28,""prizeYen"":4463800},{""tier"":3,""winners"":256,""prizeYen"":683500},{""tier"":4,""winners"":9419,""prizeYen"":10800},{""tier"":5,""winners"":127958,""prizeYen"":1900},{""tier"":6,""winners"":204874,""prizeYen"":1100}]"
"loto7","185","2016-11-04","1 2 4 16 26 29 34","11 12","","1077699135","[{""tier"":1,""winners"":0,""prizeYen"":0},{""tier"":2,""winners"":6,""prizeYen"":18419400},{""tier"":3,""winners"":100,""prizeYen"":1547200},{""tier"":4,""winners"":5587,""prizeYen"":16200},{""tier"":5,""winners"":96090,""prizeYen"":2300},{""tier"":6,""winners"":194575,""prizeYen"":1000}]"
"loto7","186","2016-11-11","5 14 16 19 31 33 37","21 28","","1411599250","[{""tier"":1,""winners"":0,""prizeYen"":0},{""tier"":2,""winners"":9,""prizeYen"":12858400},{""tier"":3,""winners"":109,""prizeYen"":1486300},{""tier"":4,""winners"":6212,""prizeYen"":15300},{""tier"":5,""winners"":101630,""prizeYen"":2300},{""tier"":6,""winners"":189498,""prizeYen"":1100}]"
"loto7","187","2016-11-18","4 6 10 23 24 32 36","15 31","","198771140","[{""tier"":1,""winners"":2,""prizeYen"":800000000},{""tier"":2,""winners"":13,""prizeYen"":9624600},{""tier"":3,""winners"":206,""prizeYen"":850300},{""tier"":4,""winners"":8657,""prizeYen"":11800},{""tier"":5,""winners"":135560,""prizeYen"":1800},{""tier"":6,""winners"":231695,""prizeYen"":900}]"
"loto7","188","2016-11-25","6 15 19 25 26 30 31","14 18","","0","[{""tier"":1,""winners"":1,""prizeYen"":478206800},{""tier"":2,""winners"":4,""prizeYen"":24214600},{""tier"":3,""winners"":112,""prizeYen"":1210700},{""tier"":4,""winners"":5621,""prizeYen"":14100},{""tier"":5,""winners"":93300,""prizeYen"":2100},{""tier"":6,""winners"":158624,""prizeYen"":1100}]"
"loto7","189","2016-12-02","3 7 8 10 18 23 35","1 19","","0","[{""tier"":1,""winners"":2,""prizeYen"":123108600},{""tier"":2,""winners"":8,""prizeYen"":10370900},{""tier"":3,""winners"":126,""prizeYen"":921800},{""tier"":4,""winners"":6418,""prizeYen"":10600},{""tier"":5,""winners"":98944,""prizeYen"":1700},{""tier"":6,""winners"":157885,""prizeYen"":900}]"
"loto7","190","2016-12-09","2 11 12 18 21 33 36","8 34","","0","[{""tier"":1,""winners"":1,""prizeYen"":240259100},{""tier"":2,""winners"":12,""prizeYen"":6759300},{""tier"":3,""winners"":105,""prizeYen"":1081400},{""tier"":4,""winners"":5065,""prizeYen"":13100},{""tier"":5,""winners"":83879,""prizeYen"":1900},{""tier"":6,""winners"":144610,""prizeYen"":1000}]"
"loto7","191","2016-12-16","8 15 21 24 26 27 29","7 30","","243867070","[{""tier"":1,""winners"":0,""prizeYen"":0},{""tier"":2,""winners"":4,""prizeYen"":20202500},{""tier"":3,""winners"":94,""prizeYen"":1203500},{""tier"":4,""winners"":4653,""prizeYen"":14200},{""tier"":5,""winners"":76562,""prizeYen"":2100},{""tier"":6,""winners"":137587,""prizeYen"":1000}]"
"loto7","192","2016-12-23","12 13 14 19 25 33 34","3 22","","522955095","[{""tier"":1,""winners"":0,""prizeYen"":0},{""tier"":2,""winners"":12,""prizeYen"":7783800},{""tier"":3,""winners"":118,""prizeYen"":1108100},{""tier"":4,""winners"":5960,""prizeYen"":12800},{""tier"":5,""winners"":92178,""prizeYen"":2000},{""tier"":6,""winners"":163402,""prizeYen"":1000}]"
"loto7","193","2016-12-30","4 6 20 21 22 24 31","9 10","","844728055","[{""tier"":1,""winners"":0,""prizeYen"":0},{""tier"":2,""winners"":9,""prizeYen"":12021800},{""tier"":3,""winners"":113,""prizeYen"":1340400},{""tier"":4,""winners"":6037,""prizeYen"":14700},{""tier"":5,""winners"":100444,""prizeYen"":2100},{""tier"":6,""winners"":193019,""prizeYen"":1000}]"
"loto7","194","2017-01-06","3 6 27 30 31 32 36","14 23","","1131549130","[{""tier"":1,""winners"":0,""prizeYen"":0},{""tier"":2,""winners"":6,""prizeYen"":16169400},{""tier"":3,""winners"":130,""prizeYen"":1044700},{""tier"":4,""winners"":6171,""prizeYen"":12900},{""tier"":5,""winners"":96460,""prizeYen"":2000},{""tier"":6,""winners"":189955,""prizeYen"":900}]"
"loto7","195","2017-01-13","4 7 12 20 23 24 31","26 35","","0","[{""tier"":1,""winners"":4,""prizeYen"":371873100},{""tier"":2,""winners"":11,""prizeYen"":10556800},{""tier"":3,""winners"":229,""prizeYen"":709900},{""tier"":4,""winners"":8965,""prizeYen"":10600},{""tier"":5,""winners"":131305,""prizeYen"":1700},{""tier"":6,""winners"":199956,""prizeYen"":1000}]"
"loto7","196","2017-01-20","7 13 15 25 30 32 37","8 14","","234599870","[{""tier"":1,""winners"":0,""prizeYen"":0},{""tier"":2,""winners"":11,""prizeYen"":7321700},{""tier"":3,""winners"":113,""prizeYen"":997800},{""tier"":4,""winners"":4792,""prizeYen"":13800},{""tier"":5,""winners"":76951,""prizeYen"":2100},{""tier"":6,""winners"":143940,""prizeYen"":1000}]"
"loto7","197","2017-01-27","6 8 10 12 16 21 28","14 23","","522001970","[{""tier"":1,""winners"":0,""prizeYen"":0},{""tier"":2,""winners"":10,""prizeYen"":9519200},{""tier"":3,""winners"":163,""prizeYen"":817500},{""tier"":4,""winners"":7271,""prizeYen"":10700},{""tier"":5,""winners"":109584,""prizeYen"":1700},{""tier"":6,""winners"":183425,""prizeYen"":900}]"
"loto7","198","2017-02-03","18 21 31 32 33 36 37","5 25","","879541410","[{""tier"":1,""winners"":0,""prizeYen"":0},{""tier"":2,""winners"":5,""prizeYen"":23983300},{""tier"":3,""winners"":92,""prizeYen"":1824700},{""tier"":4,""winners"":7830,""prizeYen"":12500},{""tier"":5,""winners"":97289,""prizeYen"":2500},{""tier"":6,""winners"":185503,""prizeYen"":1100}]"
"loto7","199","2017-02-10","1 9 17 20 22 28 29","13 16","","0","[{""tier"":1,""winners"":2,""prizeYen"":636223100},{""tier"":2,""winners"":22,""prizeYen"":6022200},{""tier"":3,""winners"":259,""prizeYen"":716100},{""tier"":4,""winners"":11394,""prizeYen"":9500},{""tier"":5,""winners"":147540,""prizeYen"":1800},{""tier"":6,""winners"":230618,""prizeYen"":1000}]"
"loto7","200","2017-02-17","13 14 17 21 27 28 34","1 11","","0","[{""tier"":1,""winners"":4,""prizeYen"":67987600},{""tier"":2,""winners"":12,""prizeYen"":7805300},{""tier"":3,""winners"":134,""prizeYen"":978500},{""tier"":4,""winners"":6075,""prizeYen"":12600},{""tier"":5,""winners"":94341,""prizeYen"":2000},{""tier"":6,""winners"":152630,""prizeYen"":1100}]"
"loto7","201","2017-02-24","8 11 17 24 28 31 32","12 34","","0","[{""tier"":1,""winners"":1,""prizeYen"":263734200},{""tier"":2,""winners"":10,""prizeYen"":8851000},{""tier"":3,""winners"":134,""prizeYen"":924700},{""tier"":4,""winners"":6540,""prizeYen"":11100},{""tier"":5,""winners"":96493,""prizeYen"":1800},{""tier"":6,""winners"":156259,""prizeYen"":1000}]"
"loto7","202","2017-03-03","3 7 11 16 22 34 37","29 32","","0","[{""tier"":1,""winners"":1,""prizeYen"":254364500},{""tier"":2,""winners"":18,""prizeYen"":4726500},{""tier"":3,""winners"":145,""prizeYen"":821400},{""tier"":4,""winners"":6040,""prizeYen"":11500},{""tier"":5,""winners"":89056,""prizeYen"":1900},{""tier"":6,""winners"":133997,""prizeYen"":1100}]"
"loto7","203","2017-03-10","6 13 17 22 32 33 36","12 28","","0","[{""tier"":1,""winners"":1,""prizeYen"":236902300},{""tier"":2,""winners"":9,""prizeYen"":9011200},{""tier"":3,""winners"":106,""prizeYen"":1071100},{""tier"":4,""winners"":5225,""prizeYen"":12700},{""tier"":5,""winners"":80052,""prizeYen"":2000},{""tier"":6,""winners"":147130,""prizeYen"":1000}]"
"loto7","204","2017-03-17","5 19 20 21 30 34 36","7 12","","237457480","[{""tier"":1,""winners"":0,""prizeYen"":0},{""tier"":2,""winners"":4,""prizeYen"":19529000},{""tier"":3,""winners"":100,""prizeYen"":1093600},{""tier"":4,""winners"":4310,""prizeYen"":14800},{""tier"":5,""winners"":68340,""prizeYen"":2300},{""tier"":6,""winners"":129597,""prizeYen"":1000}]"
"loto7","205","2017-03-24","4 5 19 31 35 36 37","27 32","","502863990","[{""tier"":1,""winners"":0,""prizeYen"":0},{""tier"":2,""winners"":5,""prizeYen"":17824400},{""tier"":3,""winners"":102,""prizeYen"":1223200},{""tier"":4,""winners"":4969,""prizeYen"":14700},{""tier"":5,""winners"":84038,""prizeYen"":2100},{""tier"":6,""winners"":141768,""prizeYen"":1100}]"
"loto7","206","2017-03-31","1 6 7 11 27 35 36","22 26","","0","[{""tier"":1,""winners"":2,""prizeYen"":405262500},{""tier"":2,""winners"":10,""prizeYen"":10099400},{""tier"":3,""winners"":127,""prizeYen"":1113300},{""tier"":4,""winners"":6385,""prizeYen"":12900},{""tier"":5,""winners"":103019,""prizeYen"":1900},{""tier"":6,""winners"":174481,""prizeYen"":1000}]"
"loto7","207","2017-04-07","4 5 10 13 28 32 33","19 26","","237151340","[{""tier"":1,""winners"":0,""prizeYen"":0},{""tier"":2,""winners"":6,""prizeYen"":13070000},{""tier"":3,""winners"":96,""prizeYen"":1143600},{""tier"":4,""winners"":4637,""prizeYen"":13800},{""tier"":5,""winners"":77499,""prizeYen"":2000},{""tier"":6,""winners"":134173,""prizeYen"":1000}]"
"loto7","208","2017-04-14","4 13 16 18 22 26 33","27 29","","0","[{""tier"":1,""winners"":2,""prizeYen"":265859700},{""tier"":2,""winners"":11,""prizeYen"":8775000},{""tier"":3,""winners"":148,""prizeYen"":913000},{""tier"":4,""winners"":6161,""prizeYen"":12800},{""tier"":5,""winners"":94473,""prizeYen"":2000},{""tier"":6,""winners"":164238,""prizeYen"":1000}]"
"loto7","209","2017-04-21","3 4 6 13 22 31 36","28 34","","0","[{""tier"":1,""winners"":2,""prizeYen"":126470700},{""tier"":2,""winners"":6,""prizeYen"":13920600},{""tier"":3,""winners"":148,""prizeYen"":790000},{""tier"":4,""winners"":6497,""prizeYen"":10500},{""tier"":5,""winners"":95571,""prizeYen"":1700},{""tier"":6,""winners"":161235,""prizeYen"":900}]"
"loto7","210","2017-04-28","2 4 6 11 15 19 36","23 34","","0","[{""tier"":1,""winners"":3,""prizeYen"":81938200},{""tier"":2,""winners"":13,""prizeYen"":6308500},{""tier"":3,""winners"":94,""prizeYen"":1221400},{""tier"":4,""winners"":5601,""prizeYen"":12000},{""tier"":5,""winners"":90046,""prizeYen"":1800},{""tier"":6,""winners"":158042,""prizeYen"":900}]"
"loto7","211","2017-05-05","7 15 22 25 31 32 35","29 36","","213835550","[{""tier"":1,""winners"":0,""prizeYen"":0},{""tier"":2,""winners"":1,""prizeYen"":73468200},{""tier"":3,""winners"":87,""prizeYen"":1182200},{""tier"":4,""winners"":4147,""prizeYen"":14500},{""tier"":5,""winners"":66654,""prizeYen"":2200},{""tier"":6,""winners"":120393,""prizeYen"":1100}]"
"loto7","212","2017-05-12","4 6 10 19 20 24 29","1 27","","0","[{""tier"":1,""winners"":1,""prizeYen"":485279600},{""tier"":2,""winners"":4,""prizeYen"":22301000},{""tier"":3,""winners"":111,""prizeYen"":1125000},{""tier"":4,""winners"":5279,""prizeYen"":13800},{""tier"":5,""winners"":85435,""prizeYen"":2100},{""tier"":6,""winners"":147792,""prizeYen"":1000}]"
"loto7","213","2017-05-19","5 13 15 18 19 24 35","20 23","","0","[{""tier"":1,""winners"":1,""prizeYen"":221975000},{""tier"":2,""winners"":5,""prizeYen"":15193000},{""tier"":3,""winners"":101,""prizeYen"":1052900},{""tier"":4,""winners"":4498,""prizeYen"":13800},{""tier"":5,""winners"":75550,""prizeYen"":2000},{""tier"":6,""winners"":124267,""prizeYen"":1100}]"
"loto7","214","2017-05-26","2 6 9 12 31 36 37","3 22","","222151090","[{""tier"":1,""winners"":0,""prizeYen"":0},{""tier"":2,""winners"":6,""prizeYen"":12438700},{""tier"":3,""winners"":89,""prizeYen"":1173900},{""tier"":4,""winners"":4596,""prizeYen"":13300},{""tier"":5,""winners"":77756,""prizeYen"":1900},{""tier"":6,""winners"":145323,""prizeYen"":900}]"
"loto7","215","2017-06-02","11 12 13 21 29 36 37","7 9","","472406545","[{""tier"":1,""winners"":0,""prizeYen"":0},{""tier"":2,""winners"":8,""prizeYen"":10580500},{""tier"":3,""winners"":113,""prizeYen"":1048600},{""tier"":4,""winners"":4689,""prizeYen"":14800},{""tier"":5,""winners"":77519,""prizeYen"":2200},{""tier"":6,""winners"":163313,""prizeYen"":900}]"
"loto7","216","2017-06-09","9 14 22 24 25 36 37","8 28","","752459005","[{""tier"":1,""winners"":0,""prizeYen"":0},{""tier"":2,""winners"":5,""prizeYen"":18713100},{""tier"":3,""winners"":91,""prizeYen"":1439400},{""tier"":4,""winners"":5417,""prizeYen"":14100},{""tier"":5,""winners"":88057,""prizeYen"":2100},{""tier"":6,""winners"":162975,""prizeYen"":1000}]"
"loto7","217","2017-06-16","4 6 26 27 28 35 36","24 34","","0","[{""tier"":1,""winners"":3,""prizeYen"":366089300},{""tier"":2,""winners"":20,""prizeYen"":5592700},{""tier"":3,""winners"":276,""prizeYen"":567300},{""tier"":4,""winners"":9882,""prizeYen"":9200},{""tier"":5,""winners"":135795,""prizeYen"":1600},{""tier"":6,""winners"":208907,""prizeYen"":900}]"
"loto7","218","2017-06-23","15 16 17 21 26 29 30","10 34","","234051170","[{""tier"":1,""winners"":0,""prizeYen"":0},{""tier"":2,""winners"":7,""prizeYen"":11201900},{""tier"":3,""winners"":82,""prizeYen"":1338700},{""tier"":4,""winners"":4421,""prizeYen"":14500},{""tier"":5,""winners"":69813,""prizeYen"":2200},{""tier"":6,""winners"":125932,""prizeYen"":1100}]"
"loto7","219","2017-06-30","6 9 13 14 21 25 31","2 4","","0","[{""tier"":1,""winners"":1,""prizeYen"":499890800},{""tier"":2,""winners"":14,""prizeYen"":6420600},{""tier"":3,""winners"":137,""prizeYen"":918500},{""tier"":4,""winners"":6501,""prizeYen"":11300},{""tier"":5,""winners"":101087,""prizeYen"":1800},{""tier"":6,""winners"":172660,""prizeYen"":900}]"
"loto7","220","2017-07-07","7 9 11 18 25 28 35","20 27","","0","[{""tier"":1,""winners"":1,""prizeYen"":226348000},{""tier"":2,""winners"":9,""prizeYen"":8553300},{""tier"":3,""winners"":114,""prizeYen"":945300},{""tier"":4,""winners"":5346,""prizeYen"":11800},{""tier"":5,""winners"":84172,""prizeYen"":1800},{""tier"":6,""winners"":138540,""prizeYen"":1000}]"
"loto7","221","2017-07-14","1 2 9 11 17 30 35","13 36","","228713890","[{""tier"":1,""winners"":0,""prizeYen"":0},{""tier"":2,""winners"":8,""prizeYen"":9252000},{""tier"":3,""winners"":72,""prizeYen"":1439100},{""tier"":4,""winners"":4630,""prizeYen"":13100},{""tier"":5,""winners"":72256,""prizeYen"":2000},{""tier"":6,""winners"":123286,""prizeYen"":1000}]"
"loto7","222","2017-07-21","3 9 18 21 23 27 29","35 37","","0","[{""tier"":1,""winners"":2,""prizeYen"":237488900},{""tier"":2,""winners"":6,""prizeYen"":13828300},{""tier"":3,""winners"":127,""prizeYen"":914600},{""tier"":4,""winners"":6133,""prizeYen"":11100},{""tier"":5,""winners"":91984,""prizeYen"":1800},{""tier"":6,""winners"":144651,""prizeYen"":1000}]"
"loto7","223","2017-07-28","10 13 19 21 26 33 34","24 25","","216537490","[{""tier"":1,""winners"":0,""prizeYen"":0},{""tier"":2,""winners"":8,""prizeYen"":8981800},{""tier"":3,""winners"":99,""prizeYen"":1016100},{""tier"":4,""winners"":4669,""prizeYen"":12600},{""tier"":5,""winners"":70043,""prizeYen"":2000},{""tier"":6,""winners"":114037,""prizeYen"":1100}]"
"loto7","224","2017-08-04","2 4 7 10 12 29 34","1 21","","455617240","[{""tier"":1,""winners"":0,""prizeYen"":0},{""tier"":2,""winners"":12,""prizeYen"":6787900},{""tier"":3,""winners"":115,""prizeYen"":991600},{""tier"":4,""winners"":5595,""prizeYen"":11900},{""tier"":5,""winners"":86363,""prizeYen"":1900},{""tier"":6,""winners"":143418,""prizeYen"":1000}]"
"loto7","225","2017-08-11","13 15 17 18 20 21 26","25 29","","704586110","[{""tier"":1,""winners"":0,""prizeYen"":0},{""tier"":2,""winners"":9,""prizeYen"":9488100},{""tier"":3,""winners"":72,""prizeYen"":1660300},{""tier"":4,""winners"":4625,""prizeYen"":15100},{""tier"":5,""winners"":70339,""prizeYen"":2400},{""tier"":6,""winners"":129322,""prizeYen"":1200}]"
"loto7","226","2017-08-18","12 17 21 24 26 30 32","10 22","","0","[{""tier"":1,""winners"":2,""prizeYen"":498775500},{""tier"":2,""winners"":8,""prizeYen"":12725800},{""tier"":3,""winners"":160,""prizeYen"":890700},{""tier"":4,""winners"":5907,""prizeYen"":14100},{""tier"":5,""winners"":93387,""prizeYen"":2200},{""tier"":6,""winners"":153889,""prizeYen"":1200}]"
"loto7","227","2017-08-25","2 3 7 9 22 23 26","29 30","","0","[{""tier"":1,""winners"":1,""prizeYen"":211728100},{""tier"":2,""winners"":6,""prizeYen"":12142600},{""tier"":3,""winners"":110,""prizeYen"":927200},{""tier"":4,""winners"":5230,""prizeYen"":11400},{""tier"":5,""winners"":81676,""prizeYen"":1800},{""tier"":6,""winners"":130062,""prizeYen"":1000}]"
"loto7","228","2017-09-01","6 11 14 21 24 28 31","22 36","","0","[{""tier"":1,""winners"":1,""prizeYen"":220207500},{""tier"":2,""winners"":14,""prizeYen"":5378700},{""tier"":3,""winners"":135,""prizeYen"":780800},{""tier"":4,""winners"":5511,""prizeYen"":11200},{""tier"":5,""winners"":84921,""prizeYen"":1800},{""tier"":6,""winners"":146739,""prizeYen"":900}]"
"loto7","229","2017-09-08","2 3 9 30 33 36 37","1 32","","219972905","[{""tier"":1,""winners"":0,""prizeYen"":0},{""tier"":2,""winners"":4,""prizeYen"":18376700},{""tier"":3,""winners"":70,""prizeYen"":1470100},{""tier"":4,""winners"":3954,""prizeYen"":15200},{""tier"":5,""winners"":67218,""prizeYen"":2200},{""tier"":6,""winners"":113978,""prizeYen"":1100}]"
"loto7","230","2017-09-15","3 5 8 15 22 25 27","18 31","","488540220","[{""tier"":1,""winners"":0,""prizeYen"":0},{""tier"":2,""winners"":8,""prizeYen"":10739600},{""tier"":3,""winners"":132,""prizeYen"":911200},{""tier"":4,""winners"":7069,""prizeYen"":9900},{""tier"":5,""winners"":103336,""prizeYen"":1600},{""tier"":6,""winners"":158735,""prizeYen"":900}]"
"loto7","231","2017-09-22","4 15 18 24 25 34 36","10 26","","759728850","[{""tier"":1,""winners"":0,""prizeYen"":0},{""tier"":2,""winners"":5,""prizeYen"":18672100},{""tier"":3,""winners"":128,""prizeYen"":1021100},{""tier"":4,""winners"":5906,""prizeYen"":12900},{""tier"":5,""winners"":93003,""prizeYen"":2000},{""tier"":6,""winners"":153999,""prizeYen"":1100}]"
"loto7","232","2017-09-29","2 4 7 9 15 35 37","10 23","","92542530","[{""tier"":1,""winners"":1,""prizeYen"":1000000000},{""tier"":2,""winners"":12,""prizeYen"":9296200},{""tier"":3,""winners"":153,""prizeYen"":1020700},{""tier"":4,""winners"":7395,""prizeYen"":12300},{""tier"":5,""winners"":117395,""prizeYen"":1900},{""tier"":6,""winners"":214357,""prizeYen"":900}]"
"loto7","233","2017-10-06","3 13 17 25 26 27 29","8 37","","352144450","[{""tier"":1,""winners"":0,""prizeYen"":0},{""tier"":2,""winners"":8,""prizeYen"":10725400},{""tier"":3,""winners"":103,""prizeYen"":1166200},{""tier"":4,""winners"":5288,""prizeYen"":13300},{""tier"":5,""winners"":90228,""prizeYen"":1900},{""tier"":6,""winners"":160585,""prizeYen"":900}]"
"loto7","234","2017-10-13","7 14 15 16 23 25 30","5 34","","627381835","[{""tier"":1,""winners"":0,""prizeYen"":0},{""tier"":2,""winners"":7,""prizeYen"":13471100},{""tier"":3,""winners"":119,""prizeYen"":1109300},{""tier"":4,""winners"":6310,""prizeYen"":12200},{""tier"":5,""winners"":98933,""prizeYen"":1900},{""tier"":6,""winners"":169649,""prizeYen"":1000}]"
"loto7","235","2017-10-20","2 9 13 18 21 33 34","3 11","","0","[{""tier"":1,""winners"":2,""prizeYen"":465949400},{""tier"":2,""winners"":7,""prizeYen"":14675800},{""tier"":3,""winners"":203,""prizeYen"":708400},{""tier"":4,""winners"":7726,""prizeYen"":10900},{""tier"":5,""winners"":107778,""prizeYen"":1900},{""tier"":6,""winners"":179818,""prizeYen"":1000}]"
"loto7","236","2017-10-27","19 22 23 34 35 36 37","10 30","","219639955","[{""tier"":1,""winners"":0,""prizeYen"":0},{""tier"":2,""winners"":6,""prizeYen"":12589100},{""tier"":3,""winners"":111,""prizeYen"":952600},{""tier"":4,""winners"":4721,""prizeYen"":13100},{""tier"":5,""winners"":75308,""prizeYen"":2000},{""tier"":6,""winners"":113751,""prizeYen"":1200}]"
"loto7","237","2017-11-03","3 4 7 19 20 21 29","8 33","","0","[{""tier"":1,""winners"":1,""prizeYen"":495540900},{""tier"":2,""winners"":11,""prizeYen"":8194800},{""tier"":3,""winners"":127,""prizeYen"":993600},{""tier"":4,""winners"":6148,""prizeYen"":12000},{""tier"":5,""winners"":94907,""prizeYen"":1900},{""tier"":6,""winners"":165076,""prizeYen"":900}]"
"loto7","238","2017-11-10","3 21 26 33 34 35 37","23 31","","0","[{""tier"":1,""winners"":1,""prizeYen"":221756400},{""tier"":2,""winners"":5,""prizeYen"":15076200},{""tier"":3,""winners"":58,""prizeYen"":1819500},{""tier"":4,""winners"":3900,""prizeYen"":15800},{""tier"":5,""winners"":69076,""prizeYen"":2200},{""tier"":6,""winners"":110077,""prizeYen"":1200}]"
"loto7","239","2017-11-17","8 13 17 21 23 28 37","1 14","","0","[{""tier"":1,""winners"":2,""prizeYen"":108367000},{""tier"":2,""winners"":10,""prizeYen"":7272000},{""tier"":3,""winners"":83,""prizeYen"":122500},{""tier"":4,""winners"":4447,""prizeYen"":13400},{""tier"":5,""winners"":76039,""prizeYen"":1900},{""tier"":6,""winners"":126613,""prizeYen"":1000}]"
"loto7","240","2017-11-24","9 12 14 24 29 31 35","5 30","","211619725","[{""tier"":1,""winners"":0,""prizeYen"":0},{""tier"":2,""winners"":7,""prizeYen"":10047300},{""tier"":3,""winners"":91,""prizeYen"":1082000},{""tier"":4,""winners"":4401,""prizeYen"":13100},{""tier"":5,""winners"":71616,""prizeYen"":1900},{""tier"":6,""winners"":124083,""prizeYen"":1000}]"
"loto7","241","2017-12-01","5 11 12 19 21 26 28","4 20","","455355365","[{""tier"":1,""winners"":0,""prizeYen"":0},{""tier"":2,""winners"":13,""prizeYen"":6352500},{""tier"":3,""winners"":123,""prizeYen"":939900},{""tier"":4,""winners"":5635,""prizeYen"":12000},{""tier"":5,""winners"":8696,""prizeYen"":1900},{""tier"":6,""winners"":145057,""prizeYen"":1000}]"
"loto7","242","2017-12-08","1 5 13 17 31 32 35","19 24","","721477315","[{""tier"":1,""winners"":0,""prizeYen"":0},{""tier"":2,""winners"":9,""prizeYen"":10182000},{""tier"":3,""winners"":95,""prizeYen"":1350400},{""tier"":4,""winners"":5229,""prizeYen"":14300},{""tier"":5,""winners"":83427,""prizeYen"":2200},{""tier"":6,""winners"":150343,""prizeYen"":1100}]"
"loto7","243","2017-12-15","6 9 13 18 20 22 30","11 14","","0","[{""tier"":1,""winners"":2,""prizeYen"":517917800},{""tier"":2,""winners"":11,""prizeYen"":9559600},{""tier"":3,""winners"":128,""prizeYen"":1150100},{""tier"":4,""winners"":6642,""prizeYen"":13000},{""tier"":5,""winners"":105269,""prizeYen"":2000},{""tier"":6,""winners"":180325,""prizeYen"":1000}]"
"loto7","244","2017-12-22","2 9 17 22 32 34 36","11 12","","0","[{""tier"":1,""winners"":1,""prizeYen"":228504900},{""tier"":2,""winners"":7,""prizeYen"":10852200},{""tier"":3,""winners"":109,""prizeYen"":975600},{""tier"":4,""winners"":4719,""prizeYen"":13200},{""tier"":5,""winners"":72293,""prizeYen"":2100},{""tier"":6,""winners"":129238,""prizeYen"":1000}]"
"loto7","245","2017-12-29","2 8 9 11 24 26 27","7 36","","0","[{""tier"":1,""winners"":2,""prizeYen"":117494400},{""tier"":2,""winners"":12,""prizeYen"":6681100},{""tier"":3,""winners"":157,""prizeYen"":714900},{""tier"":4,""winners"":6149,""prizeYen"":10700},{""tier"":5,""winners"":93255,""prizeYen"":1700},{""tier"":6,""winners"":160222,""prizeYen"":900}]"
"loto7","246","2018-01-05","3 6 9 19 23 25 31","21 36","","0","[{""tier"":1,""winners"":1,""prizeYen"":190480600},{""tier"":2,""winners"":8,""prizeYen"":7775400},{""tier"":3,""winners"":102,""prizeYen"":853700},{""tier"":4,""winners"":4759,""prizeYen"":10700},{""tier"":5,""winners"":70956,""prizeYen"":1700},{""tier"":6,""winners"":118023,""prizeYen"":900}]"
"loto7","247","2018-01-12","10 12 13 16 34 35 36","11 37","","215130950","[{""tier"":1,""winners"":0,""prizeYen"":0},{""tier"":2,""winners"":8,""prizeYen"":8744900},{""tier"":3,""winners"":75,""prizeYen"":1305800},{""tier"":4,""winners"":3817,""prizeYen"":15000},{""tier"":5,""winners"":62163,""prizeYen"":2200},{""tier"":6,""winners"":117489,""prizeYen"":1000}]"
"loto7","248","2018-01-19","1 5 6 22 25 27 31","12 18","","0","[{""tier"":1,""winners"":1,""prizeYen"":486799200},{""tier"":2,""winners"":12,""prizeYen"":7244300},{""tier"":3,""winners"":89,""prizeYen"":1367400},{""tier"":4,""winners"":5288,""prizeYen"":13500},{""tier"":5,""winners"":84474,""prizeYen"":2000},{""tier"":6,""winners"":158212,""prizeYen"":900}]"
"loto7","249","2018-01-26","9 20 28 29 31 34 37","5 25","","213193135","[{""tier"":1,""winners"":0,""prizeYen"":0},{""tier"":2,""winners"":3,""prizeYen"":24094600},{""tier"":3,""winners"":99,""prizeYen"":1022100},{""tier"":4,""winners"":3503,""prizeYen"":16900},{""tier"":5,""winners"":60041,""prizeYen"":2400},{""tier"":6,""winners"":106364,""prizeYen"":1200}]"
"loto7","250","2018-02-02","5 9 10 13 26 30 34","18 23","","0","[{""tier"":1,""winners"":1,""prizeYen"":474586400},{""tier"":2,""winners"":15,""prizeYen"":5711200},{""tier"":3,""winners"":110,""prizeYen"":1090300},{""tier"":4,""winners"":5706,""prizeYen"":12300},{""tier"":5,""winners"":87003,""prizeYen"":1900},{""tier"":6,""winners"":147994,""prizeYen"":1000}]"
"loto7","251","2018-02-09","1 15 20 26 28 34 37","23 30","","0","[{""tier"":1,""winners"":1,""prizeYen"":312906800},{""tier"":2,""winners"":2,""prizeYen"":25915900},{""tier"":3,""winners"":76,""prizeYen"":954700},{""tier"":4,""winners"":3459,""prizeYen"":12300},{""tier"":5,""winners"":59358,""prizeYen"":1700},{""tier"":6,""winners"":105067,""prizeYen"":1200}]"
"loto7","252","2018-02-16","8 23 24 25 27 30 31","11 17","","0","[{""tier"":1,""winners"":1,""prizeYen"":316752000},{""tier"":2,""winners"":4,""prizeYen"":12826500},{""tier"":3,""winners"":83,""prizeYen"":865300},{""tier"":4,""winners"":4412,""prizeYen"":9500},{""tier"":5,""winners"":70825,""prizeYen"":1400},{""tier"":6,""winners"":131904,""prizeYen"":900}]"
"loto7","253","2018-02-23","6 7 9 12 15 17 24","26 29","","0","[{""tier"":1,""winners"":1,""prizeYen"":309164300},{""tier"":2,""winners"":4,""prizeYen"":12622700},{""tier"":3,""winners"":98,""prizeYen"":721200},{""tier"":4,""winners"":5391,""prizeYen"":7600},{""tier"":5,""winners"":80979,""prizeYen"":1200},{""tier"":6,""winners"":133405,""prizeYen"":900}]"
"loto7","254","2018-03-02","1 12 14 18 23 24 31","7 26","","301344395","[{""tier"":1,""winners"":0,""prizeYen"":0},{""tier"":2,""winners"":3,""prizeYen"":16800700},{""tier"":3,""winners"":59,""prizeYen"":1195900},{""tier"":4,""winners"":3838,""prizeYen"":10700},{""tier"":5,""winners"":65858,""prizeYen"":1500},{""tier"":6,""winners"":125175,""prizeYen"":1000}]"
"loto7","255","2018-03-09","1 4 11 13 15 21 32","5 10","","0","[{""tier"":1,""winners"":2,""prizeYen"":334468400},{""tier"":2,""winners"":5,""prizeYen"":12119600},{""tier"":3,""winners"":83,""prizeYen"":1022100},{""tier"":4,""winners"":4473,""prizeYen"":11100},{""tier"":5,""winners"":80800,""prizeYen"":1500},{""tier"":6,""winners"":142503,""prizeYen"":1000}]"
"loto7","256","2018-03-16","14 21 24 27 30 33 37","19 20","","0","[{""tier"":1,""winners"":1,""prizeYen"":305471000},{""tier"":2,""winners"":3,""prizeYen"":17000400},{""tier"":3,""winners"":77,""prizeYen"":927200},{""tier"":4,""winners"":3497,""prizeYen"":11900},{""tier"":5,""winners"":59453,""prizeYen"":1700},{""tier"":6,""winners"":104129,""prizeYen"":1200}]"
"loto7","257","2018-03-23","5 15 16 26 27 32 35","23 28","","0","[{""tier"":1,""winners"":1,""prizeYen"":303266300},{""tier"":2,""winners"":11,""prizeYen"":4621500},{""tier"":3,""winners"":84,""prizeYen"":847200},{""tier"":4,""winners"":4241,""prizeYen"":9800},{""tier"":5,""winners"":66571,""prizeYen"":1500},{""tier"":6,""winners"":126574,""prizeYen"":1000}]"
"loto7","258","2018-03-30","1 3 11 20 23 32 35","25 26","","0","[{""tier"":1,""winners"":1,""prizeYen"":305996000},{""tier"":2,""winners"":5,""prizeYen"":10008900},{""tier"":3,""winners"":79,""prizeYen"":886800},{""tier"":4,""winners"":3736,""prizeYen"":11000},{""tier"":5,""winners"":61830,""prizeYen"":1600},{""tier"":6,""winners"":105761,""prizeYen"":1100}]"
"loto7","259","2018-04-06","5 6 15 19 22 29 32","4 31","","296865915","[{""tier"":1,""winners"":0,""prizeYen"":0},{""tier"":2,""winners"":8,""prizeYen"":6022100},{""tier"":3,""winners"":64,""prizeYen"":1053800},{""tier"":4,""winners"":3432,""prizeYen"":11500},{""tier"":5,""winners"":58886,""prizeYen"":1600},{""tier"":6,""winners"":110818,""prizeYen"":1000}]"
"loto7","260","2018-04-13","4 8 12 23 29 31 34","5 6","","0","[{""tier"":1,""winners"":2,""prizeYen"":333667500},{""tier"":2,""winners"":4,""prizeYen"":14811100},{""tier"":3,""winners"":163,""prizeYen"":508800},{""tier"":4,""winners"":6620,""prizeYen"":7300},{""tier"":5,""winners"":93834,""prizeYen"":1200},{""tier"":6,""winners"":149269,""prizeYen"":900}]"
"loto7","261","2018-04-20","4 14 15 17 21 23 26","7 8","","299962625","[{""tier"":1,""winners"":0,""prizeYen"":0},{""tier"":2,""winners"":7,""prizeYen"":7013900},{""tier"":3,""winners"":56,""prizeYen"":1227400},{""tier"":4,""winners"":3805,""prizeYen"":10500},{""tier"":5,""winners"":63451,""prizeYen"":1500},{""tier"":6,""winners"":129577,""prizeYen"":900}]"
"loto7","262","2018-04-27","2 6 7 9 19 23 36","5 15","","641103540","[{""tier"":1,""winners"":0,""prizeYen"":0},{""tier"":2,""winners"":14,""prizeYen"":4083500},{""tier"":3,""winners"":149,""prizeYen"":537100},{""tier"":4,""winners"":6334,""prizeYen"":7400},{""tier"":5,""winners"":95239,""prizeYen"":1200},{""tier"":6,""winners"":155703,""prizeYen"":900}]"
"loto7","263","2018-05-04","1 5 11 16 27 35 36","6 14","","1007154715","[{""tier"":1,""winners"":0,""prizeYen"":0},{""tier"":2,""winners"":6,""prizeYen"":10029000},{""tier"":3,""winners"":121,""prizeYen"":696200},{""tier"":4,""winners"":5583,""prizeYen"":8800},{""tier"":5,""winners"":85611,""prizeYen"":1400},{""tier"":6,""winners"":141147,""prizeYen"":1000}]"
"loto7","264","2018-05-11","8 13 15 17 21 26 29","4 24","","1449029430","[{""tier"":1,""winners"":0,""prizeYen"":0},{""tier"":2,""winners"":23,""prizeYen"":3183500},{""tier"":3,""winners"":196,""prizeYen"":523000},{""tier"":4,""winners"":8103,""prizeYen"":7400},{""tier"":5,""winners"":112727,""prizeYen"":1300},{""tier"":6,""winners"":193807,""prizeYen"":900}]"
"loto7","265","2018-05-18","12 13 15 19 21 24 36","10 37","","0","[{""tier"":1,""winners"":2,""prizeYen"":973273800},{""tier"":2,""winners"":9,""prizeYen"":9164300},{""tier"":3,""winners"":166,""prizeYen"":695500},{""tier"":4,""winners"":6858,""prizeYen"":9800},{""tier"":5,""winners"":115664,""prizeYen"":1400},{""tier"":6,""winners"":181981,""prizeYen"":1100}]"
"loto7","266","2018-05-25","6 11 15 17 20 27 32","16 22","","313999575","[{""tier"":1,""winners"":0,""prizeYen"":0},{""tier"":2,""winners"":3,""prizeYen"":17184400},{""tier"":3,""winners"":84,""prizeYen"":859200},{""tier"":4,""winners"":3986,""prizeYen"":10600},{""tier"":5,""winners"":65358,""prizeYen"":1600},{""tier"":6,""winners"":107711,""prizeYen"":1100}]"
"loto7","267","2018-06-01","8 13 18 20 23 25 26","6 28","","718966520","[{""tier"":1,""winners"":0,""prizeYen"":0},{""tier"":2,""winners"":10,""prizeYen"":6591600},{""tier"":3,""winners"":82,""prizeYen"":1125300},{""tier"":4,""winners"":4991,""prizeYen"":10800},{""tier"":5,""winners"":84759,""prizeYen"":1500},{""tier"":6,""winners"":154705,""prizeYen"":1000}]"
"loto7","268","2018-06-08","4 5 9 15 29 31 33","26 27","","173451955","[{""tier"":1,""winners"":1,""prizeYen"":1000000000},{""tier"":2,""winners"":6,""prizeYen"":12371700},{""tier"":3,""winners"":135,""prizeYen"":769700},{""tier"":4,""winners"":6894,""prizeYen"":8800},{""tier"":5,""winners"":108858,""prizeYen"":1300},{""tier"":6,""winners"":197196,""prizeYen"":900}]"
"loto7","269","2018-06-15","1 9 15 24 31 33 36","2 26","","0","[{""tier"":1,""winners"":1,""prizeYen"":541546300},{""tier"":2,""winners"":5,""prizeYen"":12376300},{""tier"":3,""winners"":125,""prizeYen"":693000},{""tier"":4,""winners"":5556,""prizeYen"":9100},{""tier"":5,""winners"":87230,""prizeYen"":1400},{""tier"":6,""winners"":140545,""prizeYen"":1100}]"
"loto7","270","2018-06-22","1 2 11 13 15 24 25","26 28","","326590330","[{""tier"":1,""winners"":0,""prizeYen"":0},{""tier"":2,""winners"":8,""prizeYen"":6633500},{""tier"":3,""winners"":69,""prizeYen"":1076700},{""tier"":4,""winners"":4512,""prizeYen"":9600},{""tier"":5,""winners"":74459,""prizeYen"":1400},{""tier"":6,""winners"":135756,""prizeYen"":900}]"
"loto7","271","2018-06-29","1 9 15 16 19 32 35","14 31","","709520700","[{""tier"":1,""winners"":0,""prizeYen"":0},{""tier"":2,""winners"":8,""prizeYen"":7961400},{""tier"":3,""winners"":88,""prizeYen"":1013200},{""tier"":4,""winners"":4611,""prizeYen"":11300},{""tier"":5,""winners"":76077,""prizeYen"":1600},{""tier"":6,""winners"":132456,""prizeYen"":1200}]"
"loto7","272","2018-07-06","2 5 8 15 18 26 31","19 25","","0","[{""tier"":1,""winners"":2,""prizeYen"":565988400},{""tier"":2,""winners"":8,""prizeYen"":8794000},{""tier"":3,""winners"":147,""prizeYen"":670000},{""tier"":4,""winners"":8328,""prizeYen"":6900},{""tier"":5,""winners"":108405,""prizeYen"":1300},{""tier"":6,""winners"":169711,""prizeYen"":1000}]"
"loto7","273","2018-07-13","13 15 21 23 26 32 34","5 9","","0","[{""tier"":1,""winners"":2,""prizeYen"":163912900},{""tier"":2,""winners"":396,""prizeYen"":131500},{""tier"":3,""winners"":190,""prizeYen"":383700},{""tier"":4,""winners"":7181,""prizeYen"":5900},{""tier"":5,""winners"":81640,""prizeYen"":1200},{""tier"":6,""winners"":146385,""prizeYen"":800}]"
"loto7","274","2018-07-20","9 14 21 23 25 26 37","7 29","","297380135","[{""tier"":1,""winners"":0,""prizeYen"":0},{""tier"":2,""winners"":5,""prizeYen"":9848700},{""tier"":3,""winners"":54,""prizeYen"":1276600},{""tier"":4,""winners"":4093,""prizeYen"":9800},{""tier"":5,""winners"":70124,""prizeYen"":1400},{""tier"":6,""winners"":117691,""prizeYen"":1000}]"
"loto7","275","2018-07-27","8 9 15 19 24 25 35","34 37","","659517715","[{""tier"":1,""winners"":0,""prizeYen"":0},{""tier"":2,""winners"":14,""prizeYen"":4188400},{""tier"":3,""winners"":133,""prizeYen"":617200},{""tier"":4,""winners"":6531,""prizeYen"":7300},{""tier"":5,""winners"":94999,""prizeYen"":1200},{""tier"":6,""winners"":135106,""prizeYen"":1000}]"
"loto7","276","2018-08-03","3 6 12 17 22 34 35","2 33","","65883635","[{""tier"":1,""winners"":1,""prizeYen"":1000000000},{""tier"":2,""winners"":7,""prizeYen"":9668700},{""tier"":3,""winners"":159,""prizeYen"":595900},{""tier"":4,""winners"":6399,""prizeYen"":8600},{""tier"":5,""winners"":94774,""prizeYen"":1400},{""tier"":6,""winners"":151327,""prizeYen"":1100}]"
"loto7","277","2018-08-10","6 7 9 11 21 23 25","1 22","","391610110","[{""tier"":1,""winners"":0,""prizeYen"":0},{""tier"":2,""winners"":12,""prizeYen"":4532500},{""tier"":3,""winners"":129,""prizeYen"":590200},{""tier"":4,""winners"":5833,""prizeYen"":7600},{""tier"":5,""winners"":90448,""prizeYen"":1200},{""tier"":6,""winners"":147333,""prizeYen"":900}]"
"loto7","278","2018-08-17","6 9 14 21 23 33 36","27 28","","774981360","[{""tier"":1,""winners"":0,""prizeYen"":0},{""tier"":2,""winners"":5,""prizeYen"":12638600},{""tier"":3,""winners"":142,""prizeYen"":623000},{""tier"":4,""winners"":6793,""prizeYen"":7600},{""tier"":5,""winners"":103978,""prizeYen"":1200},{""tier"":6,""winners"":167042,""prizeYen"":900}]"
"loto7","279","2018-08-24","7 11 15 17 19 23 31","9 37","","1208286110","[{""tier"":1,""winners"":0,""prizeYen"":0},{""tier"":2,""winners"":12,""prizeYen"":5937600},{""tier"":3,""winners"":185,""prizeYen"":539100},{""tier"":4,""winners"":8548,""prizeYen"":6800},{""tier"":5,""winners"":117304,""prizeYen"":1200},{""tier"":6,""winners"":210604,""prizeYen"":800}]"
"loto7","280","2018-08-31","4 9 10 11 24 32 35","2 37","","1693217310","[{""tier"":1,""winners"":0,""prizeYen"":0},{""tier"":2,""winners"":6,""prizeYen"":13162000},{""tier"":3,""winners"":173,""prizeYen"":639000},{""tier"":4,""winners"":7531,""prizeYen"":8600},{""tier"":5,""winners"":116457,""prizeYen"":1300},{""tier"":6,""winners"":186330,""prizeYen"":1000}]"
"loto7","281","2018-09-07","1 2 17 19 20 22 26","30 36","","1188572470","[{""tier"":1,""winners"":1,""prizeYen"":1000000000},{""tier"":2,""winners"":4,""prizeYen"":20471100},{""tier"":3,""winners"":96,""prizeYen"":1194100},{""tier"":4,""winners"":5111,""prizeYen"":13100},{""tier"":5,""winners"":89508,""prizeYen"":1800},{""tier"":6,""winners"":163932,""prizeYen"":1200}]"
"loto7","282","2018-09-14","10 17 18 25 29 35 36","7 14","","658065950","[{""tier"":1,""winners"":1,""prizeYen"":1000000000},{""tier"":2,""winners"":8,""prizeYen"":9824400},{""tier"":3,""winners"":112,""prizeYen"":982400},{""tier"":4,""winners"":5643,""prizeYen"":11400},{""tier"":5,""winners"":97856,""prizeYen"":1600},{""tier"":6,""winners"":175263,""prizeYen"":1100}]"
"loto7","283","2018-09-21","13 14 15 17 23 29 31","10 19","","1074137170","[{""tier"":1,""winners"":0,""prizeYen"":0},{""tier"":2,""winners"":5,""prizeYen"":13780800},{""tier"":3,""winners"":117,""prizeYen"":824400},{""tier"":4,""winners"":6559,""prizeYen"":8600},{""tier"":5,""winners"":102728,""prizeYen"":1300},{""tier"":6,""winners"":152967,""prizeYen"":1100}]"
"loto7","284","2018-09-28","6 7 10 25 29 30 33","1 31","","1531893985","[{""tier"":1,""winners"":0,""prizeYen"":0},{""tier"":2,""winners"":9,""prizeYen"":8583600},{""tier"":3,""winners"":124,""prizeYen"":872100},{""tier"":4,""winners"":6317,""prizeYen"":10000},{""tier"":5,""winners"":103248,""prizeYen"":1500},{""tier"":6,""winners"":174824,""prizeYen"":1100}]"
"loto7","285","2018-10-05","11 15 21 26 30 34 35","4 36","","2025575125","[{""tier"":1,""winners"":0,""prizeYen"":0},{""tier"":2,""winners"":11,""prizeYen"":7307100},{""tier"":3,""winners"":114,""prizeYen"":987000},{""tier"":4,""winners"":6824,""prizeYen"":9600},{""tier"":5,""winners"":110319,""prizeYen"":1400},{""tier"":6,""winners"":189588,""prizeYen"":1000}]"
"loto7","286","2018-10-12","4 5 14 17 18 29 37","27 31","","2563226520","[{""tier"":1,""winners"":0,""prizeYen"":0},{""tier"":2,""winners"":12,""prizeYen"":7365100},{""tier"":3,""winners"":151,""prizeYen"":819400},{""tier"":4,""winners"":7138,""prizeYen"":10100},{""tier"":5,""winners"":114717,""prizeYen"":1500},{""tier"":6,""winners"":211324,""prizeYen"":1000}]"
"loto7","287","2018-10-19","2 7 10 20 24 29 34","4 8","","3182905730","[{""tier"":1,""winners"":0,""prizeYen"":0},{""tier"":2,""winners"":5,""prizeYen"":20004100},{""tier"":3,""winners"":139,""prizeYen"":1007300},{""tier"":4,""winners"":7135,""prizeYen"":11500},{""tier"":5,""winners"":120517,""prizeYen"":1600},{""tier"":6,""winners"":229390,""prizeYen"":1000}]"
"loto7","288","2018-10-26","1 8 9 16 27 32 37","17 31","","1856070345","[{""tier"":1,""winners"":2,""prizeYen"":1000000000},{""tier"":2,""winners"":16,""prizeYen"":6898600},{""tier"":3,""winners"":253,""prizeYen"":610700},{""tier"":4,""winners"":11152,""prizeYen"":8100},{""tier"":5,""winners"":159113,""prizeYen"":1400},{""tier"":6,""winners"":254099,""prizeYen"":1000}]"
"loto7","289","2018-11-02","2 7 10 12 16 17 34","23 25","","1431007375","[{""tier"":1,""winners"":1,""prizeYen"":1000000000},{""tier"":2,""winners"":10,""prizeYen"":9272400},{""tier"":3,""winners"":116,""prizeYen"":1119000},{""tier"":4,""winners"":8151,""prizeYen"":9300},{""tier"":5,""winners"":126863,""prizeYen"":1400},{""tier"":6,""winners"":237336,""prizeYen"":900}]"
"loto7","290","2018-11-09","3 13 22 26 31 32 37","29 35","","1958591280","[{""tier"":1,""winners"":0,""prizeYen"":0},{""tier"":2,""winners"":7,""prizeYen"":12685700},{""tier"":3,""winners"":135,""prizeYen"":920800},{""tier"":4,""winners"":8993,""prizeYen"":8100},{""tier"":5,""winners"":117753,""prizeYen"":1500},{""tier"":6,""winners"":200734,""prizeYen"":1100}]"
"loto7","291","2018-11-16","1 11 18 19 21 29 37","5 15","","1511981740","[{""tier"":1,""winners"":1,""prizeYen"":1000000000},{""tier"":2,""winners"":11,""prizeYen"":8279400},{""tier"":3,""winners"":147,""prizeYen"":867300},{""tier"":4,""winners"":6914,""prizeYen"":10800},{""tier"":5,""winners"":112385,""prizeYen"":1600},{""tier"":6,""winners"":215531,""prizeYen"":1000}]"
"loto7","292","2018-11-23","12 15 25 26 27 29 35","24 30","","2011587545","[{""tier"":1,""winners"":0,""prizeYen"":0},{""tier"":2,""winners"":7,""prizeYen"":11727300},{""tier"":3,""winners"":123,""prizeYen"":934300},{""tier"":4,""winners"":6641,""prizeYen"":10100},{""tier"":5,""winners"":115238,""prizeYen"":1400},{""tier"":6,""winners"":194454,""prizeYen"":1000}]"
"loto7","293","2018-11-30","11 13 15 20 27 29 35","1 7","","0","[{""tier"":1,""winners"":3,""prizeYen"":847890100},{""tier"":2,""winners"":13,""prizeYen"":6877200},{""tier"":3,""winners"":193,""prizeYen"":648500},{""tier"":4,""winners"":8255,""prizeYen"":8800},{""tier"":5,""winners"":127142,""prizeYen"":1400},{""tier"":6,""winners"":221913,""prizeYen"":1000}]"
"loto7","294","2018-12-07","3 4 6 10 14 22 29","28 32","","362900105","[{""tier"":1,""winners"":0,""prizeYen"":0},{""tier"":2,""winners"":6,""prizeYen"":9858900},{""tier"":3,""winners"":117,""prizeYen"":707800},{""tier"":4,""winners"":5538,""prizeYen"":8700},{""tier"":5,""winners"":86288,""prizeYen"":1300},{""tier"":6,""winners"":141461,""prizeYen"":1000}]"
"loto7","295","2018-12-14","4 5 6 8 9 22 32","13 26","","786597795","[{""tier"":1,""winners"":0,""prizeYen"":0},{""tier"":2,""winners"":7,""prizeYen"":10043600},{""tier"":3,""winners"":85,""prizeYen"":1157900},{""tier"":4,""winners"":5550,""prizeYen"":10400},{""tier"":5,""winners"":91904,""prizeYen"":1500},{""tier"":6,""winners"":170758,""prizeYen"":1000}]"
"loto7","296","2018-12-21","1 8 10 12 18 28 29","25 27","","262288165","[{""tier"":1,""winners"":1,""prizeYen"":1000000000},{""tier"":2,""winners"":14,""prizeYen"":5696500},{""tier"":3,""winners"":181,""prizeYen"":616800},{""tier"":4,""winners"":8342,""prizeYen"":7800},{""tier"":5,""winners"":120593,""prizeYen"":1300},{""tier"":6,""winners"":198645,""prizeYen"":1000}]"
"loto7","297","2018-12-28","2 3 11 16 23 28 36","8 24","","723867455","[{""tier"":1,""winners"":0,""prizeYen"":0},{""tier"":2,""winners"":29,""prizeYen"":2601200},{""tier"":3,""winners"":216,""prizeYen"":488900},{""tier"":4,""winners"":9573,""prizeYen"":6400},{""tier"":5,""winners"":127018,""prizeYen"":1200},{""tier"":6,""winners"":215516,""prizeYen"":800}]"
"loto7","298","2019-01-04","1 3 8 11 18 19 22","26 30","","1078420555","[{""tier"":1,""winners"":0,""prizeYen"":0},{""tier"":2,""winners"":10,""prizeYen"":5834900},{""tier"":3,""winners"":147,""prizeYen"":555700},{""tier"":4,""winners"":6553,""prizeYen"":7300},{""tier"":5,""winners"":92747,""prizeYen"":1200},{""tier"":6,""winners"":141991,""prizeYen"":1000}]"
"loto7","299","2019-01-11","1 6 10 13 16 26 36","28 30","","1578585130","[{""tier"":1,""winners"":0,""prizeYen"":0},{""tier"":2,""winners"":11,""prizeYen"":7533500},{""tier"":3,""winners"":207,""prizeYen"":560400},{""tier"":4,""winners"":7616,""prizeYen"":8900},{""tier"":5,""winners"":105706,""prizeYen"":1500},{""tier"":6,""winners"":186101,""prizeYen"":1100}]"
"loto7","300","2019-01-18","4 7 21 31 33 34 35","6 12","","1097825350","[{""tier"":1,""winners"":1,""prizeYen"":1000000000},{""tier"":2,""winners"":4,""prizeYen"":21689100},{""tier"":3,""winners"":172,""prizeYen"":706100},{""tier"":4,""winners"":7409,""prizeYen"":9600},{""tier"":5,""winners"":114350,""prizeYen"":1500},{""tier"":6,""winners"":193635,""prizeYen"":1100}]"
"loto7","301","2019-01-25","4 11 12 25 27 30 33","5 19","","1614973255","[{""tier"":1,""winners"":0,""prizeYen"":0},{""tier"":2,""winners"":20,""prizeYen"":4144500},{""tier"":3,""winners"":196,""prizeYen"":592000},{""tier"":4,""winners"":8211,""prizeYen"":8200},{""tier"":5,""winners"":122132,""prizeYen"":1300},{""tier"":6,""winners"":209123,""prizeYen"":900}]"
"loto7","302","2019-02-01","8 16 26 27 28 32 34","4 25","","2150226005","[{""tier"":1,""winners"":0,""prizeYen"":0},{""tier"":2,""winners"":10,""prizeYen"":8611300},{""tier"":3,""winners"":145,""prizeYen"":831400},{""tier"":4,""winners"":7315,""prizeYen"":9600},{""tier"":5,""winners"":116603,""prizeYen"":1400},{""tier"":6,""winners"":198947,""prizeYen"":1000}]"
"loto7","303","2019-02-08","4 7 14 17 21 34 37","10 30","","2711152345","[{""tier"":1,""winners"":0,""prizeYen"":0},{""tier"":2,""winners"":11,""prizeYen"":8300300},{""tier"":3,""winners"":328,""prizeYen"":389700},{""tier"":4,""winners"":9335,""prizeYen"":8000},{""tier"":5,""winners"":126257,""prizeYen"":1400},{""tier"":6,""winners"":194195,""prizeYen"":1100}]"
"loto7","304","2019-02-15","7 9 10 17 28 33 36","18 23","","3299321575","[{""tier"":1,""winners"":0,""prizeYen"":0},{""tier"":2,""winners"":14,""prizeYen"":6958200},{""tier"":3,""winners"":167,""prizeYen"":816600},{""tier"":4,""winners"":7790,""prizeYen"":10200},{""tier"":5,""winners"":132072,""prizeYen"":1400},{""tier"":6,""winners"":242136,""prizeYen"":1000}]"
"loto7","305","2019-02-22","6 17 23 24 27 28 31","10 18","","2940077565","[{""tier"":1,""winners"":1,""prizeYen"":1000000000},{""tier"":2,""winners"":15,""prizeYen"":7062900},{""tier"":3,""winners"":187,""prizeYen"":793100},{""tier"":4,""winners"":9402,""prizeYen"":9200},{""tier"":5,""winners"":154534,""prizeYen"":1300},{""tier"":6,""winners"":262362,""prizeYen"":1000}]"
"loto7","306","2019-03-01","12 13 15 22 25 33 35","1 31","","3531756965","[{""tier"":1,""winners"":0,""prizeYen"":0},{""tier"":2,""winners"":8,""prizeYen"":12306100},{""tier"":3,""winners"":186,""prizeYen"":741000},{""tier"":4,""winners"":8831,""prizeYen"":9100},{""tier"":5,""winners"":135005,""prizeYen"":1400},{""tier"":6,""winners"":222934,""prizeYen"":1100}]"
"loto7","307","2019-03-08","5 8 15 24 25 32 35","20 26","","1171937610","[{""tier"":1,""winners"":3,""prizeYen"":1000000000},{""tier"":2,""winners"":21,""prizeYen"":4932300},{""tier"":3,""winners"":297,""prizeYen"":488200},{""tier"":4,""winners"":13086,""prizeYen"":6500},{""tier"":5,""winners"":162254,""prizeYen"":1200},{""tier"":6,""winners"":244004,""prizeYen"":1000}]"
"loto7","308","2019-03-15","5 6 11 15 20 32 33","13 25","","1705667655","[{""tier"":1,""winners"":0,""prizeYen"":0},{""tier"":2,""winners"":4,""prizeYen"":21951800},{""tier"":3,""winners"":133,""prizeYen"":924200},{""tier"":4,""winners"":6761,""prizeYen"":10600},{""tier"":5,""winners"":110187,""prizeYen"":1600},{""tier"":6,""winners"":205005,""prizeYen"":1000}]"
"loto7","309","2019-03-22","1 7 13 14 16 21 22","18 34","","2243542325","[{""tier"":1,""winners"":0,""prizeYen"":0},{""tier"":2,""winners"":9,""prizeYen"":9861900},{""tier"":3,""winners"":126,""prizeYen"":986100},{""tier"":4,""winners"":6832,""prizeYen"":10600},{""tier"":5,""winners"":117028,""prizeYen"":1500},{""tier"":6,""winners"":211539,""prizeYen"":1000}]"
"loto7","310","2019-03-29","17 25 26 28 31 32 37","6 9","","0","[{""tier"":1,""winners"":3,""prizeYen"":933583800},{""tier"":2,""winners"":7,""prizeYen"":12983500},{""tier"":3,""winners"":110,""prizeYen"":1156600},{""tier"":4,""winners"":6651,""prizeYen"":11200},{""tier"":5,""winners"":115353,""prizeYen"":1500},{""tier"":6,""winners"":216558,""prizeYen"":1000}]"
"loto7","311","2019-04-05","9 11 18 24 26 27 37","30 33","","369634875","[{""tier"":1,""winners"":0,""prizeYen"":0},{""tier"":2,""winners"":8,""prizeYen"":7563000},{""tier"":3,""winners"":107,""prizeYen"":791600},{""tier"":4,""winners"":5650,""prizeYen"":8700},{""tier"":5,""winners"":88259,""prizeYen"":1300},{""tier"":6,""winners"":146370,""prizeYen"":1000}]"
"loto7","312","2019-04-12","1 2 4 18 20 29 34","17 30","","0","[{""tier"":1,""winners"":1,""prizeYen"":793630300},{""tier"":2,""winners"":8,""prizeYen"":8697900},{""tier"":3,""winners"":97,""prizeYen"":1004200},{""tier"":4,""winners"":5040,""prizeYen"":11300},{""tier"":5,""winners"":83581,""prizeYen"":1600},{""tier"":6,""winners"":152043,""prizeYen"":1100}]"
"loto7","313","2019-04-19","9 13 16 23 28 29 30","1 20","","367344040","[{""tier"":1,""winners"":0,""prizeYen"":0},{""tier"":2,""winners"":5,""prizeYen"":12035500},{""tier"":3,""winners"":127,""prizeYen"":663300},{""tier"":4,""winners"":5448,""prizeYen"":9000},{""tier"":5,""winners"":89097,""prizeYen"":1300},{""tier"":6,""winners"":130932,""prizeYen"":1100}]"
"loto7","314","2019-04-26","3 6 8 19 32 34 35","12 30","","806994855","[{""tier"":1,""winners"":0,""prizeYen"":0},{""tier"":2,""winners"":13,""prizeYen"":5485700},{""tier"":3,""winners"":108,""prizeYen"":924400},{""tier"":4,""winners"":5553,""prizeYen"":10500},{""tier"":5,""winners"":97779,""prizeYen"":1400},{""tier"":6,""winners"":166517,""prizeYen"":1000}]"
"loto7","315","2019-05-03","3 11 18 26 30 33 37","28 31","","0","[{""tier"":1,""winners"":3,""prizeYen"":413815400},{""tier"":2,""winners"":5,""prizeYen"":14069200},{""tier"":3,""winners"":159,""prizeYen"":619300},{""tier"":4,""winners"":6455,""prizeYen"":8900},{""tier"":5,""winners"":98226,""prizeYen"":1400},{""tier"":6,""winners"":161077,""prizeYen"":1000}]"
"loto7","316","2019-05-10","3 9 10 17 30 33 34","6 8","","0","[{""tier"":1,""winners"":1,""prizeYen"":348691900},{""tier"":2,""winners"":12,""prizeYen"":4827400},{""tier"":3,""winners"":135,""prizeYen"":600700},{""tier"":4,""winners"":5666,""prizeYen"":8300},{""tier"":5,""winners"":82071,""prizeYen"":1400},{""tier"":6,""winners"":140345,""prizeYen"":1000}]"
"loto7","317","2019-05-17","7 8 14 15 16 20 29","18 19","","340388440","[{""tier"":1,""winners"":0,""prizeYen"":0},{""tier"":2,""winners"":4,""prizeYen"":14232400},{""tier"":3,""winners"":76,""prizeYen"":1048600},{""tier"":4,""winners"":4620,""prizeYen"":10100},{""tier"":5,""winners"":75217,""prizeYen"":1500},{""tier"":6,""winners"":116545,""prizeYen"":1200}]"
"loto7","318","2019-05-24","4 5 10 12 27 34 36","3 14","","0","[{""tier"":1,""winners"":2,""prizeYen"":376602400},{""tier"":2,""winners"":7,""prizeYen"":9773600},{""tier"":3,""winners"":140,""prizeYen"":684100},{""tier"":4,""winners"":6908,""prizeYen"":8100},{""tier"":5,""winners"":105569,""prizeYen"":1300},{""tier"":6,""winners"":162780,""prizeYen"":1000}]"
"loto7","319","2019-05-31","2 6 14 23 28 31 35","19 27","","0","[{""tier"":1,""winners"":1,""prizeYen"":348796200},{""tier"":2,""winners"":30,""prizeYen"":1908100},{""tier"":3,""winners"":226,""prizeYen"":354600},{""tier"":4,""winners"":7223,""prizeYen"":6500},{""tier"":5,""winners"":94033,""prizeYen"":1200},{""tier"":6,""winners"":149658,""prizeYen"":900}]"
"loto7","320","2019-06-07","5 6 18 22 26 33 34","36 37","","0","[{""tier"":1,""winners"":1,""prizeYen"":333152300},{""tier"":2,""winners"":7,""prizeYen"":7832200},{""tier"":3,""winners"":121,""prizeYen"":634300},{""tier"":4,""winners"":5868,""prizeYen"":7600},{""tier"":5,""winners"":79530,""prizeYen"":1300},{""tier"":6,""winners"":122679,""prizeYen"":1100}]"
"loto7","321","2019-06-14","15 24 27 28 29 34 35","9 25","","352790235","[{""tier"":1,""winners"":0,""prizeYen"":0},{""tier"":2,""winners"":9,""prizeYen"":6392100},{""tier"":3,""winners"":86,""prizeYen"":936500},{""tier"":4,""winners"":4828,""prizeYen"":9700},{""tier"":5,""winners"":82937,""prizeYen"":1400},{""tier"":6,""winners"":145249,""prizeYen"":900}]"
"loto7","322","2019-06-21","1 10 11 21 26 29 30","14 20","","0","[{""tier"":1,""winners"":2,""prizeYen"":389402400},{""tier"":2,""winners"":13,""prizeYen"":5354100},{""tier"":3,""winners"":147,""prizeYen"":662800},{""tier"":4,""winners"":7713,""prizeYen"":7400},{""tier"":5,""winners"":101277,""prizeYen"":1300},{""tier"":6,""winners"":152176,""prizeYen"":1100}]"
"loto7","323","2019-06-28","11 14 15 21 26 34 36","23 27","","0","[{""tier"":1,""winners"":1,""prizeYen"":355424900},{""tier"":2,""winners"":6,""prizeYen"":9655800},{""tier"":3,""winners"":103,""prizeYen"":787400},{""tier"":4,""winners"":4826,""prizeYen"":9800},{""tier"":5,""winners"":77359,""prizeYen"":1500},{""tier"":6,""winners"":146957,""prizeYen"":900}]"
"loto7","324","2019-07-05","9 13 16 17 18 19 20","30 36","","331147175","[{""tier"":1,""winners"":0,""prizeYen"":0},{""tier"":2,""winners"":2,""prizeYen"":27594700},{""tier"":3,""winners"":97,""prizeYen"":796500},{""tier"":4,""winners"":4121,""prizeYen"":10900},{""tier"":5,""winners"":63156,""prizeYen"":1700},{""tier"":6,""winners"":113947,""prizeYen"":1200}]"
"loto7","325","2019-07-12","4 14 17 18 21 31 33","6 20","","725726100","[{""tier"":1,""winners"":0,""prizeYen"":0},{""tier"":2,""winners"":5,""prizeYen"":13191000},{""tier"":3,""winners"":97,""prizeYen"":951900},{""tier"":4,""winners"":4977,""prizeYen"":10800},{""tier"":5,""winners"":80144,""prizeYen"":1600},{""tier"":6,""winners"":137151,""prizeYen"":1200}]"
"loto7","326","2019-07-19","1 2 17 18 24 27 29","12 32","","0","[{""tier"":1,""winners"":2,""prizeYen"":584295200},{""tier"":2,""winners"":5,""prizeYen"":14430500},{""tier"":3,""winners"":103,""prizeYen"":980600},{""tier"":4,""winners"":5032,""prizeYen"":11700},{""tier"":5,""winners"":90286,""prizeYen"":1600},{""tier"":6,""winners"":164592,""prizeYen"":1000}]"
"loto7","327","2019-07-26","1 3 13 14 16 30 31","2 17","","0","[{""tier"":1,""winners"":1,""prizeYen"":325927600},{""tier"":2,""winners"":5,""prizeYen"":10812400},{""tier"":3,""winners"":95,""prizeYen"":796600},{""tier"":4,""winners"":4617,""prizeYen"":9600},{""tier"":5,""winners"":68651,""prizeYen"":1500},{""tier"":6,""winners"":111898,""prizeYen"":1200}]"
"loto7","328","2019-08-02","3 9 10 14 19 24 30","18 21","","0","[{""tier"":1,""winners"":1,""prizeYen"":319467200},{""tier"":2,""winners"":5,""prizeYen"":10642200},{""tier"":3,""winners"":114,""prizeYen"":653400},{""tier"":4,""winners"":4490,""prizeYen"":9700},{""tier"":5,""winners"":73061,""prizeYen"":1400},{""tier"":6,""winners"":120577,""prizeYen"":1100}]"
"loto7","329","2019-08-09","3 10 19 20 26 28 30","15 25","","305395695","[{""tier"":1,""winners"":0,""prizeYen"":0},{""tier"":2,""winners"":4,""prizeYen"":12892800},{""tier"":3,""winners"":89,""prizeYen"":811200},{""tier"":4,""winners"":4430,""prizeYen"":9500},{""tier"":5,""winners"":69036,""prizeYen"":1500},{""tier"":6,""winners"":116797,""prizeYen"":1100}]"
"loto7","330","2019-08-16","3 4 10 12 17 18 20","19 32","","0","[{""tier"":1,""winners"":1,""prizeYen"":674889600},{""tier"":2,""winners"":4,""prizeYen"":15358000},{""tier"":3,""winners"":120,""prizeYen"":716600},{""tier"":4,""winners"":5435,""prizeYen"":9200},{""tier"":5,""winners"":84712,""prizeYen"":1400},{""tier"":6,""winners"":138394,""prizeYen"":1100}]"
"loto7","331","2019-08-23","5 7 11 12 15 18 20","19 30","","331931710","[{""tier"":1,""winners"":0,""prizeYen"":0},{""tier"":2,""winners"":6,""prizeYen"":8872000},{""tier"":3,""winners"":126,""prizeYen"":591400},{""tier"":4,""winners"":4999,""prizeYen"":8700},{""tier"":5,""winners"":78083,""prizeYen"":1300},{""tier"":6,""winners"":134724,""prizeYen"":900}]"
"loto7","332","2019-08-30","5 7 10 15 24 27 30","3 33","","732637115","[{""tier"":1,""winners"":0,""prizeYen"":0},{""tier"":2,""winners"":10,""prizeYen"":6623100},{""tier"":3,""winners"":149,""prizeYen"":622300},{""tier"":4,""winners"":7242,""prizeYen"":7500},{""tier"":5,""winners"":107919,""prizeYen"":1200},{""tier"":6,""winners"":177475,""prizeYen"":900}]"
"loto7","333","2019-09-06","1 4 10 11 16 24 34","30 32","","1200001505","[{""tier"":1,""winners"":0,""prizeYen"":0},{""tier"":2,""winners"":8,""prizeYen"":9777700},{""tier"":3,""winners"":163,""prizeYen"":671800},{""tier"":4,""winners"":7178,""prizeYen"":8900},{""tier"":5,""winners"":109222,""prizeYen"":1400},{""tier"":6,""winners"":177114,""prizeYen"":1100}]"
"loto7","334","2019-09-13","3 7 15 16 30 34 35","8 29","","1728403925","[{""tier"":1,""winners"":0,""prizeYen"":0},{""tier"":2,""winners"":7,""prizeYen"":12684700},{""tier"":3,""winners"":194,""prizeYen"":640700},{""tier"":4,""winners"":8126,""prizeYen"":8900},{""tier"":5,""winners"":127766,""prizeYen"":1400},{""tier"":6,""winners"":218183,""prizeYen"":1000}]"
"loto7","335","2019-09-20","9 10 17 18 22 25 35","13 14","","2302853520","[{""tier"":1,""winners"":0,""prizeYen"":0},{""tier"":2,""winners"":9,""prizeYen"":10528600},{""tier"":3,""winners"":195,""prizeYen"":680200},{""tier"":4,""winners"":8483,""prizeYen"":9100},{""tier"":5,""winners"":132338,""prizeYen"":1400},{""tier"":6,""winners"":227897,""prizeYen"":1000}]"
"loto7","336","2019-09-27","9 10 13 21 25 31 33","24 37","","2927369975","[{""tier"":1,""winners"":0,""prizeYen"":0},{""tier"":2,""winners"":6,""prizeYen"":17333900},{""tier"":3,""winners"":181,""prizeYen"":804400},{""tier"":4,""winners"":8759,""prizeYen"":9700},{""tier"":5,""winners"":142505,""prizeYen"":1400},{""tier"":6,""winners"":236100,""prizeYen"":1100}]"
"loto7","337","2019-10-04","5 7 10 12 14 24 35","11 33","","2584013245","[{""tier"":1,""winners"":1,""prizeYen"":1000000000},{""tier"":2,""winners"":15,""prizeYen"":7307200},{""tier"":3,""winners"":248,""prizeYen"":618700},{""tier"":4,""winners"":11324,""prizeYen"":7900},{""tier"":5,""winners"":170249,""prizeYen"":1300},{""tier"":6,""winners"":293615,""prizeYen"":900}]"
"loto7","338","2019-10-11","7 9 16 17 23 27 34","15 36","","2170574545","[{""tier"":1,""winners"":1,""prizeYen"":1000000000},{""tier"":2,""winners"":19,""prizeYen"":5112700},{""tier"":3,""winners"":194,""prizeYen"":701000},{""tier"":4,""winners"":9853,""prizeYen"":8000},{""tier"":5,""winners"":148918,""prizeYen"":1300},{""tier"":6,""winners"":258463,""prizeYen"":900}]"
"loto7","339","2019-10-18","11 15 18 20 23 25 32","9 37","","1731734285","[{""tier"":1,""winners"":1,""prizeYen"":1000000000},{""tier"":2,""winners"":11,""prizeYen"":8388400},{""tier"":3,""winners"":145,""prizeYen"":890800},{""tier"":4,""winners"":7414,""prizeYen"":10200},{""tier"":5,""winners"":120717,""prizeYen"":1500},{""tier"":6,""winners"":219031,""prizeYen"":1000}]"
"loto7","340","2019-10-25","6 14 17 26 27 30 36","12 28","","1251961575","[{""tier"":1,""winners"":1,""prizeYen"":1000000000},{""tier"":2,""winners"":10,""prizeYen"":8665400},{""tier"":3,""winners"":138,""prizeYen"":879000},{""tier"":4,""winners"":7307,""prizeYen"":9700},{""tier"":5,""winners"":115794,""prizeYen"":1500},{""tier"":6,""winners"":208956,""prizeYen"":1000}]"
"loto7","341","2019-11-01","4 11 17 27 29 31 36","19 24","","783163535","[{""tier"":1,""winners"":1,""prizeYen"":1000000000},{""tier"":2,""winners"":28,""prizeYen"":3169000},{""tier"":3,""winners"":160,""prizeYen"":776300},{""tier"":4,""winners"":7811,""prizeYen"":9300},{""tier"":5,""winners"":124104,""prizeYen"":1400},{""tier"":6,""winners"":219507,""prizeYen"":1000}]"
"loto7","342","2019-11-08","3 6 24 28 32 35 36","4 8","","1299561660","[{""tier"":1,""winners"":0,""prizeYen"":0},{""tier"":2,""winners"":6,""prizeYen"":13918200},{""tier"":3,""winners"":160,""prizeYen"":730600},{""tier"":4,""winners"":7572,""prizeYen"":9000},{""tier"":5,""winners"":118568,""prizeYen"":1400},{""tier"":6,""winners"":208744,""prizeYen"":900}]"
"loto7","343","2019-11-15","17 19 22 29 30 31 32","11 16","","1816792475","[{""tier"":1,""winners"":0,""prizeYen"":0},{""tier"":2,""winners"":7,""prizeYen"":12200200},{""tier"":3,""winners"":86,""prizeYen"":1390200},{""tier"":4,""winners"":5697,""prizeYen"":12300},{""tier"":5,""winners"":97660,""prizeYen"":1700},{""tier"":6,""winners"":187577,""prizeYen"":1100}]"
"loto7","344","2019-11-22","11 19 28 29 31 32 37","12 21","","2330925355","[{""tier"":1,""winners"":0,""prizeYen"":0},{""tier"":2,""winners"":9,""prizeYen"":9436100},{""tier"":3,""winners"":128,""prizeYen"":928800},{""tier"":4,""winners"":7088,""prizeYen"":9800},{""tier"":5,""winners"":112169,""prizeYen"":1500},{""tier"":6,""winners"":184062,""prizeYen"":1100}]"
"loto7","345","2019-11-29","6 9 10 18 28 31 32","24 35","","1876447595","[{""tier"":1,""winners"":1,""prizeYen"":1000000000},{""tier"":2,""winners"":13,""prizeYen"":6971600},{""tier"":3,""winners"":166,""prizeYen"":764300},{""tier"":4,""winners"":7785,""prizeYen"":9500},{""tier"":5,""winners"":127276,""prizeYen"":1400},{""tier"":6,""winners"":220771,""prizeYen"":1000}]"
"loto7","346","2019-12-06","11 16 18 23 30 31 35","3 27","","1393851380","[{""tier"":1,""winners"":1,""prizeYen"":1000000000},{""tier"":2,""winners"":8,""prizeYen"":10549100},{""tier"":3,""winners"":152,""prizeYen"":777200},{""tier"":4,""winners"":7411,""prizeYen"":9300},{""tier"":5,""winners"":116307,""prizeYen"":1400},{""tier"":6,""winners"":221320,""prizeYen"":900}]"
"loto7","347","2019-12-13","3 6 11 13 18 20 34","25 35","","1907271955","[{""tier"":1,""winners"":0,""prizeYen"":0},{""tier"":2,""winners"":3,""prizeYen"":28386700},{""tier"":3,""winners"":138,""prizeYen"":863900},{""tier"":4,""winners"":6617,""prizeYen"":10500},{""tier"":5,""winners"":114754,""prizeYen"":1500},{""tier"":6,""winners"":201919,""prizeYen"":1000}]"
"loto7","348","2019-12-20","2 5 17 18 19 20 33","1 24","","2471218605","[{""tier"":1,""winners"":0,""prizeYen"":0},{""tier"":2,""winners"":8,""prizeYen"":11401900},{""tier"":3,""winners"":157,""prizeYen"":813300},{""tier"":4,""winners"":8482,""prizeYen"":8800},{""tier"":5,""winners"":124300,""prizeYen"":1400},{""tier"":6,""winners"":212396,""prizeYen"":1000}]"
"loto7","349","2019-12-27","4 10 11 15 18 22 34","16 32","","1114611465","[{""tier"":1,""winners"":2,""prizeYen"":1000000000},{""tier"":2,""winners"":12,""prizeYen"":8744800},{""tier"":3,""winners"":235,""prizeYen"":625100},{""tier"":4,""winners"":10738,""prizeYen"":8000},{""tier"":5,""winners"":158812,""prizeYen"":1300},{""tier"":6,""winners"":243446,""prizeYen"":1000}]"
"loto7","350","2020-01-10","10 19 21 23 24 30 37","2 28","","1683375425","[{""tier"":1,""winners"":0,""prizeYen"":0},{""tier"":2,""winners"":5,""prizeYen"":18728900},{""tier"":3,""winners"":121,""prizeYen"":1083400},{""tier"":4,""winners"":6766,""prizeYen"":11300},{""tier"":5,""winners"":112411,""prizeYen"":1600},{""tier"":6,""winners"":206560,""prizeYen"":1100}]"
"loto7","351","2020-01-17","8 13 17 19 23 25 28","5 16","","1225967125","[{""tier"":1,""winners"":1,""prizeYen"":1000000000},{""tier"":2,""winners"":17,""prizeYen"":5252200},{""tier"":3,""winners"":191,""prizeYen"":654400},{""tier"":4,""winners"":8478,""prizeYen"":8600},{""tier"":5,""winners"":130438,""prizeYen"":1300},{""tier"":6,""winners"":218272,""prizeYen"":1000}]"
"loto7","352","2020-01-24","3 4 14 18 26 30 32","28 34","","0","[{""tier"":1,""winners"":2,""prizeYen"":886941800},{""tier"":2,""winners"":13,""prizeYen"":6928800},{""tier"":3,""winners"":167,""prizeYen"":755100},{""tier"":4,""winners"":7868,""prizeYen"":9400},{""tier"":5,""winners"":121713,""prizeYen"":1500},{""tier"":6,""winners"":207726,""prizeYen"":1000}]"
"loto7","353","2020-01-31","11 15 22 23 24 29 33","19 34","","0","[{""tier"":1,""winners"":1,""prizeYen"":386956000},{""tier"":2,""winners"":6,""prizeYen"":10732300},{""tier"":3,""winners"":132,""prizeYen"":682900},{""tier"":4,""winners"":6959,""prizeYen"":7600},{""tier"":5,""winners"":97058,""prizeYen"":1300},{""tier"":6,""winners"":157583,""prizeYen"":1000}]"
"loto7","354","2020-02-07","1 2 8 10 13 25 31","23 35","","372868110","[{""tier"":1,""winners"":0,""prizeYen"":0},{""tier"":2,""winners"":8,""prizeYen"":7729100},{""tier"":3,""winners"":127,""prizeYen"":681600},{""tier"":4,""winners"":6239,""prizeYen"":8100},{""tier"":5,""winners"":91415,""prizeYen"":1300},{""tier"":6,""winners"":138711,""prizeYen"":1100}]"
"loto7","355","2020-02-14","4 6 9 10 23 27 33","14 31","","0","[{""tier"":1,""winners"":1,""prizeYen"":798697400},{""tier"":2,""winners"":12,""prizeYen"":5911600},{""tier"":3,""winners"":153,""prizeYen"":649100},{""tier"":4,""winners"":6515,""prizeYen"":8900},{""tier"":5,""winners"":106580,""prizeYen"":1300},{""tier"":6,""winners"":174779,""prizeYen"":1000}]"
"loto7","356","2020-02-21","4 16 20 30 33 34 36","19 21","","0","[{""tier"":1,""winners"":1,""prizeYen"":359572000},{""tier"":2,""winners"":6,""prizeYen"":9961300},{""tier"":3,""winners"":70,""prizeYen"":1195300},{""tier"":4,""winners"":3631,""prizeYen"":13500},{""tier"":5,""winners"":65274,""prizeYen"":1800},{""tier"":6,""winners"":121276,""prizeYen"":1200}]"
"loto7","357","2020-02-28","5 8 12 13 14 24 30","27 35","","371973830","[{""tier"":1,""winners"":0,""prizeYen"":0},{""tier"":2,""winners"":10,""prizeYen"":5953800},{""tier"":3,""winners"":105,""prizeYen"":793800},{""tier"":4,""winners"":5414,""prizeYen"":9000},{""tier"":5,""winners"":86659,""prizeYen"":1300},{""tier"":6,""winners"":150754,""prizeYen"":900}]"
"loto7","358","2020-03-06","5 13 14 26 32 33 34","8 11","","801365640","[{""tier"":1,""winners"":0,""prizeYen"":0},{""tier"":2,""winners"":7,""prizeYen"":10038100},{""tier"":3,""winners"":119,""prizeYen"":826600},{""tier"":4,""winners"":5902,""prizeYen"":9700},{""tier"":5,""winners"":88702,""prizeYen"":1600},{""tier"":6,""winners"":161037,""prizeYen"":1000}]"
"loto7","359","2020-03-13","4 7 11 17 19 26 35","1 24","","290916085","[{""tier"":1,""winners"":1,""prizeYen"":1000000000},{""tier"":2,""winners"":12,""prizeYen"":6601900},{""tier"":3,""winners"":174,""prizeYen"":637400},{""tier"":4,""winners"":8048,""prizeYen"":8000},{""tier"":5,""winners"":124609,""prizeYen"":1200},{""tier"":6,""winners"":207525,""prizeYen"":900}]"
"loto7","360","2020-03-20","9 11 13 14 20 22 37","15 17","","707367235","[{""tier"":1,""winners"":0,""prizeYen"":0},{""tier"":2,""winners"":8,""prizeYen"":8665100},{""tier"":3,""winners"":88,""prizeYen"":1102800},{""tier"":4,""winners"":4676,""prizeYen"":12100},{""tier"":5,""winners"":81988,""prizeYen"":1700},{""tier"":6,""winners"":151412,""prizeYen"":1100}]"
"loto7","361","2020-03-27","5 9 16 20 29 33 35","2 8","","188195440","[{""tier"":1,""winners"":1,""prizeYen"":1000000000},{""tier"":2,""winners"":7,""prizeYen"":11398400},{""tier"":3,""winners"":110,""prizeYen"":1015400},{""tier"":4,""winners"":5816,""prizeYen"":11200},{""tier"":5,""winners"":97576,""prizeYen"":1600},{""tier"":6,""winners"":176827,""prizeYen"":1100}]"
"loto7","362","2020-04-03","4 7 8 14 22 24 27","13 26","","0","[{""tier"":1,""winners"":1,""prizeYen"":616130500},{""tier"":2,""winners"":8,""prizeYen"":8690600},{""tier"":3,""winners"":160,""prizeYen"":608300},{""tier"":4,""winners"":7457,""prizeYen"":7600},{""tier"":5,""winners"":111255,""prizeYen"":1200},{""tier"":6,""winners"":181273,""prizeYen"":900}]"
"loto7","363","2020-04-10","13 15 17 22 26 34 36","3 19","","0","[{""tier"":1,""winners"":1,""prizeYen"":350725000},{""tier"":2,""winners"":7,""prizeYen"":8122100},{""tier"":3,""winners"":135,""prizeYen"":589500},{""tier"":4,""winners"":5237,""prizeYen"":8900},{""tier"":5,""winners"":78546,""prizeYen"":1400},{""tier"":6,""winners"":131595,""prizeYen"":1000}]"
"loto7","364","2020-04-17","3 9 10 14 16 20 27","19 33","","320852305","[{""tier"":1,""winners"":0,""prizeYen"":0},{""tier"":2,""winners"":4,""prizeYen"":13281900},{""tier"":3,""winners"":96,""prizeYen"":774700},{""tier"":4,""winners"":5078,""prizeYen"":8500},{""tier"":5,""winners"":77996,""prizeYen"":1300},{""tier"":6,""winners"":131596,""prizeYen"":1000}]"
"loto7","365","2020-04-24","1 4 13 14 16 22 35","10 23","","660538520","[{""tier"":1,""winners"":0,""prizeYen"":0},{""tier"":2,""winners"":4,""prizeYen"":13698900},{""tier"":3,""winners"":79,""prizeYen"":971000},{""tier"":4,""winners"":4806,""prizeYen"":9300},{""tier"":5,""winners"":74823,""prizeYen"":1400},{""tier"":6,""winners"":126609,""prizeYen"":1000}]"
"loto7","366","2020-05-01","10 24 25 26 27 33 36","4 23","","985770885","[{""tier"":1,""winners"":0,""prizeYen"":0},{""tier"":2,""winners"":4,""prizeYen"":13274200},{""tier"":3,""winners"":79,""prizeYen"":940900},{""tier"":4,""winners"":4104,""prizeYen"":10600},{""tier"":5,""winners"":67535,""prizeYen"":1500},{""tier"":6,""winners"":126618,""prizeYen"":1000}]"
"loto7","367","2020-05-08","8 14 19 20 29 30 31","7 35","","1327551715","[{""tier"":1,""winners"":0,""prizeYen"":0},{""tier"":2,""winners"":9,""prizeYen"":6356300},{""tier"":3,""winners"":102,""prizeYen"":785100},{""tier"":4,""winners"":4862,""prizeYen"":9600},{""tier"":5,""winners"":75636,""prizeYen"":1500},{""tier"":6,""winners"":128128,""prizeYen"":1100}]"
"loto7","368","2020-05-15","7 8 9 13 21 34 35","3 20","","1751951140","[{""tier"":1,""winners"":0,""prizeYen"":0},{""tier"":2,""winners"":8,""prizeYen"":8791700},{""tier"":3,""winners"":143,""prizeYen"":688500},{""tier"":4,""winners"":6742,""prizeYen"":8500},{""tier"":5,""winners"":105147,""prizeYen"":1300},{""tier"":6,""winners"":171958,""prizeYen"":1000}]"
"loto7","369","2020-05-22","1 7 9 11 15 31 34","6 33","","2255335210","[{""tier"":1,""winners"":0,""prizeYen"":0},{""tier"":2,""winners"":5,""prizeYen"":167348000},{""tier"":3,""winners"":162,""prizeYen"":723000},{""tier"":4,""winners"":7659,""prizeYen"":8900},{""tier"":5,""winners"":120115,""prizeYen"":1400},{""tier"":6,""winners"":200556,""prizeYen"":1000}]"
"loto7","370","2020-05-29","7 10 16 25 26 33 34","24 35","","2855462700","[{""tier"":1,""winners"":0,""prizeYen"":0},{""tier"":2,""winners"":12,""prizeYen"":8162000},{""tier"":3,""winners"":193,""prizeYen"":710400},{""tier"":4,""winners"":8425,""prizeYen"":9500},{""tier"":5,""winners"":136361,""prizeYen"":1400},{""tier"":6,""winners"":229546,""prizeYen"":1000}]"
"loto7","371","2020-06-05","1 3 4 8 11 21 25","12 23","","1519597420","[{""tier"":1,""winners"":2,""prizeYen"":1000000000},{""tier"":2,""winners"":17,""prizeYen"":6278700},{""tier"":3,""winners"":263,""prizeYen"":568100},{""tier"":4,""winners"":10712,""prizeYen"":8100},{""tier"":5,""winners"":156650,""prizeYen"":1300},{""tier"":6,""winners"":272106,""prizeYen"":900}]"
"loto7","372","2020-06-12","6 8 22 23 32 33 36","9 27","","1059631065","[{""tier"":1,""winners"":1,""prizeYen"":1000000000},{""tier"":2,""winners"":11,""prizeYen"":8192000},{""tier"":3,""winners"":142,""prizeYen"":888400},{""tier"":4,""winners"":7720,""prizeYen"":9500},{""tier"":5,""winners"":119368,""prizeYen"":1500},{""tier"":6,""winners"":220175,""prizeYen"":1000}]"
"loto7","373","2020-06-19","2 3 17 18 22 23 31","4 30","","1601343530","[{""tier"":1,""winners"":0,""prizeYen"":0},{""tier"":2,""winners"":11,""prizeYen"":8060400},{""tier"":3,""winners"":134,""prizeYen"":926300},{""tier"":4,""winners"":8026,""prizeYen"":9000},{""tier"":5,""winners"":124274,""prizeYen"":1400},{""tier"":6,""winners"":208406,""prizeYen"":1000}]"
"loto7","374","2020-06-26","4 5 9 10 18 27 35","15 34","","1188343675","[{""tier"":1,""winners"":1,""prizeYen"":1000000000},{""tier"":2,""winners"":10,""prizeYen"":9693300},{""tier"":3,""winners"":246,""prizeYen"":551600},{""tier"":4,""winners"":10899,""prizeYen"":7300},{""tier"":5,""winners"":157940,""prizeYen"":1200},{""tier"":6,""winners"":259076,""prizeYen"":900}]"
"loto7","375","2020-07-03","13 15 18 19 23 27 32","34 35","","730371255","[{""tier"":1,""winners"":1,""prizeYen"":1000000000},{""tier"":2,""winners"":23,""prizeYen"":3910600},{""tier"":3,""winners"":138,""prizeYen"":912400},{""tier"":4,""winners"":7761,""prizeYen"":9500},{""tier"":5,""winners"":123469,""prizeYen"":1400},{""tier"":6,""winners"":222110,""prizeYen"":1000}]"
"loto7","376","2020-07-10","6 11 14 17 23 31 37","10 15","","0","[{""tier"":1,""winners"":3,""prizeYen"":412353200},{""tier"":2,""winners"":9,""prizeYen"":9345100},{""tier"":3,""winners"":185,""prizeYen"":636400},{""tier"":4,""winners"":8521,""prizeYen"":8100},{""tier"":5,""winners"":123352,""prizeYen"":1300},{""tier"":6,""winners"":209047,""prizeYen"":1000}]"
"loto7","377","2020-07-17","6 7 10 17 25 33 36","27 32","","402171575","[{""tier"":1,""winners"":0,""prizeYen"":0},{""tier"":2,""winners"":5,""prizeYen"":13102600},{""tier"":3,""winners"":127,""prizeYen"":722100},{""tier"":4,""winners"":6138,""prizeYen"":8700},{""tier"":5,""winners"":95816,""prizeYen"":1300},{""tier"":6,""winners"":156051,""prizeYen"":1000}]"
"loto7","378","2020-07-24","1 5 9 10 14 15 29","20 28","","843587990","[{""tier"":1,""winners"":0,""prizeYen"":0},{""tier"":2,""winners"":12,""prizeYen"":6106500},{""tier"":3,""winners"":151,""prizeYen"":679300},{""tier"":4,""winners"":6707,""prizeYen"":8900},{""tier"":5,""winners"":105104,""prizeYen"":1400},{""tier"":6,""winners"":175197,""prizeYen"":1000}]"
"loto7","379","2020-07-31","3 8 15 22 24 29 35","18 26","","1326515335","[{""tier"":1,""winners"":0,""prizeYen"":0},{""tier"":2,""winners"":18,""prizeYen"":4511300},{""tier"":3,""winners"":230,""prizeYen"":494200},{""tier"":4,""winners"":9310,""prizeYen"":7100},{""tier"":5,""winners"":125612,""prizeYen"":1300},{""tier"":6,""winners"":200191,""prizeYen"":1000}]"
"loto7","380","2020-08-07","8 14 24 25 32 34 36","13 16","","0","[{""tier"":1,""winners"":2,""prizeYen"":923347500},{""tier"":2,""winners"":15,""prizeYen"":5764000},{""tier"":3,""winners"":150,""prizeYen"":806900},{""tier"":4,""winners"":7801,""prizeYen"":9100},{""tier"":5,""winners"":118016,""prizeYen"":1400},{""tier"":6,""winners"":215179,""prizeYen"":1000}]"
"loto7","381","2020-08-14","4 8 25 26 27 31 32","9 22","","0","[{""tier"":1,""winners"":1,""prizeYen"":381063500},{""tier"":2,""winners"":5,""prizeYen"":12497500},{""tier"":3,""winners"":115,""prizeYen"":760700},{""tier"":4,""winners"":5407,""prizeYen"":9400},{""tier"":5,""winners"":84842,""prizeYen"":1400},{""tier"":6,""winners"":151506,""prizeYen"":1000}]"
"loto7","382","2020-08-21","2 3 5 8 19 22 37","16 28","","0","[{""tier"":1,""winners"":1,""prizeYen"":369188600},{""tier"":2,""winners"":4,""prizeYen"":15462300},{""tier"":3,""winners"":129,""prizeYen"":671200},{""tier"":4,""winners"":5782,""prizeYen"":8700},{""tier"":5,""winners"":89293,""prizeYen"":1400},{""tier"":6,""winners"":150505,""prizeYen"":1000}]"
"loto7","383","2020-08-28","8 11 15 22 26 28 30","10 20","","378153785","[{""tier"":1,""winners"":0,""prizeYen"":0},{""tier"":2,""winners"":10,""prizeYen"":6319700},{""tier"":3,""winners"":145,""prizeYen"":610100},{""tier"":4,""winners"":6176,""prizeYen"":8400},{""tier"":5,""winners"":97501,""prizeYen"":1300},{""tier"":6,""winners"":153383,""prizeYen"":1000}]"
"loto7","384","2020-09-04","3 7 15 18 26 30 31","9 33","","848389185","[{""tier"":1,""winners"":0,""prizeYen"":0},{""tier"":2,""winners"":20,""prizeYen"":3807600},{""tier"":3,""winners"":190,""prizeYen"":561100},{""tier"":4,""winners"":7883,""prizeYen"":7900},{""tier"":5,""winners"":112856,""prizeYen"":1300},{""tier"":6,""winners"":196135,""prizeYen"":900}]"
"loto7","385","2020-09-11","4 12 14 24 29 34 35","5 15","","353636415","[{""tier"":1,""winners"":1,""prizeYen"":1000000000},{""tier"":2,""winners"":12,""prizeYen"":6828200},{""tier"":3,""winners"":202,""prizeYen"":567800},{""tier"":4,""winners"":9477,""prizeYen"":7100},{""tier"":5,""winners"":118923,""prizeYen"":1300},{""tier"":6,""winners"":193635,""prizeYen"":1000}]"
"loto7","386","2020-09-18","9 19 22 32 35 36 37","7 21","","804624070","[{""tier"":1,""winners"":0,""prizeYen"":0},{""tier"":2,""winners"":6,""prizeYen"":12273200},{""tier"":3,""winners"":86,""prizeYen"":1198700},{""tier"":4,""winners"":4931,""prizeYen"":12200},{""tier"":5,""winners"":89546,""prizeYen"":1600},{""tier"":6,""winners"":157340,""prizeYen"":1100}]"
"loto7","387","2020-09-25","3 7 13 22 30 32 37","14 15","","1282685065","[{""tier"":1,""winners"":0,""prizeYen"":0},{""tier"":2,""winners"":9,""prizeYen"":8797100},{""tier"":3,""winners"":124,""prizeYen"":893800},{""tier"":4,""winners"":6062,""prizeYen"":10700},{""tier"":5,""winners"":98008,""prizeYen"":1600},{""tier"":6,""winners"":189963,""prizeYen"":1000}]"
"loto7","388","2020-10-02","1 6 8 10 18 21 32","13 28","","1819256050","[{""tier"":1,""winners"":0,""prizeYen"":0},{""tier"":2,""winners"":11,""prizeYen"":8005900},{""tier"":3,""winners"":118,""prizeYen"":1044800},{""tier"":4,""winners"":6967,""prizeYen"":10300},{""tier"":5,""winners"":162500,""prizeYen"":1500},{""tier"":6,""winners"":206896,""prizeYen"":1000}]"
"loto7","389","2020-10-09","1 6 11 13 18 24 27","17 23","","0","[{""tier"":1,""winners"":3,""prizeYen"":783897800},{""tier"":2,""winners"":9,""prizeYen"":9751700},{""tier"":3,""winners"":228,""prizeYen"":538900},{""tier"":4,""winners"":8544,""prizeYen"":8400},{""tier"":5,""winners"":128735,""prizeYen"":1300},{""tier"":6,""winners"":214659,""prizeYen"":1000}]"
"loto7","390","2020-10-16","3 6 19 21 23 26 27","30 34","","391476860","[{""tier"":1,""winners"":0,""prizeYen"":0},{""tier"":2,""winners"":6,""prizeYen"":10491400},{""tier"":3,""winners"":111,""prizeYen"":793900},{""tier"":4,""winners"":5177,""prizeYen"":9900},{""tier"":5,""winners"":86684,""prizeYen"":1400},{""tier"":6,""winners"":143274,""prizeYen"":1000}]"
"loto7","391","2020-10-23","10 23 27 32 33 35 37","24 26","","847273605","[{""tier"":1,""winners"":0,""prizeYen"":0},{""tier"":2,""winners"":8,""prizeYen"":9366400},{""tier"":3,""winners"":108,""prizeYen"":971300},{""tier"":4,""winners"":5193,""prizeYen"":11800},{""tier"":5,""winners"":92949,""prizeYen"":1600},{""tier"":6,""winners"":160194,""prizeYen"":1100}]"
"loto7","392","2020-10-30","1 4 6 15 20 22 26","18 21","","0","[{""tier"":1,""winners"":2,""prizeYen"":675744100},{""tier"":2,""winners"":10,""prizeYen"":8318100},{""tier"":3,""winners"":139,""prizeYen"":837700},{""tier"":4,""winners"":6569,""prizeYen"":10400},{""tier"":5,""winners"":108197,""prizeYen"":1500},{""tier"":6,""winners"":181718,""prizeYen"":1100}]"
"loto7","393","2020-11-06","7 14 15 22 27 30 31","9 32","","0","[{""tier"":1,""winners"":1,""prizeYen"":388842900},{""tier"":2,""winners"":18,""prizeYen"":3523800},{""tier"":3,""winners"":173,""prizeYen"":513200},{""tier"":4,""winners"":7173,""prizeYen"":7200},{""tier"":5,""winners"":98663,""prizeYen"":1300},{""tier"":6,""winners"":160022,""prizeYen"":900}]"
"loto7","394","2020-11-13","6 10 22 23 27 32 33","8 19","","366674380","[{""tier"":1,""winners"":0,""prizeYen"":0},{""tier"":2,""winners"":27,""prizeYen"":2268700},{""tier"":3,""winners"":207,""prizeYen"":414200},{""tier"":4,""winners"":7926,""prizeYen"":6300},{""tier"":5,""winners"":94991,""prizeYen"":1300},{""tier"":6,""winners"":164740,""prizeYen"":900}]"
"loto7","395","2020-11-20","1 2 5 20 26 29 32","8 9","","0","[{""tier"":1,""winners"":3,""prizeYen"":270621900},{""tier"":2,""winners"":7,""prizeYen"":10529500},{""tier"":3,""winners"":80,""prizeYen"":1289800},{""tier"":4,""winners"":4725,""prizeYen"":12800},{""tier"":5,""winners"":83410,""prizeYen"":1700},{""tier"":6,""winners"":180779,""prizeYen"":1000}]"
"loto7","396","2020-11-27","2 3 5 8 16 20 34","26 31","","366819660","[{""tier"":1,""winners"":0,""prizeYen"":0},{""tier"":2,""winners"":7,""prizeYen"":8652900},{""tier"":3,""winners"":92,""prizeYen"":921700},{""tier"":4,""winners"":5149,""prizeYen"":9600},{""tier"":5,""winners"":82997,""prizeYen"":1400},{""tier"":6,""winners"":134718,""prizeYen"":1100}]"
"loto7","397","2020-12-04","4 12 13 15 21 28 37","7 20","","812294860","[{""tier"":1,""winners"":0,""prizeYen"":0},{""tier"":2,""winners"":15,""prizeYen"":4876800},{""tier"":3,""winners"":131,""prizeYen"":781700},{""tier"":4,""winners"":7060,""prizeYen"":8500},{""tier"":5,""winners"":107285,""prizeYen"":1300},{""tier"":6,""winners"":177064,""prizeYen"":1000}]"
"loto7","398","2020-12-11","3 4 10 17 20 22 33","1 6","","1296202550","[{""tier"":1,""winners"":0,""prizeYen"":0},{""tier"":2,""winners"":9,""prizeYen"":8938000},{""tier"":3,""winners"":135,""prizeYen"":834200},{""tier"":4,""winners"":7096,""prizeYen"":9300},{""tier"":5,""winners"":111518,""prizeYen"":1400},{""tier"":6,""winners"":197911,""prizeYen"":1000}]"
"loto7","399","2020-12-18","7 15 19 20 21 33 36","4 10","","1834932435","[{""tier"":1,""winners"":0,""prizeYen"":0},{""tier"":2,""winners"":14,""prizeYen"":6212300},{""tier"":3,""winners"":137,""prizeYen"":888700},{""tier"":4,""winners"":7501,""prizeYen"":9500},{""tier"":5,""winners"":112970,""prizeYen"":1500},{""tier"":6,""winners"":197889,""prizeYen"":1000}]"
"loto7","400","2020-12-25","4 17 22 28 30 31 35","25 34","","2441887750","[{""tier"":1,""winners"":0,""prizeYen"":0},{""tier"":2,""winners"":6,""prizeYen"":16604900},{""tier"":3,""winners"":219,""prizeYen"":636800},{""tier"":4,""winners"":9043,""prizeYen"":9000},{""tier"":5,""winners"":135365,""prizeYen"":1400},{""tier"":6,""winners"":219734,""prizeYen"":1000}]"
"loto7","401","2021-01-08","4 5 9 14 18 30 35","1 33","","3127268000","[{""tier"":1,""winners"":0,""prizeYen"":0},{""tier"":2,""winners"":6,""prizeYen"":18702000},{""tier"":3,""winners"":173,""prizeYen"":908000},{""tier"":4,""winners"":9392,""prizeYen"":9800},{""tier"":5,""winners"":157204,""prizeYen"":1400},{""tier"":6,""winners"":263431,""prizeYen"":1000}]"
"loto7","402","2021-01-15","7 9 12 17 20 26 29","4 13","","3744761225","[{""tier"":1,""winners"":0,""prizeYen"":0},{""tier"":2,""winners"":11,""prizeYen"":9424800},{""tier"":3,""winners"":199,""prizeYen"":729300},{""tier"":4,""winners"":8946,""prizeYen"":9500},{""tier"":5,""winners"":139603,""prizeYen"":1500},{""tier"":6,""winners"":253104,""prizeYen"":1000}]"
"loto7","403","2021-01-22","2 6 8 12 19 20 29","5 26","","4415642950","[{""tier"":1,""winners"":0,""prizeYen"":0},{""tier"":2,""winners"":16,""prizeYen"":7034600},{""tier"":3,""winners"":209,""prizeYen"":753900},{""tier"":4,""winners"":10493,""prizeYen"":8800},{""tier"":5,""winners"":160099,""prizeYen"":1400},{""tier"":6,""winners"":277426,""prizeYen"":1000}]"
"loto7","404","2021-01-29","4 8 13 16 25 30 32","9 26","","4159928850","[{""tier"":1,""winners"":1,""prizeYen"":1000000000},{""tier"":2,""winners"":19,""prizeYen"":6435200},{""tier"":3,""winners"":338,""prizeYen"":506400},{""tier"":4,""winners"":12289,""prizeYen"":8100},{""tier"":5,""winners"":177419,""prizeYen"":1300},{""tier"":6,""winners"":299495,""prizeYen"":1000}]"
"loto7","405","2021-02-05","3 10 16 17 24 32 36","11 29","","3839676215","[{""tier"":1,""winners"":1,""prizeYen"":1000000000},{""tier"":2,""winners"":40,""prizeYen"":2839700},{""tier"":3,""winners"":265,""prizeYen"":600000},{""tier"":4,""winners"":11201,""prizeYen"":8300},{""tier"":5,""winners"":160364,""prizeYen"":1400},{""tier"":6,""winners"":279209,""prizeYen"":1000}]"
"loto7","406","2021-02-12","1 2 5 16 18 21 29","24 25","","4469314595","[{""tier"":1,""winners"":0,""prizeYen"":0},{""tier"":2,""winners"":9,""prizeYen"":11590300},{""tier"":3,""winners"":140,""prizeYen"":1043100},{""tier"":4,""winners"":8035,""prizeYen"":10600},{""tier"":5,""winners"":132750,""prizeYen"":1500},{""tier"":6,""winners"":234763,""prizeYen"":1100}]"
"loto7","407","2021-02-19","19 21 25 26 28 30 31","9 16","","5124236005","[{""tier"":1,""winners"":0,""prizeYen"":0},{""tier"":2,""winners"":9,""prizeYen"":11974300},{""tier"":3,""winners"":140,""prizeYen"":1077600},{""tier"":4,""winners"":7275,""prizeYen"":12100},{""tier"":5,""winners"":130344,""prizeYen"":1600},{""tier"":6,""winners"":236344,""prizeYen"":1100}]"
"loto7","408","2021-02-26","16 18 19 21 29 30 35","14 28","","5826847840","[{""tier"":1,""winners"":0,""prizeYen"":0},{""tier"":2,""winners"":17,""prizeYen"":6668900},{""tier"":3,""winners"":201,""prizeYen"":789600},{""tier"":4,""winners"":8976,""prizeYen"":10300},{""tier"":5,""winners"":143898,""prizeYen"":1500},{""tier"":6,""winners"":239143,""prizeYen"":1100}]"
"loto7","409","2021-03-05","13 15 16 24 30 31 37","12 33","","4541466095","[{""tier"":1,""winners"":2,""prizeYen"":1000000000},{""tier"":2,""winners"":12,""prizeYen"":9712400},{""tier"":3,""winners"":209,""prizeYen"":780700},{""tier"":4,""winners"":9617,""prizeYen"":9900},{""tier"":5,""winners"":149678,""prizeYen"":1500},{""tier"":6,""winners"":250298,""prizeYen"":1100}]"
"loto7","410","2021-03-12","1 2 18 21 26 29 37","9 36","","5192036450","[{""tier"":1,""winners"":0,""prizeYen"":0},{""tier"":2,""winners"":12,""prizeYen"":9016600},{""tier"":3,""winners"":151,""prizeYen"":1003100},{""tier"":4,""winners"":8484,""prizeYen"":10400},{""tier"":5,""winners"":128783,""prizeYen"":1700},{""tier"":6,""winners"":234655,""prizeYen"":1100}]"
"loto7","411","2021-03-19","4 11 12 21 23 27 36","9 14","","4852667870","[{""tier"":1,""winners"":1,""prizeYen"":1000000000},{""tier"":2,""winners"":22,""prizeYen"":5005100},{""tier"":3,""winners"":239,""prizeYen"":644900},{""tier"":4,""winners"":11396,""prizeYen"":7900},{""tier"":5,""winners"":168943,""prizeYen"":1300},{""tier"":6,""winners"":296752,""prizeYen"":900}]"
"loto7","412","2021-03-26","14 20 22 29 31 33 34","15 24","","5499152315","[{""tier"":1,""winners"":0,""prizeYen"":0},{""tier"":2,""winners"":16,""prizeYen"":6660200},{""tier"":3,""winners"":174,""prizeYen"":857300},{""tier"":4,""winners"":9577,""prizeYen"":9100},{""tier"":5,""winners"":139977,""prizeYen"":1500},{""tier"":6,""winners"":230790,""prizeYen"":1100}]"
"loto7","413","2021-04-02","3 10 16 18 19 34 35","27 36","","5226989110","[{""tier"":1,""winners"":1,""prizeYen"":1000000000},{""tier"":2,""winners"":14,""prizeYen"":8438000},{""tier"":3,""winners"":187,""prizeYen"":884400},{""tier"":4,""winners"":9545,""prizeYen"":10100},{""tier"":5,""winners"":155215,""prizeYen"":1500},{""tier"":6,""winners"":270403,""prizeYen"":1000}]"
"loto7","414","2021-04-09","3 8 16 21 25 36 37","14 20","","4871127215","[{""tier"":1,""winners"":1,""prizeYen"":1000000000},{""tier"":2,""winners"":20,""prizeYen"":5285900},{""tier"":3,""winners"":213,""prizeYen"":694800},{""tier"":4,""winners"":9472,""prizeYen"":9100},{""tier"":5,""winners"":143262,""prizeYen"":1400},{""tier"":6,""winners"":233701,""prizeYen"":1100}]"
"loto7","415","2021-04-16","4 8 12 13 23 32 37","16 35","","0","[{""tier"":1,""winners"":6,""prizeYen"":916445700},{""tier"":2,""winners"":17,""prizeYen"":6169300},{""tier"":3,""winners"":200,""prizeYen"":734100},{""tier"":4,""winners"":9672,""prizeYen"":8900},{""tier"":5,""winners"":150747,""prizeYen"":1400},{""tier"":6,""winners"":253869,""prizeYen"":1000}]"
"loto7","416","2021-04-23","8 9 10 15 16 30 31","29 36","","0","[{""tier"":1,""winners"":1,""prizeYen"":429819100},{""tier"":2,""winners"":10,""prizeYen"":7142100},{""tier"":3,""winners"":161,""prizeYen"":621000},{""tier"":4,""winners"":7094,""prizeYen"":8200},{""tier"":5,""winners"":106925,""prizeYen"":1300},{""tier"":6,""winners"":175578,""prizeYen"":1000}]"
"loto7","417","2021-04-30","4 5 13 18 23 27 32","9 11","","0","[{""tier"":1,""winners"":2,""prizeYen"":209683200},{""tier"":2,""winners"":18,""prizeYen"":3842300},{""tier"":3,""winners"":137,""prizeYen"":706700},{""tier"":4,""winners"":7439,""prizeYen"":7600},{""tier"":5,""winners"":102586,""prizeYen"":1300},{""tier"":6,""winners"":186587,""prizeYen"":900}]"
"loto7","418","2021-05-07","10 13 17 18 22 28 37","1 30","","0","[{""tier"":1,""winners"":1,""prizeYen"":389059300},{""tier"":2,""winners"":5,""prizeYen"":13020600},{""tier"":3,""winners"":89,""prizeYen"":1024000},{""tier"":4,""winners"":4923,""prizeYen"":10800},{""tier"":5,""winners"":81754,""prizeYen"":1600},{""tier"":6,""winners"":132113,""prizeYen"":1200}]"
"loto7","419","2021-05-14","3 11 14 21 26 29 34","22 33","","0","[{""tier"":1,""winners"":2,""prizeYen"":190298900},{""tier"":2,""winners"":4,""prizeYen"":15874700},{""tier"":3,""winners"":146,""prizeYen"":608800},{""tier"":4,""winners"":6512,""prizeYen"":8000},{""tier"":5,""winners"":92017,""prizeYen"":1400},{""tier"":6,""winners"":152031,""prizeYen"":1000}]"
"loto7","420","2021-05-21","4 5 11 13 24 32 34","2 3","","375095330","[{""tier"":1,""winners"":0,""prizeYen"":0},{""tier"":2,""winners"":7,""prizeYen"":8680800},{""tier"":3,""winners"":85,""prizeYen"":1000800},{""tier"":4,""winners"":5018,""prizeYen"":9900},{""tier"":5,""winners"":83656,""prizeYen"":1400},{""tier"":6,""winners"":140942,""prizeYen"":1000}]"
"loto7","421","2021-05-28","9 15 18 26 28 32 37","21 36","","794723940","[{""tier"":1,""winners"":0,""prizeYen"":0},{""tier"":2,""winners"":6,""prizeYen"":11596300},{""tier"":3,""winners"":120,""prizeYen"":811700},{""tier"":4,""winners"":6058,""prizeYen"":9400},{""tier"":5,""winners"":94384,""prizeYen"":1400},{""tier"":6,""winners"":157399,""prizeYen"":1100}]"
"loto7","422","2021-06-04","1 9 21 23 30 35 36","5 6","","1233906425","[{""tier"":1,""winners"":0,""prizeYen"":0},{""tier"":2,""winners"":8,""prizeYen"":9103000},{""tier"":3,""winners"":206,""prizeYen"":494900},{""tier"":4,""winners"":7074,""prizeYen"":8400},{""tier"":5,""winners"":97729,""prizeYen"":1500},{""tier"":6,""winners"":173131,""prizeYen"":1000}]"
"loto7","423","2021-06-11","1 7 9 11 29 31 32","2 6","","0","[{""tier"":1,""winners"":2,""prizeYen"":849866300},{""tier"":2,""winners"":11,""prizeYen"":7015200},{""tier"":3,""winners"":122,""prizeYen"":885500},{""tier"":4,""winners"":7194,""prizeYen"":8800},{""tier"":5,""winners"":112047,""prizeYen"":1300},{""tier"":6,""winners"":192350,""prizeYen"":1000}]"
"loto7","424","2021-06-18","5 6 12 19 25 30 35","26 33","","396864750","[{""tier"":1,""winners"":0,""prizeYen"":0},{""tier"":2,""winners"":17,""prizeYen"":3807700},{""tier"":3,""winners"":144,""prizeYen"":629300},{""tier"":4,""winners"":6349,""prizeYen"":8300},{""tier"":5,""winners"":95292,""prizeYen"":1300},{""tier"":6,""winners"":153959,""prizeYen"":1000}]"
"loto7","425","2021-06-25","2 9 14 20 22 34 35","7 24","","831040900","[{""tier"":1,""winners"":0,""prizeYen"":0},{""tier"":2,""winners"":6,""prizeYen"":12027500},{""tier"":3,""winners"":138,""prizeYen"":732000},{""tier"":4,""winners"":5493,""prizeYen"":10700},{""tier"":5,""winners"":88916,""prizeYen"":1600},{""tier"":6,""winners"":159744,""prizeYen"":1100}]"
"loto7","426","2021-07-02","1 2 6 8 30 31 33","13 35","","316221110","[{""tier"":1,""winners"":1,""prizeYen"":1000000000},{""tier"":2,""winners"":5,""prizeYen"":16047800},{""tier"":3,""winners"":121,""prizeYen"":928300},{""tier"":4,""winners"":5774,""prizeYen"":11400},{""tier"":5,""winners"":104229,""prizeYen"":1500},{""tier"":6,""winners"":176644,""prizeYen"":1100}]"
"loto7","427","2021-07-09","11 13 26 27 31 33 37","9 18","","0","[{""tier"":1,""winners"":2,""prizeYen"":383434200},{""tier"":2,""winners"":10,""prizeYen"":7307100},{""tier"":3,""winners"":122,""prizeYen"":838500},{""tier"":4,""winners"":5752,""prizeYen"":10400},{""tier"":5,""winners"":97154,""prizeYen"":1500},{""tier"":6,""winners"":183235,""prizeYen"":900}]"
"loto7","428","2021-07-16","3 6 16 22 31 34 35","24 32","","372261370","[{""tier"":1,""winners"":0,""prizeYen"":0},{""tier"":2,""winners"":2,""prizeYen"":30630300},{""tier"":3,""winners"":100,""prizeYen"":857600},{""tier"":4,""winners"":4776,""prizeYen"":10500},{""tier"":5,""winners"":78859,""prizeYen"":1500},{""tier"":6,""winners"":134265,""prizeYen"":1100}]"
"loto7","429","2021-07-23","6 11 14 27 30 32 35","18 24","","789467390","[{""tier"":1,""winners"":0,""prizeYen"":0},{""tier"":2,""winners"":15,""prizeYen"":4534800},{""tier"":3,""winners"":132,""prizeYen"":721400},{""tier"":4,""winners"":6151,""prizeYen"":9000},{""tier"":5,""winners"":92298,""prizeYen"":1400},{""tier"":6,""winners"":162590,""prizeYen"":1000}]"
"loto7","430","2021-07-30","2 12 17 24 28 30 32","3 27","","1245188435","[{""tier"":1,""winners"":0,""prizeYen"":0},{""tier"":2,""winners"":8,""prizeYen"":9329400},{""tier"":3,""winners"":133,""prizeYen"":785600},{""tier"":4,""winners"":6783,""prizeYen"":9000},{""tier"":5,""winners"":104881,""prizeYen"":1400},{""tier"":6,""winners"":175085,""prizeYen"":1000}]"
"loto7","431","2021-08-06","7 11 12 17 19 20 26","2 3","","1739327690","[{""tier"":1,""winners"":0,""prizeYen"":0},{""tier"":2,""winners"":14,""prizeYen"":5654000},{""tier"":3,""winners"":110,""prizeYen"":1007400},{""tier"":4,""winners"":7134,""prizeYen"":9100},{""tier"":5,""winners"":107170,""prizeYen"":1400},{""tier"":6,""winners"":200427,""prizeYen"":900}]"
"loto7","432","2021-08-13","5 10 13 24 29 30 35","21 31","","2230422760","[{""tier"":1,""winners"":0,""prizeYen"":0},{""tier"":2,""winners"":12,""prizeYen"":6875000},{""tier"":3,""winners"":159,""prizeYen"":726400},{""tier"":4,""winners"":7355,""prizeYen"":9200},{""tier"":5,""winners"":116284,""prizeYen"":1400},{""tier"":6,""winners"":205507,""prizeYen"":1000}]"
"loto7","433","2021-08-20","14 17 20 25 32 33 36","10 34","","0","[{""tier"":1,""winners"":3,""prizeYen"":924772200},{""tier"":2,""winners"":5,""prizeYen"":18051800},{""tier"":3,""winners"":208,""prizeYen"":607500},{""tier"":4,""winners"":7787,""prizeYen"":9500},{""tier"":5,""winners"":115046,""prizeYen"":1500},{""tier"":6,""winners"":186504,""prizeYen"":1200}]"
"loto7","434","2021-08-27","10 11 12 17 29 34 37","26 30","","0","[{""tier"":1,""winners"":1,""prizeYen"":380539500},{""tier"":2,""winners"":10,""prizeYen"":6231100},{""tier"":3,""winners"":116,""prizeYen"":752000},{""tier"":4,""winners"":5217,""prizeYen"":9800},{""tier"":5,""winners"":84556,""prizeYen"":1400},{""tier"":6,""winners"":150152,""prizeYen"":1000}]"
"loto7","435","2021-09-03","3 5 7 11 15 17 25","13 32","","0","[{""tier"":1,""winners"":1,""prizeYen"":381436800},{""tier"":2,""winners"":17,""prizeYen"":3665700},{""tier"":3,""winners"":183,""prizeYen"":476700},{""tier"":4,""winners"":7126,""prizeYen"":7100},{""tier"":5,""winners"":99874,""prizeYen"":1200},{""tier"":6,""winners"":148388,""prizeYen"":1000}]"
"loto7","436","2021-09-10","5 6 21 22 26 31 32","18 36","","0","[{""tier"":1,""winners"":1,""prizeYen"":369299700},{""tier"":2,""winners"":7,""prizeYen"":8803000},{""tier"":3,""winners"":82,""prizeYen"":1052000},{""tier"":4,""winners"":4061,""prizeYen"":12400},{""tier"":5,""winners"":74584,""prizeYen"":1600},{""tier"":6,""winners"":139501,""prizeYen"":1100}]"
"loto7","437","2021-09-17","8 10 14 15 23 25 26","1 11","","0","[{""tier"":1,""winners"":2,""prizeYen"":179193600},{""tier"":2,""winners"":7,""prizeYen"":8580100},{""tier"":3,""winners"":95,""prizeYen"":885000},{""tier"":4,""winners"":4828,""prizeYen"":10200},{""tier"":5,""winners"":80324,""prizeYen"":1500},{""tier"":6,""winners"":146799,""prizeYen"":1000}]"
"loto7","438","2021-09-24","4 13 16 21 32 34 37","27 33","","0","[{""tier"":1,""winners"":2,""prizeYen"":178941700},{""tier"":2,""winners"":7,""prizeYen"":8440000},{""tier"":3,""winners"":197,""prizeYen"":419800},{""tier"":4,""winners"":5374,""prizeYen"":9000},{""tier"":5,""winners"":79677,""prizeYen"":1500},{""tier"":6,""winners"":138136,""prizeYen"":1000}]"
"loto7","439","2021-10-01","1 3 6 9 26 29 31","14 18","","0","[{""tier"":1,""winners"":4,""prizeYen"":88576400},{""tier"":2,""winners"":8,""prizeYen"":7335600},{""tier"":3,""winners"":143,""prizeYen"":574500},{""tier"":4,""winners"":6080,""prizeYen"":7900},{""tier"":5,""winners"":91170,""prizeYen"":1300},{""tier"":6,""winners"":153997,""prizeYen"":900}]"
"loto7","440","2021-10-08","5 10 17 18 19 22 32","14 35","","354102975","[{""tier"":1,""winners"":0,""prizeYen"":0},{""tier"":2,""winners"":4,""prizeYen"":14358600},{""tier"":3,""winners"":89,""prizeYen"":903400},{""tier"":4,""winners"":4718,""prizeYen"":9900},{""tier"":5,""winners"":78846,""prizeYen"":1400},{""tier"":6,""winners"":134203,""prizeYen"":1000}]"
"loto7","441","2021-10-15","15 21 22 23 27 28 37","8 25","","775975100","[{""tier"":1,""winners"":0,""prizeYen"":0},{""tier"":2,""winners"":8,""prizeYen"":8588600},{""tier"":3,""winners"":103,""prizeYen"":933800},{""tier"":4,""winners"":5503,""prizeYen"":10200},{""tier"":5,""winners"":90085,""prizeYen"":1500},{""tier"":6,""winners"":158968,""prizeYen"":1000}]"
"loto7","442","2021-10-22","6 13 14 16 19 30 32","25 36","","1241142145","[{""tier"":1,""winners"":0,""prizeYen"":0},{""tier"":2,""winners"":12,""prizeYen"":6279000},{""tier"":3,""winners"":90,""prizeYen"":1172000},{""tier"":4,""winners"":5564,""prizeYen"":11100},{""tier"":5,""winners"":96830,""prizeYen"":1500},{""tier"":6,""winners"":174526,""prizeYen"":1000}]"
"loto7","443","2021-10-29","1 5 8 26 28 32 36","23 24","","758020130","[{""tier"":1,""winners"":1,""prizeYen"":1000000000},{""tier"":2,""winners"":9,""prizeYen"":9471100},{""tier"":3,""winners"":108,""prizeYen"":1104900},{""tier"":4,""winners"":6249,""prizeYen"":11200},{""tier"":5,""winners"":109679,""prizeYen"":1500},{""tier"":6,""winners"":206470,""prizeYen"":1000}]"
"loto7","444","2021-11-05","11 15 16 17 18 27 29","25 33","","1238948930","[{""tier"":1,""winners"":0,""prizeYen"":0},{""tier"":2,""winners"":19,""prizeYen"":4101500},{""tier"":3,""winners"":130,""prizeYen"":839200},{""tier"":4,""winners"":6843,""prizeYen"":9300},{""tier"":5,""winners"":111162,""prizeYen"":1400},{""tier"":6,""winners"":194994,""prizeYen"":900}]"
"loto7","445","2021-11-12","4 22 25 27 28 30 33","2 3","","779732175","[{""tier"":1,""winners"":1,""prizeYen"":1000000000},{""tier"":2,""winners"":8,""prizeYen"":11093600},{""tier"":3,""winners"":143,""prizeYen"":868800},{""tier"":4,""winners"":6894,""prizeYen"":10500},{""tier"":5,""winners"":117831,""prizeYen"":1500},{""tier"":6,""winners"":207372,""prizeYen"":1000}]"
"loto7","446","2021-11-19","1 7 9 12 15 29 32","11 28","","256204385","[{""tier"":1,""winners"":1,""prizeYen"":1000000000},{""tier"":2,""winners"":15,""prizeYen"":5268700},{""tier"":3,""winners"":157,""prizeYen"":704700},{""tier"":4,""winners"":7985,""prizeYen"":8100},{""tier"":5,""winners"":120075,""prizeYen"":1300},{""tier"":6,""winners"":212024,""prizeYen"":900}]"
"loto7","447","2021-11-26","3 5 8 13 26 30 37","25 28","","695878330","[{""tier"":1,""winners"":0,""prizeYen"":0},{""tier"":2,""winners"":18,""prizeYen"":3943200},{""tier"":3,""winners"":182,""prizeYen"":545900},{""tier"":4,""winners"":7890,""prizeYen"":7300},{""tier"":5,""winners"":113255,""prizeYen"":1200},{""tier"":6,""winners"":182687,""prizeYen"":900}]"
"loto7","448","2021-12-03","7 21 24 29 32 36 37","22 27","","170579150","[{""tier"":1,""winners"":1,""prizeYen"":1000000000},{""tier"":2,""winners"":8,""prizeYen"":9756100},{""tier"":3,""winners"":127,""prizeYen"":860300},{""tier"":4,""winners"":5855,""prizeYen"":10900},{""tier"":5,""winners"":99083,""prizeYen"":1500},{""tier"":6,""winners"":172637,""prizeYen"":1100}]"
"loto7","449","2021-12-10","2 21 26 27 32 33 34","8 9","","0","[{""tier"":1,""winners"":1,""prizeYen"":591586300},{""tier"":2,""winners"":3,""prizeYen"":23462400},{""tier"":3,""winners"":98,""prizeYen"":1005500},{""tier"":4,""winners"":4671,""prizeYen"":12300},{""tier"":5,""winners"":83683,""prizeYen"":1700},{""tier"":6,""winners"":170223,""prizeYen"":1000}]"
"loto7","450","2021-12-17","2 7 12 15 21 23 30","9 31","","376930305","[{""tier"":1,""winners"":0,""prizeYen"":0},{""tier"":2,""winners"":9,""prizeYen"":6873400},{""tier"":3,""winners"":96,""prizeYen"":902100},{""tier"":4,""winners"":5855,""prizeYen"":8600},{""tier"":5,""winners"":91049,""prizeYen"":1300},{""tier"":6,""winners"":166103,""prizeYen"":900}]"
"loto7","451","2021-12-24","2 15 22 25 28 33 37","10 17","","0","[{""tier"":1,""winners"":1,""prizeYen"":835216700},{""tier"":2,""winners"":4,""prizeYen"":19135200},{""tier"":3,""winners"":96,""prizeYen"":1116200},{""tier"":4,""winners"":6319,""prizeYen"":9900},{""tier"":5,""winners"":99065,""prizeYen"":1500},{""tier"":6,""winners"":173320,""prizeYen"":1100}]"
"loto7","452","2022-01-07","5 17 20 21 31 34 35","8 27","","0","[{""tier"":1,""winners"":3,""prizeYen"":139643300},{""tier"":2,""winners"":12,""prizeYen"":5845400},{""tier"":3,""winners"":106,""prizeYen"":926400},{""tier"":4,""winners"":5256,""prizeYen"":10900},{""tier"":5,""winners"":86784,""prizeYen"":1600},{""tier"":6,""winners"":157415,""prizeYen"":1100}]"
"loto7","453","2022-01-14","2 8 10 21 24 26 35","9 13","","0","[{""tier"":1,""winners"":1,""prizeYen"":392246900},{""tier"":2,""winners"":7,""prizeYen"":9075300},{""tier"":3,""winners"":92,""prizeYen"":966700},{""tier"":4,""winners"":5910,""prizeYen"":8800},{""tier"":5,""winners"":84399,""prizeYen"":1500},{""tier"":6,""winners"":158899,""prizeYen"":900}]"
"loto7","454","2022-01-21","8 17 21 26 27 29 31","1 33","","0","[{""tier"":1,""winners"":2,""prizeYen"":184610500},{""tier"":2,""winners"":2,""prizeYen"":29617300},{""tier"":3,""winners"":83,""prizeYen"":999100},{""tier"":4,""winners"":4926,""prizeYen"":9800},{""tier"":5,""winners"":80565,""prizeYen"":1400},{""tier"":6,""winners"":135336,""prizeYen"":1000}]"
"loto7","455","2022-01-28","1 5 8 15 18 26 36","33 34","","0","[{""tier"":1,""winners"":1,""prizeYen"":358799300},{""tier"":2,""winners"":7,""prizeYen"":8585100},{""tier"":3,""winners"":120,""prizeYen"":701100},{""tier"":4,""winners"":5411,""prizeYen"":9100},{""tier"":5,""winners"":84271,""prizeYen"":1400},{""tier"":6,""winners"":135713,""prizeYen"":1100}]"
"loto7","456","2022-02-04","9 15 17 18 22 25 31","33 36","","351220380","[{""tier"":1,""winners"":0,""prizeYen"":0},{""tier"":2,""winners"":6,""prizeYen"":9803400},{""tier"":3,""winners"":123,""prizeYen"":669400},{""tier"":4,""winners"":5498,""prizeYen"":8700},{""tier"":5,""winners"":84291,""prizeYen"":1400},{""tier"":6,""winners"":143919,""prizeYen"":1000}]"
"loto7","457","2022-02-11","7 14 19 27 31 35 36","9 33","","767606325","[{""tier"":1,""winners"":0,""prizeYen"":0},{""tier"":2,""winners"":4,""prizeYen"":16901700},{""tier"":3,""winners"":156,""prizeYen"":606700},{""tier"":4,""winners"":6114,""prizeYen"":9000},{""tier"":5,""winners"":92737,""prizeYen"":1400},{""tier"":6,""winners"":158458,""prizeYen"":1000}]"
"loto7","458","2022-02-18","7 11 12 14 19 21 33","6 37","","1233867515","[{""tier"":1,""winners"":0,""prizeYen"":0},{""tier"":2,""winners"":12,""prizeYen"":6468500},{""tier"":3,""winners"":117,""prizeYen"":928800},{""tier"":4,""winners"":7029,""prizeYen"":9000},{""tier"":5,""winners"":109832,""prizeYen"":1400},{""tier"":6,""winners"":188961,""prizeYen"":1000}]"
"loto7","459","2022-02-25","2 4 7 8 10 20 29","14 33","","0","[{""tier"":1,""winners"":2,""prizeYen"":876605800},{""tier"":2,""winners"":10,""prizeYen"":8363400},{""tier"":3,""winners"":230,""prizeYen"":509000},{""tier"":4,""winners"":8888,""prizeYen"":7700},{""tier"":5,""winners"":124348,""prizeYen"":1300},{""tier"":6,""winners"":190387,""prizeYen"":1000}]"
"loto7","460","2022-03-04","5 6 9 23 27 28 30","4 13","","0","[{""tier"":1,""winners"":2,""prizeYen"":185574900},{""tier"":2,""winners"":13,""prizeYen"":4563200},{""tier"":3,""winners"":148,""prizeYen"":561100},{""tier"":4,""winners"":6069,""prizeYen"":8000},{""tier"":5,""winners"":94014,""prizeYen"":1200},{""tier"":6,""winners"":167614,""prizeYen"":800}]"
"loto7","461","2022-03-11","2 13 19 22 32 35 37","14 33","","350130755","[{""tier"":1,""winners"":0,""prizeYen"":0},{""tier"":2,""winners"":3,""prizeYen"":19282900},{""tier"":3,""winners"":83,""prizeYen"":975700},{""tier"":4,""winners"":4496,""prizeYen"":10500},{""tier"":5,""winners"":74309,""prizeYen"":1500},{""tier"":6,""winners"":128410,""prizeYen"":1100}]"
"loto7","462","2022-03-18","7 11 24 27 29 34 35","4 18","","789093935","[{""tier"":1,""winners"":0,""prizeYen"":0},{""tier"":2,""winners"":6,""prizeYen"":11907300},{""tier"":3,""winners"":133,""prizeYen"":752000},{""tier"":4,""winners"":6434,""prizeYen"":9100},{""tier"":5,""winners"":103904,""prizeYen"":1300},{""tier"":6,""winners"":189153,""prizeYen"":900}]"
"loto7","463","2022-03-25","3 7 13 16 19 24 30","6 10","","256511440","[{""tier"":1,""winners"":1,""prizeYen"":1000000000},{""tier"":2,""winners"":8,""prizeYen"":9731500},{""tier"":3,""winners"":154,""prizeYen"":707700},{""tier"":4,""winners"":7118,""prizeYen"":8900},{""tier"":5,""winners"":111334,""prizeYen"":1400},{""tier"":6,""winners"":188197,""prizeYen"":1000}]"
"loto7","464","2022-04-01","7 8 13 17 30 32 36","1 10","","724731120","[{""tier"":1,""winners"":0,""prizeYen"":0},{""tier"":2,""winners"":8,""prizeYen"":9548700},{""tier"":3,""winners"":117,""prizeYen"":914000},{""tier"":4,""winners"":5875,""prizeYen"":10600},{""tier"":5,""winners"":102330,""prizeYen"":1500},{""tier"":6,""winners"":174414,""prizeYen"":1000}]"
"loto7","465","2022-04-08","1 4 5 13 27 31 35","15 22","","0","[{""tier"":1,""winners"":2,""prizeYen"":612005700},{""tier"":2,""winners"":13,""prizeYen"":6252400},{""tier"":3,""winners"":142,""prizeYen"":801300},{""tier"":4,""winners"":7444,""prizeYen"":8900},{""tier"":5,""winners"":116902,""prizeYen"":1400},{""tier"":6,""winners"":204646,""prizeYen"":900}]"
"loto7","466","2022-04-15","5 6 8 14 15 25 29","18 33","","0","[{""tier"":1,""winners"":1,""prizeYen"":371149000},{""tier"":2,""winners"":8,""prizeYen"":7481800},{""tier"":3,""winners"":128,""prizeYen"":654600},{""tier"":4,""winners"":5359,""prizeYen"":9100},{""tier"":5,""winners"":88609,""prizeYen"":1300},{""tier"":6,""winners"":152760,""prizeYen"":900}]"
"loto7","467","2022-04-22","7 8 11 13 14 26 30","31 34","","0","[{""tier"":1,""winners"":1,""prizeYen"":363023100},{""tier"":2,""winners"":6,""prizeYen"":9705400},{""tier"":3,""winners"":179,""prizeYen"":455400},{""tier"":4,""winners"":6731,""prizeYen"":7100},{""tier"":5,""winners"":99161,""prizeYen"":1100},{""tier"":6,""winners"":149425,""prizeYen"":900}]"
"loto7","468","2022-04-29","3 12 15 16 25 29 37","26 28","","346112810","[{""tier"":1,""winners"":0,""prizeYen"":0},{""tier"":2,""winners"":5,""prizeYen"":11266000},{""tier"":3,""winners"":98,""prizeYen"":804600},{""tier"":4,""winners"":4877,""prizeYen"":9400},{""tier"":5,""winners"":77645,""prizeYen"":1400},{""tier"":6,""winners"":132332,""prizeYen"":1000}]"
"loto7","469","2022-05-06","1 6 8 13 16 30 33","23 28","","0","[{""tier"":1,""winners"":1,""prizeYen"":766258900},{""tier"":2,""winners"":13,""prizeYen"":5286800},{""tier"":3,""winners"":131,""prizeYen"":734400},{""tier"":4,""winners"":5855,""prizeYen"":9600},{""tier"":5,""winners"":93468,""prizeYen"":1400},{""tier"":6,""winners"":165111,""prizeYen"":1000}]"
"loto7","470","2022-05-13","2 3 9 16 27 32 36","1 34","","345223985","[{""tier"":1,""winners"":0,""prizeYen"":0},{""tier"":2,""winners"":6,""prizeYen"":9324200},{""tier"":3,""winners"":112,""prizeYen"":699300},{""tier"":4,""winners"":5344,""prizeYen"":8500},{""tier"":5,""winners"":81283,""prizeYen"":1300},{""tier"":6,""winners"":120313,""prizeYen"":1100}]"
"loto7","471","2022-05-20","3 5 7 8 11 19 34","17 32","","0","[{""tier"":1,""winners"":3,""prizeYen"":261527700},{""tier"":2,""winners"":11,""prizeYen"":6397500},{""tier"":3,""winners"":187,""prizeYen"":526800},{""tier"":4,""winners"":8192,""prizeYen"":7000},{""tier"":5,""winners"":121220,""prizeYen"":1100},{""tier"":6,""winners"":178602,""prizeYen"":900}]"
"loto7","472","2022-05-27","5 7 8 32 33 34 36","4 6","","347257105","[{""tier"":1,""winners"":0,""prizeYen"":0},{""tier"":2,""winners"":14,""prizeYen"":4049300},{""tier"":3,""winners"":82,""prizeYen"":967800},{""tier"":4,""winners"":4297,""prizeYen"":10800},{""tier"":5,""winners"":75806,""prizeYen"":1500},{""tier"":6,""winners"":129676,""prizeYen"":1000}]"
"loto7","473","2022-06-03","6 11 21 24 28 33 37","8 27","","761236930","[{""tier"":1,""winners"":0,""prizeYen"":0},{""tier"":2,""winners"":11,""prizeYen"":6335900},{""tier"":3,""winners"":142,""prizeYen"":687100},{""tier"":4,""winners"":5725,""prizeYen"":9900},{""tier"":5,""winners"":93098,""prizeYen"":1500},{""tier"":6,""winners"":172867,""prizeYen"":1000}]"
"loto7","474","2022-06-10","3 17 19 21 24 32 34","27 28","","1258629865","[{""tier"":1,""winners"":0,""prizeYen"":0},{""tier"":2,""winners"":12,""prizeYen"":6815000},{""tier"":3,""winners"":130,""prizeYen"":880700},{""tier"":4,""winners"":6755,""prizeYen"":9900},{""tier"":5,""winners"":106983,""prizeYen"":1500},{""tier"":6,""winners"":194233,""prizeYen"":1000}]"
"loto7","475","2022-06-17","1 2 22 24 26 31 37","12 19","","1798521465","[{""tier"":1,""winners"":0,""prizeYen"":0},{""tier"":2,""winners"":5,""prizeYen"":18160100},{""tier"":3,""winners"":114,""prizeYen"":1115000},{""tier"":4,""winners"":6213,""prizeYen"":12000},{""tier"":5,""winners"":107193,""prizeYen"":1700},{""tier"":6,""winners"":203328,""prizeYen"":1100}]"
"loto7","476","2022-06-24","4 7 9 15 22 24 31","21 37","","1404246345","[{""tier"":1,""winners"":1,""prizeYen"":1000000000},{""tier"":2,""winners"":10,""prizeYen"":9773300},{""tier"":3,""winners"":244,""prizeYen"":560700},{""tier"":4,""winners"":10292,""prizeYen"":7700},{""tier"":5,""winners"":152643,""prizeYen"":1200},{""tier"":6,""winners"":230108,""prizeYen"":1000}]"
"loto7","477","2022-07-01","2 5 9 19 25 32 37","7 29","","1933822255","[{""tier"":1,""winners"":0,""prizeYen"":0},{""tier"":2,""winners"":12,""prizeYen"":7454500},{""tier"":3,""winners"":157,""prizeYen"":797600},{""tier"":4,""winners"":7914,""prizeYen"":9200},{""tier"":5,""winners"":120998,""prizeYen"":1500},{""tier"":6,""winners"":221337,""prizeYen"":1000}]"
"loto7","478","2022-07-08","6 8 11 13 16 20 32","12 34","","2525811230","[{""tier"":1,""winners"":0,""prizeYen"":0},{""tier"":2,""winners"":12,""prizeYen"":7921900},{""tier"":3,""winners"":156,""prizeYen"":853100},{""tier"":4,""winners"":7836,""prizeYen"":9900},{""tier"":5,""winners"":130318,""prizeYen"":1400},{""tier"":6,""winners"":216219,""prizeYen"":1000}]"
"loto7","479","2022-07-15","8 11 13 18 24 30 31","21 23","","2114492070","[{""tier"":1,""winners"":1,""prizeYen"":1000000000},{""tier"":2,""winners"":11,""prizeYen"":8936600},{""tier"":3,""winners"":219,""prizeYen"":628400},{""tier"":4,""winners"":9962,""prizeYen"":8100},{""tier"":5,""winners"":149706,""prizeYen"":1300},{""tier"":6,""winners"":240651,""prizeYen"":1000}]"
"loto7","480","2022-07-22","10 13 19 21 26 30 36","22 34","","2683003435","[{""tier"":1,""winners"":0,""prizeYen"":0},{""tier"":2,""winners"":9,""prizeYen"":10318300},{""tier"":3,""winners"":155,""prizeYen"":838700},{""tier"":4,""winners"":7296,""prizeYen"":10400},{""tier"":5,""winners"":119253,""prizeYen"":1500},{""tier"":6,""winners"":200243,""prizeYen"":1100}]"
"loto7","481","2022-07-29","1 10 13 14 16 25 27","5 21","","3264697670","[{""tier"":1,""winners"":0,""prizeYen"":0},{""tier"":2,""winners"":6,""prizeYen"":16151700},{""tier"":3,""winners"":118,""prizeYen"":1149700},{""tier"":4,""winners"":6897,""prizeYen"":11500},{""tier"":5,""winners"":118307,""prizeYen"":1600},{""tier"":6,""winners"":216994,""prizeYen"":1100}]"
"loto7","482","2022-08-05","2 5 14 15 17 19 36","8 34","","2892776345","[{""tier"":1,""winners"":1,""prizeYen"":1000000000},{""tier"":2,""winners"":9,""prizeYen"":11429800},{""tier"":3,""winners"":118,""prizeYen"":1220400},{""tier"":4,""winners"":7589,""prizeYen"":11100},{""tier"":5,""winners"":130819,""prizeYen"":1500},{""tier"":6,""winners"":247403,""prizeYen"":1000}]"
"loto7","483","2022-08-13","2 11 20 23 25 36 37","29 34","","2448680740","[{""tier"":1,""winners"":1,""prizeYen"":1000000000},{""tier"":2,""winners"":8,""prizeYen"":11551300},{""tier"":3,""winners"":129,""prizeYen"":1002800},{""tier"":4,""winners"":6841,""prizeYen"":11000},{""tier"":5,""winners"":111896,""prizeYen"":1600},{""tier"":6,""winners"":190202,""prizeYen"":1200}]"
"loto7","484","2022-08-19","1 4 6 9 13 22 31","29 30","","1016148635","[{""tier"":1,""winners"":2,""prizeYen"":1000000000},{""tier"":2,""winners"":13,""prizeYen"":7291500},{""tier"":3,""winners"":229,""prizeYen"":579400},{""tier"":4,""winners"":9708,""prizeYen"":8000},{""tier"":5,""winners"":143522,""prizeYen"":1300},{""tier"":6,""winners"":233469,""prizeYen"":1000}]"
"loto7","485","2022-08-26","4 6 17 20 22 24 26","8 9","","1563657040","[{""tier"":1,""winners"":0,""prizeYen"":0},{""tier"":2,""winners"":21,""prizeYen"":4232800},{""tier"":3,""winners"":154,""prizeYen"":808000},{""tier"":4,""winners"":7126,""prizeYen"":10200},{""tier"":5,""winners"":113588,""prizeYen"":1500},{""tier"":6,""winners"":231428,""prizeYen"":900}]"
"loto7","486","2022-09-02","8 13 15 23 24 31 35","14 19","","104712900","[{""tier"":1,""winners"":2,""prizeYen"":1000000000},{""tier"":2,""winners"":13,""prizeYen"":7019100},{""tier"":3,""winners"":243,""prizeYen"":525700},{""tier"":4,""winners"":10476,""prizeYen"":7100},{""tier"":5,""winners"":153072,""prizeYen"":1200},{""tier"":6,""winners"":226244,""prizeYen"":1000}]"
"loto7","487","2022-09-09","9 10 13 15 26 34 37","22 36","","0","[{""tier"":1,""winners"":1,""prizeYen"":552858100},{""tier"":2,""winners"":12,""prizeYen"":6097800},{""tier"":3,""winners"":154,""prizeYen"":665200},{""tier"":4,""winners"":7044,""prizeYen"":8500},{""tier"":5,""winners"":104051,""prizeYen"":1400},{""tier"":6,""winners"":168573,""prizeYen"":1000}]"
"loto7","488","2022-09-16","3 13 16 18 19 20 35","2 11","","0","[{""tier"":1,""winners"":1,""prizeYen"":383488500},{""tier"":2,""winners"":4,""prizeYen"":15564800},{""tier"":3,""winners"":75,""prizeYen"":1162100},{""tier"":4,""winners"":4222,""prizeYen"":12100},{""tier"":5,""winners"":70925,""prizeYen"":1700},{""tier"":6,""winners"":131335,""prizeYen"":1100}]"
"loto7","489","2022-09-23","3 6 7 15 25 29 31","8 14","","0","[{""tier"":1,""winners"":1,""prizeYen"":354131100},{""tier"":2,""winners"":12,""prizeYen"":4843000},{""tier"":3,""winners"":109,""prizeYen"":746400},{""tier"":4,""winners"":5679,""prizeYen"":8400},{""tier"":5,""winners"":86726,""prizeYen"":1300},{""tier"":6,""winners"":153879,""prizeYen"":900}]"
"loto7","490","2022-09-30","12 14 18 21 23 29 37","7 15","","363773865","[{""tier"":1,""winners"":0,""prizeYen"":0},{""tier"":2,""winners"":4,""prizeYen"":14892600},{""tier"":3,""winners"":95,""prizeYen"":877800},{""tier"":4,""winners"":4529,""prizeYen"":10800},{""tier"":5,""winners"":73211,""prizeYen"":1600},{""tier"":6,""winners"":139579,""prizeYen"":1000}]"
"loto7","491","2022-10-07","3 14 17 21 22 32 35","6 30","","0","[{""tier"":1,""winners"":1,""prizeYen"":773648000},{""tier"":2,""winners"":5,""prizeYen"":13627400},{""tier"":3,""winners"":122,""prizeYen"":781800},{""tier"":4,""winners"":5856,""prizeYen"":9500},{""tier"":5,""winners"":88701,""prizeYen"":1500},{""tier"":6,""winners"":151919,""prizeYen"":1100}]"
"loto7","492","2022-10-14","7 10 12 15 23 31 37","9 18","","0","[{""tier"":1,""winners"":1,""prizeYen"":366686800},{""tier"":2,""winners"":9,""prizeYen"":6535600},{""tier"":3,""winners"":161,""prizeYen"":511400},{""tier"":4,""winners"":6354,""prizeYen"":7600},{""tier"":5,""winners"":92253,""prizeYen"":1200},{""tier"":6,""winners"":150333,""prizeYen"":900}]"
"loto7","493","2022-10-21","5 13 14 20 21 25 31","9 36","","362128220","[{""tier"":1,""winners"":0,""prizeYen"":0},{""tier"":2,""winners"":6,""prizeYen"":9748200},{""tier"":3,""winners"":79,""prizeYen"":1036500},{""tier"":4,""winners"":4497,""prizeYen"":10600},{""tier"":5,""winners"":75308,""prizeYen"":1500},{""tier"":6,""winners"":134491,""prizeYen"":1000}]"
"loto7","494","2022-10-28","7 9 12 22 28 29 32","17 19","","0","[{""tier"":1,""winners"":2,""prizeYen"":395981700},{""tier"":2,""winners"":12,""prizeYen"":5907500},{""tier"":3,""winners"":114,""prizeYen"":870500},{""tier"":4,""winners"":6941,""prizeYen"":8300},{""tier"":5,""winners"":102791,""prizeYen"":1300},{""tier"":6,""winners"":175537,""prizeYen"":1000}]"
"loto7","495","2022-11-04","2 16 19 20 22 33 36","6 32","","364184980","[{""tier"":1,""winners"":0,""prizeYen"":0},{""tier"":2,""winners"":8,""prizeYen"":7412400},{""tier"":3,""winners"":91,""prizeYen"":912200},{""tier"":4,""winners"":4588,""prizeYen"":10600},{""tier"":5,""winners"":72963,""prizeYen"":1600},{""tier"":6,""winners"":124363,""prizeYen"":1100}]"
"loto7","496","2022-11-11","5 8 15 18 25 27 36","10 26","","0","[{""tier"":1,""winners"":2,""prizeYen"":405019800},{""tier"":2,""winners"":11,""prizeYen"":6668400},{""tier"":3,""winners"":167,""prizeYen"":614900},{""tier"":4,""winners"":7528,""prizeYen"":8000},{""tier"":5,""winners"":109915,""prizeYen"":1300},{""tier"":6,""winners"":175299,""prizeYen"":1000}]"
"loto7","497","2022-11-18","18 20 24 26 27 30 33","17 19","","353930960","[{""tier"":1,""winners"":0,""prizeYen"":0},{""tier"":2,""winners"":5,""prizeYen"":11694000},{""tier"":3,""winners"":66,""prizeYen"":1240200},{""tier"":4,""winners"":3980,""prizeYen"":12000},{""tier"":5,""winners"":69262,""prizeYen"":1700},{""tier"":6,""winners"":125092,""prizeYen"":1100}]"
"loto7","498","2022-11-25","6 8 12 20 21 24 29","4 18","","790251330","[{""tier"":1,""winners"":0,""prizeYen"":0},{""tier"":2,""winners"":10,""prizeYen"":7047300},{""tier"":3,""winners"":129,""prizeYen"":764800},{""tier"":4,""winners"":6769,""prizeYen"":8500},{""tier"":5,""winners"":99491,""prizeYen"":1400},{""tier"":6,""winners"":176414,""prizeYen"":900}]"
"loto7","499","2022-12-02","5 9 14 18 27 32 34","6 12","","1258068270","[{""tier"":1,""winners"":0,""prizeYen"":0},{""tier"":2,""winners"":16,""prizeYen"":4829400},{""tier"":3,""winners"":221,""prizeYen"":489400},{""tier"":4,""winners"":8096,""prizeYen"":7800},{""tier"":5,""winners"":111022,""prizeYen"":1400},{""tier"":6,""winners"":181916,""prizeYen"":1000}]"
"loto7","500","2022-12-09","17 18 24 30 31 32 35","6 36","","1774703030","[{""tier"":1,""winners"":0,""prizeYen"":0},{""tier"":2,""winners"":15,""prizeYen"":5579300},{""tier"":3,""winners"":152,""prizeYen"":770800},{""tier"":4,""winners"":6824,""prizeYen"":10000},{""tier"":5,""winners"":110163,""prizeYen"":1500},{""tier"":6,""winners"":190311,""prizeYen"":1000}]"
"loto7","501","2022-12-16","1 2 4 7 12 14 31","30 33","","1348731375","[{""tier"":1,""winners"":1,""prizeYen"":1000000000},{""tier"":2,""winners"":6,""prizeYen"":15919600},{""tier"":3,""winners"":218,""prizeYen"":613400},{""tier"":4,""winners"":9286,""prizeYen"":8400},{""tier"":5,""winners"":141492,""prizeYen"":1300},{""tier"":6,""winners"":215790,""prizeYen"":1100}]"
"loto7","502","2022-12-23","1 2 12 17 21 22 33","4 30","","1913011705","[{""tier"":1,""winners"":0,""prizeYen"":0},{""tier"":2,""winners"":3,""prizeYen"":30444100},{""tier"":3,""winners"":150,""prizeYen"":852400},{""tier"":4,""winners"":7626,""prizeYen"":9800},{""tier"":5,""winners"":119205,""prizeYen"":1500},{""tier"":6,""winners"":208484,""prizeYen"":1000}]"
"loto7","503","2022-12-30","5 7 8 13 23 26 33","31 37","","2536777440","[{""tier"":1,""winners"":0,""prizeYen"":0},{""tier"":2,""winners"":18,""prizeYen"":5592500},{""tier"":3,""winners"":208,""prizeYen"":677500},{""tier"":4,""winners"":10395,""prizeYen"":7900},{""tier"":5,""winners"":161047,""prizeYen"":1200},{""tier"":6,""winners"":257833,""prizeYen"":900}]"
"loto7","504","2023-01-06","1 3 4 5 6 29 31","11 14","","2118551250","[{""tier"":1,""winners"":1,""prizeYen"":1000000000},{""tier"":2,""winners"":13,""prizeYen"":7371600},{""tier"":3,""winners"":217,""prizeYen"":618200},{""tier"":4,""winners"":11701,""prizeYen"":6700},{""tier"":5,""winners"":141326,""prizeYen"":1300},{""tier"":6,""winners"":258873,""prizeYen"":900}]"
"loto7","505","2023-01-13","9 10 12 15 16 28 36","1 23","","2705376860","[{""tier"":1,""winners"":0,""prizeYen"":0},{""tier"":2,""winners"":12,""prizeYen"":8258600},{""tier"":3,""winners"":275,""prizeYen"":504500},{""tier"":4,""winners"":11204,""prizeYen"":7200},{""tier"":5,""winners"":154200,""prizeYen"":1300},{""tier"":6,""winners"":245688,""prizeYen"":1000}]"
"loto7","506","2023-01-20","8 14 19 22 29 31 37","3 21","","1323589725","[{""tier"":1,""winners"":2,""prizeYen"":1000000000},{""tier"":2,""winners"":12,""prizeYen"":8445600},{""tier"":3,""winners"":222,""prizeYen"":639100},{""tier"":4,""winners"":10164,""prizeYen"":8100},{""tier"":5,""winners"":147222,""prizeYen"":1300},{""tier"":6,""winners"":246924,""prizeYen"":1000}]"
"loto7","507","2023-01-27","4 19 25 26 30 32 36","1 15","","846306770","[{""tier"":1,""winners"":1,""prizeYen"":1000000000},{""tier"":2,""winners"":7,""prizeYen"":12331700},{""tier"":3,""winners"":138,""prizeYen"":875700},{""tier"":4,""winners"":6430,""prizeYen"":11000},{""tier"":5,""winners"":108277,""prizeYen"":1600},{""tier"":6,""winners"":184832,""prizeYen"":1100}]"
"loto7","508","2023-02-03","1 5 6 9 16 26 31","25 33","","363778090","[{""tier"":1,""winners"":1,""prizeYen"":1000000000},{""tier"":2,""winners"":7,""prizeYen"":11909300},{""tier"":3,""winners"":179,""prizeYen"":652000},{""tier"":4,""winners"":8638,""prizeYen"":7900},{""tier"":5,""winners"":121633,""prizeYen"":1300},{""tier"":6,""winners"":192948,""prizeYen"":1000}]"
"loto7","509","2023-02-10","10 14 22 26 27 32 33","20 37","","797065930","[{""tier"":1,""winners"":0,""prizeYen"":0},{""tier"":2,""winners"":3,""prizeYen"":23900300},{""tier"":3,""winners"":105,""prizeYen"":955900},{""tier"":4,""winners"":5911,""prizeYen"":9900},{""tier"":5,""winners"":92429,""prizeYen"":1500},{""tier"":6,""winners"":146055,""prizeYen"":1200}]"
"loto7","510","2023-02-17","3 5 9 11 17 33 37","4 22","","1284408195","[{""tier"":1,""winners"":0,""prizeYen"":0},{""tier"":2,""winners"":9,""prizeYen"":8723400},{""tier"":3,""winners"":200,""prizeYen"":549500},{""tier"":4,""winners"":8931,""prizeYen"":7200},{""tier"":5,""winners"":123907,""prizeYen"":1200},{""tier"":6,""winners"":202126,""prizeYen"":900}]"
"loto7","511","2023-02-24","1 9 14 24 28 36 37","16 31","","1776990695","[{""tier"":1,""winners"":0,""prizeYen"":0},{""tier"":2,""winners"":7,""prizeYen"":11814000},{""tier"":3,""winners"":129,""prizeYen"":897400},{""tier"":4,""winners"":6226,""prizeYen"":10900},{""tier"":5,""winners"":103546,""prizeYen"":1600},{""tier"":6,""winners"":184705,""prizeYen"":1100}]"
"loto7","512","2023-03-03","5 7 17 22 25 26 28","3 23","","1304641875","[{""tier"":1,""winners"":1,""prizeYen"":1000000000},{""tier"":2,""winners"":12,""prizeYen"":7355400},{""tier"":3,""winners"":131,""prizeYen"":943200},{""tier"":4,""winners"":7212,""prizeYen"":10000},{""tier"":5,""winners"":123047,""prizeYen"":1400},{""tier"":6,""winners"":219819,""prizeYen"":1000}]"
"loto7","513","2023-03-10","1 4 10 13 15 19 37","16 20","","1793659590","[{""tier"":1,""winners"":0,""prizeYen"":0},{""tier"":2,""winners"":11,""prizeYen"":7467800},{""tier"":3,""winners"":138,""prizeYen"":833300},{""tier"":4,""winners"":7276,""prizeYen"":9200},{""tier"":5,""winners"":108546,""prizeYen"":1500},{""tier"":6,""winners"":170255,""prizeYen"":1200}]"
"loto7","514","2023-03-17","1 5 10 17 20 27 37","3 22","","1306911980","[{""tier"":1,""winners"":1,""prizeYen"":1000000000},{""tier"":2,""winners"":9,""prizeYen"":9414800},{""tier"":3,""winners"":184,""prizeYen"":644600},{""tier"":4,""winners"":8052,""prizeYen"":8600},{""tier"":5,""winners"":114858,""prizeYen"":1400},{""tier"":6,""winners"":208867,""prizeYen"":1000}]"
"loto7","515","2023-03-24","3 15 17 22 26 27 28","6 8","","1846022580","[{""tier"":1,""winners"":0,""prizeYen"":0},{""tier"":2,""winners"":15,""prizeYen"":5921900},{""tier"":3,""winners"":141,""prizeYen"":881900},{""tier"":4,""winners"":8542,""prizeYen"":8500},{""tier"":5,""winners"":129985,""prizeYen"":1300},{""tier"":6,""winners"":241648,""prizeYen"":900}]"
"loto7","516","2023-03-31","7 12 15 16 18 25 36","9 19","","372374340","[{""tier"":1,""winners"":2,""prizeYen"":1000000000},{""tier"":2,""winners"":10,""prizeYen"":8722600},{""tier"":3,""winners"":136,""prizeYen"":897900},{""tier"":4,""winners"":8037,""prizeYen"":8900},{""tier"":5,""winners"":128293,""prizeYen"":1300},{""tier"":6,""winners"":215501,""prizeYen"":1000}]"
"loto7","517","2023-04-07","3 6 10 16 26 29 31","7 24","","813677235","[{""tier"":1,""winners"":0,""prizeYen"":0},{""tier"":2,""winners"":8,""prizeYen"":9170800},{""tier"":3,""winners"":147,""prizeYen"":698700},{""tier"":4,""winners"":6834,""prizeYen"":8800},{""tier"":5,""winners"":101882,""prizeYen"":1400},{""tier"":6,""winners"":180354,""prizeYen"":1000}]"
"loto7","518","2023-04-14","5 8 11 24 30 32 36","4 35","","305177955","[{""tier"":1,""winners"":1,""prizeYen"":1000000000},{""tier"":2,""winners"":9,""prizeYen"":8971200},{""tier"":3,""winners"":260,""prizeYen"":434700},{""tier"":4,""winners"":9685,""prizeYen"":6800},{""tier"":5,""winners"":133741,""prizeYen"":1200},{""tier"":6,""winners"":210513,""prizeYen"":900}]"
"loto7","519","2023-04-21","1 2 8 14 17 21 34","20 26","","743906085","[{""tier"":1,""winners"":0,""prizeYen"":0},{""tier"":2,""winners"":13,""prizeYen"":5643900},{""tier"":3,""winners"":122,""prizeYen"":841900},{""tier"":4,""winners"":6866,""prizeYen"":8700},{""tier"":5,""winners"":103914,""prizeYen"":1400},{""tier"":6,""winners"":164126,""prizeYen"":1100}]"
"loto7","520","2023-04-28","9 22 25 28 33 34 37","15 16","","232407180","[{""tier"":1,""winners"":1,""prizeYen"":1000000000},{""tier"":2,""winners"":22,""prizeYen"":3698400},{""tier"":3,""winners"":165,""prizeYen"":690300},{""tier"":4,""winners"":7403,""prizeYen"":9000},{""tier"":5,""winners"":112026,""prizeYen"":1400},{""tier"":6,""winners"":202352,""prizeYen"":1000}]"
"loto7","521","2023-05-05","21 24 25 27 30 33 36","3 31","","0","[{""tier"":1,""winners"":1,""prizeYen"":638520100},{""tier"":2,""winners"":8,""prizeYen"":8456400},{""tier"":3,""winners"":135,""prizeYen"":701500},{""tier"":4,""winners"":5258,""prizeYen"":10500},{""tier"":5,""winners"":80122,""prizeYen"":1700},{""tier"":6,""winners"":147891,""prizeYen"":1100}]"
"loto7","522","2023-05-12","1 10 12 19 22 25 37","2 34","","366464655","[{""tier"":1,""winners"":0,""prizeYen"":0},{""tier"":2,""winners"":10,""prizeYen"":6067800},{""tier"":3,""winners"":127,""prizeYen"":668800},{""tier"":4,""winners"":5525,""prizeYen"":9000},{""tier"":5,""winners"":83782,""prizeYen"":1400},{""tier"":6,""winners"":134880,""prizeYen"":1100}]"
"loto7","523","2023-05-19","3 17 19 27 28 32 35","2 34","","776983410","[{""tier"":1,""winners"":0,""prizeYen"":0},{""tier"":2,""winners"":6,""prizeYen"":11262000},{""tier"":3,""winners"":127,""prizeYen"":744800},{""tier"":4,""winners"":6025,""prizeYen"":9200},{""tier"":5,""winners"":94864,""prizeYen"":1400},{""tier"":6,""winners"":145968,""prizeYen"":1100}]"
"loto7","524","2023-05-26","4 17 22 27 29 31 34","3 37","","238111585","[{""tier"":1,""winners"":1,""prizeYen"":1000000000},{""tier"":2,""winners"":11,""prizeYen"":6798900},{""tier"":3,""winners"":140,""prizeYen"":747800},{""tier"":4,""winners"":7028,""prizeYen"":8700},{""tier"":5,""winners"":106455,""prizeYen"":1400},{""tier"":6,""winners"":187891,""prizeYen"":900}]"
"loto7","525","2023-06-02","11 14 17 18 21 25 31","1 27","","650728380","[{""tier"":1,""winners"":0,""prizeYen"":0},{""tier"":2,""winners"":7,""prizeYen"":9544900},{""tier"":3,""winners"":94,""prizeYen"":995000},{""tier"":4,""winners"":5118,""prizeYen"":10700},{""tier"":5,""winners"":85778,""prizeYen"":1500},{""tier"":6,""winners"":154759,""prizeYen"":1000}]"
"loto7","526","2023-06-09","4 13 17 19 20 26 29","2 28","","1095600170","[{""tier"":1,""winners"":0,""prizeYen"":0},{""tier"":2,""winners"":10,""prizeYen"":7403300},{""tier"":3,""winners"":115,""prizeYen"":901200},{""tier"":4,""winners"":5873,""prizeYen"":10300},{""tier"":5,""winners"":96844,""prizeYen"":1500},{""tier"":6,""winners"":164817,""prizeYen"":1100}]"
"loto7","527","2023-06-16","4 8 12 25 27 32 34","15 17","","1589401330","[{""tier"":1,""winners"":0,""prizeYen"":0},{""tier"":2,""winners"":20,""prizeYen"":3983900},{""tier"":3,""winners"":188,""prizeYen"":593300},{""tier"":4,""winners"":7580,""prizeYen"":8600},{""tier"":5,""winners"":116209,""prizeYen"":1300},{""tier"":6,""winners"":205886,""prizeYen"":900}]"
"loto7","528","2023-06-23","5 7 10 19 30 32 33","1 17","","1101315455","[{""tier"":1,""winners"":1,""prizeYen"":1000000000},{""tier"":2,""winners"":12,""prizeYen"":7076600},{""tier"":3,""winners"":147,""prizeYen"":808700},{""tier"":4,""winners"":6753,""prizeYen"":10300},{""tier"":5,""winners"":113489,""prizeYen"":1500},{""tier"":6,""winners"":202552,""prizeYen"":1000}]"
"loto7","529","2023-06-30","7 9 13 14 22 26 29","10 21","","1593884710","[{""tier"":1,""winners"":0,""prizeYen"":0},{""tier"":2,""winners"":6,""prizeYen"":13577000},{""tier"":3,""winners"":195,""prizeYen"":584800},{""tier"":4,""winners"":8405,""prizeYen"":7900},{""tier"":5,""winners"":124745,""prizeYen"":1300},{""tier"":6,""winners"":194268,""prizeYen"":1000}]"
"loto7","530","2023-07-07","1 11 13 28 29 30 34","23 27","","119381960","[{""tier"":1,""winners"":2,""prizeYen"":1000000000},{""tier"":2,""winners"":9,""prizeYen"":9457200},{""tier"":3,""winners"":114,""prizeYen"":1046300},{""tier"":4,""winners"":6398,""prizeYen"":10900},{""tier"":5,""winners"":105288,""prizeYen"":1600},{""tier"":6,""winners"":193759,""prizeYen"":1000}]"
"loto7","531","2023-07-14","4 6 9 11 14 28 30","10 12","","527312195","[{""tier"":1,""winners"":0,""prizeYen"":0},{""tier"":2,""winners"":15,""prizeYen"":4506500},{""tier"":3,""winners"":188,""prizeYen"":503300},{""tier"":4,""winners"":7243,""prizeYen"":7600},{""tier"":5,""winners"":102958,""prizeYen"":1300},{""tier"":6,""winners"":180894,""prizeYen"":900}]"
"loto7","532","2023-07-21","4 9 13 18 26 28 36","8 16","","0","[{""tier"":1,""winners"":3,""prizeYen"":321126500},{""tier"":2,""winners"":10,""prizeYen"":7103000},{""tier"":3,""winners"":154,""prizeYen"":645700},{""tier"":4,""winners"":7151,""prizeYen"":8100},{""tier"":5,""winners"":103172,""prizeYen"":1300},{""tier"":6,""winners"":170061,""prizeYen"":1000}]"
"loto7","533","2023-07-28","2 4 9 11 14 25 37","29 32","","353679775","[{""tier"":1,""winners"":0,""prizeYen"":0},{""tier"":2,""winners"":7,""prizeYen"":8311900},{""tier"":3,""winners"":126,""prizeYen"":646400},{""tier"":4,""winners"":5849,""prizeYen"":8100},{""tier"":5,""winners"":87880,""prizeYen"":1300},{""tier"":6,""winners"":138522,""prizeYen"":1000}]"
"loto7","534","2023-08-04","10 17 18 19 20 24 25","30 32","","798902130","[{""tier"":1,""winners"":0,""prizeYen"":0},{""tier"":2,""winners"":20,""prizeYen"":3650500},{""tier"":3,""winners"":94,""prizeYen"":1087300},{""tier"":4,""winners"":5334,""prizeYen"":11200},{""tier"":5,""winners"":87257,""prizeYen"":1600},{""tier"":6,""winners"":159883,""prizeYen"":1100}]"
"loto7","535","2023-08-11","5 11 12 19 29 32 36","9 26","","1240705000","[{""tier"":1,""winners"":0,""prizeYen"":0},{""tier"":2,""winners"":12,""prizeYen"":6008000},{""tier"":3,""winners"":145,""prizeYen"":696000},{""tier"":4,""winners"":6372,""prizeYen"":9200},{""tier"":5,""winners"":101038,""prizeYen"":1400},{""tier"":6,""winners"":186976,""prizeYen"":900}]"
"loto7","536","2023-08-18","8 12 16 17 22 28 34","9 37","","734146400","[{""tier"":1,""winners"":1,""prizeYen"":1000000000},{""tier"":2,""winners"":14,""prizeYen"":5789500},{""tier"":3,""winners"":263,""prizeYen"":431400},{""tier"":4,""winners"":7787,""prizeYen"":8500},{""tier"":5,""winners"":118669,""prizeYen"":1300},{""tier"":6,""winners"":196925,""prizeYen"":1000}]"
"loto7","537","2023-08-25","2 3 9 13 14 35 37","4 17","","0","[{""tier"":1,""winners"":2,""prizeYen"":591245200},{""tier"":2,""winners"":10,""prizeYen"":7528900},{""tier"":3,""winners"":118,""prizeYen"":893200},{""tier"":4,""winners"":5834,""prizeYen"":10500},{""tier"":5,""winners"":101012,""prizeYen"":1500},{""tier"":6,""winners"":184920,""prizeYen"":1000}]"
"loto7","538","2023-09-01","1 2 11 12 16 25 28","6 22","","365023765","[{""tier"":1,""winners"":0,""prizeYen"":0},{""tier"":2,""winners"":14,""prizeYen"":4363900},{""tier"":3,""winners"":137,""prizeYen"":624300},{""tier"":4,""winners"":6204,""prizeYen"":8000},{""tier"":5,""winners"":91770,""prizeYen"":1300},{""tier"":6,""winners"":152580,""prizeYen"":1000}]"
"loto7","539","2023-09-08","4 6 8 18 20 27 35","24 26","","788274925","[{""tier"":1,""winners"":0,""prizeYen"":0},{""tier"":2,""winners"":11,""prizeYen"":6340000},{""tier"":3,""winners"":130,""prizeYen"":751000},{""tier"":4,""winners"":6110,""prizeYen"":9300},{""tier"":5,""winners"":95689,""prizeYen"":1400},{""tier"":6,""winners"":169636,""prizeYen"":1000}]"
"loto7","540","2023-09-15","3 7 10 18 19 28 36","13 26","","253416760","[{""tier"":1,""winners"":1,""prizeYen"":1000000000},{""tier"":2,""winners"":8,""prizeYen"":9351500},{""tier"":3,""winners"":208,""prizeYen"":503500},{""tier"":4,""winners"":8111,""prizeYen"":7500},{""tier"":5,""winners"":118372,""prizeYen"":1200},{""tier"":6,""winners"":191843,""prizeYen"":900}]"
"loto7","541","2023-09-22","6 14 23 25 27 28 34","19 37","","0","[{""tier"":1,""winners"":3,""prizeYen"":214363900},{""tier"":2,""winners"":5,""prizeYen"":13141400},{""tier"":3,""winners"":118,""prizeYen"":779500},{""tier"":4,""winners"":5478,""prizeYen"":9800},{""tier"":5,""winners"":87354,""prizeYen"":1500},{""tier"":6,""winners"":149062,""prizeYen"":1100}]"
"loto7","542","2023-09-29","2 9 26 31 33 35 36","15 20","","355270600","[{""tier"":1,""winners"":0,""prizeYen"":0},{""tier"":2,""winners"":6,""prizeYen"":9690100},{""tier"":3,""winners"":57,""prizeYen"":1427900},{""tier"":4,""winners"":3951,""prizeYen"":12000},{""tier"":5,""winners"":71166,""prizeYen"":1600},{""tier"":6,""winners"":136784,""prizeYen"":1000}]"
"loto7","543","2023-10-06","2 11 13 18 23 24 36","17 26","","779041445","[{""tier"":1,""winners"":0,""prizeYen"":0},{""tier"":2,""winners"":6,""prizeYen"":11490200},{""tier"":3,""winners"":128,""prizeYen"":754000},{""tier"":4,""winners"":6228,""prizeYen"":9000},{""tier"":5,""winners"":96296,""prizeYen"":1400},{""tier"":6,""winners"":160064,""prizeYen"":1000}]"
"loto7","544","2023-10-13","10 11 18 21 22 29 34","4 32","","1226494485","[{""tier"":1,""winners"":0,""prizeYen"":0},{""tier"":2,""winners"":10,""prizeYen"":7362700},{""tier"":3,""winners"":127,""prizeYen"":811600},{""tier"":4,""winners"":6507,""prizeYen"":9200},{""tier"":5,""winners"":101005,""prizeYen"":1400},{""tier"":6,""winners"":178633,""prizeYen"":1000}]"
"loto7","545","2023-10-20","3 12 16 17 27 30 34","15 37","","1727480875","[{""tier"":1,""winners"":0,""prizeYen"":0},{""tier"":2,""winners"":14,""prizeYen"":5862500},{""tier"":3,""winners"":162,""prizeYen"":709200},{""tier"":4,""winners"":7548,""prizeYen"":8900},{""tier"":5,""winners"":115393,""prizeYen"":1400},{""tier"":6,""winners"":192578,""prizeYen"":1000}]"
"loto7","546","2023-10-27","7 14 17 28 33 35 36","13 27","","1257626450","[{""tier"":1,""winners"":1,""prizeYen"":1000000000},{""tier"":2,""winners"":24,""prizeYen"":3629800},{""tier"":3,""winners"":216,""prizeYen"":564600},{""tier"":4,""winners"":9142,""prizeYen"":7800},{""tier"":5,""winners"":130819,""prizeYen"":1300},{""tier"":6,""winners"":230481,""prizeYen"":900}]"
"loto7","547","2023-11-03","4 11 14 18 23 25 29","17 32","","0","[{""tier"":1,""winners"":2,""prizeYen"":875502100},{""tier"":2,""winners"":20,""prizeYen"":3981200},{""tier"":3,""winners"":145,""prizeYen"":768700},{""tier"":4,""winners"":8399,""prizeYen"":7700},{""tier"":5,""winners"":124447,""prizeYen"":1200},{""tier"":6,""winners"":208190,""prizeYen"":900}]"
"loto7","548","2023-11-10","1 13 16 17 18 25 30","20 34","","359358250","[{""tier"":1,""winners"":0,""prizeYen"":0},{""tier"":2,""winners"":2,""prizeYen"":30060800},{""tier"":3,""winners"":85,""prizeYen"":990200},{""tier"":4,""winners"":4195,""prizeYen"":11700},{""tier"":5,""winners"":74141,""prizeYen"":1600},{""tier"":6,""winners"":123770,""prizeYen"":1200}]"
"loto7","549","2023-11-17","13 19 20 28 33 34 35","4 32","","0","[{""tier"":1,""winners"":1,""prizeYen"":780388600},{""tier"":2,""winners"":7,""prizeYen"":9876200},{""tier"":3,""winners"":81,""prizeYen"":1194800},{""tier"":4,""winners"":4913,""prizeYen"":11500},{""tier"":5,""winners"":83442,""prizeYen"":1600},{""tier"":6,""winners"":150753,""prizeYen"":1100}]"
"loto7","550","2023-11-24","7 8 13 22 24 29 30","10 35","","0","[{""tier"":1,""winners"":1,""prizeYen"":355939600},{""tier"":2,""winners"":6,""prizeYen"":9698900},{""tier"":3,""winners"":107,""prizeYen"":761300},{""tier"":4,""winners"":5318,""prizeYen"":8900},{""tier"":5,""winners"":85450,""prizeYen"":1300},{""tier"":6,""winners"":139581,""prizeYen"":1000}]"
"loto7","551","2023-12-01","15 16 17 22 29 32 37","23 24","","0","[{""tier"":1,""winners"":1,""prizeYen"":360740200},{""tier"":2,""winners"":14,""prizeYen"":4153100},{""tier"":3,""winners"":98,""prizeYen"":830600},{""tier"":4,""winners"":4376,""prizeYen"":10900},{""tier"":5,""winners"":74056,""prizeYen"":1500},{""tier"":6,""winners"":133852,""prizeYen"":1000}]"
"loto7","552","2023-12-08","7 11 12 16 18 33 34","1 14","","0","[{""tier"":1,""winners"":1,""prizeYen"":366833400},{""tier"":2,""winners"":6,""prizeYen"":9987700},{""tier"":3,""winners"":91,""prizeYen"":921900},{""tier"":4,""winners"":5089,""prizeYen"":9600},{""tier"":5,""winners"":84631,""prizeYen"":1400},{""tier"":6,""winners"":139227,""prizeYen"":1000}]"
"loto7","553","2023-12-15","2 6 13 15 16 20 33","9 28","","356888310","[{""tier"":1,""winners"":0,""prizeYen"":0},{""tier"":2,""winners"":6,""prizeYen"":9757600},{""tier"":3,""winners"":110,""prizeYen"":745100},{""tier"":4,""winners"":4101,""prizeYen"":11700},{""tier"":5,""winners"":68147,""prizeYen"":1700},{""tier"":6,""winners"":137167,""prizeYen"":1000}]"
"loto7","554","2023-12-22","4 10 15 17 29 32 36","13 30","","0","[{""tier"":1,""winners"":1,""prizeYen"":792744800},{""tier"":2,""winners"":12,""prizeYen"":6025600},{""tier"":3,""winners"":191,""prizeYen"":529900},{""tier"":4,""winners"":7069,""prizeYen"":8400},{""tier"":5,""winners"":103729,""prizeYen"":1400},{""tier"":6,""winners"":172086,""prizeYen"":1000}]"
"loto7","555","2023-12-29","9 12 17 19 26 32 34","11 22","","377317740","[{""tier"":1,""winners"":0,""prizeYen"":0},{""tier"":2,""winners"":8,""prizeYen"":7828000},{""tier"":3,""winners"":108,""prizeYen"":811700},{""tier"":4,""winners"":5749,""prizeYen"":8900},{""tier"":5,""winners"":87701,""prizeYen"":1400},{""tier"":6,""winners"":152455,""prizeYen"":1000}]"
"loto7","556","2024-01-05","17 20 26 28 29 33 35","1 6","","732601355","[{""tier"":1,""winners"":0,""prizeYen"":0},{""tier"":2,""winners"":4,""prizeYen"":14527600},{""tier"":3,""winners"":84,""prizeYen"":968400},{""tier"":4,""winners"":4436,""prizeYen"":10700},{""tier"":5,""winners"":72365,""prizeYen"":1600},{""tier"":6,""winners"":122241,""prizeYen"":1100}]"
"loto7","557","2024-01-12","3 5 7 10 17 18 35","2 21","","171654495","[{""tier"":1,""winners"":1,""prizeYen"":1000000000},{""tier"":2,""winners"":14,""prizeYen"":5228100},{""tier"":3,""winners"":146,""prizeYen"":701800},{""tier"":4,""winners"":6976,""prizeYen"":8600},{""tier"":5,""winners"":110129,""prizeYen"":1300},{""tier"":6,""winners"":180274,""prizeYen"":1000}]"
"loto7","558","2024-01-19","15 20 21 22 23 26 34","6 10","","578024470","[{""tier"":1,""winners"":0,""prizeYen"":0},{""tier"":2,""winners"":7,""prizeYen"":9408900},{""tier"":3,""winners"":86,""prizeYen"":1072100},{""tier"":4,""winners"":4835,""prizeYen"":11100},{""tier"":5,""winners"":80066,""prizeYen"":1600},{""tier"":6,""winners"":138145,""prizeYen"":1100}]"
"loto7","559","2024-01-26","3 4 10 13 15 18 22","2 16","","1015997335","[{""tier"":1,""winners"":0,""prizeYen"":0},{""tier"":2,""winners"":13,""prizeYen"":5473800},{""tier"":3,""winners"":134,""prizeYen"":743400},{""tier"":4,""winners"":6251,""prizeYen"":9300},{""tier"":5,""winners"":100486,""prizeYen"":1400},{""tier"":6,""winners"":162847,""prizeYen"":1000}]"
"loto7","560","2024-02-02","3 20 29 32 33 34 35","2 24","","1514273370","[{""tier"":1,""winners"":0,""prizeYen"":0},{""tier"":2,""winners"":8,""prizeYen"":10266300},{""tier"":3,""winners"":148,""prizeYen"":776800},{""tier"":4,""winners"":6031,""prizeYen"":11100},{""tier"":5,""winners"":98805,""prizeYen"":1600},{""tier"":6,""winners"":166341,""prizeYen"":1200}]"
"loto7","561","2024-02-09","6 8 19 20 27 32 37","13 33","","1035102155","[{""tier"":1,""winners"":1,""prizeYen"":1000000000},{""tier"":2,""winners"":8,""prizeYen"":10820000},{""tier"":3,""winners"":127,""prizeYen"":954100},{""tier"":4,""winners"":6394,""prizeYen"":11100},{""tier"":5,""winners"":108253,""prizeYen"":1600},{""tier"":6,""winners"":188802,""prizeYen"":1100}]"
"loto7","562","2024-02-16","2 14 15 20 28 30 34","3 4","","1524980265","[{""tier"":1,""winners"":0,""prizeYen"":0},{""tier"":2,""winners"":11,""prizeYen"":7384100},{""tier"":3,""winners"":120,""prizeYen"":947600},{""tier"":4,""winners"":5777,""prizeYen"":11500},{""tier"":5,""winners"":98816,""prizeYen"":1600},{""tier"":6,""winners"":180288,""prizeYen"":1100}]"
"loto7","563","2024-02-23","1 4 6 14 16 19 31","12 18","","2021090665","[{""tier"":1,""winners"":0,""prizeYen"":0},{""tier"":2,""winners"":8,""prizeYen"":10311600},{""tier"":3,""winners"":159,""prizeYen"":726300},{""tier"":4,""winners"":6606,""prizeYen"":10200},{""tier"":5,""winners"":105711,""prizeYen"":1500},{""tier"":6,""winners"":186298,""prizeYen"":1100}]"
"loto7","564","2024-03-01","9 13 15 18 22 24 30","6 27","","1599136785","[{""tier"":1,""winners"":1,""prizeYen"":1000000000},{""tier"":2,""winners"":24,""prizeYen"":3852600},{""tier"":3,""winners"":210,""prizeYen"":616400},{""tier"":4,""winners"":9438,""prizeYen"":8000},{""tier"":5,""winners"":145843,""prizeYen"":1200},{""tier"":6,""winners"":233839,""prizeYen"":900}]"
"loto7","565","2024-03-08","3 6 9 11 19 30 36","1 33","","106747050","[{""tier"":1,""winners"":2,""prizeYen"":1000000000},{""tier"":2,""winners"":35,""prizeYen"":2424200},{""tier"":3,""winners"":211,""prizeYen"":562900},{""tier"":4,""winners"":9469,""prizeYen"":7300},{""tier"":5,""winners"":130014,""prizeYen"":1300},{""tier"":6,""winners"":207730,""prizeYen"":1000}]"
"loto7","566","2024-03-15","3 5 18 25 28 35 37","7 8","","0","[{""tier"":1,""winners"":1,""prizeYen"":537618600},{""tier"":2,""winners"":8,""prizeYen"":8900300},{""tier"":3,""winners"":154,""prizeYen"":647200},{""tier"":4,""winners"":6517,""prizeYen"":8900},{""tier"":5,""winners"":96769,""prizeYen"":1400},{""tier"":6,""winners"":195295,""prizeYen"":900}]"
"loto7","567","2024-03-22","6 8 16 18 19 34 37","15 30","","349829715","[{""tier"":1,""winners"":0,""prizeYen"":0},{""tier"":2,""winners"":4,""prizeYen"":14460300},{""tier"":3,""winners"":93,""prizeYen"":870700},{""tier"":4,""winners"":4514,""prizeYen"":10500},{""tier"":5,""winners"":74726,""prizeYen"":1500},{""tier"":6,""winners"":127866,""prizeYen"":1100}]"
"loto7","568","2024-03-29","8 18 20 29 30 33 34","5 23","","762967010","[{""tier"":1,""winners"":0,""prizeYen"":0},{""tier"":2,""winners"":7,""prizeYen"":9873200},{""tier"":3,""winners"":131,""prizeYen"":738500},{""tier"":4,""winners"":5684,""prizeYen"":9900},{""tier"":5,""winners"":91484,""prizeYen"":1500},{""tier"":6,""winners"":154541,""prizeYen"":1100}]"
"loto7","569","2024-04-05","12 15 17 22 30 34 35","5 9","","1236414000","[{""tier"":1,""winners"":0,""prizeYen"":0},{""tier"":2,""winners"":10,""prizeYen"":7651000},{""tier"":3,""winners"":125,""prizeYen"":856900},{""tier"":4,""winners"":5759,""prizeYen"":10900},{""tier"":5,""winners"":99219,""prizeYen"":1500},{""tier"":6,""winners"":194120,""prizeYen"":900}]"
"loto7","570","2024-04-12","1 3 9 12 25 26 35","29 31","","0","[{""tier"":1,""winners"":2,""prizeYen"":869044700},{""tier"":2,""winners"":10,""prizeYen"":8201300},{""tier"":3,""winners"":271,""prizeYen"":423600},{""tier"":4,""winners"":7496,""prizeYen"":8900},{""tier"":5,""winners"":116111,""prizeYen"":1400},{""tier"":6,""winners"":190659,""prizeYen"":1000}]"
"loto7","571","2024-04-19","13 26 27 29 30 34 37","2 23","","355631760","[{""tier"":1,""winners"":0,""prizeYen"":0},{""tier"":2,""winners"":4,""prizeYen"":14767000},{""tier"":3,""winners"":90,""prizeYen"":918800},{""tier"":4,""winners"":4415,""prizeYen"":10900},{""tier"":5,""winners"":75152,""prizeYen"":1500},{""tier"":6,""winners"":122724,""prizeYen"":1200}]"
"loto7","572","2024-04-26","1 2 4 19 21 26 28","3 25","","768241650","[{""tier"":1,""winners"":0,""prizeYen"":0},{""tier"":2,""winners"":2,""prizeYen"":34481400},{""tier"":3,""winners"":99,""prizeYen"":975200},{""tier"":4,""winners"":5026,""prizeYen"":11200},{""tier"":5,""winners"":89528,""prizeYen"":1500},{""tier"":6,""winners"":156133,""prizeYen"":1100}]"
"loto7","573","2024-05-03","11 12 18 19 23 26 31","15 25","","1197840385","[{""tier"":1,""winners"":0,""prizeYen"":0},{""tier"":2,""winners"":5,""prizeYen"":14263100},{""tier"":3,""winners"":145,""prizeYen"":688500},{""tier"":4,""winners"":6395,""prizeYen"":9100},{""tier"":5,""winners"":100437,""prizeYen"":1400},{""tier"":6,""winners"":172979,""prizeYen"":1000}]"
"loto7","574","2024-05-10","4 5 13 16 22 23 35","36 37","","1669082515","[{""tier"":1,""winners"":0,""prizeYen"":0},{""tier"":2,""winners"":14,""prizeYen"":5613800},{""tier"":3,""winners"":143,""prizeYen"":769400},{""tier"":4,""winners"":6932,""prizeYen"":9300},{""tier"":5,""winners"":109148,""prizeYen"":1400},{""tier"":6,""winners"":176949,""prizeYen"":1100}]"
"loto7","575","2024-05-17","2 12 18 20 25 28 30","9 23","","2183545155","[{""tier"":1,""winners"":0,""prizeYen"":0},{""tier"":2,""winners"":13,""prizeYen"":6423800},{""tier"":3,""winners"":115,""prizeYen"":1016600},{""tier"":4,""winners"":6351,""prizeYen"":10800},{""tier"":5,""winners"":106422,""prizeYen"":1500},{""tier"":6,""winners"":195726,""prizeYen"":1000}]"
"loto7","576","2024-05-24","11 13 14 18 19 23 31","7 27","","2708086840","[{""tier"":1,""winners"":0,""prizeYen"":0},{""tier"":2,""winners"":12,""prizeYen"":7195900},{""tier"":3,""winners"":135,""prizeYen"":895400},{""tier"":4,""winners"":7859,""prizeYen"":9000},{""tier"":5,""winners"":120892,""prizeYen"":1400},{""tier"":6,""winners"":228683,""prizeYen"":900}]"
"loto7","577","2024-05-31","11 13 19 25 29 36 37","18 30","","2269144745","[{""tier"":1,""winners"":1,""prizeYen"":1000000000},{""tier"":2,""winners"":9,""prizeYen"":10372100},{""tier"":3,""winners"":170,""prizeYen"":768700},{""tier"":4,""winners"":7663,""prizeYen"":10000},{""tier"":5,""winners"":125128,""prizeYen"":1500},{""tier"":6,""winners"":223594,""prizeYen"":1000}]"
"loto7","578","2024-06-07","2 15 19 20 22 31 36","13 23","","2812746370","[{""tier"":1,""winners"":0,""prizeYen"":0},{""tier"":2,""winners"":13,""prizeYen"":6769900},{""tier"":3,""winners"":149,""prizeYen"":826900},{""tier"":4,""winners"":6696,""prizeYen"":10700},{""tier"":5,""winners"":107198,""prizeYen"":1600},{""tier"":6,""winners"":202202,""prizeYen"":1000}]"
"loto7","579","2024-06-14","7 19 23 33 34 35 36","5 10","","2373524405","[{""tier"":1,""winners"":1,""prizeYen"":1000000000},{""tier"":2,""winners"":11,""prizeYen"":8436500},{""tier"":3,""winners"":135,""prizeYen"":962300},{""tier"":4,""winners"":7206,""prizeYen"":10500},{""tier"":5,""winners"":123035,""prizeYen"":1500},{""tier"":6,""winners"":201669,""prizeYen"":1100}]"
"loto7","580","2024-06-21","4 13 14 15 17 27 33","2 11","","2908940140","[{""tier"":1,""winners"":0,""prizeYen"":0},{""tier"":2,""winners"":9,""prizeYen"":9826200},{""tier"":3,""winners"":156,""prizeYen"":793600},{""tier"":4,""winners"":7544,""prizeYen"":9600},{""tier"":5,""winners"":125163,""prizeYen"":1400},{""tier"":6,""winners"":210700,""prizeYen"":1000}]"
"loto7","581","2024-06-28","3 8 10 15 18 23 37","17 24","","1482952630","[{""tier"":1,""winners"":2,""prizeYen"":1000000000},{""tier"":2,""winners"":12,""prizeYen"":7743100},{""tier"":3,""winners"":226,""prizeYen"":575500},{""tier"":4,""winners"":8914,""prizeYen"":8500},{""tier"":5,""winners"":138044,""prizeYen"":1300},{""tier"":6,""winners"":238776,""prizeYen"":900}]"
"loto7","582","2024-07-05","5 7 22 29 30 32 36","3 33","","997731440","[{""tier"":1,""winners"":1,""prizeYen"":1000000000},{""tier"":2,""winners"":8,""prizeYen"":10538700},{""tier"":3,""winners"":133,""prizeYen"":887400},{""tier"":4,""winners"":6835,""prizeYen"":10100},{""tier"":5,""winners"":113226,""prizeYen"":1500},{""tier"":6,""winners"":193754,""prizeYen"":1000}]"
"loto7","583","2024-07-12","1 5 8 9 20 30 37","11 26","","1470132865","[{""tier"":1,""winners"":0,""prizeYen"":0},{""tier"":2,""winners"":8,""prizeYen"":9744000},{""tier"":3,""winners"":151,""prizeYen"":722700},{""tier"":4,""winners"":6683,""prizeYen"":9500},{""tier"":5,""winners"":105944,""prizeYen"":1400},{""tier"":6,""winners"":191744,""prizeYen"":1000}]"
"loto7","584","2024-07-19","10 11 12 17 23 30 36","20 21","","1955353800","[{""tier"":1,""winners"":0,""prizeYen"":0},{""tier"":2,""winners"":13,""prizeYen"":6183900},{""tier"":3,""winners"":155,""prizeYen"":726100},{""tier"":4,""winners"":7946,""prizeYen"":8300},{""tier"":5,""winners"":118488,""prizeYen"":1300},{""tier"":6,""winners"":180140,""prizeYen"":1100}]"
"loto7","585","2024-07-26","6 11 13 14 16 27 34","12 25","","1456719310","[{""tier"":1,""winners"":1,""prizeYen"":1000000000},{""tier"":2,""winners"":7,""prizeYen"":11717100},{""tier"":3,""winners"":125,""prizeYen"":918600},{""tier"":4,""winners"":7130,""prizeYen"":9400},{""tier"":5,""winners"":114634,""prizeYen"":1400},{""tier"":6,""winners"":192783,""prizeYen"":1000}]"
"loto7","586","2024-08-02","1 2 4 14 15 22 23","13 36","","968941030","[{""tier"":1,""winners"":1,""prizeYen"":1000000000},{""tier"":2,""winners"":13,""prizeYen"":6435200},{""tier"":3,""winners"":145,""prizeYen"":807700},{""tier"":4,""winners"":7369,""prizeYen"":9300},{""tier"":5,""winners"":115199,""prizeYen"":1400},{""tier"":6,""winners"":198040,""prizeYen"":1000}]"
"loto7","587","2024-08-09","15 18 21 22 23 25 32","1 30","","440637795","[{""tier"":1,""winners"":1,""prizeYen"":1000000000},{""tier"":2,""winners"":6,""prizeYen"":12684600},{""tier"":3,""winners"":96,""prizeYen"":1109800},{""tier"":4,""winners"":5667,""prizeYen"":11000},{""tier"":5,""winners"":97589,""prizeYen"":1500},{""tier"":6,""winners"":158922,""prizeYen"":1100}]"
"loto7","588","2024-08-16","3 5 9 13 15 21 31","12 17","","0","[{""tier"":1,""winners"":1,""prizeYen"":866631700},{""tier"":2,""winners"":7,""prizeYen"":10000200},{""tier"":3,""winners"":162,""prizeYen"":604900},{""tier"":4,""winners"":8288,""prizeYen"":6900},{""tier"":5,""winners"":112218,""prizeYen"":1200},{""tier"":6,""winners"":187524,""prizeYen"":900}]"
"loto7","589","2024-08-23","1 6 8 9 14 29 33","5 23","","365379630","[{""tier"":1,""winners"":0,""prizeYen"":0},{""tier"":2,""winners"":6,""prizeYen"":9836500},{""tier"":3,""winners"":108,""prizeYen"":765000},{""tier"":4,""winners"":5366,""prizeYen"":9000},{""tier"":5,""winners"":87189,""prizeYen"":1300},{""tier"":6,""winners"":151319,""prizeYen"":900}]"
"loto7","590","2024-08-30","1 3 9 10 15 25 35","19 28","","0","[{""tier"":1,""winners"":1,""prizeYen"":775129900},{""tier"":2,""winners"":9,""prizeYen"":7570500},{""tier"":3,""winners"":139,""prizeYen"":686200},{""tier"":4,""winners"":6431,""prizeYen"":8700},{""tier"":5,""winners"":98541,""prizeYen"":1400},{""tier"":6,""winners"":162083,""prizeYen"":1000}]"
"loto7","591","2024-09-06","4 7 8 11 21 23 35","10 24","","0","[{""tier"":1,""winners"":1,""prizeYen"":363216400},{""tier"":2,""winners"":5,""prizeYen"":11968400},{""tier"":3,""winners"":159,""prizeYen"":526900},{""tier"":4,""winners"":6292,""prizeYen"":7800},{""tier"":5,""winners"":95260,""prizeYen"":1200},{""tier"":6,""winners"":162045,""prizeYen"":900}]"
"loto7","592","2024-09-13","3 8 11 15 19 24 32","14 30","","0","[{""tier"":1,""winners"":4,""prizeYen"":87523300},{""tier"":2,""winners"":5,""prizeYen"":11570100},{""tier"":3,""winners"":246,""prizeYen"":329200},{""tier"":4,""winners"":7760,""prizeYen"":6100},{""tier"":5,""winners"":95465,""prizeYen"":1200},{""tier"":6,""winners"":138086,""prizeYen"":1000}]"
"loto7","593","2024-09-20","3 8 9 14 15 22 32","1 12","","0","[{""tier"":1,""winners"":2,""prizeYen"":170952500},{""tier"":2,""winners"":12,""prizeYen"":4721900},{""tier"":3,""winners"":156,""prizeYen"":508500},{""tier"":4,""winners"":6549,""prizeYen"":7100},{""tier"":5,""winners"":93941,""prizeYen"":1200},{""tier"":6,""winners"":150668,""prizeYen"":900}]"
"loto7","594","2024-09-27","5 12 21 25 27 34 36","10 32","","340766705","[{""tier"":1,""winners"":0,""prizeYen"":0},{""tier"":2,""winners"":4,""prizeYen"":14140200},{""tier"":3,""winners"":98,""prizeYen"":808000},{""tier"":4,""winners"":4775,""prizeYen"":9700},{""tier"":5,""winners"":75500,""prizeYen"":1500},{""tier"":6,""winners"":122949,""prizeYen"":1100}]"
"loto7","595","2024-10-04","14 15 16 19 25 28 33","6 29","","0","[{""tier"":1,""winners"":2,""prizeYen"":366536500},{""tier"":2,""winners"":5,""prizeYen"":13147500},{""tier"":3,""winners"":102,""prizeYen"":902200},{""tier"":4,""winners"":4906,""prizeYen"":11000},{""tier"":5,""winners"":83017,""prizeYen"":1600},{""tier"":6,""winners"":145095,""prizeYen"":1100}]"
"loto7","596","2024-10-11","1 9 16 19 23 29 32","5 37","","0","[{""tier"":1,""winners"":1,""prizeYen"":348533900},{""tier"":2,""winners"":16,""prizeYen"":3568100},{""tier"":3,""winners"":102,""prizeYen"":783500},{""tier"":4,""winners"":5176,""prizeYen"":9000},{""tier"":5,""winners"":79044,""prizeYen"":1400},{""tier"":6,""winners"":135746,""prizeYen"":1000}]"
"loto7","597","2024-10-18","2 4 14 15 22 27 34","1 5","","0","[{""tier"":1,""winners"":1,""prizeYen"":340034100},{""tier"":2,""winners"":11,""prizeYen"":5127300},{""tier"":3,""winners"":129,""prizeYen"":612000},{""tier"":4,""winners"":5777,""prizeYen"":8000},{""tier"":5,""winners"":82197,""prizeYen"":1300},{""tier"":6,""winners"":127887,""prizeYen"":1100}]"
"loto7","598","2024-10-25","1 4 7 11 12 18 26","3 33","","346336115","[{""tier"":1,""winners"":0,""prizeYen"":9},{""tier"":2,""winners"":19,""prizeYen"":2948300},{""tier"":3,""winners"":193,""prizeYen"":406300},{""tier"":4,""winners"":7561,""prizeYen"":6000},{""tier"":5,""winners"":99897,""prizeYen"":1100},{""tier"":6,""winners"":159869,""prizeYen"":800}]"
"loto7","599","2024-11-01","4 7 16 19 26 31 33","25 29","","757610605","[{""tier"":1,""winners"":0,""prizeYen"":0},{""tier"":2,""winners"":10,""prizeYen"":6748600},{""tier"":3,""winners"":142,""prizeYen"":665300},{""tier"":4,""winners"":5733,""prizeYen"":9600},{""tier"":5,""winners"":90065,""prizeYen"":1500},{""tier"":6,""winners"":156943,""prizeYen"":1000}]"
"loto7","600","2024-11-08","1 2 12 16 19 29 32","9 37","","0","[{""tier"":1,""winners"":2,""prizeYen"":605878500},{""tier"":2,""winners"":9,""prizeYen"":8344100},{""tier"":3,""winners"":136,""prizeYen"":773000},{""tier"":4,""winners"":6639,""prizeYen"":9200},{""tier"":5,""winners"":100210,""prizeYen"":1500},{""tier"":6,""winners"":178341,""prizeYen"":1000}]"
"loto7","601","2024-11-15","4 8 18 20 29 35 37","19 34","","341623880","[{""tier"":1,""winners"":0,""prizeYen"":0},{""tier"":2,""winners"":8,""prizeYen"":7034100},{""tier"":3,""winners"":103,""prizeYen"":764800},{""tier"":4,""winners"":4495,""prizeYen"":10200},{""tier"":5,""winners"":69638,""prizeYen"":1600},{""tier"":6,""winners"":121322,""prizeYen"":1100}]"
"loto7","602","2024-11-22","7 15 18 24 29 31 34","5 25","","0","[{""tier"":1,""winners"":1,""prizeYen"":748847700},{""tier"":2,""winners"":14,""prizeYen"":4787500},{""tier"":3,""winners"":129,""prizeYen"":727400},{""tier"":4,""winners"":6357,""prizeYen"":8600},{""tier"":5,""winners"":95864,""prizeYen"":1400},{""tier"":6,""winners"":157071,""prizeYen"":1000}]"
"loto7","603","2024-11-29","4 9 10 23 28 30 34","18 31","","342553405","[{""tier"":1,""winners"":0,""prizeYen"":0},{""tier"":2,""winners"":4,""prizeYen"":14144500},{""tier"":3,""winners"":89,""prizeYen"":889900},{""tier"":4,""winners"":5200,""prizeYen"":8900},{""tier"":5,""winners"":81984,""prizeYen"":1400},{""tier"":6,""winners"":132165,""prizeYen"":1000}]"
"loto7","604","2024-12-06","4 6 9 12 25 31 36","27 30","","0","[{""tier"":1,""winners"":1,""prizeYen"":752223400},{""tier"":2,""winners"":10,""prizeYen"":6838400},{""tier"":3,""winners"":156,""prizeYen"":613600},{""tier"":4,""winners"":6826,""prizeYen"":8200},{""tier"":5,""winners"":102518,""prizeYen"":1300},{""tier"":6,""winners"":169531,""prizeYen"":1000}]"
"loto7","605","2024-12-13","2 8 15 26 28 31 32","19 24","","0","[{""tier"":1,""winners"":2,""prizeYen"":178072800},{""tier"":2,""winners"":868,""prizeYen"":66200},{""tier"":3,""winners"":132,""prizeYen"":609900},{""tier"":4,""winners"":5516,""prizeYen"":8500},{""tier"":5,""winners"":81272,""prizeYen"":1400},{""tier"":6,""winners"":143908,""prizeYen"":900}]"
"loto7","606","2024-12-20","9 17 18 20 22 27 36","25 37","","338982680","[{""tier"":1,""winners"":0,""prizeYen"":0},{""tier"":2,""winners"":2,""prizeYen"":28280000},{""tier"":3,""winners"":89,""prizeYen"":889600},{""tier"":4,""winners"":4737,""prizeYen"":9800},{""tier"":5,""winners"":75921,""prizeYen"":1500},{""tier"":6,""winners"":123899,""prizeYen"":1100}]"
"loto7","607","2024-12-27","12 14 20 27 31 34 37","19 21","","808753825","[{""tier"":1,""winners"":0,""prizeYen"":0},{""tier"":2,""winners"":7,""prizeYen"":10960200},{""tier"":3,""winners"":115,""prizeYen"":933900},{""tier"":4,""winners"":5671,""prizeYen"":11100},{""tier"":5,""winners"":91878,""prizeYen"":1600},{""tier"":6,""winners"":165827,""prizeYen"":1100}]"
"loto7","608","2025-01-10","7 10 11 18 20 29 30","32 36","","1323081880","[{""tier"":1,""winners"":0,""prizeYen"":0},{""tier"":2,""winners"":10,""prizeYen"":8639800},{""tier"":3,""winners"":200,""prizeYen"":604700},{""tier"":4,""winners"":8848,""prizeYen"":8000},{""tier"":5,""winners"":132329,""prizeYen"":1300},{""tier"":6,""winners"":194301,""prizeYen"":1100}]"
"loto7","609","2025-01-17","4 11 12 23 26 32 37","1 9","","1837033120","[{""tier"":1,""winners"":0,""prizeYen"":0},{""tier"":2,""winners"":12,""prizeYen"":6953000},{""tier"":3,""winners"":156,""prizeYen"":748700},{""tier"":4,""winners"":7808,""prizeYen"":8700},{""tier"":5,""winners"":118584,""prizeYen"":1400},{""tier"":6,""winners"":210772,""prizeYen"":900}]"
"loto7","610","2025-01-24","1 8 9 23 24 31 36","21 28","","380263390","[{""tier"":1,""winners"":2,""prizeYen"":1000000000},{""tier"":2,""winners"":13,""prizeYen"":6931800},{""tier"":3,""winners"":172,""prizeYen"":733400},{""tier"":4,""winners"":9091,""prizeYen"":8100},{""tier"":5,""winners"":138054,""prizeYen"":1300},{""tier"":6,""winners"":216296,""prizeYen"":1000}]"
"loto7","611","2025-01-31","7 8 11 18 20 30 34","5 14","","0","[{""tier"":1,""winners"":1,""prizeYen"":805690900},{""tier"":2,""winners"":7,""prizeYen"":9981300},{""tier"":3,""winners"":151,""prizeYen"":647700},{""tier"":4,""winners"":6885,""prizeYen"":8300},{""tier"":5,""winners"":103668,""prizeYen"":1300},{""tier"":6,""winners"":167800,""prizeYen"":1000}]"
"loto7","612","2025-02-07","5 13 16 23 27 31 34","26 33","","0","[{""tier"":1,""winners"":1,""prizeYen"":357391600},{""tier"":2,""winners"":3,""prizeYen"":19408300},{""tier"":3,""winners"":137,""prizeYen"":594900},{""tier"":4,""winners"":5619,""prizeYen"":8500},{""tier"":5,""winners"":79216,""prizeYen"":1400},{""tier"":6,""winners"":125666,""prizeYen"":1100}]"
"loto7","613","2025-02-14","3 5 6 10 19 21 35","13 27","","0","[{""tier"":1,""winners"":1,""prizeYen"":453102600},{""tier"":2,""winners"":12,""prizeYen"":4477900},{""tier"":3,""winners"":233,""prizeYen"":265600},{""tier"":4,""winners"":7688,""prizeYen"":4800},{""tier"":5,""winners"":98001,""prizeYen"":1200},{""tier"":6,""winners"":154525,""prizeYen"":1000}]"
"loto7","614","2025-02-21","14 21 22 23 24 28 34","5 37","","0","[{""tier"":1,""winners"":2,""prizeYen"":207555000},{""tier"":2,""winners"":6,""prizeYen"":8222100},{""tier"":3,""winners"":78,""prizeYen"":728500},{""tier"":4,""winners"":4122,""prizeYen"":8300},{""tier"":5,""winners"":71114,""prizeYen"":1600},{""tier"":6,""winners"":124158,""prizeYen"":1100}]"
"loto7","615","2025-02-28","4 11 21 26 27 28 33","10 13","","423508450","[{""tier"":1,""winners"":0,""prizeYen"":0},{""tier"":2,""winners"":5,""prizeYen"":9904300},{""tier"":3,""winners"":100,""prizeYen"":570400},{""tier"":4,""winners"":5119,""prizeYen"":6700},{""tier"":5,""winners"":83956,""prizeYen"":1300},{""tier"":6,""winners"":150454,""prizeYen"":900}]"
"loto7","616","2025-03-07","7 15 20 28 29 34 36","1 35","","913032910","[{""tier"":1,""winners"":0,""prizeYen"":0},{""tier"":2,""winners"":5,""prizeYen"":11794900},{""tier"":3,""winners"":127,""prizeYen"":534900},{""tier"":4,""winners"":6128,""prizeYen"":6700},{""tier"":5,""winners"":96876,""prizeYen"":1400},{""tier"":6,""winners"":154738,""prizeYen"":1100}]"
"loto7","617","2025-03-14","2 6 10 12 25 28 35","27 31","","298721810","[{""tier"":1,""winners"":1,""prizeYen"":1200000000},{""tier"":2,""winners"":15,""prizeYen"":4639700},{""tier"":3,""winners"":186,""prizeYen"":431000},{""tier"":4,""winners"":7781,""prizeYen"":6200},{""tier"":5,""winners"":121794,""prizeYen"":1300},{""tier"":6,""winners"":194794,""prizeYen"":1000}]"
"loto7","618","2025-03-21","7 17 20 23 24 34 36","25 35","","768982020","[{""tier"":1,""winners"":0,""prizeYen"":0},{""tier"":2,""winners"":5,""prizeYen"":11191500},{""tier"":3,""winners"":105,""prizeYen"":613800},{""tier"":4,""winners"":5328,""prizeYen"":7300},{""tier"":5,""winners"":89467,""prizeYen"":1400},{""tier"":6,""winners"":144750,""prizeYen"":1100}]"
"loto7","619","2025-03-28","8 9 18 20 27 29 32","7 12","","1300543185","[{""tier"":1,""winners"":0,""prizeYen"":0},{""tier"":2,""winners"":15,""prizeYen"":4182400},{""tier"":3,""winners"":151,""prizeYen"":478500},{""tier"":4,""winners"":7190,""prizeYen"":6000},{""tier"":5,""winners"":110787,""prizeYen"":1300},{""tier"":6,""winners"":190055,""prizeYen"":900}]"
"loto7","620","2025-04-04","2 4 8 10 12 29 32","6 13","","695876615","[{""tier"":1,""winners"":1,""prizeYen"":1200000000},{""tier"":2,""winners"":11,""prizeYen"":6287200},{""tier"":3,""winners"":160,""prizeYen"":497900},{""tier"":4,""winners"":8655,""prizeYen"":5500},{""tier"":5,""winners"":128170,""prizeYen"":1200},{""tier"":6,""winners"":204580,""prizeYen"":900}]"
"loto7","621","2025-04-11","1 2 12 13 14 30 36","9 24","","1202205675","[{""tier"":1,""winners"":0,""prizeYen"":0},{""tier"":2,""winners"":7,""prizeYen"":8715900},{""tier"":3,""winners"":87,""prizeYen"":807800},{""tier"":4,""winners"":5161,""prizeYen"":8100},{""tier"":5,""winners"":88530,""prizeYen"":1600},{""tier"":6,""winners"":175012,""prizeYen"":1000}]"
"loto7","622","2025-04-18","1 10 28 29 30 33 34","21 27","","1781479320","[{""tier"":1,""winners"":0,""prizeYen"":0},{""tier"":2,""winners"":9,""prizeYen"":7569700},{""tier"":3,""winners"":113,""prizeYen"":694400},{""tier"":4,""winners"":5777,""prizeYen"":8200},{""tier"":5,""winners"":95242,""prizeYen"":1600},{""tier"":6,""winners"":170185,""prizeYen"":1100}]"
"loto7","623","2025-04-25","9 12 22 26 28 31 37","7 30","","1198885675","[{""tier"":1,""winners"":1,""prizeYen"":1200000000},{""tier"":2,""winners"":6,""prizeYen"":12275400},{""tier"":3,""winners"":139,""prizeYen"":610300},{""tier"":4,""winners"":7435,""prizeYen"":6900},{""tier"":5,""winners"":124781,""prizeYen"":1300},{""tier"":6,""winners"":213674,""prizeYen"":1000}]"
"loto7","624","2025-05-02","2 14 15 26 27 34 36","9 24","","0","[{""tier"":1,""winners"":2,""prizeYen"":895860400},{""tier"":2,""winners"":11,""prizeYen"":6319400},{""tier"":3,""winners"":206,""prizeYen"":388700},{""tier"":4,""winners"":8146,""prizeYen"":5900},{""tier"":5,""winners"":116297,""prizeYen"":1400},{""tier"":6,""winners"":202429,""prizeYen"":900}]"
"loto7","625","2025-05-09","3 10 12 18 19 24 32","4 15","","0","[{""tier"":1,""winners"":1,""prizeYen"":420020500},{""tier"":2,""winners"":3,""prizeYen"":16607600},{""tier"":3,""winners"":121,""prizeYen"":474300},{""tier"":4,""winners"":6004,""prizeYen"":5700},{""tier"":5,""winners"":89063,""prizeYen"":1300},{""tier"":6,""winners"":151776,""prizeYen"":900}]"
"loto7","626","2025-05-16","1 3 7 12 17 32 34","14 30","","410892875","[{""tier"":1,""winners"":0,""prizeYen"":0},{""tier"":2,""winners"":7,""prizeYen"":6952100},{""tier"":3,""winners"":84,""prizeYen"":667300},{""tier"":4,""winners"":4690,""prizeYen"":7200},{""tier"":5,""winners"":81366,""prizeYen"":1400},{""tier"":6,""winners"":131630,""prizeYen"":1000}]"
"loto7","627","2025-05-23","9 15 21 30 33 34 37","10 35","","0","[{""tier"":1,""winners"":1,""prizeYen"":888183900},{""tier"":2,""winners"":8,""prizeYen"":7147700},{""tier"":3,""winners"":101,""prizeYen"":652100},{""tier"":4,""winners"":5683,""prizeYen"":7000},{""tier"":5,""winners"":94832,""prizeYen"":1400},{""tier"":6,""winners"":146514,""prizeYen"":1100}]"
"loto7","628","2025-05-30","1 8 9 11 18 27 35","16 34","","0","[{""tier"":1,""winners"":2,""prizeYen"":201318100},{""tier"":2,""winners"":7,""prizeYen"":6747800},{""tier"":3,""winners"":140,""prizeYen"":388600},{""tier"":4,""winners"":6457,""prizeYen"":5100},{""tier"":5,""winners"":92719,""prizeYen"":1100},{""tier"":6,""winners"":132363,""prizeYen"":1000}]"
"loto7","629","2025-06-06","2 7 9 21 23 24 30","22 29","","410077305","[{""tier"":1,""winners"":0,""prizeYen"":0},{""tier"":2,""winners"":9,""prizeYen"":5342800},{""tier"":3,""winners"":104,""prizeYen"":532500},{""tier"":4,""winners"":5225,""prizeYen"":6400},{""tier"":5,""winners"":82104,""prizeYen"":1300},{""tier"":6,""winners"":131737,""prizeYen"":1000}]"
"loto7","630","2025-06-13","4 6 8 23 28 29 34","10 19","","0","[{""tier"":1,""winners"":1,""prizeYen"":905253400},{""tier"":2,""winners"":9,""prizeYen"":6358900},{""tier"":3,""winners"":140,""prizeYen"":470800},{""tier"":4,""winners"":7287,""prizeYen"":5400},{""tier"":5,""winners"":107292,""prizeYen"":1200},{""tier"":6,""winners"":185524,""prizeYen"":800}]"
"loto7","631","2025-06-20","2 3 6 17 33 35 36","25 37","","0","[{""tier"":1,""winners"":1,""prizeYen"":413009000},{""tier"":2,""winners"":4,""prizeYen"":12141400},{""tier"":3,""winners"":70,""prizeYen"":799100},{""tier"":4,""winners"":4436,""prizeYen"":7600},{""tier"":5,""winners"":74782,""prizeYen"":1500},{""tier"":6,""winners"":129900,""prizeYen"":1000}]"
"loto7","632","2025-06-27","5 7 10 11 29 31 37","13 25","","397424060","[{""tier"":1,""winners"":0,""prizeYen"":0},{""tier"":2,""winners"":7,""prizeYen"":6766500},{""tier"":3,""winners"":146,""prizeYen"":373700},{""tier"":4,""winners"":6019,""prizeYen"":5400},{""tier"":5,""winners"":89869,""prizeYen"":1200},{""tier"":6,""winners"":148895,""prizeYen"":900}]"
"loto7","633","2025-07-04","2 5 10 17 21 31 36","20 32","","881176280","[{""tier"":1,""winners"":0,""prizeYen"":0},{""tier"":2,""winners"":4,""prizeYen"":14565500},{""tier"":3,""winners"":142,""prizeYen"":472600},{""tier"":4,""winners"":5822,""prizeYen"":6900},{""tier"":5,""winners"":89128,""prizeYen"":1500},{""tier"":6,""winners"":140583,""prizeYen"":1200}]"
"loto7","634","2025-07-11","2 12 18 29 32 36 37","5 21","","1436653640","[{""tier"":1,""winners"":0,""prizeYen"":0},{""tier"":2,""winners"":6,""prizeYen"":10841100},{""tier"":3,""winners"":116,""prizeYen"":645900},{""tier"":4,""winners"":6526,""prizeYen"":6900},{""tier"":5,""winners"":104526,""prizeYen"":1400},{""tier"":6,""winners"":175692,""prizeYen"":1000}]"
"loto7","635","2025-07-18","10 12 20 29 30 31 34","4 15","","0","[{""tier"":1,""winners"":2,""prizeYen"":1016445900},{""tier"":2,""winners"":13,""prizeYen"":5308300},{""tier"":3,""winners"":189,""prizeYen"":420500},{""tier"":4,""winners"":7786,""prizeYen"":6100},{""tier"":5,""winners"":116052,""prizeYen"":1300},{""tier"":6,""winners"":204601,""prizeYen"":900}]"
"loto7","636","2025-07-25","10 14 17 20 26 27 29","3 11","","0","[{""tier"":1,""winners"":1,""prizeYen"":414014200},{""tier"":2,""winners"":10,""prizeYen"":4889100},{""tier"":3,""winners"":84,""prizeYen"":670400},{""tier"":4,""winners"":3976,""prizeYen"":8500},{""tier"":5,""winners"":67850,""prizeYen"":1600},{""tier"":6,""winners"":137041,""prizeYen"":1000}]"
"loto7","637","2025-08-01","1 4 7 8 9 20 21","11 30","","405166445","[{""tier"":1,""winners"":0,""prizeYen"":0},{""tier"":2,""winners"":16,""prizeYen"":2992100},{""tier"":3,""winners"":175,""prizeYen"":315100},{""tier"":4,""winners"":7431,""prizeYen"":4400},{""tier"":5,""winners"":96563,""prizeYen"":1100},{""tier"":6,""winners"":168633,""prizeYen"":800}]"
"loto7","638","2025-08-08","1 6 18 19 35 36 37","11 24","","0","[{""tier"":1,""winners"":1,""prizeYen"":898476500},{""tier"":2,""winners"":2,""prizeYen"":29043000},{""tier"":3,""winners"":114,""prizeYen"":586900},{""tier"":4,""winners"":5562,""prizeYen"":7200},{""tier"":5,""winners"":85604,""prizeYen"":1500},{""tier"":6,""winners"":162053,""prizeYen"":1000}]"
"loto7","639","2025-08-15","5 9 12 15 30 31 34","13 29","","0","[{""tier"":1,""winners"":2,""prizeYen"":196037800},{""tier"":2,""winners"":15,""prizeYen"":3071100},{""tier"":3,""winners"":136,""prizeYen"":390100},{""tier"":4,""winners"":6189,""prizeYen"":5100},{""tier"":5,""winners"":94177,""prizeYen"":1100},{""tier"":6,""winners"":157665,""prizeYen"":800}]"
"loto7","640","2025-08-22","2 7 9 12 13 14 29","15 30","","0","[{""tier"":1,""winners"":1,""prizeYen"":388970000},{""tier"":2,""winners"":6,""prizeYen"":7697600},{""tier"":3,""winners"":159,""prizeYen"":334600},{""tier"":4,""winners"":6510,""prizeYen"":4900},{""tier"":5,""winners"":94465,""prizeYen"":1100},{""tier"":6,""winners"":144732,""prizeYen"":900}]"
"loto7","641","2025-08-29","1 3 7 23 24 33 36","17 30","","0","[{""tier"":1,""winners"":1,""prizeYen"":405020100},{""tier"":2,""winners"":9,""prizeYen"":5251000},{""tier"":3,""winners"":123,""prizeYen"":442500},{""tier"":4,""winners"":5060,""prizeYen"":6500},{""tier"":5,""winners"":83272,""prizeYen"":1300},{""tier"":6,""winners"":137907,""prizeYen"":900}]"
"loto7","642","2025-09-05","1 7 22 23 33 34 35","2 24","","0","[{""tier"":1,""winners"":1,""prizeYen"":403352100},{""tier"":2,""winners"":13,""prizeYen"":3588800},{""tier"":3,""winners"":105,""prizeYen"":511800},{""tier"":4,""winners"":4866,""prizeYen"":6600},{""tier"":5,""winners"":73462,""prizeYen"":1400},{""tier"":6,""winners"":123377,""prizeYen"":1000}]"
"loto7","643","2025-09-12","1 5 15 16 18 27 34","19 22","","0","[{""tier"":1,""winners"":1,""prizeYen"":406203200},{""tier"":2,""winners"":2,""prizeYen"":23971500},{""tier"":3,""winners"":96,""prizeYen"":575200},{""tier"":4,""winners"":4545,""prizeYen"":7300},{""tier"":5,""winners"":74803,""prizeYen"":1500},{""tier"":6,""winners"":128381,""prizeYen"":1000}]"
"loto7","644","2025-09-19","1 11 12 14 20 26 29","2 5","","390550165","[{""tier"":1,""winners"":0,""prizeYen"":0},{""tier"":2,""winners"":15,""prizeYen"":3086600},{""tier"":3,""winners"":83,""prizeYen"":642500},{""tier"":4,""winners"":4489,""prizeYen"":7200},{""tier"":5,""winners"":74279,""prizeYen"":1400},{""tier"":6,""winners"":144229,""prizeYen"":900}]"
"loto7","645","2025-09-26","7 10 16 20 26 32 35","24 33","","0","[{""tier"":1,""winners"":1,""prizeYen"":864763200},{""tier"":2,""winners"":10,""prizeYen"":5561700},{""tier"":3,""winners"":118,""prizeYen"":542900},{""tier"":4,""winners"":4637,""prizeYen"":8300},{""tier"":5,""winners"":77692,""prizeYen"":1600},{""tier"":6,""winners"":137997,""prizeYen"":1100}]"
"loto7","646","2025-10-03","5 12 13 15 18 35 37","11 29","","390192400","[{""tier"":1,""winners"":0,""prizeYen"":0},{""tier"":2,""winners"":3,""prizeYen"":15584300},{""tier"":3,""winners"":90,""prizeYen"":598300},{""tier"":4,""winners"":4224,""prizeYen"":7700},{""tier"":5,""winners"":71409,""prizeYen"":1500},{""tier"":6,""winners"":133259,""prizeYen"":1000}]"
"loto7","647","2025-10-10","4 5 9 13 17 22 28","18 31","","0","[{""tier"":1,""winners"":2,""prizeYen"":434879400},{""tier"":2,""winners"":15,""prizeYen"":3781000},{""tier"":3,""winners"":201,""prizeYen"":325000},{""tier"":4,""winners"":7877,""prizeYen"":5000},{""tier"":5,""winners"":109520,""prizeYen"":1200},{""tier"":6,""winners"":171116,""prizeYen"":900}]"
"loto7","648","2025-10-17","3 17 19 24 28 29 35","7 13","","385202370","[{""tier"":1,""winners"":0,""prizeYen"":0},{""tier"":2,""winners"":5,""prizeYen"":9219600},{""tier"":3,""winners"":98,""prizeYen"":541800},{""tier"":4,""winners"":4824,""prizeYen"":6600},{""tier"":5,""winners"":76143,""prizeYen"":1400},{""tier"":6,""winners"":144616,""prizeYen"":900}]"
"loto7","649","2025-10-24","12 22 23 26 33 35 37","2 21","","861008665","[{""tier"":1,""winners"":0,""prizeYen"":0},{""tier"":2,""winners"":6,""prizeYen"":9344500},{""tier"":3,""winners"":86,""prizeYen"":750900},{""tier"":4,""winners"":4994,""prizeYen"":7800},{""tier"":5,""winners"":82690,""prizeYen"":1500},{""tier"":6,""winners"":142180,""prizeYen"":1100}]"
"loto7","650","2025-10-31","1 8 10 14 25 33 35","12 21","","1407387900","[{""tier"":1,""winners"":0,""prizeYen"":0},{""tier"":2,""winners"":9,""prizeYen"":7310100},{""tier"":3,""winners"":131,""prizeYen"":578500},{""tier"":4,""winners"":6089,""prizeYen"":7500},{""tier"":5,""winners"":102491,""prizeYen"":1500},{""tier"":6,""winners"":187310,""prizeYen"":1000}]"
"loto7","651","2025-11-07","2 13 19 20 24 26 35","29 36","","0","[{""tier"":1,""winners"":2,""prizeYen"":1002473400},{""tier"":2,""winners"":5,""prizeYen"":14281700},{""tier"":3,""winners"":169,""prizeYen"":486700},{""tier"":4,""winners"":8046,""prizeYen"":6100},{""tier"":5,""winners"":108788,""prizeYen"":1500},{""tier"":6,""winners"":184493,""prizeYen"":1100}]"
"loto7","652","2025-11-14","1 16 21 26 27 30 35","6 37","","401325585","[{""tier"":1,""winners"":0,""prizeYen"":0},{""tier"":2,""winners"":3,""prizeYen"":15699300},{""tier"":3,""winners"":61,""prizeYen"":889300},{""tier"":4,""winners"":3488,""prizeYen"":9400},{""tier"":5,""winners"":62068,""prizeYen"":1700},{""tier"":6,""winners"":116684,""prizeYen"":1100}]"
"loto7","653","2025-11-21","6 7 12 25 26 30 33","13 15","","0","[{""tier"":1,""winners"":2,""prizeYen"":443721800},{""tier"":2,""winners"":10,""prizeYen"":5638000},{""tier"":3,""winners"":150,""prizeYen"":432900},{""tier"":4,""winners"":6217,""prizeYen"":6300},{""tier"":5,""winners"":96296,""prizeYen"":1300},{""tier"":6,""winners"":165734,""prizeYen"":900}]"
"loto7","654","2025-11-28","3 12 25 29 30 32 33","28 31","","386161670","[{""tier"":1,""winners"":0,""prizeYen"":0},{""tier"":2,""winners"":1,""prizeYen"":46473000},{""tier"":3,""winners"":78,""prizeYen"":686300},{""tier"":4,""winners"":4451,""prizeYen"":7200},{""tier"":5,""winners"":75792,""prizeYen"":1400},{""tier"":6,""winners"":122540,""prizeYen"":1100}]"
"loto7","655","2025-12-05","4 5 12 13 24 26 33","3 14","","866671845","[{""tier"":1,""winners"":0,""prizeYen"":0},{""tier"":2,""winners"":11,""prizeYen"":5065500},{""tier"":3,""winners"":188,""prizeYen"":341400},{""tier"":4,""winners"":7853,""prizeYen"":4900},{""tier"":5,""winners"":111582,""prizeYen"":1100},{""tier"":6,""winners"":165047,""prizeYen"":900}]"
"loto7","656","2025-12-12","1 4 6 20 30 34 37","14 25","","1413567000","[{""tier"":1,""winners"":0,""prizeYen"":0},{""tier"":2,""winners"":8,""prizeYen"":8137600},{""tier"":3,""winners"":101,""prizeYen"":742400},{""tier"":4,""winners"":5376,""prizeYen"":8400},{""tier"":5,""winners"":88924,""prizeYen"":1700},{""tier"":6,""winners"":163715,""prizeYen"":1100}]"
"loto7","657","2025-12-19","9 11 16 23 27 29 32","6 24","","0","[{""tier"":1,""winners"":2,""prizeYen"":1014653200},{""tier"":2,""winners"":16,""prizeYen"":4631900},{""tier"":3,""winners"":234,""prizeYen"":364800},{""tier"":4,""winners"":9448,""prizeYen"":5400},{""tier"":5,""winners"":132636,""prizeYen"":1300},{""tier"":6,""winners"":211905,""prizeYen"":1000}]"
"loto7","658","2025-12-26","10 12 16 18 19 22 37","11 20","","463117105","[{""tier"":1,""winners"":0,""prizeYen"":0},{""tier"":2,""winners"":5,""prizeYen"":11109000},{""tier"":3,""winners"":101,""prizeYen"":633400},{""tier"":4,""winners"":4749,""prizeYen"":8100},{""tier"":5,""winners"":81174,""prizeYen"":1600},{""tier"":6,""winners"":142116,""prizeYen"":1100}]"
"loto7","659","2026-01-09","2 8 9 14 27 34 36","5 18","","0","[{""tier"":1,""winners"":1,""prizeYen"":1052412400},{""tier"":2,""winners"":12,""prizeYen"":5802800},{""tier"":3,""winners"":162,""prizeYen"":495100},{""tier"":4,""winners"":8394,""prizeYen"":5700},{""tier"":5,""winners"":124990,""prizeYen"":1300},{""tier"":6,""winners"":208850,""prizeYen"":900}]"
"loto7","660","2026-01-16","4 6 12 13 16 17 31","14 20","","421366875","[{""tier"":1,""winners"":0,""prizeYen"":0},{""tier"":2,""winners"":4,""prizeYen"":12451900},{""tier"":3,""winners"":98,""prizeYen"":585400},{""tier"":4,""winners"":4635,""prizeYen"":7500},{""tier"":5,""winners"":81348,""prizeYen"":1400},{""tier"":6,""winners"":123996,""prizeYen"":1100}]"
"loto7","661","2026-01-23","7 12 17 22 31 34 35","20 32","","929684620","[{""tier"":1,""winners"":0,""prizeYen"":0},{""tier"":2,""winners"":5,""prizeYen"":12032000},{""tier"":3,""winners"":125,""prizeYen"":554300},{""tier"":4,""winners"":5996,""prizeYen"":7000},{""tier"":5,""winners"":102827,""prizeYen"":1300},{""tier"":6,""winners"":153889,""prizeYen"":1100}]"
"loto7","662","2026-01-30","4 14 15 21 22 24 37","5 20","","1505420275","[{""tier"":1,""winners"":0,""prizeYen"":0},{""tier"":2,""winners"":5,""prizeYen"":13637200},{""tier"":3,""winners"":115,""prizeYen"":682900},{""tier"":4,""winners"":5840,""prizeYen"":8000},{""tier"":5,""winners"":103770,""prizeYen"":1500},{""tier"":6,""winners"":171054,""prizeYen"":1100}]"
"loto7","663","2026-02-06","4 6 10 11 13 17 23","25 32","","2123132130","[{""tier"":1,""winners"":0,""prizeYen"":0},{""tier"":2,""winners"":9,""prizeYen"":8294400},{""tier"":3,""winners"":193,""prizeYen"":445500},{""tier"":4,""winners"":8470,""prizeYen"":6100},{""tier"":5,""winners"":134057,""prizeYen"":1300},{""tier"":6,""winners"":215089,""prizeYen"":1000}]"
"loto7","664","2026-02-13","3 6 8 14 21 22 31","17 37","","1614067975","[{""tier"":1,""winners"":1,""prizeYen"":1200000000},{""tier"":2,""winners"":19,""prizeYen"":4269900},{""tier"":3,""winners"":168,""prizeYen"":556200},{""tier"":4,""winners"":8897,""prizeYen"":6300},{""tier"":5,""winners"":137445,""prizeYen"":1300},{""tier"":6,""winners"":224969,""prizeYen"":1000}]"
"loto7","665","2026-02-20","6 8 14 19 22 25 35","12 17","","2237878385","[{""tier"":1,""winners"":0,""prizeYen"":0},{""tier"":2,""winners"":9,""prizeYen"":8099800},{""tier"":3,""winners"":184,""prizeYen"":456300},{""tier"":4,""winners"":7883,""prizeYen"":6400},{""tier"":5,""winners"":119040,""prizeYen"":1400},{""tier"":6,""winners"":214440,""prizeYen"":900}]"
"loto7","666","2026-02-27","2 17 18 22 23 25 33","16 34","","2912341960","[{""tier"":1,""winners"":0,""prizeYen"":0},{""tier"":2,""winners"":5,""prizeYen"":15876200},{""tier"":3,""winners"":185,""prizeYen"":494200},{""tier"":4,""winners"":8046,""prizeYen"":6800},{""tier"":5,""winners"":130221,""prizeYen"":1400},{""tier"":6,""winners"":214363,""prizeYen"":1000}]"
"loto7","667","2026-03-06","9 13 20 22 28 29 33","21 23","","3697519850","[{""tier"":1,""winners"":0,""prizeYen"":0},{""tier"":2,""winners"":14,""prizeYen"":6601300},{""tier"":3,""winners"":189,""prizeYen"":563200},{""tier"":4,""winners"":9873,""prizeYen"":6500},{""tier"":5,""winners"":153158,""prizeYen"":1400},{""tier"":6,""winners"":246992,""prizeYen"":1000}]"
"loto7","668","2026-03-13","1 8 11 14 18 22 29","19 35","","3266950045","[{""tier"":1,""winners"":1,""prizeYen"":1200000000},{""tier"":2,""winners"":16,""prizeYen"":5588600},{""tier"":3,""winners"":234,""prizeYen"":440100},{""tier"":4,""winners"":11156,""prizeYen"":5500},{""tier"":5,""winners"":166415,""prizeYen"":1200},{""tier"":6,""winners"":264125,""prizeYen"":900}]"
"loto7","669","2026-03-20","3 5 6 7 9 13 16","11 23","","1558856305","[{""tier"":1,""winners"":2,""prizeYen"":1200000000},{""tier"":2,""winners"":22,""prizeYen"":3778000},{""tier"":3,""winners"":222,""prizeYen"":431200},{""tier"":4,""winners"":10209,""prizeYen"":5600},{""tier"":5,""winners"":148325,""prizeYen"":1300},{""tier"":6,""winners"":263260,""prizeYen"":900}]"
"loto7","670","2026-03-27","3 4 9 10 18 21 37","15 23","","2196737615","[{""tier"":1,""winners"":0,""prizeYen"":0},{""tier"":2,""winners"":16,""prizeYen"":4620300},{""tier"":3,""winners"":147,""prizeYen"":579200},{""tier"":4,""winners"":7911,""prizeYen"":6500},{""tier"":5,""winners"":125711,""prizeYen"":1300},{""tier"":6,""winners"":217487,""prizeYen"":900}]"
"loto7","671","2026-04-03","7 13 16 22 28 33 36","2 25","","453007035","[{""tier"":1,""winners"":2,""prizeYen"":1200000000},{""tier"":2,""winners"":19,""prizeYen"":4111800},{""tier"":3,""winners"":263,""prizeYen"":342100},{""tier"":4,""winners"":10104,""prizeYen"":5300},{""tier"":5,""winners"":134547,""prizeYen"":1300},{""tier"":6,""winners"":223323,""prizeYen"":1000}]"
"loto7","672","2026-04-10","7 11 15 16 17 24 33","6 9","","0","[{""tier"":1,""winners"":1,""prizeYen"":987027000},{""tier"":2,""winners"":10,""prizeYen"":6250000},{""tier"":3,""winners"":126,""prizeYen"":571300},{""tier"":4,""winners"":7165,""prizeYen"":6000},{""tier"":5,""winners"":107970,""prizeYen"":1300},{""tier"":6,""winners"":187855,""prizeYen"":900}]"
"loto7","673","2026-04-17","6 9 10 12 16 24 32","17 19","","433409850","[{""tier"":1,""winners"":0,""prizeYen"":0},{""tier"":2,""winners"":6,""prizeYen"":8471200},{""tier"":3,""winners"":116,""prizeYen"":504700},{""tier"":4,""winners"":6477,""prizeYen"":5400},{""tier"":5,""winners"":91357,""prizeYen"":1300},{""tier"":6,""winners"":148579,""prizeYen"":900}]"
"loto7","674","2026-04-24","1 6 7 9 12 22 26","8 14","","0","[{""tier"":1,""winners"":1,""prizeYen"":955304700},{""tier"":2,""winners"":19,""prizeYen"":3189700},{""tier"":3,""winners"":260,""prizeYen"":268500},{""tier"":4,""winners"":10138,""prizeYen"":4100},{""tier"":5,""winners"":130525,""prizeYen"":1000},{""tier"":6,""winners"":206937,""prizeYen"":800}]"
"loto7","675","2026-05-01","5 8 16 18 24 28 31","6 23","","0","[{""tier"":1,""winners"":2,""prizeYen"":211322100},{""tier"":2,""winners"":8,""prizeYen"":6223800},{""tier"":3,""winners"":154,""prizeYen"":372400},{""tier"":4,""winners"":6664,""prizeYen"":5200},{""tier"":5,""winners"":93317,""prizeYen"":1200},{""tier"":6,""winners"":152104,""prizeYen"":900}]"
"loto7","676","2026-05-08","2 6 15 19 20 22 27","31 33","","0","[{""tier"":1,""winners"":1,""prizeYen"":415718800},{""tier"":2,""winners"":15,""prizeYen"":3265400},{""tier"":3,""winners"":97,""prizeYen"":581600},{""tier"":4,""winners"":5220,""prizeYen"":6500},{""tier"":5,""winners"":78478,""prizeYen"":1400},{""tier"":6,""winners"":135179,""prizeYen"":1000}]"
"loto7","677","2026-05-15","5 6 7 8 15 17 19","1 33","","0","[{""tier"":1,""winners"":1,""prizeYen"":408725600},{""tier"":2,""winners"":12,""prizeYen"":3937000},{""tier"":3,""winners"":134,""prizeYen"":406100},{""tier"":4,""winners"":5590,""prizeYen"":5900},{""tier"":5,""winners"":86339,""prizeYen"":1200},{""tier"":6,""winners"":155939,""prizeYen"":800}]"
"loto7","678","2026-05-22","2 6 12 15 24 26 34","18 20","","0","[{""tier"":1,""winners"":2,""prizeYen"":200726400},{""tier"":2,""winners"":10,""prizeYen"":4734500},{""tier"":3,""winners"":105,""prizeYen"":519400},{""tier"":4,""winners"":5013,""prizeYen"":6500},{""tier"":5,""winners"":81377,""prizeYen"":1300},{""tier"":6,""winners"":131661,""prizeYen"":1000}]"
"loto7","679","2026-05-29","6 8 9 18 22 24 35","4 20","","0","[{""tier"":1,""winners"":2,""prizeYen"":200790300},{""tier"":2,""winners"":8,""prizeYen"":5949200},{""tier"":3,""winners"":145,""prizeYen"":378000},{""tier"":4,""winners"":6716,""prizeYen"":4900},{""tier"":5,""winners"":99141,""prizeYen"":1100},{""tier"":6,""winners"":146091,""prizeYen"":900}]"
"loto7","680","2026-06-05","9 10 22 26 27 31 36","20 29","","403991465","[{""tier"":1,""winners"":0,""prizeYen"":0},{""tier"":2,""winners"":7,""prizeYen"":6861400},{""tier"":3,""winners"":65,""prizeYen"":851100},{""tier"":4,""winners"":4347,""prizeYen"":7700},{""tier"":5,""winners"":73236,""prizeYen"":1500},{""tier"":6,""winners"":121710,""prizeYen"":1100}]"
"loto7","681","2026-06-12","1 10 12 13 19 33 35","14 37","","0","[{""tier"":1,""winners"":1,""prizeYen"":910082500},{""tier"":2,""winners"":6,""prizeYen"":9942700},{""tier"":3,""winners"":94,""prizeYen"":731000},{""tier"":4,""winners"":5510,""prizeYen"":7500},{""tier"":5,""winners"":94077,""prizeYen"":1400},{""tier"":6,""winners"":151785,""prizeYen"":1100}]"
"loto7","682","2026-06-19","11 14 17 23 28 30 36","12 20","","407125875","[{""tier"":1,""winners"":0,""prizeYen"":0},{""tier"":2,""winners"":8,""prizeYen"":6025900},{""tier"":3,""winners"":123,""prizeYen"":451400},{""tier"":4,""winners"":5736,""prizeYen"":5800},{""tier"":5,""winners"":81327,""prizeYen"":1300},{""tier"":6,""winners"":125087,""prizeYen"":1100}]"
"loto7","683","2026-06-26","11 21 22 25 28 29 36","8 32","","0","[{""tier"":1,""winners"":2,""prizeYen"":447577600},{""tier"":2,""winners"":7,""prizeYen"":8304300},{""tier"":3,""winners"":96,""prizeYen"":697500},{""tier"":4,""winners"":5437,""prizeYen"":7400},{""tier"":5,""winners"":88375,""prizeYen"":1500},{""tier"":6,""winners"":163620,""prizeYen"":1000}]"
"loto7","684","2026-07-03","8 14 17 19 20 32 36","21 25","","0","[{""tier"":1,""winners"":1,""prizeYen"":411154000},{""tier"":2,""winners"":8,""prizeYen"":6146900},{""tier"":3,""winners"":100,""prizeYen"":566400},{""tier"":4,""winners"":4616,""prizeYen"":7400},{""tier"":5,""winners"":71534,""prizeYen"":1600},{""tier"":6,""winners"":125163,""prizeYen"":1100}]"
"loto7","685","2026-07-10","1 5 16 20 21 22 31","23 36","","0","[{""tier"":1,""winners"":1,""prizeYen"":395865900},{""tier"":2,""winners"":2,""prizeYen"":23825900},{""tier"":3,""winners"":77,""prizeYen"":712800},{""tier"":4,""winners"":4045,""prizeYen"":8200},{""tier"":5,""winners"":68450,""prizeYen"":1600},{""tier"":6,""winners"":114400,""prizeYen"":1200}]"
"loto7","686","2026-07-17","1 3 16 18 32 34 35","2 15","","380135765","[{""tier"":1,""winners"":0,""prizeYen"":0},{""tier"":2,""winners"":5,""prizeYen"":9047600},{""tier"":3,""winners"":67,""prizeYen"":777700},{""tier"":4,""winners"":3588,""prizeYen"":8800},{""tier"":5,""winners"":61605,""prizeYen"":1700},{""tier"":6,""winners"":113788,""prizeYen"":1100}]"
"loto7","687","2026-07-24","15 22 23 24 25 29 36","35 37","","840886345","[{""tier"":1,""winners"":0,""prizeYen"":0},{""tier"":2,""winners"":4,""prizeYen"":13731000},{""tier"":3,""winners"":84,""prizeYen"":753100},{""tier"":4,""winners"":5210,""prizeYen"":7300},{""tier"":5,""winners"":88245,""prizeYen"":1400},{""tier"":6,""winners"":142408,""prizeYen"":1100}]"
"loto7","688","2026-07-31","4 21 25 28 30 35 37","12 16","","1365436540","[{""tier"":1,""winners"":0,""prizeYen"":0},{""tier"":2,""winners"":12,""prizeYen"":5173400},{""tier"":3,""winners"":128,""prizeYen"":558600},{""tier"":4,""winners"":5218,""prizeYen"":8300},{""tier"":5,""winners"":89558,""prizeYen"":1600},{""tier"":6,""winners"":169337,""prizeYen"":1000}]"
