game,drawNumber,officialDate,historyDate,status,differentFields,officialSource,historySource
"loto6","1","","2000-10-05","missing_official","","","sougaku:data\raw\loto6\extracted\loto6.csv"
"loto6","2","","2000-10-12","missing_official","","","sougaku:data\raw\loto6\extracted\loto6.csv"
"loto6","3","","2000-10-19","missing_official","","","sougaku:data\raw\loto6\extracted\loto6.csv"
"loto6","4","","2000-10-26","missing_official","","","sougaku:data\raw\loto6\extracted\loto6.csv"
"loto6","5","","2000-11-02","missing_official","","","sougaku:data\raw\loto6\extracted\loto6.csv"
"loto6","6","","2000-11-09","missing_official","","","sougaku:data\raw\loto6\extracted\loto6.csv"
"loto6","7","","2000-11-16","missing_official","","","sougaku:data\raw\loto6\extracted\loto6.csv"
"loto6","8","","2000-11-23","missing_official","","","sougaku:data\raw\loto6\extracted\loto6.csv"
"loto6","9","","2000-11-30","missing_official","","","sougaku:data\raw\loto6\extracted\loto6.csv"
"loto6","10","","2000-12-07","missing_official","","","sougaku:data\raw\loto6\extracted\loto6.csv"
"loto6","11","","2000-12-14","missing_official","","","sougaku:data\raw\loto6\extracted\loto6.csv"
"loto6","12","","2000-12-21","missing_official","","","sougaku:data\raw\loto6\extracted\loto6.csv"
"loto6","13","","2000-12-28","missing_official","","","sougaku:data\raw\loto6\extracted\loto6.csv"
"loto6","14","","2001-01-04","missing_official","","","sougaku:data\raw\loto6\extracted\loto6.csv"
"loto6","15","","2001-01-11","missing_official","","","sougaku:data\raw\loto6\extracted\loto6.csv"
"loto6","16","","2001-01-18","missing_official","","","sougaku:data\raw\loto6\extracted\loto6.csv"
"loto6","17","","2001-01-25","missing_official","","","sougaku:data\raw\loto6\extracted\loto6.csv"
"loto6","18","","2001-02-01","missing_official","","","sougaku:data\raw\loto6\extracted\loto6.csv"
"loto6","19","","2001-02-08","missing_official","","","sougaku:data\raw\loto6\extracted\loto6.csv"
"loto6","20","","2001-02-15","missing_official","","","sougaku:data\raw\loto6\extracted\loto6.csv"
"loto6","21","","2001-02-22","missing_official","","","sougaku:data\raw\loto6\extracted\loto6.csv"
"loto6","22","","2001-03-01","missing_official","","","sougaku:data\raw\loto6\extracted\loto6.csv"
"loto6","23","","2001-03-08","missing_official","","","sougaku:data\raw\loto6\extracted\loto6.csv"
"loto6","24","","2001-03-15","missing_official","","","sougaku:data\raw\loto6\extracted\loto6.csv"
"loto6","25","","2001-03-22","missing_official","","","sougaku:data\raw\loto6\extracted\loto6.csv"
"loto6","26","","2001-03-29","missing_official","","","sougaku:data\raw\loto6\extracted\loto6.csv"
"loto6","27","","2001-04-05","missing_official","","","sougaku:data\raw\loto6\extracted\loto6.csv"
"loto6","28","","2001-04-12","missing_official","","","sougaku:data\raw\loto6\extracted\loto6.csv"
"loto6","29","","2001-04-19","missing_official","","","sougaku:data\raw\loto6\extracted\loto6.csv"
"loto6","30","","2001-04-26","missing_official","","","sougaku:data\raw\loto6\extracted\loto6.csv"
"loto6","31","","2001-05-03","missing_official","","","sougaku:data\raw\loto6\extracted\loto6.csv"
"loto6","32","","2001-05-10","missing_official","","","sougaku:data\raw\loto6\extracted\loto6.csv"
"loto6","33","","2001-05-17","missing_official","","","sougaku:data\raw\loto6\extracted\loto6.csv"
"loto6","34","","2001-05-24","missing_official","","","sougaku:data\raw\loto6\extracted\loto6.csv"
"loto6","35","","2001-05-31","missing_official","","","sougaku:data\raw\loto6\extracted\loto6.csv"
"loto6","36","","2001-06-07","missing_official","","","sougaku:data\raw\loto6\extracted\loto6.csv"
"loto6","37","","2001-06-14","missing_official","","","sougaku:data\raw\loto6\extracted\loto6.csv"
"loto6","38","","2001-06-21","missing_official","","","sougaku:data\raw\loto6\extracted\loto6.csv"
"loto6","39","","2001-06-28","missing_official","","","sougaku:data\raw\loto6\extracted\loto6.csv"
"loto6","40","","2001-07-05","missing_official","","","sougaku:data\raw\loto6\extracted\loto6.csv"
"loto6","41","","2001-07-12","missing_official","","","sougaku:data\raw\loto6\extracted\loto6.csv"
"loto6","42","","2001-07-19","missing_official","","","sougaku:data\raw\loto6\extracted\loto6.csv"
"loto6","43","","2001-07-26","missing_official","","","sougaku:data\raw\loto6\extracted\loto6.csv"
"loto6","44","","2001-08-02","missing_official","","","sougaku:data\raw\loto6\extracted\loto6.csv"
"loto6","45","","2001-08-09","missing_official","","","sougaku:data\raw\loto6\extracted\loto6.csv"
"loto6","46","","2001-08-16","missing_official","","","sougaku:data\raw\loto6\extracted\loto6.csv"
"loto6","47","","2001-08-23","missing_official","","","sougaku:data\raw\loto6\extracted\loto6.csv"
"loto6","48","","2001-08-30","missing_official","","","sougaku:data\raw\loto6\extracted\loto6.csv"
"loto6","49","","2001-09-06","missing_official","","","sougaku:data\raw\loto6\extracted\loto6.csv"
"loto6","50","","2001-09-13","missing_official","","","sougaku:data\raw\loto6\extracted\loto6.csv"
"loto6","51","","2001-09-20","missing_official","","","sougaku:data\raw\loto6\extracted\loto6.csv"
"loto6","52","","2001-09-27","missing_official","","","sougaku:data\raw\loto6\extracted\loto6.csv"
"loto6","53","","2001-10-04","missing_official","","","sougaku:data\raw\loto6\extracted\loto6.csv"
"loto6","54","","2001-10-11","missing_official","","","sougaku:data\raw\loto6\extracted\loto6.csv"
"loto6","55","","2001-10-18","missing_official","","","sougaku:data\raw\loto6\extracted\loto6.csv"
"loto6","56","","2001-10-25","missing_official","","","sougaku:data\raw\loto6\extracted\loto6.csv"
"loto6","57","","2001-11-01","missing_official","","","sougaku:data\raw\loto6\extracted\loto6.csv"
"loto6","58","","2001-11-08","missing_official","","","sougaku:data\raw\loto6\extracted\loto6.csv"
"loto6","59","","2001-11-15","missing_official","","","sougaku:data\raw\loto6\extracted\loto6.csv"
"loto6","60","","2001-11-22","missing_official","","","sougaku:data\raw\loto6\extracted\loto6.csv"
"loto6","61","","2001-11-29","missing_official","","","sougaku:data\raw\loto6\extracted\loto6.csv"
"loto6","62","","2001-12-06","missing_official","","","sougaku:data\raw\loto6\extracted\loto6.csv"
"loto6","63","","2001-12-13","missing_official","","","sougaku:data\raw\loto6\extracted\loto6.csv"
"loto6","64","","2001-12-20","missing_official","","","sougaku:data\raw\loto6\extracted\loto6.csv"
"loto6","65","","2001-12-27","missing_official","","","sougaku:data\raw\loto6\extracted\loto6.csv"
"loto6","66","","2002-01-10","missing_official","","","sougaku:data\raw\loto6\extracted\loto6.csv"
"loto6","67","","2002-01-17","missing_official","","","sougaku:data\raw\loto6\extracted\loto6.csv"
"loto6","68","","2002-01-24","missing_official","","","sougaku:data\raw\loto6\extracted\loto6.csv"
"loto6","69","","2002-01-31","missing_official","","","sougaku:data\raw\loto6\extracted\loto6.csv"
"loto6","70","","2002-02-07","missing_official","","","sougaku:data\raw\loto6\extracted\loto6.csv"
"loto6","71","","2002-02-14","missing_official","","","sougaku:data\raw\loto6\extracted\loto6.csv"
"loto6","72","","2002-02-21","missing_official","","","sougaku:data\raw\loto6\extracted\loto6.csv"
"loto6","73","","2002-02-28","missing_official","","","sougaku:data\raw\loto6\extracted\loto6.csv"
"loto6","74","","2002-03-07","missing_official","","","sougaku:data\raw\loto6\extracted\loto6.csv"
"loto6","75","","2002-03-14","missing_official","","","sougaku:data\raw\loto6\extracted\loto6.csv"
"loto6","76","","2002-03-21","missing_official","","","sougaku:data\raw\loto6\extracted\loto6.csv"
"loto6","77","","2002-03-28","missing_official","","","sougaku:data\raw\loto6\extracted\loto6.csv"
"loto6","78","","2002-04-04","missing_official","","","sougaku:data\raw\loto6\extracted\loto6.csv"
"loto6","79","","2002-04-11","missing_official","","","sougaku:data\raw\loto6\extracted\loto6.csv"
"loto6","80","","2002-04-18","missing_official","","","sougaku:data\raw\loto6\extracted\loto6.csv"
"loto6","81","","2002-04-25","missing_official","","","sougaku:data\raw\loto6\extracted\loto6.csv"
"loto6","82","","2002-05-02","missing_official","","","sougaku:data\raw\loto6\extracted\loto6.csv"
"loto6","83","","2002-05-09","missing_official","","","sougaku:data\raw\loto6\extracted\loto6.csv"
"loto6","84","","2002-05-16","missing_official","","","sougaku:data\raw\loto6\extracted\loto6.csv"
"loto6","85","","2002-05-23","missing_official","","","sougaku:data\raw\loto6\extracted\loto6.csv"
"loto6","86","","2002-05-30","missing_official","","","sougaku:data\raw\loto6\extracted\loto6.csv"
"loto6","87","","2002-06-06","missing_official","","","sougaku:data\raw\loto6\extracted\loto6.csv"
"loto6","88","","2002-06-13","missing_official","","","sougaku:data\raw\loto6\extracted\loto6.csv"
"loto6","89","","2002-06-20","missing_official","","","sougaku:data\raw\loto6\extracted\loto6.csv"
"loto6","90","","2002-06-27","missing_official","","","sougaku:data\raw\loto6\extracted\loto6.csv"
"loto6","91","","2002-07-04","missing_official","","","sougaku:data\raw\loto6\extracted\loto6.csv"
"loto6","92","","2002-07-11","missing_official","","","sougaku:data\raw\loto6\extracted\loto6.csv"
"loto6","93","","2002-07-18","missing_official","","","sougaku:data\raw\loto6\extracted\loto6.csv"
"loto6","94","","2002-07-25","missing_official","","","sougaku:data\raw\loto6\extracted\loto6.csv"
"loto6","95","","2002-08-01","missing_official","","","sougaku:data\raw\loto6\extracted\loto6.csv"
"loto6","96","","2002-08-08","missing_official","","","sougaku:data\raw\loto6\extracted\loto6.csv"
"loto6","97","","2002-08-15","missing_official","","","sougaku:data\raw\loto6\extracted\loto6.csv"
"loto6","98","","2002-08-22","missing_official","","","sougaku:data\raw\loto6\extracted\loto6.csv"
"loto6","99","","2002-08-29","missing_official","","","sougaku:data\raw\loto6\extracted\loto6.csv"
"loto6","100","","2002-09-05","missing_official","","","sougaku:data\raw\loto6\extracted\loto6.csv"
"loto6","101","","2002-09-12","missing_official","","","sougaku:data\raw\loto6\extracted\loto6.csv"
"loto6","102","","2002-09-19","missing_official","","","sougaku:data\raw\loto6\extracted\loto6.csv"
"loto6","103","","2002-09-26","missing_official","","","sougaku:data\raw\loto6\extracted\loto6.csv"
"loto6","104","","2002-10-03","missing_official","","","sougaku:data\raw\loto6\extracted\loto6.csv"
"loto6","105","","2002-10-10","missing_official","","","sougaku:data\raw\loto6\extracted\loto6.csv"
"loto6","106","","2002-10-17","missing_official","","","sougaku:data\raw\loto6\extracted\loto6.csv"
"loto6","107","","2002-10-24","missing_official","","","sougaku:data\raw\loto6\extracted\loto6.csv"
"loto6","108","","2002-10-31","missing_official","","","sougaku:data\raw\loto6\extracted\loto6.csv"
"loto6","109","","2002-11-07","missing_official","","","sougaku:data\raw\loto6\extracted\loto6.csv"
"loto6","110","","2002-11-14","missing_official","","","sougaku:data\raw\loto6\extracted\loto6.csv"
"loto6","111","","2002-11-21","missing_official","","","sougaku:data\raw\loto6\extracted\loto6.csv"
"loto6","112","","2002-11-28","missing_official","","","sougaku:data\raw\loto6\extracted\loto6.csv"
"loto6","113","","2002-12-05","missing_official","","","sougaku:data\raw\loto6\extracted\loto6.csv"
"loto6","114","","2002-12-12","missing_official","","","sougaku:data\raw\loto6\extracted\loto6.csv"
"loto6","115","","2002-12-19","missing_official","","","sougaku:data\raw\loto6\extracted\loto6.csv"
"loto6","116","","2002-12-26","missing_official","","","sougaku:data\raw\loto6\extracted\loto6.csv"
"loto6","117","","2003-01-09","missing_official","","","sougaku:data\raw\loto6\extracted\loto6.csv"
"loto6","118","","2003-01-16","missing_official","","","sougaku:data\raw\loto6\extracted\loto6.csv"
"loto6","119","","2003-01-23","missing_official","","","sougaku:data\raw\loto6\extracted\loto6.csv"
"loto6","120","","2003-01-30","missing_official","","","sougaku:data\raw\loto6\extracted\loto6.csv"
"loto6","121","","2003-02-06","missing_official","","","sougaku:data\raw\loto6\extracted\loto6.csv"
"loto6","122","","2003-02-13","missing_official","","","sougaku:data\raw\loto6\extracted\loto6.csv"
"loto6","123","","2003-02-20","missing_official","","","sougaku:data\raw\loto6\extracted\loto6.csv"
"loto6","124","","2003-02-27","missing_official","","","sougaku:data\raw\loto6\extracted\loto6.csv"
"loto6","125","","2003-03-06","missing_official","","","sougaku:data\raw\loto6\extracted\loto6.csv"
"loto6","126","","2003-03-13","missing_official","","","sougaku:data\raw\loto6\extracted\loto6.csv"
"loto6","127","","2003-03-20","missing_official","","","sougaku:data\raw\loto6\extracted\loto6.csv"
"loto6","128","","2003-03-27","missing_official","","","sougaku:data\raw\loto6\extracted\loto6.csv"
"loto6","129","","2003-04-03","missing_official","","","sougaku:data\raw\loto6\extracted\loto6.csv"
"loto6","130","","2003-04-10","missing_official","","","sougaku:data\raw\loto6\extracted\loto6.csv"
"loto6","131","","2003-04-17","missing_official","","","sougaku:data\raw\loto6\extracted\loto6.csv"
"loto6","132","","2003-04-24","missing_official","","","sougaku:data\raw\loto6\extracted\loto6.csv"
"loto6","133","","2003-05-01","missing_official","","","sougaku:data\raw\loto6\extracted\loto6.csv"
"loto6","134","","2003-05-08","missing_official","","","sougaku:data\raw\loto6\extracted\loto6.csv"
"loto6","135","","2003-05-15","missing_official","","","sougaku:data\raw\loto6\extracted\loto6.csv"
"loto6","136","","2003-05-22","missing_official","","","sougaku:data\raw\loto6\extracted\loto6.csv"
"loto6","137","","2003-05-29","missing_official","","","sougaku:data\raw\loto6\extracted\loto6.csv"
"loto6","138","","2003-06-05","missing_official","","","sougaku:data\raw\loto6\extracted\loto6.csv"
"loto6","139","","2003-06-12","missing_official","","","sougaku:data\raw\loto6\extracted\loto6.csv"
"loto6","140","","2003-06-19","missing_official","","","sougaku:data\raw\loto6\extracted\loto6.csv"
"loto6","141","","2003-06-26","missing_official","","","sougaku:data\raw\loto6\extracted\loto6.csv"
"loto6","142","","2003-07-03","missing_official","","","sougaku:data\raw\loto6\extracted\loto6.csv"
"loto6","143","","2003-07-10","missing_official","","","sougaku:data\raw\loto6\extracted\loto6.csv"
"loto6","144","","2003-07-17","missing_official","","","sougaku:data\raw\loto6\extracted\loto6.csv"
"loto6","145","","2003-07-24","missing_official","","","sougaku:data\raw\loto6\extracted\loto6.csv"
"loto6","146","","2003-07-31","missing_official","","","sougaku:data\raw\loto6\extracted\loto6.csv"
"loto6","147","","2003-08-07","missing_official","","","sougaku:data\raw\loto6\extracted\loto6.csv"
"loto6","148","","2003-08-14","missing_official","","","sougaku:data\raw\loto6\extracted\loto6.csv"
"loto6","149","","2003-08-21","missing_official","","","sougaku:data\raw\loto6\extracted\loto6.csv"
"loto6","150","","2003-08-28","missing_official","","","sougaku:data\raw\loto6\extracted\loto6.csv"
"loto6","151","","2003-09-04","missing_official","","","sougaku:data\raw\loto6\extracted\loto6.csv"
"loto6","152","","2003-09-11","missing_official","","","sougaku:data\raw\loto6\extracted\loto6.csv"
"loto6","153","","2003-09-18","missing_official","","","sougaku:data\raw\loto6\extracted\loto6.csv"
"loto6","154","","2003-09-25","missing_official","","","sougaku:data\raw\loto6\extracted\loto6.csv"
"loto6","155","","2003-10-02","missing_official","","","sougaku:data\raw\loto6\extracted\loto6.csv"
"loto6","156","","2003-10-09","missing_official","","","sougaku:data\raw\loto6\extracted\loto6.csv"
"loto6","157","","2003-10-16","missing_official","","","sougaku:data\raw\loto6\extracted\loto6.csv"
"loto6","158","","2003-10-23","missing_official","","","sougaku:data\raw\loto6\extracted\loto6.csv"
"loto6","159","","2003-10-30","missing_official","","","sougaku:data\raw\loto6\extracted\loto6.csv"
"loto6","160","","2003-11-06","missing_official","","","sougaku:data\raw\loto6\extracted\loto6.csv"
"loto6","161","","2003-11-13","missing_official","","","sougaku:data\raw\loto6\extracted\loto6.csv"
"loto6","162","","2003-11-20","missing_official","","","sougaku:data\raw\loto6\extracted\loto6.csv"
"loto6","163","","2003-11-27","missing_official","","","sougaku:data\raw\loto6\extracted\loto6.csv"
"loto6","164","","2003-12-04","missing_official","","","sougaku:data\raw\loto6\extracted\loto6.csv"
"loto6","165","","2003-12-11","missing_official","","","sougaku:data\raw\loto6\extracted\loto6.csv"
"loto6","166","","2003-12-18","missing_official","","","sougaku:data\raw\loto6\extracted\loto6.csv"
"loto6","167","","2003-12-25","missing_official","","","sougaku:data\raw\loto6\extracted\loto6.csv"
"loto6","168","","2004-01-08","missing_official","","","sougaku:data\raw\loto6\extracted\loto6.csv"
"loto6","169","","2004-01-15","missing_official","","","sougaku:data\raw\loto6\extracted\loto6.csv"
"loto6","170","","2004-01-22","missing_official","","","sougaku:data\raw\loto6\extracted\loto6.csv"
"loto6","171","","2004-01-29","missing_official","","","sougaku:data\raw\loto6\extracted\loto6.csv"
"loto6","172","","2004-02-05","missing_official","","","sougaku:data\raw\loto6\extracted\loto6.csv"
"loto6","173","","2004-02-12","missing_official","","","sougaku:data\raw\loto6\extracted\loto6.csv"
"loto6","174","","2004-02-19","missing_official","","","sougaku:data\raw\loto6\extracted\loto6.csv"
"loto6","175","","2004-02-26","missing_official","","","sougaku:data\raw\loto6\extracted\loto6.csv"
"loto6","176","","2004-03-04","missing_official","","","sougaku:data\raw\loto6\extracted\loto6.csv"
"loto6","177","","2004-03-11","missing_official","","","sougaku:data\raw\loto6\extracted\loto6.csv"
"loto6","178","","2004-03-18","missing_official","","","sougaku:data\raw\loto6\extracted\loto6.csv"
"loto6","179","","2004-03-25","missing_official","","","sougaku:data\raw\loto6\extracted\loto6.csv"
"loto6","180","","2004-04-01","missing_official","","","sougaku:data\raw\loto6\extracted\loto6.csv"
"loto6","181","","2004-04-08","missing_official","","","sougaku:data\raw\loto6\extracted\loto6.csv"
"loto6","182","","2004-04-15","missing_official","","","sougaku:data\raw\loto6\extracted\loto6.csv"
"loto6","183","","2004-04-22","missing_official","","","sougaku:data\raw\loto6\extracted\loto6.csv"
"loto6","184","","2004-04-29","missing_official","","","sougaku:data\raw\loto6\extracted\loto6.csv"
"loto6","185","","2004-05-06","missing_official","","","sougaku:data\raw\loto6\extracted\loto6.csv"
"loto6","186","","2004-05-13","missing_official","","","sougaku:data\raw\loto6\extracted\loto6.csv"
"loto6","187","","2004-05-20","missing_official","","","sougaku:data\raw\loto6\extracted\loto6.csv"
"loto6","188","","2004-05-27","missing_official","","","sougaku:data\raw\loto6\extracted\loto6.csv"
"loto6","189","","2004-06-03","missing_official","","","sougaku:data\raw\loto6\extracted\loto6.csv"
"loto6","190","","2004-06-10","missing_official","","","sougaku:data\raw\loto6\extracted\loto6.csv"
"loto6","191","","2004-06-17","missing_official","","","sougaku:data\raw\loto6\extracted\loto6.csv"
"loto6","192","","2004-06-24","missing_official","","","sougaku:data\raw\loto6\extracted\loto6.csv"
"loto6","193","","2004-07-01","missing_official","","","sougaku:data\raw\loto6\extracted\loto6.csv"
"loto6","194","","2004-07-08","missing_official","","","sougaku:data\raw\loto6\extracted\loto6.csv"
"loto6","195","","2004-07-15","missing_official","","","sougaku:data\raw\loto6\extracted\loto6.csv"
"loto6","196","","2004-07-22","missing_official","","","sougaku:data\raw\loto6\extracted\loto6.csv"
"loto6","197","","2004-07-29","missing_official","","","sougaku:data\raw\loto6\extracted\loto6.csv"
"loto6","198","","2004-08-05","missing_official","","","sougaku:data\raw\loto6\extracted\loto6.csv"
"loto6","199","","2004-08-12","missing_official","","","sougaku:data\raw\loto6\extracted\loto6.csv"
"loto6","200","","2004-08-19","missing_official","","","sougaku:data\raw\loto6\extracted\loto6.csv"
"loto6","201","","2004-08-26","missing_official","","","sougaku:data\raw\loto6\extracted\loto6.csv"
"loto6","202","","2004-09-02","missing_official","","","sougaku:data\raw\loto6\extracted\loto6.csv"
"loto6","203","","2004-09-09","missing_official","","","sougaku:data\raw\loto6\extracted\loto6.csv"
"loto6","204","","2004-09-16","missing_official","","","sougaku:data\raw\loto6\extracted\loto6.csv"
"loto6","205","","2004-09-23","missing_official","","","sougaku:data\raw\loto6\extracted\loto6.csv"
"loto6","206","","2004-09-30","missing_official","","","sougaku:data\raw\loto6\extracted\loto6.csv"
"loto6","207","","2004-10-07","missing_official","","","sougaku:data\raw\loto6\extracted\loto6.csv"
"loto6","208","","2004-10-14","missing_official","","","sougaku:data\raw\loto6\extracted\loto6.csv"
"loto6","209","","2004-10-21","missing_official","","","sougaku:data\raw\loto6\extracted\loto6.csv"
"loto6","210","","2004-10-28","missing_official","","","sougaku:data\raw\loto6\extracted\loto6.csv"
"loto6","211","","2004-11-04","missing_official","","","sougaku:data\raw\loto6\extracted\loto6.csv"
"loto6","212","","2004-11-11","missing_official","","","sougaku:data\raw\loto6\extracted\loto6.csv"
"loto6","213","","2004-11-18","missing_official","","","sougaku:data\raw\loto6\extracted\loto6.csv"
"loto6","214","","2004-11-25","missing_official","","","sougaku:data\raw\loto6\extracted\loto6.csv"
"loto6","215","","2004-12-02","missing_official","","","sougaku:data\raw\loto6\extracted\loto6.csv"
"loto6","216","","2004-12-09","missing_official","","","sougaku:data\raw\loto6\extracted\loto6.csv"
"loto6","217","","2004-12-16","missing_official","","","sougaku:data\raw\loto6\extracted\loto6.csv"
"loto6","218","","2004-12-23","missing_official","","","sougaku:data\raw\loto6\extracted\loto6.csv"
"loto6","219","","2004-12-30","missing_official","","","sougaku:data\raw\loto6\extracted\loto6.csv"
"loto6","220","","2005-01-06","missing_official","","","sougaku:data\raw\loto6\extracted\loto6.csv"
"loto6","221","","2005-01-13","missing_official","","","sougaku:data\raw\loto6\extracted\loto6.csv"
"loto6","222","","2005-01-20","missing_official","","","sougaku:data\raw\loto6\extracted\loto6.csv"
"loto6","223","","2005-01-27","missing_official","","","sougaku:data\raw\loto6\extracted\loto6.csv"
"loto6","224","","2005-02-03","missing_official","","","sougaku:data\raw\loto6\extracted\loto6.csv"
"loto6","225","","2005-02-10","missing_official","","","sougaku:data\raw\loto6\extracted\loto6.csv"
"loto6","226","","2005-02-17","missing_official","","","sougaku:data\raw\loto6\extracted\loto6.csv"
"loto6","227","","2005-02-24","missing_official","","","sougaku:data\raw\loto6\extracted\loto6.csv"
"loto6","228","","2005-03-03","missing_official","","","sougaku:data\raw\loto6\extracted\loto6.csv"
"loto6","229","","2005-03-10","missing_official","","","sougaku:data\raw\loto6\extracted\loto6.csv"
"loto6","230","","2005-03-17","missing_official","","","sougaku:data\raw\loto6\extracted\loto6.csv"
"loto6","231","","2005-03-24","missing_official","","","sougaku:data\raw\loto6\extracted\loto6.csv"
"loto6","232","","2005-03-31","missing_official","","","sougaku:data\raw\loto6\extracted\loto6.csv"
"loto6","233","","2005-04-07","missing_official","","","sougaku:data\raw\loto6\extracted\loto6.csv"
"loto6","234","","2005-04-14","missing_official","","","sougaku:data\raw\loto6\extracted\loto6.csv"
"loto6","235","","2005-04-21","missing_official","","","sougaku:data\raw\loto6\extracted\loto6.csv"
"loto6","236","","2005-04-28","missing_official","","","sougaku:data\raw\loto6\extracted\loto6.csv"
"loto6","237","","2005-05-05","missing_official","","","sougaku:data\raw\loto6\extracted\loto6.csv"
"loto6","238","","2005-05-12","missing_official","","","sougaku:data\raw\loto6\extracted\loto6.csv"
"loto6","239","","2005-05-19","missing_official","","","sougaku:data\raw\loto6\extracted\loto6.csv"
"loto6","240","","2005-05-26","missing_official","","","sougaku:data\raw\loto6\extracted\loto6.csv"
"loto6","241","","2005-06-02","missing_official","","","sougaku:data\raw\loto6\extracted\loto6.csv"
"loto6","242","","2005-06-09","missing_official","","","sougaku:data\raw\loto6\extracted\loto6.csv"
"loto6","243","","2005-06-16","missing_official","","","sougaku:data\raw\loto6\extracted\loto6.csv"
"loto6","244","","2005-06-23","missing_official","","","sougaku:data\raw\loto6\extracted\loto6.csv"
"loto6","245","","2005-06-30","missing_official","","","sougaku:data\raw\loto6\extracted\loto6.csv"
"loto6","246","","2005-07-07","missing_official","","","sougaku:data\raw\loto6\extracted\loto6.csv"
"loto6","247","","2005-07-14","missing_official","","","sougaku:data\raw\loto6\extracted\loto6.csv"
"loto6","248","","2005-07-21","missing_official","","","sougaku:data\raw\loto6\extracted\loto6.csv"
"loto6","249","","2005-07-28","missing_official","","","sougaku:data\raw\loto6\extracted\loto6.csv"
"loto6","250","","2005-08-04","missing_official","","","sougaku:data\raw\loto6\extracted\loto6.csv"
"loto6","251","","2005-08-11","missing_official","","","sougaku:data\raw\loto6\extracted\loto6.csv"
"loto6","252","","2005-08-18","missing_official","","","sougaku:data\raw\loto6\extracted\loto6.csv"
"loto6","253","","2005-08-25","missing_official","","","sougaku:data\raw\loto6\extracted\loto6.csv"
"loto6","254","","2005-09-01","missing_official","","","sougaku:data\raw\loto6\extracted\loto6.csv"
"loto6","255","","2005-09-08","missing_official","","","sougaku:data\raw\loto6\extracted\loto6.csv"
"loto6","256","","2005-09-15","missing_official","","","sougaku:data\raw\loto6\extracted\loto6.csv"
"loto6","257","","2005-09-22","missing_official","","","sougaku:data\raw\loto6\extracted\loto6.csv"
"loto6","258","","2005-09-29","missing_official","","","sougaku:data\raw\loto6\extracted\loto6.csv"
"loto6","259","","2005-10-06","missing_official","","","sougaku:data\raw\loto6\extracted\loto6.csv"
"loto6","260","","2005-10-13","missing_official","","","sougaku:data\raw\loto6\extracted\loto6.csv"
"loto6","261","","2005-10-20","missing_official","","","sougaku:data\raw\loto6\extracted\loto6.csv"
"loto6","262","","2005-10-27","missing_official","","","sougaku:data\raw\loto6\extracted\loto6.csv"
"loto6","263","","2005-11-03","missing_official","","","sougaku:data\raw\loto6\extracted\loto6.csv"
"loto6","264","","2005-11-10","missing_official","","","sougaku:data\raw\loto6\extracted\loto6.csv"
"loto6","265","","2005-11-17","missing_official","","","sougaku:data\raw\loto6\extracted\loto6.csv"
"loto6","266","","2005-11-24","missing_official","","","sougaku:data\raw\loto6\extracted\loto6.csv"
"loto6","267","","2005-12-01","missing_official","","","sougaku:data\raw\loto6\extracted\loto6.csv"
"loto6","268","","2005-12-08","missing_official","","","sougaku:data\raw\loto6\extracted\loto6.csv"
"loto6","269","","2005-12-15","missing_official","","","sougaku:data\raw\loto6\extracted\loto6.csv"
"loto6","270","","2005-12-22","missing_official","","","sougaku:data\raw\loto6\extracted\loto6.csv"
"loto6","271","","2005-12-29","missing_official","","","sougaku:data\raw\loto6\extracted\loto6.csv"
"loto6","272","","2006-01-05","missing_official","","","sougaku:data\raw\loto6\extracted\loto6.csv"
"loto6","273","","2006-01-12","missing_official","","","sougaku:data\raw\loto6\extracted\loto6.csv"
"loto6","274","","2006-01-19","missing_official","","","sougaku:data\raw\loto6\extracted\loto6.csv"
"loto6","275","","2006-01-26","missing_official","","","sougaku:data\raw\loto6\extracted\loto6.csv"
"loto6","276","","2006-02-02","missing_official","","","sougaku:data\raw\loto6\extracted\loto6.csv"
"loto6","277","","2006-02-09","missing_official","","","sougaku:data\raw\loto6\extracted\loto6.csv"
"loto6","278","","2006-02-16","missing_official","","","sougaku:data\raw\loto6\extracted\loto6.csv"
"loto6","279","","2006-02-23","missing_official","","","sougaku:data\raw\loto6\extracted\loto6.csv"
"loto6","280","","2006-03-02","missing_official","","","sougaku:data\raw\loto6\extracted\loto6.csv"
"loto6","281","","2006-03-09","missing_official","","","sougaku:data\raw\loto6\extracted\loto6.csv"
"loto6","282","","2006-03-16","missing_official","","","sougaku:data\raw\loto6\extracted\loto6.csv"
"loto6","283","","2006-03-23","missing_official","","","sougaku:data\raw\loto6\extracted\loto6.csv"
"loto6","284","","2006-03-30","missing_official","","","sougaku:data\raw\loto6\extracted\loto6.csv"
"loto6","285","","2006-04-06","missing_official","","","sougaku:data\raw\loto6\extracted\loto6.csv"
"loto6","286","","2006-04-13","missing_official","","","sougaku:data\raw\loto6\extracted\loto6.csv"
"loto6","287","","2006-04-20","missing_official","","","sougaku:data\raw\loto6\extracted\loto6.csv"
"loto6","288","","2006-04-27","missing_official","","","sougaku:data\raw\loto6\extracted\loto6.csv"
"loto6","289","","2006-05-04","missing_official","","","sougaku:data\raw\loto6\extracted\loto6.csv"
"loto6","290","","2006-05-11","missing_official","","","sougaku:data\raw\loto6\extracted\loto6.csv"
"loto6","291","","2006-05-18","missing_official","","","sougaku:data\raw\loto6\extracted\loto6.csv"
"loto6","292","","2006-05-25","missing_official","","","sougaku:data\raw\loto6\extracted\loto6.csv"
"loto6","293","","2006-06-01","missing_official","","","sougaku:data\raw\loto6\extracted\loto6.csv"
"loto6","294","","2006-06-08","missing_official","","","sougaku:data\raw\loto6\extracted\loto6.csv"
"loto6","295","","2006-06-15","missing_official","","","sougaku:data\raw\loto6\extracted\loto6.csv"
"loto6","296","","2006-06-22","missing_official","","","sougaku:data\raw\loto6\extracted\loto6.csv"
"loto6","297","","2006-06-29","missing_official","","","sougaku:data\raw\loto6\extracted\loto6.csv"
"loto6","298","","2006-07-06","missing_official","","","sougaku:data\raw\loto6\extracted\loto6.csv"
"loto6","299","","2006-07-13","missing_official","","","sougaku:data\raw\loto6\extracted\loto6.csv"
"loto6","300","","2006-07-20","missing_official","","","sougaku:data\raw\loto6\extracted\loto6.csv"
"loto6","301","","2006-07-27","missing_official","","","sougaku:data\raw\loto6\extracted\loto6.csv"
"loto6","302","","2006-08-03","missing_official","","","sougaku:data\raw\loto6\extracted\loto6.csv"
"loto6","303","","2006-08-10","missing_official","","","sougaku:data\raw\loto6\extracted\loto6.csv"
"loto6","304","","2006-08-17","missing_official","","","sougaku:data\raw\loto6\extracted\loto6.csv"
"loto6","305","","2006-08-24","missing_official","","","sougaku:data\raw\loto6\extracted\loto6.csv"
"loto6","306","","2006-08-31","missing_official","","","sougaku:data\raw\loto6\extracted\loto6.csv"
"loto6","307","","2006-09-07","missing_official","","","sougaku:data\raw\loto6\extracted\loto6.csv"
"loto6","308","","2006-09-14","missing_official","","","sougaku:data\raw\loto6\extracted\loto6.csv"
"loto6","309","","2006-09-21","missing_official","","","sougaku:data\raw\loto6\extracted\loto6.csv"
"loto6","310","","2006-09-28","missing_official","","","sougaku:data\raw\loto6\extracted\loto6.csv"
"loto6","311","","2006-10-05","missing_official","","","sougaku:data\raw\loto6\extracted\loto6.csv"
"loto6","312","","2006-10-12","missing_official","","","sougaku:data\raw\loto6\extracted\loto6.csv"
"loto6","313","","2006-10-19","missing_official","","","sougaku:data\raw\loto6\extracted\loto6.csv"
"loto6","314","","2006-10-26","missing_official","","","sougaku:data\raw\loto6\extracted\loto6.csv"
"loto6","315","","2006-11-02","missing_official","","","sougaku:data\raw\loto6\extracted\loto6.csv"
"loto6","316","","2006-11-09","missing_official","","","sougaku:data\raw\loto6\extracted\loto6.csv"
"loto6","317","","2006-11-16","missing_official","","","sougaku:data\raw\loto6\extracted\loto6.csv"
"loto6","318","","2006-11-23","missing_official","","","sougaku:data\raw\loto6\extracted\loto6.csv"
"loto6","319","","2006-11-30","missing_official","","","sougaku:data\raw\loto6\extracted\loto6.csv"
"loto6","320","","2006-12-07","missing_official","","","sougaku:data\raw\loto6\extracted\loto6.csv"
"loto6","321","","2006-12-14","missing_official","","","sougaku:data\raw\loto6\extracted\loto6.csv"
"loto6","322","","2006-12-21","missing_official","","","sougaku:data\raw\loto6\extracted\loto6.csv"
"loto6","323","","2006-12-28","missing_official","","","sougaku:data\raw\loto6\extracted\loto6.csv"
"loto6","324","","2007-01-04","missing_official","","","sougaku:data\raw\loto6\extracted\loto6.csv"
"loto6","325","","2007-01-11","missing_official","","","sougaku:data\raw\loto6\extracted\loto6.csv"
"loto6","326","","2007-01-18","missing_official","","","sougaku:data\raw\loto6\extracted\loto6.csv"
"loto6","327","","2007-01-25","missing_official","","","sougaku:data\raw\loto6\extracted\loto6.csv"
"loto6","328","","2007-02-01","missing_official","","","sougaku:data\raw\loto6\extracted\loto6.csv"
"loto6","329","","2007-02-08","missing_official","","","sougaku:data\raw\loto6\extracted\loto6.csv"
"loto6","330","","2007-02-15","missing_official","","","sougaku:data\raw\loto6\extracted\loto6.csv"
"loto6","331","","2007-02-22","missing_official","","","sougaku:data\raw\loto6\extracted\loto6.csv"
"loto6","332","","2007-03-01","missing_official","","","sougaku:data\raw\loto6\extracted\loto6.csv"
"loto6","333","","2007-03-08","missing_official","","","sougaku:data\raw\loto6\extracted\loto6.csv"
"loto6","334","","2007-03-15","missing_official","","","sougaku:data\raw\loto6\extracted\loto6.csv"
"loto6","335","","2007-03-22","missing_official","","","sougaku:data\raw\loto6\extracted\loto6.csv"
"loto6","336","","2007-03-29","missing_official","","","sougaku:data\raw\loto6\extracted\loto6.csv"
"loto6","337","","2007-04-05","missing_official","","","sougaku:data\raw\loto6\extracted\loto6.csv"
"loto6","338","","2007-04-12","missing_official","","","sougaku:data\raw\loto6\extracted\loto6.csv"
"loto6","339","","2007-04-19","missing_official","","","sougaku:data\raw\loto6\extracted\loto6.csv"
"loto6","340","","2007-04-26","missing_official","","","sougaku:data\raw\loto6\extracted\loto6.csv"
"loto6","341","","2007-05-03","missing_official","","","sougaku:data\raw\loto6\extracted\loto6.csv"
"loto6","342","","2007-05-10","missing_official","","","sougaku:data\raw\loto6\extracted\loto6.csv"
"loto6","343","","2007-05-17","missing_official","","","sougaku:data\raw\loto6\extracted\loto6.csv"
"loto6","344","","2007-05-24","missing_official","","","sougaku:data\raw\loto6\extracted\loto6.csv"
"loto6","345","","2007-05-31","missing_official","","","sougaku:data\raw\loto6\extracted\loto6.csv"
"loto6","346","","2007-06-07","missing_official","","","sougaku:data\raw\loto6\extracted\loto6.csv"
"loto6","347","","2007-06-14","missing_official","","","sougaku:data\raw\loto6\extracted\loto6.csv"
"loto6","348","","2007-06-21","missing_official","","","sougaku:data\raw\loto6\extracted\loto6.csv"
"loto6","349","","2007-06-28","missing_official","","","sougaku:data\raw\loto6\extracted\loto6.csv"
"loto6","350","","2007-07-05","missing_official","","","sougaku:data\raw\loto6\extracted\loto6.csv"
"loto6","351","","2007-07-12","missing_official","","","sougaku:data\raw\loto6\extracted\loto6.csv"
"loto6","352","","2007-07-19","missing_official","","","sougaku:data\raw\loto6\extracted\loto6.csv"
"loto6","353","","2007-07-26","missing_official","","","sougaku:data\raw\loto6\extracted\loto6.csv"
"loto6","354","","2007-08-02","missing_official","","","sougaku:data\raw\loto6\extracted\loto6.csv"
"loto6","355","","2007-08-09","missing_official","","","sougaku:data\raw\loto6\extracted\loto6.csv"
"loto6","356","","2007-08-16","missing_official","","","sougaku:data\raw\loto6\extracted\loto6.csv"
"loto6","357","","2007-08-23","missing_official","","","sougaku:data\raw\loto6\extracted\loto6.csv"
"loto6","358","","2007-08-30","missing_official","","","sougaku:data\raw\loto6\extracted\loto6.csv"
"loto6","359","","2007-09-06","missing_official","","","sougaku:data\raw\loto6\extracted\loto6.csv"
"loto6","360","","2007-09-13","missing_official","","","sougaku:data\raw\loto6\extracted\loto6.csv"
"loto6","361","","2007-09-20","missing_official","","","sougaku:data\raw\loto6\extracted\loto6.csv"
"loto6","362","","2007-09-27","missing_official","","","sougaku:data\raw\loto6\extracted\loto6.csv"
"loto6","363","","2007-10-04","missing_official","","","sougaku:data\raw\loto6\extracted\loto6.csv"
"loto6","364","","2007-10-11","missing_official","","","sougaku:data\raw\loto6\extracted\loto6.csv"
"loto6","365","","2007-10-18","missing_official","","","sougaku:data\raw\loto6\extracted\loto6.csv"
"loto6","366","","2007-10-25","missing_official","","","sougaku:data\raw\loto6\extracted\loto6.csv"
"loto6","367","","2007-11-01","missing_official","","","sougaku:data\raw\loto6\extracted\loto6.csv"
"loto6","368","","2007-11-08","missing_official","","","sougaku:data\raw\loto6\extracted\loto6.csv"
"loto6","369","","2007-11-15","missing_official","","","sougaku:data\raw\loto6\extracted\loto6.csv"
"loto6","370","","2007-11-22","missing_official","","","sougaku:data\raw\loto6\extracted\loto6.csv"
"loto6","371","","2007-11-29","missing_official","","","sougaku:data\raw\loto6\extracted\loto6.csv"
"loto6","372","","2007-12-06","missing_official","","","sougaku:data\raw\loto6\extracted\loto6.csv"
"loto6","373","","2007-12-13","missing_official","","","sougaku:data\raw\loto6\extracted\loto6.csv"
"loto6","374","","2007-12-20","missing_official","","","sougaku:data\raw\loto6\extracted\loto6.csv"
"loto6","375","","2007-12-27","missing_official","","","sougaku:data\raw\loto6\extracted\loto6.csv"
"loto6","376","","2008-01-10","missing_official","","","sougaku:data\raw\loto6\extracted\loto6.csv"
"loto6","377","","2008-01-17","missing_official","","","sougaku:data\raw\loto6\extracted\loto6.csv"
"loto6","378","","2008-01-24","missing_official","","","sougaku:data\raw\loto6\extracted\loto6.csv"
"loto6","379","","2008-01-31","missing_official","","","sougaku:data\raw\loto6\extracted\loto6.csv"
"loto6","380","","2008-02-07","missing_official","","","sougaku:data\raw\loto6\extracted\loto6.csv"
"loto6","381","","2008-02-14","missing_official","","","sougaku:data\raw\loto6\extracted\loto6.csv"
"loto6","382","","2008-02-21","missing_official","","","sougaku:data\raw\loto6\extracted\loto6.csv"
"loto6","383","","2008-02-28","missing_official","","","sougaku:data\raw\loto6\extracted\loto6.csv"
"loto6","384","","2008-03-06","missing_official","","","sougaku:data\raw\loto6\extracted\loto6.csv"
"loto6","385","","2008-03-13","missing_official","","","sougaku:data\raw\loto6\extracted\loto6.csv"
"loto6","386","","2008-03-20","missing_official","","","sougaku:data\raw\loto6\extracted\loto6.csv"
"loto6","387","","2008-03-27","missing_official","","","sougaku:data\raw\loto6\extracted\loto6.csv"
"loto6","388","","2008-04-03","missing_official","","","sougaku:data\raw\loto6\extracted\loto6.csv"
"loto6","389","","2008-04-10","missing_official","","","sougaku:data\raw\loto6\extracted\loto6.csv"
"loto6","390","","2008-04-17","missing_official","","","sougaku:data\raw\loto6\extracted\loto6.csv"
"loto6","391","","2008-04-24","missing_official","","","sougaku:data\raw\loto6\extracted\loto6.csv"
"loto6","392","","2008-05-01","missing_official","","","sougaku:data\raw\loto6\extracted\loto6.csv"
"loto6","393","","2008-05-08","missing_official","","","sougaku:data\raw\loto6\extracted\loto6.csv"
"loto6","394","","2008-05-15","missing_official","","","sougaku:data\raw\loto6\extracted\loto6.csv"
"loto6","395","","2008-05-22","missing_official","","","sougaku:data\raw\loto6\extracted\loto6.csv"
"loto6","396","","2008-05-29","missing_official","","","sougaku:data\raw\loto6\extracted\loto6.csv"
"loto6","397","","2008-06-05","missing_official","","","sougaku:data\raw\loto6\extracted\loto6.csv"
"loto6","398","","2008-06-12","missing_official","","","sougaku:data\raw\loto6\extracted\loto6.csv"
"loto6","399","","2008-06-19","missing_official","","","sougaku:data\raw\loto6\extracted\loto6.csv"
"loto6","400","","2008-06-26","missing_official","","","sougaku:data\raw\loto6\extracted\loto6.csv"
"loto6","401","","2008-07-03","missing_official","","","sougaku:data\raw\loto6\extracted\loto6.csv"
"loto6","402","","2008-07-10","missing_official","","","sougaku:data\raw\loto6\extracted\loto6.csv"
"loto6","403","","2008-07-17","missing_official","","","sougaku:data\raw\loto6\extracted\loto6.csv"
"loto6","404","","2008-07-24","missing_official","","","sougaku:data\raw\loto6\extracted\loto6.csv"
"loto6","405","","2008-07-31","missing_official","","","sougaku:data\raw\loto6\extracted\loto6.csv"
"loto6","406","","2008-08-07","missing_official","","","sougaku:data\raw\loto6\extracted\loto6.csv"
"loto6","407","","2008-08-14","missing_official","","","sougaku:data\raw\loto6\extracted\loto6.csv"
"loto6","408","","2008-08-21","missing_official","","","sougaku:data\raw\loto6\extracted\loto6.csv"
"loto6","409","","2008-08-28","missing_official","","","sougaku:data\raw\loto6\extracted\loto6.csv"
"loto6","410","","2008-09-04","missing_official","","","sougaku:data\raw\loto6\extracted\loto6.csv"
"loto6","411","","2008-09-11","missing_official","","","sougaku:data\raw\loto6\extracted\loto6.csv"
"loto6","412","","2008-09-18","missing_official","","","sougaku:data\raw\loto6\extracted\loto6.csv"
"loto6","413","","2008-09-25","missing_official","","","sougaku:data\raw\loto6\extracted\loto6.csv"
"loto6","414","","2008-10-02","missing_official","","","sougaku:data\raw\loto6\extracted\loto6.csv"
"loto6","415","","2008-10-09","missing_official","","","sougaku:data\raw\loto6\extracted\loto6.csv"
"loto6","416","","2008-10-16","missing_official","","","sougaku:data\raw\loto6\extracted\loto6.csv"
"loto6","417","","2008-10-23","missing_official","","","sougaku:data\raw\loto6\extracted\loto6.csv"
"loto6","418","","2008-10-30","missing_official","","","sougaku:data\raw\loto6\extracted\loto6.csv"
"loto6","419","","2008-11-06","missing_official","","","sougaku:data\raw\loto6\extracted\loto6.csv"
"loto6","420","","2008-11-13","missing_official","","","sougaku:data\raw\loto6\extracted\loto6.csv"
"loto6","421","","2008-11-20","missing_official","","","sougaku:data\raw\loto6\extracted\loto6.csv"
"loto6","422","","2008-11-27","missing_official","","","sougaku:data\raw\loto6\extracted\loto6.csv"
"loto6","423","","2008-12-04","missing_official","","","sougaku:data\raw\loto6\extracted\loto6.csv"
"loto6","424","","2008-12-11","missing_official","","","sougaku:data\raw\loto6\extracted\loto6.csv"
"loto6","425","","2008-12-18","missing_official","","","sougaku:data\raw\loto6\extracted\loto6.csv"
"loto6","426","","2008-12-25","missing_official","","","sougaku:data\raw\loto6\extracted\loto6.csv"
"loto6","427","","2009-01-08","missing_official","","","sougaku:data\raw\loto6\extracted\loto6.csv"
"loto6","428","","2009-01-15","missing_official","","","sougaku:data\raw\loto6\extracted\loto6.csv"
"loto6","429","","2009-01-22","missing_official","","","sougaku:data\raw\loto6\extracted\loto6.csv"
"loto6","430","","2009-01-29","missing_official","","","sougaku:data\raw\loto6\extracted\loto6.csv"
"loto6","431","","2009-02-05","missing_official","","","sougaku:data\raw\loto6\extracted\loto6.csv"
"loto6","432","","2009-02-12","missing_official","","","sougaku:data\raw\loto6\extracted\loto6.csv"
"loto6","433","","2009-02-19","missing_official","","","sougaku:data\raw\loto6\extracted\loto6.csv"
"loto6","434","","2009-02-26","missing_official","","","sougaku:data\raw\loto6\extracted\loto6.csv"
"loto6","435","","2009-03-05","missing_official","","","sougaku:data\raw\loto6\extracted\loto6.csv"
"loto6","436","","2009-03-12","missing_official","","","sougaku:data\raw\loto6\extracted\loto6.csv"
"loto6","437","","2009-03-19","missing_official","","","sougaku:data\raw\loto6\extracted\loto6.csv"
"loto6","438","","2009-03-26","missing_official","","","sougaku:data\raw\loto6\extracted\loto6.csv"
"loto6","439","","2009-04-02","missing_official","","","sougaku:data\raw\loto6\extracted\loto6.csv"
"loto6","440","","2009-04-09","missing_official","","","sougaku:data\raw\loto6\extracted\loto6.csv"
"loto6","441","","2009-04-16","missing_official","","","sougaku:data\raw\loto6\extracted\loto6.csv"
"loto6","442","","2009-04-23","missing_official","","","sougaku:data\raw\loto6\extracted\loto6.csv"
"loto6","443","","2009-04-30","missing_official","","","sougaku:data\raw\loto6\extracted\loto6.csv"
"loto6","444","","2009-05-07","missing_official","","","sougaku:data\raw\loto6\extracted\loto6.csv"
"loto6","445","","2009-05-14","missing_official","","","sougaku:data\raw\loto6\extracted\loto6.csv"
"loto6","446","","2009-05-21","missing_official","","","sougaku:data\raw\loto6\extracted\loto6.csv"
"loto6","447","","2009-05-28","missing_official","","","sougaku:data\raw\loto6\extracted\loto6.csv"
"loto6","448","","2009-06-04","missing_official","","","sougaku:data\raw\loto6\extracted\loto6.csv"
"loto6","449","","2009-06-11","missing_official","","","sougaku:data\raw\loto6\extracted\loto6.csv"
"loto6","450","","2009-06-18","missing_official","","","sougaku:data\raw\loto6\extracted\loto6.csv"
"loto6","451","","2009-06-25","missing_official","","","sougaku:data\raw\loto6\extracted\loto6.csv"
"loto6","452","","2009-07-02","missing_official","","","sougaku:data\raw\loto6\extracted\loto6.csv"
"loto6","453","","2009-07-09","missing_official","","","sougaku:data\raw\loto6\extracted\loto6.csv"
"loto6","454","","2009-07-16","missing_official","","","sougaku:data\raw\loto6\extracted\loto6.csv"
"loto6","455","","2009-07-23","missing_official","","","sougaku:data\raw\loto6\extracted\loto6.csv"
"loto6","456","","2009-07-30","missing_official","","","sougaku:data\raw\loto6\extracted\loto6.csv"
"loto6","457","","2009-08-06","missing_official","","","sougaku:data\raw\loto6\extracted\loto6.csv"
"loto6","458","","2009-08-13","missing_official","","","sougaku:data\raw\loto6\extracted\loto6.csv"
"loto6","459","","2009-08-20","missing_official","","","sougaku:data\raw\loto6\extracted\loto6.csv"
"loto6","460","","2009-08-27","missing_official","","","sougaku:data\raw\loto6\extracted\loto6.csv"
"loto6","461","","2009-09-03","missing_official","","","sougaku:data\raw\loto6\extracted\loto6.csv"
"loto6","462","","2009-09-10","missing_official","","","sougaku:data\raw\loto6\extracted\loto6.csv"
"loto6","463","","2009-09-17","missing_official","","","sougaku:data\raw\loto6\extracted\loto6.csv"
"loto6","464","","2009-09-24","missing_official","","","sougaku:data\raw\loto6\extracted\loto6.csv"
"loto6","465","","2009-10-01","missing_official","","","sougaku:data\raw\loto6\extracted\loto6.csv"
"loto6","466","","2009-10-08","missing_official","","","sougaku:data\raw\loto6\extracted\loto6.csv"
"loto6","467","","2009-10-15","missing_official","","","sougaku:data\raw\loto6\extracted\loto6.csv"
"loto6","468","","2009-10-22","missing_official","","","sougaku:data\raw\loto6\extracted\loto6.csv"
"loto6","469","","2009-10-29","missing_official","","","sougaku:data\raw\loto6\extracted\loto6.csv"
"loto6","470","","2009-11-05","missing_official","","","sougaku:data\raw\loto6\extracted\loto6.csv"
"loto6","471","","2009-11-12","missing_official","","","sougaku:data\raw\loto6\extracted\loto6.csv"
"loto6","472","","2009-11-19","missing_official","","","sougaku:data\raw\loto6\extracted\loto6.csv"
"loto6","473","","2009-11-26","missing_official","","","sougaku:data\raw\loto6\extracted\loto6.csv"
"loto6","474","","2009-12-03","missing_official","","","sougaku:data\raw\loto6\extracted\loto6.csv"
"loto6","475","","2009-12-10","missing_official","","","sougaku:data\raw\loto6\extracted\loto6.csv"
"loto6","476","","2009-12-17","missing_official","","","sougaku:data\raw\loto6\extracted\loto6.csv"
"loto6","477","","2009-12-24","missing_official","","","sougaku:data\raw\loto6\extracted\loto6.csv"
"loto6","478","","2010-01-07","missing_official","","","sougaku:data\raw\loto6\extracted\loto6.csv"
"loto6","479","","2010-01-14","missing_official","","","sougaku:data\raw\loto6\extracted\loto6.csv"
"loto6","480","","2010-01-21","missing_official","","","sougaku:data\raw\loto6\extracted\loto6.csv"
"loto6","481","","2010-01-28","missing_official","","","sougaku:data\raw\loto6\extracted\loto6.csv"
"loto6","482","","2010-02-04","missing_official","","","sougaku:data\raw\loto6\extracted\loto6.csv"
"loto6","483","","2010-02-11","missing_official","","","sougaku:data\raw\loto6\extracted\loto6.csv"
"loto6","484","","2010-02-18","missing_official","","","sougaku:data\raw\loto6\extracted\loto6.csv"
"loto6","485","","2010-02-25","missing_official","","","sougaku:data\raw\loto6\extracted\loto6.csv"
"loto6","486","","2010-03-04","missing_official","","","sougaku:data\raw\loto6\extracted\loto6.csv"
"loto6","487","","2010-03-11","missing_official","","","sougaku:data\raw\loto6\extracted\loto6.csv"
"loto6","488","","2010-03-18","missing_official","","","sougaku:data\raw\loto6\extracted\loto6.csv"
"loto6","489","","2010-03-25","missing_official","","","sougaku:data\raw\loto6\extracted\loto6.csv"
"loto6","490","","2010-04-01","missing_official","","","sougaku:data\raw\loto6\extracted\loto6.csv"
"loto6","491","","2010-04-08","missing_official","","","sougaku:data\raw\loto6\extracted\loto6.csv"
"loto6","492","","2010-04-15","missing_official","","","sougaku:data\raw\loto6\extracted\loto6.csv"
"loto6","493","","2010-04-22","missing_official","","","sougaku:data\raw\loto6\extracted\loto6.csv"
"loto6","494","","2010-04-29","missing_official","","","sougaku:data\raw\loto6\extracted\loto6.csv"
"loto6","495","","2010-05-06","missing_official","","","sougaku:data\raw\loto6\extracted\loto6.csv"
"loto6","496","","2010-05-13","missing_official","","","sougaku:data\raw\loto6\extracted\loto6.csv"
"loto6","497","","2010-05-20","missing_official","","","sougaku:data\raw\loto6\extracted\loto6.csv"
"loto6","498","","2010-05-27","missing_official","","","sougaku:data\raw\loto6\extracted\loto6.csv"
"loto6","499","","2010-06-03","missing_official","","","sougaku:data\raw\loto6\extracted\loto6.csv"
"loto6","500","","2010-06-10","missing_official","","","sougaku:data\raw\loto6\extracted\loto6.csv"
"loto6","501","","2010-06-17","missing_official","","","sougaku:data\raw\loto6\extracted\loto6.csv"
"loto6","502","","2010-06-24","missing_official","","","sougaku:data\raw\loto6\extracted\loto6.csv"
"loto6","503","","2010-07-01","missing_official","","","sougaku:data\raw\loto6\extracted\loto6.csv"
"loto6","504","","2010-07-08","missing_official","","","sougaku:data\raw\loto6\extracted\loto6.csv"
"loto6","505","","2010-07-15","missing_official","","","sougaku:data\raw\loto6\extracted\loto6.csv"
"loto6","506","","2010-07-22","missing_official","","","sougaku:data\raw\loto6\extracted\loto6.csv"
"loto6","507","","2010-07-29","missing_official","","","sougaku:data\raw\loto6\extracted\loto6.csv"
"loto6","508","","2010-08-05","missing_official","","","sougaku:data\raw\loto6\extracted\loto6.csv"
"loto6","509","","2010-08-12","missing_official","","","sougaku:data\raw\loto6\extracted\loto6.csv"
"loto6","510","","2010-08-19","missing_official","","","sougaku:data\raw\loto6\extracted\loto6.csv"
"loto6","511","","2010-08-26","missing_official","","","sougaku:data\raw\loto6\extracted\loto6.csv"
"loto6","512","","2010-09-02","missing_official","","","sougaku:data\raw\loto6\extracted\loto6.csv"
"loto6","513","","2010-09-09","missing_official","","","sougaku:data\raw\loto6\extracted\loto6.csv"
"loto6","514","","2010-09-16","missing_official","","","sougaku:data\raw\loto6\extracted\loto6.csv"
"loto6","515","","2010-09-23","missing_official","","","sougaku:data\raw\loto6\extracted\loto6.csv"
"loto6","516","","2010-09-30","missing_official","","","sougaku:data\raw\loto6\extracted\loto6.csv"
"loto6","517","","2010-10-07","missing_official","","","sougaku:data\raw\loto6\extracted\loto6.csv"
"loto6","518","","2010-10-14","missing_official","","","sougaku:data\raw\loto6\extracted\loto6.csv"
"loto6","519","","2010-10-21","missing_official","","","sougaku:data\raw\loto6\extracted\loto6.csv"
"loto6","520","","2010-10-28","missing_official","","","sougaku:data\raw\loto6\extracted\loto6.csv"
"loto6","521","","2010-11-04","missing_official","","","sougaku:data\raw\loto6\extracted\loto6.csv"
"loto6","522","","2010-11-11","missing_official","","","sougaku:data\raw\loto6\extracted\loto6.csv"
"loto6","523","","2010-11-18","missing_official","","","sougaku:data\raw\loto6\extracted\loto6.csv"
"loto6","524","","2010-11-25","missing_official","","","sougaku:data\raw\loto6\extracted\loto6.csv"
"loto6","525","","2010-12-02","missing_official","","","sougaku:data\raw\loto6\extracted\loto6.csv"
"loto6","526","","2010-12-09","missing_official","","","sougaku:data\raw\loto6\extracted\loto6.csv"
"loto6","527","","2010-12-16","missing_official","","","sougaku:data\raw\loto6\extracted\loto6.csv"
"loto6","528","","2010-12-23","missing_official","","","sougaku:data\raw\loto6\extracted\loto6.csv"
"loto6","529","","2010-12-30","missing_official","","","sougaku:data\raw\loto6\extracted\loto6.csv"
"loto6","530","","2011-01-06","missing_official","","","sougaku:data\raw\loto6\extracted\loto6.csv"
"loto6","531","","2011-01-13","missing_official","","","sougaku:data\raw\loto6\extracted\loto6.csv"
"loto6","532","","2011-01-20","missing_official","","","sougaku:data\raw\loto6\extracted\loto6.csv"
"loto6","533","","2011-01-27","missing_official","","","sougaku:data\raw\loto6\extracted\loto6.csv"
"loto6","534","","2011-02-03","missing_official","","","sougaku:data\raw\loto6\extracted\loto6.csv"
"loto6","535","","2011-02-10","missing_official","","","sougaku:data\raw\loto6\extracted\loto6.csv"
"loto6","536","","2011-02-17","missing_official","","","sougaku:data\raw\loto6\extracted\loto6.csv"
"loto6","537","","2011-02-24","missing_official","","","sougaku:data\raw\loto6\extracted\loto6.csv"
"loto6","538","","2011-03-03","missing_official","","","sougaku:data\raw\loto6\extracted\loto6.csv"
"loto6","539","","2011-03-10","missing_official","","","sougaku:data\raw\loto6\extracted\loto6.csv"
"loto6","540","","2011-03-17","missing_official","","","sougaku:data\raw\loto6\extracted\loto6.csv"
"loto6","541","","2011-03-24","missing_official","","","sougaku:data\raw\loto6\extracted\loto6.csv"
"loto6","542","","2011-03-31","missing_official","","","sougaku:data\raw\loto6\extracted\loto6.csv"
"loto6","543","","2011-04-04","missing_official","","","sougaku:data\raw\loto6\extracted\loto6.csv"
"loto6","544","","2011-04-07","missing_official","","","sougaku:data\raw\loto6\extracted\loto6.csv"
"loto6","545","","2011-04-11","missing_official","","","sougaku:data\raw\loto6\extracted\loto6.csv"
"loto6","546","","2011-04-14","missing_official","","","sougaku:data\raw\loto6\extracted\loto6.csv"
"loto6","547","","2011-04-18","missing_official","","","sougaku:data\raw\loto6\extracted\loto6.csv"
"loto6","548","","2011-04-21","missing_official","","","sougaku:data\raw\loto6\extracted\loto6.csv"
"loto6","549","","2011-04-25","missing_official","","","sougaku:data\raw\loto6\extracted\loto6.csv"
"loto6","550","","2011-04-28","missing_official","","","sougaku:data\raw\loto6\extracted\loto6.csv"
"loto6","551","","2011-05-02","missing_official","","","sougaku:data\raw\loto6\extracted\loto6.csv"
"loto6","552","","2011-05-05","missing_official","","","sougaku:data\raw\loto6\extracted\loto6.csv"
"loto6","553","","2011-05-09","missing_official","","","sougaku:data\raw\loto6\extracted\loto6.csv"
"loto6","554","","2011-05-12","missing_official","","","sougaku:data\raw\loto6\extracted\loto6.csv"
"loto6","555","","2011-05-16","missing_official","","","sougaku:data\raw\loto6\extracted\loto6.csv"
"loto6","556","","2011-05-19","missing_official","","","sougaku:data\raw\loto6\extracted\loto6.csv"
"loto6","557","","2011-05-23","missing_official","","","sougaku:data\raw\loto6\extracted\loto6.csv"
"loto6","558","","2011-05-26","missing_official","","","sougaku:data\raw\loto6\extracted\loto6.csv"
"loto6","559","","2011-05-30","missing_official","","","sougaku:data\raw\loto6\extracted\loto6.csv"
"loto6","560","","2011-06-02","missing_official","","","sougaku:data\raw\loto6\extracted\loto6.csv"
"loto6","561","","2011-06-06","missing_official","","","sougaku:data\raw\loto6\extracted\loto6.csv"
"loto6","562","","2011-06-09","missing_official","","","sougaku:data\raw\loto6\extracted\loto6.csv"
"loto6","563","","2011-06-13","missing_official","","","sougaku:data\raw\loto6\extracted\loto6.csv"
"loto6","564","","2011-06-16","missing_official","","","sougaku:data\raw\loto6\extracted\loto6.csv"
"loto6","565","","2011-06-20","missing_official","","","sougaku:data\raw\loto6\extracted\loto6.csv"
"loto6","566","","2011-06-23","missing_official","","","sougaku:data\raw\loto6\extracted\loto6.csv"
"loto6","567","","2011-06-27","missing_official","","","sougaku:data\raw\loto6\extracted\loto6.csv"
"loto6","568","","2011-06-30","missing_official","","","sougaku:data\raw\loto6\extracted\loto6.csv"
"loto6","569","","2011-07-04","missing_official","","","sougaku:data\raw\loto6\extracted\loto6.csv"
"loto6","570","","2011-07-07","missing_official","","","sougaku:data\raw\loto6\extracted\loto6.csv"
"loto6","571","","2011-07-11","missing_official","","","sougaku:data\raw\loto6\extracted\loto6.csv"
"loto6","572","","2011-07-14","missing_official","","","sougaku:data\raw\loto6\extracted\loto6.csv"
"loto6","573","","2011-07-18","missing_official","","","sougaku:data\raw\loto6\extracted\loto6.csv"
"loto6","574","","2011-07-21","missing_official","","","sougaku:data\raw\loto6\extracted\loto6.csv"
"loto6","575","","2011-07-25","missing_official","","","sougaku:data\raw\loto6\extracted\loto6.csv"
"loto6","576","","2011-07-28","missing_official","","","sougaku:data\raw\loto6\extracted\loto6.csv"
"loto6","577","","2011-08-01","missing_official","","","sougaku:data\raw\loto6\extracted\loto6.csv"
"loto6","578","","2011-08-04","missing_official","","","sougaku:data\raw\loto6\extracted\loto6.csv"
"loto6","579","","2011-08-08","missing_official","","","sougaku:data\raw\loto6\extracted\loto6.csv"
"loto6","580","","2011-08-11","missing_official","","","sougaku:data\raw\loto6\extracted\loto6.csv"
"loto6","581","","2011-08-15","missing_official","","","sougaku:data\raw\loto6\extracted\loto6.csv"
"loto6","582","","2011-08-18","missing_official","","","sougaku:data\raw\loto6\extracted\loto6.csv"
"loto6","583","","2011-08-22","missing_official","","","sougaku:data\raw\loto6\extracted\loto6.csv"
"loto6","584","","2011-08-25","missing_official","","","sougaku:data\raw\loto6\extracted\loto6.csv"
"loto6","585","","2011-08-29","missing_official","","","sougaku:data\raw\loto6\extracted\loto6.csv"
"loto6","586","","2011-09-01","missing_official","","","sougaku:data\raw\loto6\extracted\loto6.csv"
"loto6","587","","2011-09-05","missing_official","","","sougaku:data\raw\loto6\extracted\loto6.csv"
"loto6","588","","2011-09-08","missing_official","","","sougaku:data\raw\loto6\extracted\loto6.csv"
"loto6","589","","2011-09-12","missing_official","","","sougaku:data\raw\loto6\extracted\loto6.csv"
"loto6","590","","2011-09-15","missing_official","","","sougaku:data\raw\loto6\extracted\loto6.csv"
"loto6","591","","2011-09-19","missing_official","","","sougaku:data\raw\loto6\extracted\loto6.csv"
"loto6","592","","2011-09-22","missing_official","","","sougaku:data\raw\loto6\extracted\loto6.csv"
"loto6","593","","2011-09-26","missing_official","","","sougaku:data\raw\loto6\extracted\loto6.csv"
"loto6","594","","2011-09-29","missing_official","","","sougaku:data\raw\loto6\extracted\loto6.csv"
"loto6","595","","2011-10-03","missing_official","","","sougaku:data\raw\loto6\extracted\loto6.csv"
"loto6","596","","2011-10-06","missing_official","","","sougaku:data\raw\loto6\extracted\loto6.csv"
"loto6","597","","2011-10-10","missing_official","","","sougaku:data\raw\loto6\extracted\loto6.csv"
"loto6","598","","2011-10-13","missing_official","","","sougaku:data\raw\loto6\extracted\loto6.csv"
"loto6","599","","2011-10-17","missing_official","","","sougaku:data\raw\loto6\extracted\loto6.csv"
"loto6","600","","2011-10-20","missing_official","","","sougaku:data\raw\loto6\extracted\loto6.csv"
"loto6","601","","2011-10-24","missing_official","","","sougaku:data\raw\loto6\extracted\loto6.csv"
"loto6","602","","2011-10-27","missing_official","","","sougaku:data\raw\loto6\extracted\loto6.csv"
"loto6","603","","2011-10-31","missing_official","","","sougaku:data\raw\loto6\extracted\loto6.csv"
"loto6","604","","2011-11-03","missing_official","","","sougaku:data\raw\loto6\extracted\loto6.csv"
"loto6","605","","2011-11-07","missing_official","","","sougaku:data\raw\loto6\extracted\loto6.csv"
"loto6","606","","2011-11-10","missing_official","","","sougaku:data\raw\loto6\extracted\loto6.csv"
"loto6","607","","2011-11-14","missing_official","","","sougaku:data\raw\loto6\extracted\loto6.csv"
"loto6","608","","2011-11-17","missing_official","","","sougaku:data\raw\loto6\extracted\loto6.csv"
"loto6","609","","2011-11-21","missing_official","","","sougaku:data\raw\loto6\extracted\loto6.csv"
"loto6","610","","2011-11-24","missing_official","","","sougaku:data\raw\loto6\extracted\loto6.csv"
"loto6","611","","2011-11-28","missing_official","","","sougaku:data\raw\loto6\extracted\loto6.csv"
"loto6","612","","2011-12-01","missing_official","","","sougaku:data\raw\loto6\extracted\loto6.csv"
"loto6","613","","2011-12-05","missing_official","","","sougaku:data\raw\loto6\extracted\loto6.csv"
"loto6","614","","2011-12-08","missing_official","","","sougaku:data\raw\loto6\extracted\loto6.csv"
"loto6","615","","2011-12-12","missing_official","","","sougaku:data\raw\loto6\extracted\loto6.csv"
"loto6","616","","2011-12-15","missing_official","","","sougaku:data\raw\loto6\extracted\loto6.csv"
"loto6","617","","2011-12-19","missing_official","","","sougaku:data\raw\loto6\extracted\loto6.csv"
"loto6","618","","2011-12-22","missing_official","","","sougaku:data\raw\loto6\extracted\loto6.csv"
"loto6","619","","2011-12-26","missing_official","","","sougaku:data\raw\loto6\extracted\loto6.csv"
"loto6","620","","2011-12-29","missing_official","","","sougaku:data\raw\loto6\extracted\loto6.csv"
"loto6","621","","2012-01-05","missing_official","","","sougaku:data\raw\loto6\extracted\loto6.csv"
"loto6","622","","2012-01-09","missing_official","","","sougaku:data\raw\loto6\extracted\loto6.csv"
"loto6","623","","2012-01-12","missing_official","","","sougaku:data\raw\loto6\extracted\loto6.csv"
"loto6","624","","2012-01-16","missing_official","","","sougaku:data\raw\loto6\extracted\loto6.csv"
"loto6","625","","2012-01-19","missing_official","","","sougaku:data\raw\loto6\extracted\loto6.csv"
"loto6","626","","2012-01-23","missing_official","","","sougaku:data\raw\loto6\extracted\loto6.csv"
"loto6","627","","2012-01-26","missing_official","","","sougaku:data\raw\loto6\extracted\loto6.csv"
"loto6","628","","2012-01-30","missing_official","","","sougaku:data\raw\loto6\extracted\loto6.csv"
"loto6","629","","2012-02-02","missing_official","","","sougaku:data\raw\loto6\extracted\loto6.csv"
"loto6","630","","2012-02-06","missing_official","","","sougaku:data\raw\loto6\extracted\loto6.csv"
"loto6","631","","2012-02-09","missing_official","","","sougaku:data\raw\loto6\extracted\loto6.csv"
"loto6","632","","2012-02-13","missing_official","","","sougaku:data\raw\loto6\extracted\loto6.csv"
"loto6","633","","2012-02-16","missing_official","","","sougaku:data\raw\loto6\extracted\loto6.csv"
"loto6","634","","2012-02-20","missing_official","","","sougaku:data\raw\loto6\extracted\loto6.csv"
"loto6","635","","2012-02-23","missing_official","","","sougaku:data\raw\loto6\extracted\loto6.csv"
"loto6","636","","2012-02-27","missing_official","","","sougaku:data\raw\loto6\extracted\loto6.csv"
"loto6","637","","2012-03-01","missing_official","","","sougaku:data\raw\loto6\extracted\loto6.csv"
"loto6","638","","2012-03-05","missing_official","","","sougaku:data\raw\loto6\extracted\loto6.csv"
"loto6","639","","2012-03-08","missing_official","","","sougaku:data\raw\loto6\extracted\loto6.csv"
"loto6","640","","2012-03-12","missing_official","","","sougaku:data\raw\loto6\extracted\loto6.csv"
"loto6","641","","2012-03-15","missing_official","","","sougaku:data\raw\loto6\extracted\loto6.csv"
"loto6","642","","2012-03-19","missing_official","","","sougaku:data\raw\loto6\extracted\loto6.csv"
"loto6","643","","2012-03-22","missing_official","","","sougaku:data\raw\loto6\extracted\loto6.csv"
"loto6","644","","2012-03-26","missing_official","","","sougaku:data\raw\loto6\extracted\loto6.csv"
"loto6","645","","2012-03-29","missing_official","","","sougaku:data\raw\loto6\extracted\loto6.csv"
"loto6","646","","2012-04-02","missing_official","","","sougaku:data\raw\loto6\extracted\loto6.csv"
"loto6","647","","2012-04-05","missing_official","","","sougaku:data\raw\loto6\extracted\loto6.csv"
"loto6","648","","2012-04-09","missing_official","","","sougaku:data\raw\loto6\extracted\loto6.csv"
"loto6","649","","2012-04-12","missing_official","","","sougaku:data\raw\loto6\extracted\loto6.csv"
"loto6","650","","2012-04-16","missing_official","","","sougaku:data\raw\loto6\extracted\loto6.csv"
"loto6","651","","2012-04-19","missing_official","","","sougaku:data\raw\loto6\extracted\loto6.csv"
"loto6","652","","2012-04-23","missing_official","","","sougaku:data\raw\loto6\extracted\loto6.csv"
"loto6","653","","2012-04-26","missing_official","","","sougaku:data\raw\loto6\extracted\loto6.csv"
"loto6","654","","2012-04-30","missing_official","","","sougaku:data\raw\loto6\extracted\loto6.csv"
"loto6","655","","2012-05-03","missing_official","","","sougaku:data\raw\loto6\extracted\loto6.csv"
"loto6","656","","2012-05-07","missing_official","","","sougaku:data\raw\loto6\extracted\loto6.csv"
"loto6","657","","2012-05-10","missing_official","","","sougaku:data\raw\loto6\extracted\loto6.csv"
"loto6","658","","2012-05-14","missing_official","","","sougaku:data\raw\loto6\extracted\loto6.csv"
"loto6","659","","2012-05-17","missing_official","","","sougaku:data\raw\loto6\extracted\loto6.csv"
"loto6","660","","2012-05-21","missing_official","","","sougaku:data\raw\loto6\extracted\loto6.csv"
"loto6","661","","2012-05-24","missing_official","","","sougaku:data\raw\loto6\extracted\loto6.csv"
"loto6","662","","2012-05-28","missing_official","","","sougaku:data\raw\loto6\extracted\loto6.csv"
"loto6","663","","2012-05-31","missing_official","","","sougaku:data\raw\loto6\extracted\loto6.csv"
"loto6","664","","2012-06-04","missing_official","","","sougaku:data\raw\loto6\extracted\loto6.csv"
"loto6","665","","2012-06-07","missing_official","","","sougaku:data\raw\loto6\extracted\loto6.csv"
"loto6","666","","2012-06-11","missing_official","","","sougaku:data\raw\loto6\extracted\loto6.csv"
"loto6","667","","2012-06-14","missing_official","","","sougaku:data\raw\loto6\extracted\loto6.csv"
"loto6","668","","2012-06-18","missing_official","","","sougaku:data\raw\loto6\extracted\loto6.csv"
"loto6","669","","2012-06-21","missing_official","","","sougaku:data\raw\loto6\extracted\loto6.csv"
"loto6","670","","2012-06-25","missing_official","","","sougaku:data\raw\loto6\extracted\loto6.csv"
"loto6","671","","2012-06-28","missing_official","","","sougaku:data\raw\loto6\extracted\loto6.csv"
"loto6","672","","2012-07-02","missing_official","","","sougaku:data\raw\loto6\extracted\loto6.csv"
"loto6","673","","2012-07-05","missing_official","","","sougaku:data\raw\loto6\extracted\loto6.csv"
"loto6","674","","2012-07-09","missing_official","","","sougaku:data\raw\loto6\extracted\loto6.csv"
"loto6","675","","2012-07-12","missing_official","","","sougaku:data\raw\loto6\extracted\loto6.csv"
"loto6","676","","2012-07-16","missing_official","","","sougaku:data\raw\loto6\extracted\loto6.csv"
"loto6","677","","2012-07-19","missing_official","","","sougaku:data\raw\loto6\extracted\loto6.csv"
"loto6","678","","2012-07-23","missing_official","","","sougaku:data\raw\loto6\extracted\loto6.csv"
"loto6","679","","2012-07-26","missing_official","","","sougaku:data\raw\loto6\extracted\loto6.csv"
"loto6","680","","2012-07-30","missing_official","","","sougaku:data\raw\loto6\extracted\loto6.csv"
"loto6","681","","2012-08-02","missing_official","","","sougaku:data\raw\loto6\extracted\loto6.csv"
"loto6","682","","2012-08-06","missing_official","","","sougaku:data\raw\loto6\extracted\loto6.csv"
"loto6","683","","2012-08-09","missing_official","","","sougaku:data\raw\loto6\extracted\loto6.csv"
"loto6","684","","2012-08-13","missing_official","","","sougaku:data\raw\loto6\extracted\loto6.csv"
"loto6","685","","2012-08-16","missing_official","","","sougaku:data\raw\loto6\extracted\loto6.csv"
"loto6","686","","2012-08-20","missing_official","","","sougaku:data\raw\loto6\extracted\loto6.csv"
"loto6","687","","2012-08-23","missing_official","","","sougaku:data\raw\loto6\extracted\loto6.csv"
"loto6","688","","2012-08-27","missing_official","","","sougaku:data\raw\loto6\extracted\loto6.csv"
"loto6","689","","2012-08-30","missing_official","","","sougaku:data\raw\loto6\extracted\loto6.csv"
"loto6","690","","2012-09-03","missing_official","","","sougaku:data\raw\loto6\extracted\loto6.csv"
"loto6","691","","2012-09-06","missing_official","","","sougaku:data\raw\loto6\extracted\loto6.csv"
"loto6","692","","2012-09-10","missing_official","","","sougaku:data\raw\loto6\extracted\loto6.csv"
"loto6","693","","2012-09-13","missing_official","","","sougaku:data\raw\loto6\extracted\loto6.csv"
"loto6","694","","2012-09-17","missing_official","","","sougaku:data\raw\loto6\extracted\loto6.csv"
"loto6","695","","2012-09-20","missing_official","","","sougaku:data\raw\loto6\extracted\loto6.csv"
"loto6","696","","2012-09-24","missing_official","","","sougaku:data\raw\loto6\extracted\loto6.csv"
"loto6","697","","2012-09-27","missing_official","","","sougaku:data\raw\loto6\extracted\loto6.csv"
"loto6","698","","2012-10-01","missing_official","","","sougaku:data\raw\loto6\extracted\loto6.csv"
"loto6","699","","2012-10-04","missing_official","","","sougaku:data\raw\loto6\extracted\loto6.csv"
"loto6","700","","2012-10-08","missing_official","","","sougaku:data\raw\loto6\extracted\loto6.csv"
"loto6","701","","2012-10-11","missing_official","","","sougaku:data\raw\loto6\extracted\loto6.csv"
"loto6","702","","2012-10-15","missing_official","","","sougaku:data\raw\loto6\extracted\loto6.csv"
"loto6","703","","2012-10-18","missing_official","","","sougaku:data\raw\loto6\extracted\loto6.csv"
"loto6","704","","2012-10-22","missing_official","","","sougaku:data\raw\loto6\extracted\loto6.csv"
"loto6","705","","2012-10-25","missing_official","","","sougaku:data\raw\loto6\extracted\loto6.csv"
"loto6","706","","2012-10-29","missing_official","","","sougaku:data\raw\loto6\extracted\loto6.csv"
"loto6","707","","2012-11-01","missing_official","","","sougaku:data\raw\loto6\extracted\loto6.csv"
"loto6","708","","2012-11-05","missing_official","","","sougaku:data\raw\loto6\extracted\loto6.csv"
"loto6","709","","2012-11-08","missing_official","","","sougaku:data\raw\loto6\extracted\loto6.csv"
"loto6","710","","2012-11-12","missing_official","","","sougaku:data\raw\loto6\extracted\loto6.csv"
"loto6","711","","2012-11-15","missing_official","","","sougaku:data\raw\loto6\extracted\loto6.csv"
"loto6","712","","2012-11-19","missing_official","","","sougaku:data\raw\loto6\extracted\loto6.csv"
"loto6","713","","2012-11-22","missing_official","","","sougaku:data\raw\loto6\extracted\loto6.csv"
"loto6","714","","2012-11-26","missing_official","","","sougaku:data\raw\loto6\extracted\loto6.csv"
"loto6","715","","2012-11-29","missing_official","","","sougaku:data\raw\loto6\extracted\loto6.csv"
"loto6","716","","2012-12-03","missing_official","","","sougaku:data\raw\loto6\extracted\loto6.csv"
"loto6","717","","2012-12-06","missing_official","","","sougaku:data\raw\loto6\extracted\loto6.csv"
"loto6","718","","2012-12-10","missing_official","","","sougaku:data\raw\loto6\extracted\loto6.csv"
"loto6","719","","2012-12-13","missing_official","","","sougaku:data\raw\loto6\extracted\loto6.csv"
"loto6","720","","2012-12-17","missing_official","","","sougaku:data\raw\loto6\extracted\loto6.csv"
"loto6","721","","2012-12-20","missing_official","","","sougaku:data\raw\loto6\extracted\loto6.csv"
"loto6","722","","2012-12-24","missing_official","","","sougaku:data\raw\loto6\extracted\loto6.csv"
"loto6","723","","2012-12-27","missing_official","","","sougaku:data\raw\loto6\extracted\loto6.csv"
"loto6","724","","2013-01-07","missing_official","","","sougaku:data\raw\loto6\extracted\loto6.csv"
"loto6","725","","2013-01-10","missing_official","","","sougaku:data\raw\loto6\extracted\loto6.csv"
"loto6","726","","2013-01-14","missing_official","","","sougaku:data\raw\loto6\extracted\loto6.csv"
"loto6","727","","2013-01-17","missing_official","","","sougaku:data\raw\loto6\extracted\loto6.csv"
"loto6","728","","2013-01-21","missing_official","","","sougaku:data\raw\loto6\extracted\loto6.csv"
"loto6","729","","2013-01-24","missing_official","","","sougaku:data\raw\loto6\extracted\loto6.csv"
"loto6","730","","2013-01-28","missing_official","","","sougaku:data\raw\loto6\extracted\loto6.csv"
"loto6","731","","2013-01-31","missing_official","","","sougaku:data\raw\loto6\extracted\loto6.csv"
"loto6","732","","2013-02-04","missing_official","","","sougaku:data\raw\loto6\extracted\loto6.csv"
"loto6","733","","2013-02-07","missing_official","","","sougaku:data\raw\loto6\extracted\loto6.csv"
"loto6","734","","2013-02-11","missing_official","","","sougaku:data\raw\loto6\extracted\loto6.csv"
"loto6","735","","2013-02-14","missing_official","","","sougaku:data\raw\loto6\extracted\loto6.csv"
"loto6","736","","2013-02-18","missing_official","","","sougaku:data\raw\loto6\extracted\loto6.csv"
"loto6","737","","2013-02-21","missing_official","","","sougaku:data\raw\loto6\extracted\loto6.csv"
"loto6","738","","2013-02-25","missing_official","","","sougaku:data\raw\loto6\extracted\loto6.csv"
"loto6","739","","2013-02-28","missing_official","","","sougaku:data\raw\loto6\extracted\loto6.csv"
"loto6","740","","2013-03-04","missing_official","","","sougaku:data\raw\loto6\extracted\loto6.csv"
"loto6","741","","2013-03-07","missing_official","","","sougaku:data\raw\loto6\extracted\loto6.csv"
"loto6","742","","2013-03-11","missing_official","","","sougaku:data\raw\loto6\extracted\loto6.csv"
"loto6","743","","2013-03-14","missing_official","","","sougaku:data\raw\loto6\extracted\loto6.csv"
"loto6","744","","2013-03-18","missing_official","","","sougaku:data\raw\loto6\extracted\loto6.csv"
"loto6","745","","2013-03-21","missing_official","","","sougaku:data\raw\loto6\extracted\loto6.csv"
"loto6","746","","2013-03-25","missing_official","","","sougaku:data\raw\loto6\extracted\loto6.csv"
"loto6","747","","2013-03-28","missing_official","","","sougaku:data\raw\loto6\extracted\loto6.csv"
"loto6","748","","2013-04-01","missing_official","","","sougaku:data\raw\loto6\extracted\loto6.csv"
"loto6","749","","2013-04-04","missing_official","","","sougaku:data\raw\loto6\extracted\loto6.csv"
"loto6","750","","2013-04-08","missing_official","","","sougaku:data\raw\loto6\extracted\loto6.csv"
"loto6","751","","2013-04-11","missing_official","","","sougaku:data\raw\loto6\extracted\loto6.csv"
"loto6","752","","2013-04-15","missing_official","","","sougaku:data\raw\loto6\extracted\loto6.csv"
"loto6","753","","2013-04-18","missing_official","","","sougaku:data\raw\loto6\extracted\loto6.csv"
"loto6","754","","2013-04-22","missing_official","","","sougaku:data\raw\loto6\extracted\loto6.csv"
"loto6","755","","2013-04-25","missing_official","","","sougaku:data\raw\loto6\extracted\loto6.csv"
"loto6","756","","2013-04-29","missing_official","","","sougaku:data\raw\loto6\extracted\loto6.csv"
"loto6","757","","2013-05-02","missing_official","","","sougaku:data\raw\loto6\extracted\loto6.csv"
"loto6","758","","2013-05-06","missing_official","","","sougaku:data\raw\loto6\extracted\loto6.csv"
"loto6","759","","2013-05-09","missing_official","","","sougaku:data\raw\loto6\extracted\loto6.csv"
"loto6","760","","2013-05-13","missing_official","","","sougaku:data\raw\loto6\extracted\loto6.csv"
"loto6","761","","2013-05-16","missing_official","","","sougaku:data\raw\loto6\extracted\loto6.csv"
"loto6","762","","2013-05-20","missing_official","","","sougaku:data\raw\loto6\extracted\loto6.csv"
"loto6","763","","2013-05-23","missing_official","","","sougaku:data\raw\loto6\extracted\loto6.csv"
"loto6","764","","2013-05-27","missing_official","","","sougaku:data\raw\loto6\extracted\loto6.csv"
"loto6","765","","2013-05-30","missing_official","","","sougaku:data\raw\loto6\extracted\loto6.csv"
"loto6","766","","2013-06-03","missing_official","","","sougaku:data\raw\loto6\extracted\loto6.csv"
"loto6","767","","2013-06-06","missing_official","","","sougaku:data\raw\loto6\extracted\loto6.csv"
"loto6","768","","2013-06-10","missing_official","","","sougaku:data\raw\loto6\extracted\loto6.csv"
"loto6","769","","2013-06-13","missing_official","","","sougaku:data\raw\loto6\extracted\loto6.csv"
"loto6","770","","2013-06-17","missing_official","","","sougaku:data\raw\loto6\extracted\loto6.csv"
"loto6","771","","2013-06-20","missing_official","","","sougaku:data\raw\loto6\extracted\loto6.csv"
"loto6","772","","2013-06-24","missing_official","","","sougaku:data\raw\loto6\extracted\loto6.csv"
"loto6","773","","2013-06-27","missing_official","","","sougaku:data\raw\loto6\extracted\loto6.csv"
"loto6","774","","2013-07-01","missing_official","","","sougaku:data\raw\loto6\extracted\loto6.csv"
"loto6","775","","2013-07-04","missing_official","","","sougaku:data\raw\loto6\extracted\loto6.csv"
"loto6","776","","2013-07-08","missing_official","","","sougaku:data\raw\loto6\extracted\loto6.csv"
"loto6","777","","2013-07-11","missing_official","","","sougaku:data\raw\loto6\extracted\loto6.csv"
"loto6","778","","2013-07-15","missing_official","","","sougaku:data\raw\loto6\extracted\loto6.csv"
"loto6","779","","2013-07-18","missing_official","","","sougaku:data\raw\loto6\extracted\loto6.csv"
"loto6","780","","2013-07-22","missing_official","","","sougaku:data\raw\loto6\extracted\loto6.csv"
"loto6","781","","2013-07-25","missing_official","","","sougaku:data\raw\loto6\extracted\loto6.csv"
"loto6","782","","2013-07-29","missing_official","","","sougaku:data\raw\loto6\extracted\loto6.csv"
"loto6","783","","2013-08-01","missing_official","","","sougaku:data\raw\loto6\extracted\loto6.csv"
"loto6","784","","2013-08-05","missing_official","","","sougaku:data\raw\loto6\extracted\loto6.csv"
"loto6","785","","2013-08-08","missing_official","","","sougaku:data\raw\loto6\extracted\loto6.csv"
"loto6","786","","2013-08-12","missing_official","","","sougaku:data\raw\loto6\extracted\loto6.csv"
"loto6","787","","2013-08-15","missing_official","","","sougaku:data\raw\loto6\extracted\loto6.csv"
"loto6","788","","2013-08-19","missing_official","","","sougaku:data\raw\loto6\extracted\loto6.csv"
"loto6","789","","2013-08-22","missing_official","","","sougaku:data\raw\loto6\extracted\loto6.csv"
"loto6","790","","2013-08-26","missing_official","","","sougaku:data\raw\loto6\extracted\loto6.csv"
"loto6","791","","2013-08-29","missing_official","","","sougaku:data\raw\loto6\extracted\loto6.csv"
"loto6","792","","2013-09-02","missing_official","","","sougaku:data\raw\loto6\extracted\loto6.csv"
"loto6","793","","2013-09-05","missing_official","","","sougaku:data\raw\loto6\extracted\loto6.csv"
"loto6","794","","2013-09-09","missing_official","","","sougaku:data\raw\loto6\extracted\loto6.csv"
"loto6","795","","2013-09-12","missing_official","","","sougaku:data\raw\loto6\extracted\loto6.csv"
"loto6","796","","2013-09-16","missing_official","","","sougaku:data\raw\loto6\extracted\loto6.csv"
"loto6","797","","2013-09-19","missing_official","","","sougaku:data\raw\loto6\extracted\loto6.csv"
"loto6","798","","2013-09-23","missing_official","","","sougaku:data\raw\loto6\extracted\loto6.csv"
"loto6","799","","2013-09-26","missing_official","","","sougaku:data\raw\loto6\extracted\loto6.csv"
"loto6","800","","2013-09-30","missing_official","","","sougaku:data\raw\loto6\extracted\loto6.csv"
"loto6","801","","2013-10-03","missing_official","","","sougaku:data\raw\loto6\extracted\loto6.csv"
"loto6","802","","2013-10-07","missing_official","","","sougaku:data\raw\loto6\extracted\loto6.csv"
"loto6","803","","2013-10-10","missing_official","","","sougaku:data\raw\loto6\extracted\loto6.csv"
"loto6","804","","2013-10-14","missing_official","","","sougaku:data\raw\loto6\extracted\loto6.csv"
"loto6","805","","2013-10-17","missing_official","","","sougaku:data\raw\loto6\extracted\loto6.csv"
"loto6","806","","2013-10-21","missing_official","","","sougaku:data\raw\loto6\extracted\loto6.csv"
"loto6","807","","2013-10-24","missing_official","","","sougaku:data\raw\loto6\extracted\loto6.csv"
"loto6","808","","2013-10-28","missing_official","","","sougaku:data\raw\loto6\extracted\loto6.csv"
"loto6","809","","2013-10-31","missing_official","","","sougaku:data\raw\loto6\extracted\loto6.csv"
"loto6","810","","2013-11-04","missing_official","","","sougaku:data\raw\loto6\extracted\loto6.csv"
"loto6","811","","2013-11-07","missing_official","","","sougaku:data\raw\loto6\extracted\loto6.csv"
"loto6","812","","2013-11-11","missing_official","","","sougaku:data\raw\loto6\extracted\loto6.csv"
"loto6","813","","2013-11-14","missing_official","","","sougaku:data\raw\loto6\extracted\loto6.csv"
"loto6","814","","2013-11-18","missing_official","","","sougaku:data\raw\loto6\extracted\loto6.csv"
"loto6","815","","2013-11-21","missing_official","","","sougaku:data\raw\loto6\extracted\loto6.csv"
"loto6","816","","2013-11-25","missing_official","","","sougaku:data\raw\loto6\extracted\loto6.csv"
"loto6","817","","2013-11-29","missing_official","","","sougaku:data\raw\loto6\extracted\loto6.csv"
"loto6","818","","2013-12-02","missing_official","","","sougaku:data\raw\loto6\extracted\loto6.csv"
"loto6","819","","2013-12-05","missing_official","","","sougaku:data\raw\loto6\extracted\loto6.csv"
"loto6","820","","2013-12-09","missing_official","","","sougaku:data\raw\loto6\extracted\loto6.csv"
"loto6","821","","2013-12-12","missing_official","","","sougaku:data\raw\loto6\extracted\loto6.csv"
"loto6","822","","2013-12-16","missing_official","","","sougaku:data\raw\loto6\extracted\loto6.csv"
"loto6","823","","2013-12-19","missing_official","","","sougaku:data\raw\loto6\extracted\loto6.csv"
"loto6","824","","2013-12-23","missing_official","","","sougaku:data\raw\loto6\extracted\loto6.csv"
"loto6","825","","2013-12-26","missing_official","","","sougaku:data\raw\loto6\extracted\loto6.csv"
"loto6","826","","2013-12-30","missing_official","","","sougaku:data\raw\loto6\extracted\loto6.csv"
"loto6","827","","2014-01-06","missing_official","","","sougaku:data\raw\loto6\extracted\loto6.csv"
"loto6","828","","2014-01-09","missing_official","","","sougaku:data\raw\loto6\extracted\loto6.csv"
"loto6","829","","2014-01-13","missing_official","","","sougaku:data\raw\loto6\extracted\loto6.csv"
"loto6","830","","2014-01-16","missing_official","","","sougaku:data\raw\loto6\extracted\loto6.csv"
"loto6","831","","2014-01-20","missing_official","","","sougaku:data\raw\loto6\extracted\loto6.csv"
"loto6","832","","2014-01-23","missing_official","","","sougaku:data\raw\loto6\extracted\loto6.csv"
"loto6","833","","2014-01-27","missing_official","","","sougaku:data\raw\loto6\extracted\loto6.csv"
"loto6","834","","2014-01-30","missing_official","","","sougaku:data\raw\loto6\extracted\loto6.csv"
"loto6","835","","2014-02-03","missing_official","","","sougaku:data\raw\loto6\extracted\loto6.csv"
"loto6","836","","2014-02-06","missing_official","","","sougaku:data\raw\loto6\extracted\loto6.csv"
"loto6","837","","2014-02-10","missing_official","","","sougaku:data\raw\loto6\extracted\loto6.csv"
"loto6","838","","2014-02-13","missing_official","","","sougaku:data\raw\loto6\extracted\loto6.csv"
"loto6","839","","2014-02-17","missing_official","","","sougaku:data\raw\loto6\extracted\loto6.csv"
"loto6","840","","2014-02-20","missing_official","","","sougaku:data\raw\loto6\extracted\loto6.csv"
"loto6","841","","2014-02-24","missing_official","","","sougaku:data\raw\loto6\extracted\loto6.csv"
"loto6","842","","2014-02-27","missing_official","","","sougaku:data\raw\loto6\extracted\loto6.csv"
"loto6","843","","2014-03-03","missing_official","","","sougaku:data\raw\loto6\extracted\loto6.csv"
"loto6","844","","2014-03-06","missing_official","","","sougaku:data\raw\loto6\extracted\loto6.csv"
"loto6","845","","2014-03-10","missing_official","","","sougaku:data\raw\loto6\extracted\loto6.csv"
"loto6","846","","2014-03-13","missing_official","","","sougaku:data\raw\loto6\extracted\loto6.csv"
"loto6","847","","2014-03-17","missing_official","","","sougaku:data\raw\loto6\extracted\loto6.csv"
"loto6","848","","2014-03-20","missing_official","","","sougaku:data\raw\loto6\extracted\loto6.csv"
"loto6","849","","2014-03-24","missing_official","","","sougaku:data\raw\loto6\extracted\loto6.csv"
"loto6","850","","2014-03-27","missing_official","","","sougaku:data\raw\loto6\extracted\loto6.csv"
"loto6","851","","2014-03-31","missing_official","","","sougaku:data\raw\loto6\extracted\loto6.csv"
"loto6","852","","2014-04-03","missing_official","","","sougaku:data\raw\loto6\extracted\loto6.csv"
"loto6","853","","2014-04-07","missing_official","","","sougaku:data\raw\loto6\extracted\loto6.csv"
"loto6","854","","2014-04-10","missing_official","","","sougaku:data\raw\loto6\extracted\loto6.csv"
"loto6","855","","2014-04-14","missing_official","","","sougaku:data\raw\loto6\extracted\loto6.csv"
"loto6","856","","2014-04-17","missing_official","","","sougaku:data\raw\loto6\extracted\loto6.csv"
"loto6","857","","2014-04-21","missing_official","","","sougaku:data\raw\loto6\extracted\loto6.csv"
"loto6","858","","2014-04-24","missing_official","","","sougaku:data\raw\loto6\extracted\loto6.csv"
"loto6","859","","2014-04-28","missing_official","","","sougaku:data\raw\loto6\extracted\loto6.csv"
"loto6","860","","2014-05-01","missing_official","","","sougaku:data\raw\loto6\extracted\loto6.csv"
"loto6","861","","2014-05-05","missing_official","","","sougaku:data\raw\loto6\extracted\loto6.csv"
"loto6","862","","2014-05-08","missing_official","","","sougaku:data\raw\loto6\extracted\loto6.csv"
"loto6","863","","2014-05-12","missing_official","","","sougaku:data\raw\loto6\extracted\loto6.csv"
"loto6","864","","2014-05-15","missing_official","","","sougaku:data\raw\loto6\extracted\loto6.csv"
"loto6","865","","2014-05-19","missing_official","","","sougaku:data\raw\loto6\extracted\loto6.csv"
"loto6","866","","2014-05-22","missing_official","","","sougaku:data\raw\loto6\extracted\loto6.csv"
"loto6","867","","2014-05-26","missing_official","","","sougaku:data\raw\loto6\extracted\loto6.csv"
"loto6","868","","2014-05-29","missing_official","","","sougaku:data\raw\loto6\extracted\loto6.csv"
"loto6","869","","2014-06-02","missing_official","","","sougaku:data\raw\loto6\extracted\loto6.csv"
"loto6","870","","2014-06-05","missing_official","","","sougaku:data\raw\loto6\extracted\loto6.csv"
"loto6","871","","2014-06-09","missing_official","","","sougaku:data\raw\loto6\extracted\loto6.csv"
"loto6","872","","2014-06-12","missing_official","","","sougaku:data\raw\loto6\extracted\loto6.csv"
"loto6","873","","2014-06-16","missing_official","","","sougaku:data\raw\loto6\extracted\loto6.csv"
"loto6","874","","2014-06-19","missing_official","","","sougaku:data\raw\loto6\extracted\loto6.csv"
"loto6","875","","2014-06-23","missing_official","","","sougaku:data\raw\loto6\extracted\loto6.csv"
"loto6","876","","2014-06-26","missing_official","","","sougaku:data\raw\loto6\extracted\loto6.csv"
"loto6","877","","2014-06-30","missing_official","","","sougaku:data\raw\loto6\extracted\loto6.csv"
"loto6","878","","2014-07-03","missing_official","","","sougaku:data\raw\loto6\extracted\loto6.csv"
"loto6","879","","2014-07-07","missing_official","","","sougaku:data\raw\loto6\extracted\loto6.csv"
"loto6","880","","2014-07-10","missing_official","","","sougaku:data\raw\loto6\extracted\loto6.csv"
"loto6","881","","2014-07-14","missing_official","","","sougaku:data\raw\loto6\extracted\loto6.csv"
"loto6","882","","2014-07-17","missing_official","","","sougaku:data\raw\loto6\extracted\loto6.csv"
"loto6","883","","2014-07-21","missing_official","","","sougaku:data\raw\loto6\extracted\loto6.csv"
"loto6","884","","2014-07-24","missing_official","","","sougaku:data\raw\loto6\extracted\loto6.csv"
"loto6","885","","2014-07-28","missing_official","","","sougaku:data\raw\loto6\extracted\loto6.csv"
"loto6","886","","2014-07-31","missing_official","","","sougaku:data\raw\loto6\extracted\loto6.csv"
"loto6","887","","2014-08-04","missing_official","","","sougaku:data\raw\loto6\extracted\loto6.csv"
"loto6","888","","2014-08-07","missing_official","","","sougaku:data\raw\loto6\extracted\loto6.csv"
"loto6","889","","2014-08-11","missing_official","","","sougaku:data\raw\loto6\extracted\loto6.csv"
"loto6","890","","2014-08-14","missing_official","","","sougaku:data\raw\loto6\extracted\loto6.csv"
"loto6","891","","2014-08-18","missing_official","","","sougaku:data\raw\loto6\extracted\loto6.csv"
"loto6","892","","2014-08-21","missing_official","","","sougaku:data\raw\loto6\extracted\loto6.csv"
"loto6","893","","2014-08-25","missing_official","","","sougaku:data\raw\loto6\extracted\loto6.csv"
"loto6","894","","2014-08-28","missing_official","","","sougaku:data\raw\loto6\extracted\loto6.csv"
"loto6","895","","2014-09-01","missing_official","","","sougaku:data\raw\loto6\extracted\loto6.csv"
"loto6","896","","2014-09-04","missing_official","","","sougaku:data\raw\loto6\extracted\loto6.csv"
"loto6","897","","2014-09-08","missing_official","","","sougaku:data\raw\loto6\extracted\loto6.csv"
"loto6","898","","2014-09-11","missing_official","","","sougaku:data\raw\loto6\extracted\loto6.csv"
"loto6","899","","2014-09-15","missing_official","","","sougaku:data\raw\loto6\extracted\loto6.csv"
"loto6","900","","2014-09-18","missing_official","","","sougaku:data\raw\loto6\extracted\loto6.csv"
"loto6","901","","2014-09-22","missing_official","","","sougaku:data\raw\loto6\extracted\loto6.csv"
"loto6","902","","2014-09-25","missing_official","","","sougaku:data\raw\loto6\extracted\loto6.csv"
"loto6","903","","2014-09-29","missing_official","","","sougaku:data\raw\loto6\extracted\loto6.csv"
"loto6","904","","2014-10-02","missing_official","","","sougaku:data\raw\loto6\extracted\loto6.csv"
"loto6","905","","2014-10-06","missing_official","","","sougaku:data\raw\loto6\extracted\loto6.csv"
"loto6","906","","2014-10-09","missing_official","","","sougaku:data\raw\loto6\extracted\loto6.csv"
"loto6","907","","2014-10-13","missing_official","","","sougaku:data\raw\loto6\extracted\loto6.csv"
"loto6","908","","2014-10-16","missing_official","","","sougaku:data\raw\loto6\extracted\loto6.csv"
"loto6","909","","2014-10-20","missing_official","","","sougaku:data\raw\loto6\extracted\loto6.csv"
"loto6","910","","2014-10-23","missing_official","","","sougaku:data\raw\loto6\extracted\loto6.csv"
"loto6","911","","2014-10-27","missing_official","","","sougaku:data\raw\loto6\extracted\loto6.csv"
"loto6","912","","2014-10-30","missing_official","","","sougaku:data\raw\loto6\extracted\loto6.csv"
"loto6","913","","2014-11-03","missing_official","","","sougaku:data\raw\loto6\extracted\loto6.csv"
"loto6","914","","2014-11-06","missing_official","","","sougaku:data\raw\loto6\extracted\loto6.csv"
"loto6","915","","2014-11-10","missing_official","","","sougaku:data\raw\loto6\extracted\loto6.csv"
"loto6","916","","2014-11-13","missing_official","","","sougaku:data\raw\loto6\extracted\loto6.csv"
"loto6","917","","2014-11-17","missing_official","","","sougaku:data\raw\loto6\extracted\loto6.csv"
"loto6","918","","2014-11-20","missing_official","","","sougaku:data\raw\loto6\extracted\loto6.csv"
"loto6","919","","2014-11-24","missing_official","","","sougaku:data\raw\loto6\extracted\loto6.csv"
"loto6","920","","2014-11-27","missing_official","","","sougaku:data\raw\loto6\extracted\loto6.csv"
"loto6","921","","2014-12-01","missing_official","","","sougaku:data\raw\loto6\extracted\loto6.csv"
"loto6","922","","2014-12-04","missing_official","","","sougaku:data\raw\loto6\extracted\loto6.csv"
"loto6","923","","2014-12-08","missing_official","","","sougaku:data\raw\loto6\extracted\loto6.csv"
"loto6","924","","2014-12-11","missing_official","","","sougaku:data\raw\loto6\extracted\loto6.csv"
"loto6","925","","2014-12-15","missing_official","","","sougaku:data\raw\loto6\extracted\loto6.csv"
"loto6","926","","2014-12-18","missing_official","","","sougaku:data\raw\loto6\extracted\loto6.csv"
"loto6","927","","2014-12-22","missing_official","","","sougaku:data\raw\loto6\extracted\loto6.csv"
"loto6","928","","2014-12-25","missing_official","","","sougaku:data\raw\loto6\extracted\loto6.csv"
"loto6","929","","2014-12-29","missing_official","","","sougaku:data\raw\loto6\extracted\loto6.csv"
"loto6","930","","2015-01-05","missing_official","","","sougaku:data\raw\loto6\extracted\loto6.csv"
"loto6","931","","2015-01-08","missing_official","","","sougaku:data\raw\loto6\extracted\loto6.csv"
"loto6","932","","2015-01-12","missing_official","","","sougaku:data\raw\loto6\extracted\loto6.csv"
"loto6","933","","2015-01-15","missing_official","","","sougaku:data\raw\loto6\extracted\loto6.csv"
"loto6","934","","2015-01-19","missing_official","","","sougaku:data\raw\loto6\extracted\loto6.csv"
"loto6","935","","2015-01-22","missing_official","","","sougaku:data\raw\loto6\extracted\loto6.csv"
"loto6","936","","2015-01-26","missing_official","","","sougaku:data\raw\loto6\extracted\loto6.csv"
"loto6","937","","2015-01-29","missing_official","","","sougaku:data\raw\loto6\extracted\loto6.csv"
"loto6","938","","2015-02-02","missing_official","","","sougaku:data\raw\loto6\extracted\loto6.csv"
"loto6","939","","2015-02-05","missing_official","","","sougaku:data\raw\loto6\extracted\loto6.csv"
"loto6","940","","2015-02-09","missing_official","","","sougaku:data\raw\loto6\extracted\loto6.csv"
"loto6","941","","2015-02-12","missing_official","","","sougaku:data\raw\loto6\extracted\loto6.csv"
"loto6","942","","2015-02-16","missing_official","","","sougaku:data\raw\loto6\extracted\loto6.csv"
"loto6","943","","2015-02-19","missing_official","","","sougaku:data\raw\loto6\extracted\loto6.csv"
"loto6","944","","2015-02-23","missing_official","","","sougaku:data\raw\loto6\extracted\loto6.csv"
"loto6","945","","2015-02-26","missing_official","","","sougaku:data\raw\loto6\extracted\loto6.csv"
"loto6","946","","2015-03-02","missing_official","","","sougaku:data\raw\loto6\extracted\loto6.csv"
"loto6","947","","2015-03-05","missing_official","","","sougaku:data\raw\loto6\extracted\loto6.csv"
"loto6","948","","2015-03-09","missing_official","","","sougaku:data\raw\loto6\extracted\loto6.csv"
"loto6","949","","2015-03-12","missing_official","","","sougaku:data\raw\loto6\extracted\loto6.csv"
"loto6","950","","2015-03-16","missing_official","","","sougaku:data\raw\loto6\extracted\loto6.csv"
"loto6","951","","2015-03-19","missing_official","","","sougaku:data\raw\loto6\extracted\loto6.csv"
"loto6","952","","2015-03-23","missing_official","","","sougaku:data\raw\loto6\extracted\loto6.csv"
"loto6","953","","2015-03-26","missing_official","","","sougaku:data\raw\loto6\extracted\loto6.csv"
"loto6","954","","2015-03-30","missing_official","","","sougaku:data\raw\loto6\extracted\loto6.csv"
"loto6","955","","2015-04-02","missing_official","","","sougaku:data\raw\loto6\extracted\loto6.csv"
"loto6","956","","2015-04-06","missing_official","","","sougaku:data\raw\loto6\extracted\loto6.csv"
"loto6","957","","2015-04-09","missing_official","","","sougaku:data\raw\loto6\extracted\loto6.csv"
"loto6","958","","2015-04-13","missing_official","","","sougaku:data\raw\loto6\extracted\loto6.csv"
"loto6","959","","2015-04-16","missing_official","","","sougaku:data\raw\loto6\extracted\loto6.csv"
"loto6","960","","2015-04-20","missing_official","","","sougaku:data\raw\loto6\extracted\loto6.csv"
"loto6","961","","2015-04-23","missing_official","","","sougaku:data\raw\loto6\extracted\loto6.csv"
"loto6","962","","2015-04-27","missing_official","","","sougaku:data\raw\loto6\extracted\loto6.csv"
"loto6","963","","2015-04-30","missing_official","","","sougaku:data\raw\loto6\extracted\loto6.csv"
"loto6","964","","2015-05-04","missing_official","","","sougaku:data\raw\loto6\extracted\loto6.csv"
"loto6","965","","2015-05-07","missing_official","","","sougaku:data\raw\loto6\extracted\loto6.csv"
"loto6","966","","2015-05-11","missing_official","","","sougaku:data\raw\loto6\extracted\loto6.csv"
"loto6","967","","2015-05-14","missing_official","","","sougaku:data\raw\loto6\extracted\loto6.csv"
"loto6","968","","2015-05-18","missing_official","","","sougaku:data\raw\loto6\extracted\loto6.csv"
"loto6","969","","2015-05-21","missing_official","","","sougaku:data\raw\loto6\extracted\loto6.csv"
"loto6","970","","2015-05-25","missing_official","","","sougaku:data\raw\loto6\extracted\loto6.csv"
"loto6","971","","2015-05-28","missing_official","","","sougaku:data\raw\loto6\extracted\loto6.csv"
"loto6","972","","2015-06-01","missing_official","","","sougaku:data\raw\loto6\extracted\loto6.csv"
"loto6","973","","2015-06-04","missing_official","","","sougaku:data\raw\loto6\extracted\loto6.csv"
"loto6","974","","2015-06-08","missing_official","","","sougaku:data\raw\loto6\extracted\loto6.csv"
"loto6","975","","2015-06-11","missing_official","","","sougaku:data\raw\loto6\extracted\loto6.csv"
"loto6","976","","2015-06-15","missing_official","","","sougaku:data\raw\loto6\extracted\loto6.csv"
"loto6","977","","2015-06-18","missing_official","","","sougaku:data\raw\loto6\extracted\loto6.csv"
"loto6","978","","2015-06-22","missing_official","","","sougaku:data\raw\loto6\extracted\loto6.csv"
"loto6","979","","2015-06-25","missing_official","","","sougaku:data\raw\loto6\extracted\loto6.csv"
"loto6","980","","2015-06-29","missing_official","","","sougaku:data\raw\loto6\extracted\loto6.csv"
"loto6","981","","2015-07-02","missing_official","","","sougaku:data\raw\loto6\extracted\loto6.csv"
"loto6","982","","2015-07-06","missing_official","","","sougaku:data\raw\loto6\extracted\loto6.csv"
"loto6","983","","2015-07-09","missing_official","","","sougaku:data\raw\loto6\extracted\loto6.csv"
"loto6","984","","2015-07-13","missing_official","","","sougaku:data\raw\loto6\extracted\loto6.csv"
"loto6","985","","2015-07-16","missing_official","","","sougaku:data\raw\loto6\extracted\loto6.csv"
"loto6","986","","2015-07-20","missing_official","","","sougaku:data\raw\loto6\extracted\loto6.csv"
"loto6","987","","2015-07-23","missing_official","","","sougaku:data\raw\loto6\extracted\loto6.csv"
"loto6","988","","2015-07-27","missing_official","","","sougaku:data\raw\loto6\extracted\loto6.csv"
"loto6","989","","2015-07-30","missing_official","","","sougaku:data\raw\loto6\extracted\loto6.csv"
"loto6","990","","2015-08-03","missing_official","","","sougaku:data\raw\loto6\extracted\loto6.csv"
"loto6","991","","2015-08-06","missing_official","","","sougaku:data\raw\loto6\extracted\loto6.csv"
"loto6","992","","2015-08-10","missing_official","","","sougaku:data\raw\loto6\extracted\loto6.csv"
"loto6","993","","2015-08-13","missing_official","","","sougaku:data\raw\loto6\extracted\loto6.csv"
"loto6","994","","2015-08-17","missing_official","","","sougaku:data\raw\loto6\extracted\loto6.csv"
"loto6","995","","2015-08-20","missing_official","","","sougaku:data\raw\loto6\extracted\loto6.csv"
"loto6","996","","2015-08-24","missing_official","","","sougaku:data\raw\loto6\extracted\loto6.csv"
"loto6","997","","2015-08-27","missing_official","","","sougaku:data\raw\loto6\extracted\loto6.csv"
"loto6","998","","2015-08-31","missing_official","","","sougaku:data\raw\loto6\extracted\loto6.csv"
"loto6","999","","2015-09-03","missing_official","","","sougaku:data\raw\loto6\extracted\loto6.csv"
"loto6","1000","","2015-09-07","missing_official","","","sougaku:data\raw\loto6\extracted\loto6.csv"
"loto6","1001","","2015-09-10","missing_official","","","sougaku:data\raw\loto6\extracted\loto6.csv"
"loto6","1002","","2015-09-14","missing_official","","","sougaku:data\raw\loto6\extracted\loto6.csv"
"loto6","1003","","2015-09-17","missing_official","","","sougaku:data\raw\loto6\extracted\loto6.csv"
"loto6","1004","","2015-09-21","missing_official","","","sougaku:data\raw\loto6\extracted\loto6.csv"
"loto6","1005","","2015-09-24","missing_official","","","sougaku:data\raw\loto6\extracted\loto6.csv"
"loto6","1006","","2015-09-28","missing_official","","","sougaku:data\raw\loto6\extracted\loto6.csv"
"loto6","1007","","2015-10-01","missing_official","","","sougaku:data\raw\loto6\extracted\loto6.csv"
"loto6","1008","","2015-10-05","missing_official","","","sougaku:data\raw\loto6\extracted\loto6.csv"
"loto6","1009","","2015-10-08","missing_official","","","sougaku:data\raw\loto6\extracted\loto6.csv"
"loto6","1010","","2015-10-12","missing_official","","","sougaku:data\raw\loto6\extracted\loto6.csv"
"loto6","1011","","2015-10-15","missing_official","","","sougaku:data\raw\loto6\extracted\loto6.csv"
"loto6","1012","","2015-10-19","missing_official","","","sougaku:data\raw\loto6\extracted\loto6.csv"
"loto6","1013","","2015-10-22","missing_official","","","sougaku:data\raw\loto6\extracted\loto6.csv"
"loto6","1014","","2015-10-26","missing_official","","","sougaku:data\raw\loto6\extracted\loto6.csv"
"loto6","1015","","2015-10-29","missing_official","","","sougaku:data\raw\loto6\extracted\loto6.csv"
"loto6","1016","","2015-11-02","missing_official","","","sougaku:data\raw\loto6\extracted\loto6.csv"
"loto6","1017","","2015-11-05","missing_official","","","sougaku:data\raw\loto6\extracted\loto6.csv"
"loto6","1018","","2015-11-09","missing_official","","","sougaku:data\raw\loto6\extracted\loto6.csv"
"loto6","1019","","2015-11-12","missing_official","","","sougaku:data\raw\loto6\extracted\loto6.csv"
"loto6","1020","","2015-11-16","missing_official","","","sougaku:data\raw\loto6\extracted\loto6.csv"
"loto6","1021","","2015-11-19","missing_official","","","sougaku:data\raw\loto6\extracted\loto6.csv"
"loto6","1022","","2015-11-23","missing_official","","","sougaku:data\raw\loto6\extracted\loto6.csv"
"loto6","1023","","2015-11-26","missing_official","","","sougaku:data\raw\loto6\extracted\loto6.csv"
"loto6","1024","","2015-11-30","missing_official","","","sougaku:data\raw\loto6\extracted\loto6.csv"
"loto6","1025","","2015-12-03","missing_official","","","sougaku:data\raw\loto6\extracted\loto6.csv"
"loto6","1026","","2015-12-07","missing_official","","","sougaku:data\raw\loto6\extracted\loto6.csv"
"loto6","1027","","2015-12-10","missing_official","","","sougaku:data\raw\loto6\extracted\loto6.csv"
"loto6","1028","","2015-12-14","missing_official","","","sougaku:data\raw\loto6\extracted\loto6.csv"
"loto6","1029","","2015-12-17","missing_official","","","sougaku:data\raw\loto6\extracted\loto6.csv"
"loto6","1030","","2015-12-21","missing_official","","","sougaku:data\raw\loto6\extracted\loto6.csv"
"loto6","1031","","2015-12-24","missing_official","","","sougaku:data\raw\loto6\extracted\loto6.csv"
"loto6","1032","","2015-12-28","missing_official","","","sougaku:data\raw\loto6\extracted\loto6.csv"
"loto6","1033","","2016-01-04","missing_official","","","sougaku:data\raw\loto6\extracted\loto6.csv"
"loto6","1034","","2016-01-07","missing_official","","","sougaku:data\raw\loto6\extracted\loto6.csv"
"loto6","1035","","2016-01-11","missing_official","","","sougaku:data\raw\loto6\extracted\loto6.csv"
"loto6","1036","","2016-01-14","missing_official","","","sougaku:data\raw\loto6\extracted\loto6.csv"
"loto6","1037","","2016-01-18","missing_official","","","sougaku:data\raw\loto6\extracted\loto6.csv"
"loto6","1038","","2016-01-21","missing_official","","","sougaku:data\raw\loto6\extracted\loto6.csv"
"loto6","1039","","2016-01-25","missing_official","","","sougaku:data\raw\loto6\extracted\loto6.csv"
"loto6","1040","","2016-01-28","missing_official","","","sougaku:data\raw\loto6\extracted\loto6.csv"
"loto6","1041","","2016-02-01","missing_official","","","sougaku:data\raw\loto6\extracted\loto6.csv"
"loto6","1042","","2016-02-04","missing_official","","","sougaku:data\raw\loto6\extracted\loto6.csv"
"loto6","1043","","2016-02-08","missing_official","","","sougaku:data\raw\loto6\extracted\loto6.csv"
"loto6","1044","","2016-02-11","missing_official","","","sougaku:data\raw\loto6\extracted\loto6.csv"
"loto6","1045","","2016-02-15","missing_official","","","sougaku:data\raw\loto6\extracted\loto6.csv"
"loto6","1046","","2016-02-18","missing_official","","","sougaku:data\raw\loto6\extracted\loto6.csv"
"loto6","1047","","2016-02-22","missing_official","","","sougaku:data\raw\loto6\extracted\loto6.csv"
"loto6","1048","","2016-02-25","missing_official","","","sougaku:data\raw\loto6\extracted\loto6.csv"
"loto6","1049","","2016-02-29","missing_official","","","sougaku:data\raw\loto6\extracted\loto6.csv"
"loto6","1050","","2016-03-03","missing_official","","","sougaku:data\raw\loto6\extracted\loto6.csv"
"loto6","1051","","2016-03-07","missing_official","","","sougaku:data\raw\loto6\extracted\loto6.csv"
"loto6","1052","","2016-03-10","missing_official","","","sougaku:data\raw\loto6\extracted\loto6.csv"
"loto6","1053","","2016-03-14","missing_official","","","sougaku:data\raw\loto6\extracted\loto6.csv"
"loto6","1054","","2016-03-17","missing_official","","","sougaku:data\raw\loto6\extracted\loto6.csv"
"loto6","1055","","2016-03-21","missing_official","","","sougaku:data\raw\loto6\extracted\loto6.csv"
"loto6","1056","","2016-03-24","missing_official","","","sougaku:data\raw\loto6\extracted\loto6.csv"
"loto6","1057","","2016-03-28","missing_official","","","sougaku:data\raw\loto6\extracted\loto6.csv"
"loto6","1058","","2016-03-31","missing_official","","","sougaku:data\raw\loto6\extracted\loto6.csv"
"loto6","1059","","2016-04-04","missing_official","","","sougaku:data\raw\loto6\extracted\loto6.csv"
"loto6","1060","","2016-04-07","missing_official","","","sougaku:data\raw\loto6\extracted\loto6.csv"
"loto6","1061","","2016-04-11","missing_official","","","sougaku:data\raw\loto6\extracted\loto6.csv"
"loto6","1062","","2016-04-14","missing_official","","","sougaku:data\raw\loto6\extracted\loto6.csv"
"loto6","1063","","2016-04-18","missing_official","","","sougaku:data\raw\loto6\extracted\loto6.csv"
"loto6","1064","","2016-04-21","missing_official","","","sougaku:data\raw\loto6\extracted\loto6.csv"
"loto6","1065","","2016-04-25","missing_official","","","sougaku:data\raw\loto6\extracted\loto6.csv"
"loto6","1066","","2016-04-28","missing_official","","","sougaku:data\raw\loto6\extracted\loto6.csv"
"loto6","1067","","2016-05-02","missing_official","","","sougaku:data\raw\loto6\extracted\loto6.csv"
"loto6","1068","","2016-05-05","missing_official","","","sougaku:data\raw\loto6\extracted\loto6.csv"
"loto6","1069","","2016-05-09","missing_official","","","sougaku:data\raw\loto6\extracted\loto6.csv"
"loto6","1070","","2016-05-12","missing_official","","","sougaku:data\raw\loto6\extracted\loto6.csv"
"loto6","1071","","2016-05-16","missing_official","","","sougaku:data\raw\loto6\extracted\loto6.csv"
"loto6","1072","","2016-05-19","missing_official","","","sougaku:data\raw\loto6\extracted\loto6.csv"
"loto6","1073","","2016-05-23","missing_official","","","sougaku:data\raw\loto6\extracted\loto6.csv"
"loto6","1074","","2016-05-26","missing_official","","","sougaku:data\raw\loto6\extracted\loto6.csv"
"loto6","1075","","2016-05-30","missing_official","","","sougaku:data\raw\loto6\extracted\loto6.csv"
"loto6","1076","","2016-06-02","missing_official","","","sougaku:data\raw\loto6\extracted\loto6.csv"
"loto6","1077","","2016-06-06","missing_official","","","sougaku:data\raw\loto6\extracted\loto6.csv"
"loto6","1078","","2016-06-09","missing_official","","","sougaku:data\raw\loto6\extracted\loto6.csv"
"loto6","1079","","2016-06-13","missing_official","","","sougaku:data\raw\loto6\extracted\loto6.csv"
"loto6","1080","","2016-06-16","missing_official","","","sougaku:data\raw\loto6\extracted\loto6.csv"
"loto6","1081","","2016-06-20","missing_official","","","sougaku:data\raw\loto6\extracted\loto6.csv"
"loto6","1082","","2016-06-23","missing_official","","","sougaku:data\raw\loto6\extracted\loto6.csv"
"loto6","1083","","2016-06-27","missing_official","","","sougaku:data\raw\loto6\extracted\loto6.csv"
"loto6","1084","","2016-06-30","missing_official","","","sougaku:data\raw\loto6\extracted\loto6.csv"
"loto6","1085","","2016-07-04","missing_official","","","sougaku:data\raw\loto6\extracted\loto6.csv"
"loto6","1086","","2016-07-07","missing_official","","","sougaku:data\raw\loto6\extracted\loto6.csv"
"loto6","1087","","2016-07-11","missing_official","","","sougaku:data\raw\loto6\extracted\loto6.csv"
"loto6","1088","","2016-07-14","missing_official","","","sougaku:data\raw\loto6\extracted\loto6.csv"
"loto6","1089","","2016-07-18","missing_official","","","sougaku:data\raw\loto6\extracted\loto6.csv"
"loto6","1090","","2016-07-21","missing_official","","","sougaku:data\raw\loto6\extracted\loto6.csv"
"loto6","1091","","2016-07-25","missing_official","","","sougaku:data\raw\loto6\extracted\loto6.csv"
"loto6","1092","","2016-07-28","missing_official","","","sougaku:data\raw\loto6\extracted\loto6.csv"
"loto6","1093","","2016-08-01","missing_official","","","sougaku:data\raw\loto6\extracted\loto6.csv"
"loto6","1094","","2016-08-04","missing_official","","","sougaku:data\raw\loto6\extracted\loto6.csv"
"loto6","1095","","2016-08-08","missing_official","","","sougaku:data\raw\loto6\extracted\loto6.csv"
"loto6","1096","","2016-08-11","missing_official","","","sougaku:data\raw\loto6\extracted\loto6.csv"
"loto6","1097","","2016-08-15","missing_official","","","sougaku:data\raw\loto6\extracted\loto6.csv"
"loto6","1098","","2016-08-18","missing_official","","","sougaku:data\raw\loto6\extracted\loto6.csv"
"loto6","1099","","2016-08-22","missing_official","","","sougaku:data\raw\loto6\extracted\loto6.csv"
"loto6","1100","","2016-08-25","missing_official","","","sougaku:data\raw\loto6\extracted\loto6.csv"
"loto6","1101","","2016-08-29","missing_official","","","sougaku:data\raw\loto6\extracted\loto6.csv"
"loto6","1102","","2016-09-01","missing_official","","","sougaku:data\raw\loto6\extracted\loto6.csv"
"loto6","1103","","2016-09-05","missing_official","","","sougaku:data\raw\loto6\extracted\loto6.csv"
"loto6","1104","","2016-09-08","missing_official","","","sougaku:data\raw\loto6\extracted\loto6.csv"
"loto6","1105","","2016-09-12","missing_official","","","sougaku:data\raw\loto6\extracted\loto6.csv"
"loto6","1106","","2016-09-15","missing_official","","","sougaku:data\raw\loto6\extracted\loto6.csv"
"loto6","1107","","2016-09-19","missing_official","","","sougaku:data\raw\loto6\extracted\loto6.csv"
"loto6","1108","","2016-09-22","missing_official","","","sougaku:data\raw\loto6\extracted\loto6.csv"
"loto6","1109","","2016-09-26","missing_official","","","sougaku:data\raw\loto6\extracted\loto6.csv"
"loto6","1110","","2016-09-29","missing_official","","","sougaku:data\raw\loto6\extracted\loto6.csv"
"loto6","1111","","2016-10-03","missing_official","","","sougaku:data\raw\loto6\extracted\loto6.csv"
"loto6","1112","","2016-10-06","missing_official","","","sougaku:data\raw\loto6\extracted\loto6.csv"
"loto6","1113","","2016-10-10","missing_official","","","sougaku:data\raw\loto6\extracted\loto6.csv"
"loto6","1114","","2016-10-13","missing_official","","","sougaku:data\raw\loto6\extracted\loto6.csv"
"loto6","1115","","2016-10-17","missing_official","","","sougaku:data\raw\loto6\extracted\loto6.csv"
"loto6","1116","","2016-10-20","missing_official","","","sougaku:data\raw\loto6\extracted\loto6.csv"
"loto6","1117","","2016-10-24","missing_official","","","sougaku:data\raw\loto6\extracted\loto6.csv"
"loto6","1118","","2016-10-27","missing_official","","","sougaku:data\raw\loto6\extracted\loto6.csv"
"loto6","1119","","2016-10-31","missing_official","","","sougaku:data\raw\loto6\extracted\loto6.csv"
"loto6","1120","","2016-11-03","missing_official","","","sougaku:data\raw\loto6\extracted\loto6.csv"
"loto6","1121","","2016-11-07","missing_official","","","sougaku:data\raw\loto6\extracted\loto6.csv"
"loto6","1122","","2016-11-10","missing_official","","","sougaku:data\raw\loto6\extracted\loto6.csv"
"loto6","1123","","2016-11-14","missing_official","","","sougaku:data\raw\loto6\extracted\loto6.csv"
"loto6","1124","","2016-11-17","missing_official","","","sougaku:data\raw\loto6\extracted\loto6.csv"
"loto6","1125","","2016-11-21","missing_official","","","sougaku:data\raw\loto6\extracted\loto6.csv"
"loto6","1126","","2016-11-24","missing_official","","","sougaku:data\raw\loto6\extracted\loto6.csv"
"loto6","1127","","2016-11-28","missing_official","","","sougaku:data\raw\loto6\extracted\loto6.csv"
"loto6","1128","","2016-12-01","missing_official","","","sougaku:data\raw\loto6\extracted\loto6.csv"
"loto6","1129","","2016-12-05","missing_official","","","sougaku:data\raw\loto6\extracted\loto6.csv"
"loto6","1130","","2016-12-08","missing_official","","","sougaku:data\raw\loto6\extracted\loto6.csv"
"loto6","1131","","2016-12-12","missing_official","","","sougaku:data\raw\loto6\extracted\loto6.csv"
"loto6","1132","","2016-12-15","missing_official","","","sougaku:data\raw\loto6\extracted\loto6.csv"
"loto6","1133","","2016-12-19","missing_official","","","sougaku:data\raw\loto6\extracted\loto6.csv"
"loto6","1134","","2016-12-22","missing_official","","","sougaku:data\raw\loto6\extracted\loto6.csv"
"loto6","1135","","2016-12-26","missing_official","","","sougaku:data\raw\loto6\extracted\loto6.csv"
"loto6","1136","","2016-12-29","missing_official","","","sougaku:data\raw\loto6\extracted\loto6.csv"
"loto6","1137","","2017-01-05","missing_official","","","sougaku:data\raw\loto6\extracted\loto6.csv"
"loto6","1138","","2017-01-09","missing_official","","","sougaku:data\raw\loto6\extracted\loto6.csv"
"loto6","1139","","2017-01-12","missing_official","","","sougaku:data\raw\loto6\extracted\loto6.csv"
"loto6","1140","","2017-01-16","missing_official","","","sougaku:data\raw\loto6\extracted\loto6.csv"
"loto6","1141","","2017-01-19","missing_official","","","sougaku:data\raw\loto6\extracted\loto6.csv"
"loto6","1142","","2017-01-23","missing_official","","","sougaku:data\raw\loto6\extracted\loto6.csv"
"loto6","1143","","2017-01-26","missing_official","","","sougaku:data\raw\loto6\extracted\loto6.csv"
"loto6","1144","","2017-01-30","missing_official","","","sougaku:data\raw\loto6\extracted\loto6.csv"
"loto6","1145","","2017-02-02","missing_official","","","sougaku:data\raw\loto6\extracted\loto6.csv"
"loto6","1146","","2017-02-06","missing_official","","","sougaku:data\raw\loto6\extracted\loto6.csv"
"loto6","1147","","2017-02-09","missing_official","","","sougaku:data\raw\loto6\extracted\loto6.csv"
"loto6","1148","","2017-02-13","missing_official","","","sougaku:data\raw\loto6\extracted\loto6.csv"
"loto6","1149","","2017-02-16","missing_official","","","sougaku:data\raw\loto6\extracted\loto6.csv"
"loto6","1150","","2017-02-20","missing_official","","","sougaku:data\raw\loto6\extracted\loto6.csv"
"loto6","1151","","2017-02-23","missing_official","","","sougaku:data\raw\loto6\extracted\loto6.csv"
"loto6","1152","","2017-02-27","missing_official","","","sougaku:data\raw\loto6\extracted\loto6.csv"
"loto6","1153","","2017-03-02","missing_official","","","sougaku:data\raw\loto6\extracted\loto6.csv"
"loto6","1154","","2017-03-06","missing_official","","","sougaku:data\raw\loto6\extracted\loto6.csv"
"loto6","1155","","2017-03-09","missing_official","","","sougaku:data\raw\loto6\extracted\loto6.csv"
"loto6","1156","","2017-03-13","missing_official","","","sougaku:data\raw\loto6\extracted\loto6.csv"
"loto6","1157","","2017-03-16","missing_official","","","sougaku:data\raw\loto6\extracted\loto6.csv"
"loto6","1158","","2017-03-20","missing_official","","","sougaku:data\raw\loto6\extracted\loto6.csv"
"loto6","1159","","2017-03-23","missing_official","","","sougaku:data\raw\loto6\extracted\loto6.csv"
"loto6","1160","","2017-03-27","missing_official","","","sougaku:data\raw\loto6\extracted\loto6.csv"
"loto6","1161","","2017-03-30","missing_official","","","sougaku:data\raw\loto6\extracted\loto6.csv"
"loto6","1162","","2017-04-03","missing_official","","","sougaku:data\raw\loto6\extracted\loto6.csv"
"loto6","1163","","2017-04-06","missing_official","","","sougaku:data\raw\loto6\extracted\loto6.csv"
"loto6","1164","","2017-04-10","missing_official","","","sougaku:data\raw\loto6\extracted\loto6.csv"
"loto6","1165","","2017-04-13","missing_official","","","sougaku:data\raw\loto6\extracted\loto6.csv"
"loto6","1166","","2017-04-17","missing_official","","","sougaku:data\raw\loto6\extracted\loto6.csv"
"loto6","1167","","2017-04-20","missing_official","","","sougaku:data\raw\loto6\extracted\loto6.csv"
"loto6","1168","","2017-04-24","missing_official","","","sougaku:data\raw\loto6\extracted\loto6.csv"
"loto6","1169","","2017-04-27","missing_official","","","sougaku:data\raw\loto6\extracted\loto6.csv"
"loto6","1170","","2017-05-01","missing_official","","","sougaku:data\raw\loto6\extracted\loto6.csv"
"loto6","1171","","2017-05-04","missing_official","","","sougaku:data\raw\loto6\extracted\loto6.csv"
"loto6","1172","","2017-05-08","missing_official","","","sougaku:data\raw\loto6\extracted\loto6.csv"
"loto6","1173","","2017-05-11","missing_official","","","sougaku:data\raw\loto6\extracted\loto6.csv"
"loto6","1174","","2017-05-15","missing_official","","","sougaku:data\raw\loto6\extracted\loto6.csv"
"loto6","1175","","2017-05-18","missing_official","","","sougaku:data\raw\loto6\extracted\loto6.csv"
"loto6","1176","","2017-05-22","missing_official","","","sougaku:data\raw\loto6\extracted\loto6.csv"
"loto6","1177","","2017-05-25","missing_official","","","sougaku:data\raw\loto6\extracted\loto6.csv"
"loto6","1178","","2017-05-29","missing_official","","","sougaku:data\raw\loto6\extracted\loto6.csv"
"loto6","1179","","2017-06-01","missing_official","","","sougaku:data\raw\loto6\extracted\loto6.csv"
"loto6","1180","","2017-06-05","missing_official","","","sougaku:data\raw\loto6\extracted\loto6.csv"
"loto6","1181","","2017-06-08","missing_official","","","sougaku:data\raw\loto6\extracted\loto6.csv"
"loto6","1182","","2017-06-12","missing_official","","","sougaku:data\raw\loto6\extracted\loto6.csv"
"loto6","1183","","2017-06-15","missing_official","","","sougaku:data\raw\loto6\extracted\loto6.csv"
"loto6","1184","","2017-06-19","missing_official","","","sougaku:data\raw\loto6\extracted\loto6.csv"
"loto6","1185","","2017-06-22","missing_official","","","sougaku:data\raw\loto6\extracted\loto6.csv"
"loto6","1186","","2017-06-26","missing_official","","","sougaku:data\raw\loto6\extracted\loto6.csv"
"loto6","1187","","2017-06-29","missing_official","","","sougaku:data\raw\loto6\extracted\loto6.csv"
"loto6","1188","","2017-07-03","missing_official","","","sougaku:data\raw\loto6\extracted\loto6.csv"
"loto6","1189","","2017-07-06","missing_official","","","sougaku:data\raw\loto6\extracted\loto6.csv"
"loto6","1190","","2017-07-10","missing_official","","","sougaku:data\raw\loto6\extracted\loto6.csv"
"loto6","1191","","2017-07-13","missing_official","","","sougaku:data\raw\loto6\extracted\loto6.csv"
"loto6","1192","","2017-07-17","missing_official","","","sougaku:data\raw\loto6\extracted\loto6.csv"
"loto6","1193","","2017-07-20","missing_official","","","sougaku:data\raw\loto6\extracted\loto6.csv"
"loto6","1194","","2017-07-24","missing_official","","","sougaku:data\raw\loto6\extracted\loto6.csv"
"loto6","1195","","2017-07-27","missing_official","","","sougaku:data\raw\loto6\extracted\loto6.csv"
"loto6","1196","","2017-07-31","missing_official","","","sougaku:data\raw\loto6\extracted\loto6.csv"
"loto6","1197","","2017-08-03","missing_official","","","sougaku:data\raw\loto6\extracted\loto6.csv"
"loto6","1198","","2017-08-07","missing_official","","","sougaku:data\raw\loto6\extracted\loto6.csv"
"loto6","1199","","2017-08-10","missing_official","","","sougaku:data\raw\loto6\extracted\loto6.csv"
"loto6","1200","","2017-08-14","missing_official","","","sougaku:data\raw\loto6\extracted\loto6.csv"
"loto6","1201","","2017-08-17","missing_official","","","sougaku:data\raw\loto6\extracted\loto6.csv"
"loto6","1202","","2017-08-21","missing_official","","","sougaku:data\raw\loto6\extracted\loto6.csv"
"loto6","1203","","2017-08-24","missing_official","","","sougaku:data\raw\loto6\extracted\loto6.csv"
"loto6","1204","","2017-08-28","missing_official","","","sougaku:data\raw\loto6\extracted\loto6.csv"
"loto6","1205","","2017-08-31","missing_official","","","sougaku:data\raw\loto6\extracted\loto6.csv"
"loto6","1206","","2017-09-04","missing_official","","","sougaku:data\raw\loto6\extracted\loto6.csv"
"loto6","1207","","2017-09-07","missing_official","","","sougaku:data\raw\loto6\extracted\loto6.csv"
"loto6","1208","","2017-09-11","missing_official","","","sougaku:data\raw\loto6\extracted\loto6.csv"
"loto6","1209","","2017-09-14","missing_official","","","sougaku:data\raw\loto6\extracted\loto6.csv"
"loto6","1210","","2017-09-18","missing_official","","","sougaku:data\raw\loto6\extracted\loto6.csv"
"loto6","1211","","2017-09-21","missing_official","","","sougaku:data\raw\loto6\extracted\loto6.csv"
"loto6","1212","","2017-09-25","missing_official","","","sougaku:data\raw\loto6\extracted\loto6.csv"
"loto6","1213","","2017-09-28","missing_official","","","sougaku:data\raw\loto6\extracted\loto6.csv"
"loto6","1214","","2017-10-02","missing_official","","","sougaku:data\raw\loto6\extracted\loto6.csv"
"loto6","1215","","2017-10-05","missing_official","","","sougaku:data\raw\loto6\extracted\loto6.csv"
"loto6","1216","","2017-10-09","missing_official","","","sougaku:data\raw\loto6\extracted\loto6.csv"
"loto6","1217","","2017-10-12","missing_official","","","sougaku:data\raw\loto6\extracted\loto6.csv"
"loto6","1218","","2017-10-16","missing_official","","","sougaku:data\raw\loto6\extracted\loto6.csv"
"loto6","1219","","2017-10-19","missing_official","","","sougaku:data\raw\loto6\extracted\loto6.csv"
"loto6","1220","","2017-10-23","missing_official","","","sougaku:data\raw\loto6\extracted\loto6.csv"
"loto6","1221","","2017-10-26","missing_official","","","sougaku:data\raw\loto6\extracted\loto6.csv"
"loto6","1222","","2017-10-30","missing_official","","","sougaku:data\raw\loto6\extracted\loto6.csv"
"loto6","1223","","2017-11-02","missing_official","","","sougaku:data\raw\loto6\extracted\loto6.csv"
"loto6","1224","","2017-11-06","missing_official","","","sougaku:data\raw\loto6\extracted\loto6.csv"
"loto6","1225","","2017-11-09","missing_official","","","sougaku:data\raw\loto6\extracted\loto6.csv"
"loto6","1226","","2017-11-13","missing_official","","","sougaku:data\raw\loto6\extracted\loto6.csv"
"loto6","1227","","2017-11-16","missing_official","","","sougaku:data\raw\loto6\extracted\loto6.csv"
"loto6","1228","","2017-11-20","missing_official","","","sougaku:data\raw\loto6\extracted\loto6.csv"
"loto6","1229","","2017-11-23","missing_official","","","sougaku:data\raw\loto6\extracted\loto6.csv"
"loto6","1230","","2017-11-27","missing_official","","","sougaku:data\raw\loto6\extracted\loto6.csv"
"loto6","1231","","2017-11-30","missing_official","","","sougaku:data\raw\loto6\extracted\loto6.csv"
"loto6","1232","","2017-12-04","missing_official","","","sougaku:data\raw\loto6\extracted\loto6.csv"
"loto6","1233","","2017-12-07","missing_official","","","sougaku:data\raw\loto6\extracted\loto6.csv"
"loto6","1234","","2017-12-11","missing_official","","","sougaku:data\raw\loto6\extracted\loto6.csv"
"loto6","1235","","2017-12-14","missing_official","","","sougaku:data\raw\loto6\extracted\loto6.csv"
"loto6","1236","","2017-12-18","missing_official","","","sougaku:data\raw\loto6\extracted\loto6.csv"
"loto6","1237","","2017-12-21","missing_official","","","sougaku:data\raw\loto6\extracted\loto6.csv"
"loto6","1238","","2017-12-25","missing_official","","","sougaku:data\raw\loto6\extracted\loto6.csv"
"loto6","1239","","2017-12-28","missing_official","","","sougaku:data\raw\loto6\extracted\loto6.csv"
"loto6","1240","","2018-01-04","missing_official","","","sougaku:data\raw\loto6\extracted\loto6.csv"
"loto6","1241","","2018-01-08","missing_official","","","sougaku:data\raw\loto6\extracted\loto6.csv"
"loto6","1242","","2018-01-11","missing_official","","","sougaku:data\raw\loto6\extracted\loto6.csv"
"loto6","1243","","2018-01-15","missing_official","","","sougaku:data\raw\loto6\extracted\loto6.csv"
"loto6","1244","","2018-01-18","missing_official","","","sougaku:data\raw\loto6\extracted\loto6.csv"
"loto6","1245","","2018-01-22","missing_official","","","sougaku:data\raw\loto6\extracted\loto6.csv"
"loto6","1246","","2018-01-25","missing_official","","","sougaku:data\raw\loto6\extracted\loto6.csv"
"loto6","1247","","2018-01-29","missing_official","","","sougaku:data\raw\loto6\extracted\loto6.csv"
"loto6","1248","","2018-02-01","missing_official","","","sougaku:data\raw\loto6\extracted\loto6.csv"
"loto6","1249","","2018-02-05","missing_official","","","sougaku:data\raw\loto6\extracted\loto6.csv"
"loto6","1250","","2018-02-08","missing_official","","","sougaku:data\raw\loto6\extracted\loto6.csv"
"loto6","1251","","2018-02-12","missing_official","","","sougaku:data\raw\loto6\extracted\loto6.csv"
"loto6","1252","","2018-02-15","missing_official","","","sougaku:data\raw\loto6\extracted\loto6.csv"
"loto6","1253","","2018-02-19","missing_official","","","sougaku:data\raw\loto6\extracted\loto6.csv"
"loto6","1254","","2018-02-22","missing_official","","","sougaku:data\raw\loto6\extracted\loto6.csv"
"loto6","1255","","2018-02-26","missing_official","","","sougaku:data\raw\loto6\extracted\loto6.csv"
"loto6","1256","","2018-03-01","missing_official","","","sougaku:data\raw\loto6\extracted\loto6.csv"
"loto6","1257","","2018-03-05","missing_official","","","sougaku:data\raw\loto6\extracted\loto6.csv"
"loto6","1258","","2018-03-08","missing_official","","","sougaku:data\raw\loto6\extracted\loto6.csv"
"loto6","1259","","2018-03-12","missing_official","","","sougaku:data\raw\loto6\extracted\loto6.csv"
"loto6","1260","","2018-03-15","missing_official","","","sougaku:data\raw\loto6\extracted\loto6.csv"
"loto6","1261","","2018-03-19","missing_official","","","sougaku:data\raw\loto6\extracted\loto6.csv"
"loto6","1262","","2018-03-22","missing_official","","","sougaku:data\raw\loto6\extracted\loto6.csv"
"loto6","1263","","2018-03-26","missing_official","","","sougaku:data\raw\loto6\extracted\loto6.csv"
"loto6","1264","","2018-03-29","missing_official","","","sougaku:data\raw\loto6\extracted\loto6.csv"
"loto6","1265","","2018-04-02","missing_official","","","sougaku:data\raw\loto6\extracted\loto6.csv"
"loto6","1266","","2018-04-05","missing_official","","","sougaku:data\raw\loto6\extracted\loto6.csv"
"loto6","1267","","2018-04-09","missing_official","","","sougaku:data\raw\loto6\extracted\loto6.csv"
"loto6","1268","","2018-04-12","missing_official","","","sougaku:data\raw\loto6\extracted\loto6.csv"
"loto6","1269","","2018-04-16","missing_official","","","sougaku:data\raw\loto6\extracted\loto6.csv"
"loto6","1270","","2018-04-20","missing_official","","","sougaku:data\raw\loto6\extracted\loto6.csv"
"loto6","1271","","2018-04-23","missing_official","","","sougaku:data\raw\loto6\extracted\loto6.csv"
"loto6","1272","","2018-04-26","missing_official","","","sougaku:data\raw\loto6\extracted\loto6.csv"
"loto6","1273","","2018-04-30","missing_official","","","sougaku:data\raw\loto6\extracted\loto6.csv"
"loto6","1274","","2018-05-03","missing_official","","","sougaku:data\raw\loto6\extracted\loto6.csv"
"loto6","1275","","2018-05-07","missing_official","","","sougaku:data\raw\loto6\extracted\loto6.csv"
"loto6","1276","","2018-05-10","missing_official","","","sougaku:data\raw\loto6\extracted\loto6.csv"
"loto6","1277","","2018-05-14","missing_official","","","sougaku:data\raw\loto6\extracted\loto6.csv"
"loto6","1278","","2018-05-17","missing_official","","","sougaku:data\raw\loto6\extracted\loto6.csv"
"loto6","1279","","2018-05-21","missing_official","","","sougaku:data\raw\loto6\extracted\loto6.csv"
"loto6","1280","","2018-05-24","missing_official","","","sougaku:data\raw\loto6\extracted\loto6.csv"
"loto6","1281","","2018-05-28","missing_official","","","sougaku:data\raw\loto6\extracted\loto6.csv"
"loto6","1282","","2018-05-31","missing_official","","","sougaku:data\raw\loto6\extracted\loto6.csv"
"loto6","1283","","2018-06-04","missing_official","","","sougaku:data\raw\loto6\extracted\loto6.csv"
"loto6","1284","","2018-06-07","missing_official","","","sougaku:data\raw\loto6\extracted\loto6.csv"
"loto6","1285","","2018-06-11","missing_official","","","sougaku:data\raw\loto6\extracted\loto6.csv"
"loto6","1286","","2018-06-14","missing_official","","","sougaku:data\raw\loto6\extracted\loto6.csv"
"loto6","1287","","2018-06-18","missing_official","","","sougaku:data\raw\loto6\extracted\loto6.csv"
"loto6","1288","","2018-06-21","missing_official","","","sougaku:data\raw\loto6\extracted\loto6.csv"
"loto6","1289","","2018-06-25","missing_official","","","sougaku:data\raw\loto6\extracted\loto6.csv"
"loto6","1290","","2018-06-28","missing_official","","","sougaku:data\raw\loto6\extracted\loto6.csv"
"loto6","1291","","2018-07-02","missing_official","","","sougaku:data\raw\loto6\extracted\loto6.csv"
"loto6","1292","","2018-07-05","missing_official","","","sougaku:data\raw\loto6\extracted\loto6.csv"
"loto6","1293","","2018-07-09","missing_official","","","sougaku:data\raw\loto6\extracted\loto6.csv"
"loto6","1294","","2018-07-12","missing_official","","","sougaku:data\raw\loto6\extracted\loto6.csv"
"loto6","1295","","2018-07-16","missing_official","","","sougaku:data\raw\loto6\extracted\loto6.csv"
"loto6","1296","","2018-07-19","missing_official","","","sougaku:data\raw\loto6\extracted\loto6.csv"
"loto6","1297","","2018-07-23","missing_official","","","sougaku:data\raw\loto6\extracted\loto6.csv"
"loto6","1298","","2018-07-26","missing_official","","","sougaku:data\raw\loto6\extracted\loto6.csv"
"loto6","1299","","2018-07-30","missing_official","","","sougaku:data\raw\loto6\extracted\loto6.csv"
"loto6","1300","","2018-08-02","missing_official","","","sougaku:data\raw\loto6\extracted\loto6.csv"
"loto6","1301","","2018-08-06","missing_official","","","sougaku:data\raw\loto6\extracted\loto6.csv"
"loto6","1302","","2018-08-09","missing_official","","","sougaku:data\raw\loto6\extracted\loto6.csv"
"loto6","1303","","2018-08-13","missing_official","","","sougaku:data\raw\loto6\extracted\loto6.csv"
"loto6","1304","","2018-08-16","missing_official","","","sougaku:data\raw\loto6\extracted\loto6.csv"
"loto6","1305","","2018-08-20","missing_official","","","sougaku:data\raw\loto6\extracted\loto6.csv"
"loto6","1306","","2018-08-23","missing_official","","","sougaku:data\raw\loto6\extracted\loto6.csv"
"loto6","1307","","2018-08-27","missing_official","","","sougaku:data\raw\loto6\extracted\loto6.csv"
"loto6","1308","","2018-08-30","missing_official","","","sougaku:data\raw\loto6\extracted\loto6.csv"
"loto6","1309","","2018-09-03","missing_official","","","sougaku:data\raw\loto6\extracted\loto6.csv"
"loto6","1310","","2018-09-06","missing_official","","","sougaku:data\raw\loto6\extracted\loto6.csv"
"loto6","1311","","2018-09-10","missing_official","","","sougaku:data\raw\loto6\extracted\loto6.csv"
"loto6","1312","","2018-09-13","missing_official","","","sougaku:data\raw\loto6\extracted\loto6.csv"
"loto6","1313","","2018-09-17","missing_official","","","sougaku:data\raw\loto6\extracted\loto6.csv"
"loto6","1314","","2018-09-20","missing_official","","","sougaku:data\raw\loto6\extracted\loto6.csv"
"loto6","1315","","2018-09-24","missing_official","","","sougaku:data\raw\loto6\extracted\loto6.csv"
"loto6","1316","","2018-09-27","missing_official","","","sougaku:data\raw\loto6\extracted\loto6.csv"
"loto6","1317","","2018-10-01","missing_official","","","sougaku:data\raw\loto6\extracted\loto6.csv"
"loto6","1318","","2018-10-04","missing_official","","","sougaku:data\raw\loto6\extracted\loto6.csv"
"loto6","1319","","2018-10-08","missing_official","","","sougaku:data\raw\loto6\extracted\loto6.csv"
"loto6","1320","","2018-10-11","missing_official","","","sougaku:data\raw\loto6\extracted\loto6.csv"
"loto6","1321","","2018-10-15","missing_official","","","sougaku:data\raw\loto6\extracted\loto6.csv"
"loto6","1322","","2018-10-18","missing_official","","","sougaku:data\raw\loto6\extracted\loto6.csv"
"loto6","1323","","2018-10-22","missing_official","","","sougaku:data\raw\loto6\extracted\loto6.csv"
"loto6","1324","","2018-10-25","missing_official","","","sougaku:data\raw\loto6\extracted\loto6.csv"
"loto6","1325","","2018-10-29","missing_official","","","sougaku:data\raw\loto6\extracted\loto6.csv"
"loto6","1326","","2018-11-01","missing_official","","","sougaku:data\raw\loto6\extracted\loto6.csv"
"loto6","1327","","2018-11-05","missing_official","","","sougaku:data\raw\loto6\extracted\loto6.csv"
"loto6","1328","","2018-11-08","missing_official","","","sougaku:data\raw\loto6\extracted\loto6.csv"
"loto6","1329","","2018-11-12","missing_official","","","sougaku:data\raw\loto6\extracted\loto6.csv"
"loto6","1330","","2018-11-15","missing_official","","","sougaku:data\raw\loto6\extracted\loto6.csv"
"loto6","1331","","2018-11-19","missing_official","","","sougaku:data\raw\loto6\extracted\loto6.csv"
"loto6","1332","","2018-11-22","missing_official","","","sougaku:data\raw\loto6\extracted\loto6.csv"
"loto6","1333","","2018-11-26","missing_official","","","sougaku:data\raw\loto6\extracted\loto6.csv"
"loto6","1334","","2018-11-29","missing_official","","","sougaku:data\raw\loto6\extracted\loto6.csv"
"loto6","1335","","2018-12-03","missing_official","","","sougaku:data\raw\loto6\extracted\loto6.csv"
"loto6","1336","","2018-12-06","missing_official","","","sougaku:data\raw\loto6\extracted\loto6.csv"
"loto6","1337","","2018-12-10","missing_official","","","sougaku:data\raw\loto6\extracted\loto6.csv"
"loto6","1338","","2018-12-13","missing_official","","","sougaku:data\raw\loto6\extracted\loto6.csv"
"loto6","1339","","2018-12-17","missing_official","","","sougaku:data\raw\loto6\extracted\loto6.csv"
"loto6","1340","","2018-12-20","missing_official","","","sougaku:data\raw\loto6\extracted\loto6.csv"
"loto6","1341","","2018-12-24","missing_official","","","sougaku:data\raw\loto6\extracted\loto6.csv"
"loto6","1342","","2018-12-27","missing_official","","","sougaku:data\raw\loto6\extracted\loto6.csv"
"loto6","1343","","2019-01-07","missing_official","","","sougaku:data\raw\loto6\extracted\loto6.csv"
"loto6","1344","","2019-01-10","missing_official","","","sougaku:data\raw\loto6\extracted\loto6.csv"
"loto6","1345","","2019-01-14","missing_official","","","sougaku:data\raw\loto6\extracted\loto6.csv"
"loto6","1346","","2019-01-17","missing_official","","","sougaku:data\raw\loto6\extracted\loto6.csv"
"loto6","1347","","2019-01-21","missing_official","","","sougaku:data\raw\loto6\extracted\loto6.csv"
"loto6","1348","","2019-01-24","missing_official","","","sougaku:data\raw\loto6\extracted\loto6.csv"
"loto6","1349","","2019-01-28","missing_official","","","sougaku:data\raw\loto6\extracted\loto6.csv"
"loto6","1350","","2019-01-31","missing_official","","","sougaku:data\raw\loto6\extracted\loto6.csv"
"loto6","1351","","2019-02-04","missing_official","","","sougaku:data\raw\loto6\extracted\loto6.csv"
"loto6","1352","","2019-02-07","missing_official","","","sougaku:data\raw\loto6\extracted\loto6.csv"
"loto6","1353","","2019-02-11","missing_official","","","sougaku:data\raw\loto6\extracted\loto6.csv"
"loto6","1354","","2019-02-14","missing_official","","","sougaku:data\raw\loto6\extracted\loto6.csv"
"loto6","1355","","2019-02-18","missing_official","","","sougaku:data\raw\loto6\extracted\loto6.csv"
"loto6","1356","","2019-02-21","missing_official","","","sougaku:data\raw\loto6\extracted\loto6.csv"
"loto6","1357","","2019-02-25","missing_official","","","sougaku:data\raw\loto6\extracted\loto6.csv"
"loto6","1358","","2019-02-28","missing_official","","","sougaku:data\raw\loto6\extracted\loto6.csv"
"loto6","1359","","2019-03-04","missing_official","","","sougaku:data\raw\loto6\extracted\loto6.csv"
"loto6","1360","","2019-03-07","missing_official","","","sougaku:data\raw\loto6\extracted\loto6.csv"
"loto6","1361","","2019-03-11","missing_official","","","sougaku:data\raw\loto6\extracted\loto6.csv"
"loto6","1362","","2019-03-14","missing_official","","","sougaku:data\raw\loto6\extracted\loto6.csv"
"loto6","1363","","2019-03-18","missing_official","","","sougaku:data\raw\loto6\extracted\loto6.csv"
"loto6","1364","","2019-03-21","missing_official","","","sougaku:data\raw\loto6\extracted\loto6.csv"
"loto6","1365","","2019-03-25","missing_official","","","sougaku:data\raw\loto6\extracted\loto6.csv"
"loto6","1366","","2019-03-28","missing_official","","","sougaku:data\raw\loto6\extracted\loto6.csv"
"loto6","1367","","2019-04-01","missing_official","","","sougaku:data\raw\loto6\extracted\loto6.csv"
"loto6","1368","","2019-04-04","missing_official","","","sougaku:data\raw\loto6\extracted\loto6.csv"
"loto6","1369","","2019-04-08","missing_official","","","sougaku:data\raw\loto6\extracted\loto6.csv"
"loto6","1370","","2019-04-11","missing_official","","","sougaku:data\raw\loto6\extracted\loto6.csv"
"loto6","1371","","2019-04-15","missing_official","","","sougaku:data\raw\loto6\extracted\loto6.csv"
"loto6","1372","","2019-04-18","missing_official","","","sougaku:data\raw\loto6\extracted\loto6.csv"
"loto6","1373","","2019-04-22","missing_official","","","sougaku:data\raw\loto6\extracted\loto6.csv"
"loto6","1374","","2019-04-25","missing_official","","","sougaku:data\raw\loto6\extracted\loto6.csv"
"loto6","1375","","2019-04-29","missing_official","","","sougaku:data\raw\loto6\extracted\loto6.csv"
"loto6","1376","","2019-05-02","missing_official","","","sougaku:data\raw\loto6\extracted\loto6.csv"
"loto6","1377","","2019-05-06","missing_official","","","sougaku:data\raw\loto6\extracted\loto6.csv"
"loto6","1378","","2019-05-09","missing_official","","","sougaku:data\raw\loto6\extracted\loto6.csv"
"loto6","1379","","2019-05-13","missing_official","","","sougaku:data\raw\loto6\extracted\loto6.csv"
"loto6","1380","","2019-05-16","missing_official","","","sougaku:data\raw\loto6\extracted\loto6.csv"
"loto6","1381","","2019-05-20","missing_official","","","sougaku:data\raw\loto6\extracted\loto6.csv"
"loto6","1382","","2019-05-23","missing_official","","","sougaku:data\raw\loto6\extracted\loto6.csv"
"loto6","1383","","2019-05-27","missing_official","","","sougaku:data\raw\loto6\extracted\loto6.csv"
"loto6","1384","","2019-05-30","missing_official","","","sougaku:data\raw\loto6\extracted\loto6.csv"
"loto6","1385","","2019-06-03","missing_official","","","sougaku:data\raw\loto6\extracted\loto6.csv"
"loto6","1386","","2019-06-06","missing_official","","","sougaku:data\raw\loto6\extracted\loto6.csv"
"loto6","1387","","2019-06-10","missing_official","","","sougaku:data\raw\loto6\extracted\loto6.csv"
"loto6","1388","","2019-06-13","missing_official","","","sougaku:data\raw\loto6\extracted\loto6.csv"
"loto6","1389","","2019-06-17","missing_official","","","sougaku:data\raw\loto6\extracted\loto6.csv"
"loto6","1390","","2019-06-20","missing_official","","","sougaku:data\raw\loto6\extracted\loto6.csv"
"loto6","1391","","2019-06-24","missing_official","","","sougaku:data\raw\loto6\extracted\loto6.csv"
"loto6","1392","","2019-06-27","missing_official","","","sougaku:data\raw\loto6\extracted\loto6.csv"
"loto6","1393","","2019-07-01","missing_official","","","sougaku:data\raw\loto6\extracted\loto6.csv"
"loto6","1394","","2019-07-04","missing_official","","","sougaku:data\raw\loto6\extracted\loto6.csv"
"loto6","1395","","2019-07-08","missing_official","","","sougaku:data\raw\loto6\extracted\loto6.csv"
"loto6","1396","","2019-07-11","missing_official","","","sougaku:data\raw\loto6\extracted\loto6.csv"
"loto6","1397","","2019-07-15","missing_official","","","sougaku:data\raw\loto6\extracted\loto6.csv"
"loto6","1398","","2019-07-18","missing_official","","","sougaku:data\raw\loto6\extracted\loto6.csv"
"loto6","1399","","2019-07-22","missing_official","","","sougaku:data\raw\loto6\extracted\loto6.csv"
"loto6","1400","","2019-07-25","missing_official","","","sougaku:data\raw\loto6\extracted\loto6.csv"
"loto6","1401","","2019-07-29","missing_official","","","sougaku:data\raw\loto6\extracted\loto6.csv"
"loto6","1402","","2019-08-01","missing_official","","","sougaku:data\raw\loto6\extracted\loto6.csv"
"loto6","1403","","2019-08-05","missing_official","","","sougaku:data\raw\loto6\extracted\loto6.csv"
"loto6","1404","","2019-08-08","missing_official","","","sougaku:data\raw\loto6\extracted\loto6.csv"
"loto6","1405","","2019-08-12","missing_official","","","sougaku:data\raw\loto6\extracted\loto6.csv"
"loto6","1406","","2019-08-15","missing_official","","","sougaku:data\raw\loto6\extracted\loto6.csv"
"loto6","1407","","2019-08-19","missing_official","","","sougaku:data\raw\loto6\extracted\loto6.csv"
"loto6","1408","","2019-08-22","missing_official","","","sougaku:data\raw\loto6\extracted\loto6.csv"
"loto6","1409","","2019-08-26","missing_official","","","sougaku:data\raw\loto6\extracted\loto6.csv"
"loto6","1410","","2019-08-29","missing_official","","","sougaku:data\raw\loto6\extracted\loto6.csv"
"loto6","1411","","2019-09-02","missing_official","","","sougaku:data\raw\loto6\extracted\loto6.csv"
"loto6","1412","","2019-09-05","missing_official","","","sougaku:data\raw\loto6\extracted\loto6.csv"
"loto6","1413","","2019-09-09","missing_official","","","sougaku:data\raw\loto6\extracted\loto6.csv"
"loto6","1414","","2019-09-12","missing_official","","","sougaku:data\raw\loto6\extracted\loto6.csv"
"loto6","1415","","2019-09-16","missing_official","","","sougaku:data\raw\loto6\extracted\loto6.csv"
"loto6","1416","","2019-09-19","missing_official","","","sougaku:data\raw\loto6\extracted\loto6.csv"
"loto6","1417","","2019-09-23","missing_official","","","sougaku:data\raw\loto6\extracted\loto6.csv"
"loto6","1418","","2019-09-26","missing_official","","","sougaku:data\raw\loto6\extracted\loto6.csv"
"loto6","1419","","2019-09-30","missing_official","","","sougaku:data\raw\loto6\extracted\loto6.csv"
"loto6","1420","","2019-10-03","missing_official","","","sougaku:data\raw\loto6\extracted\loto6.csv"
"loto6","1421","","2019-10-07","missing_official","","","sougaku:data\raw\loto6\extracted\loto6.csv"
"loto6","1422","","2019-10-10","missing_official","","","sougaku:data\raw\loto6\extracted\loto6.csv"
"loto6","1423","","2019-10-14","missing_official","","","sougaku:data\raw\loto6\extracted\loto6.csv"
"loto6","1424","","2019-10-17","missing_official","","","sougaku:data\raw\loto6\extracted\loto6.csv"
"loto6","1425","","2019-10-21","missing_official","","","sougaku:data\raw\loto6\extracted\loto6.csv"
"loto6","1426","","2019-10-24","missing_official","","","sougaku:data\raw\loto6\extracted\loto6.csv"
"loto6","1427","","2019-10-28","missing_official","","","sougaku:data\raw\loto6\extracted\loto6.csv"
"loto6","1428","","2019-10-31","missing_official","","","sougaku:data\raw\loto6\extracted\loto6.csv"
"loto6","1429","","2019-11-04","missing_official","","","sougaku:data\raw\loto6\extracted\loto6.csv"
"loto6","1430","","2019-11-07","missing_official","","","sougaku:data\raw\loto6\extracted\loto6.csv"
"loto6","1431","","2019-11-11","missing_official","","","sougaku:data\raw\loto6\extracted\loto6.csv"
"loto6","1432","","2019-11-14","missing_official","","","sougaku:data\raw\loto6\extracted\loto6.csv"
"loto6","1433","","2019-11-18","missing_official","","","sougaku:data\raw\loto6\extracted\loto6.csv"
"loto6","1434","","2019-11-21","missing_official","","","sougaku:data\raw\loto6\extracted\loto6.csv"
"loto6","1435","","2019-11-25","missing_official","","","sougaku:data\raw\loto6\extracted\loto6.csv"
"loto6","1436","","2019-11-28","missing_official","","","sougaku:data\raw\loto6\extracted\loto6.csv"
"loto6","1437","","2019-12-02","missing_official","","","sougaku:data\raw\loto6\extracted\loto6.csv"
"loto6","1438","","2019-12-05","missing_official","","","sougaku:data\raw\loto6\extracted\loto6.csv"
"loto6","1439","","2019-12-09","missing_official","","","sougaku:data\raw\loto6\extracted\loto6.csv"
"loto6","1440","","2019-12-12","missing_official","","","sougaku:data\raw\loto6\extracted\loto6.csv"
"loto6","1441","","2019-12-16","missing_official","","","sougaku:data\raw\loto6\extracted\loto6.csv"
"loto6","1442","","2019-12-19","missing_official","","","sougaku:data\raw\loto6\extracted\loto6.csv"
"loto6","1443","","2019-12-23","missing_official","","","sougaku:data\raw\loto6\extracted\loto6.csv"
"loto6","1444","","2019-12-26","missing_official","","","sougaku:data\raw\loto6\extracted\loto6.csv"
"loto6","1445","","2019-12-30","missing_official","","","sougaku:data\raw\loto6\extracted\loto6.csv"
"loto6","1446","","2020-01-09","missing_official","","","sougaku:data\raw\loto6\extracted\loto6.csv"
"loto6","1447","","2020-01-13","missing_official","","","sougaku:data\raw\loto6\extracted\loto6.csv"
"loto6","1448","","2020-01-16","missing_official","","","sougaku:data\raw\loto6\extracted\loto6.csv"
"loto6","1449","","2020-01-20","missing_official","","","sougaku:data\raw\loto6\extracted\loto6.csv"
"loto6","1450","","2020-01-23","missing_official","","","sougaku:data\raw\loto6\extracted\loto6.csv"
"loto6","1451","","2020-01-27","missing_official","","","sougaku:data\raw\loto6\extracted\loto6.csv"
"loto6","1452","","2020-01-30","missing_official","","","sougaku:data\raw\loto6\extracted\loto6.csv"
"loto6","1453","","2020-02-03","missing_official","","","sougaku:data\raw\loto6\extracted\loto6.csv"
"loto6","1454","","2020-02-06","missing_official","","","sougaku:data\raw\loto6\extracted\loto6.csv"
"loto6","1455","","2020-02-10","missing_official","","","sougaku:data\raw\loto6\extracted\loto6.csv"
"loto6","1456","","2020-02-13","missing_official","","","sougaku:data\raw\loto6\extracted\loto6.csv"
"loto6","1457","","2020-02-17","missing_official","","","sougaku:data\raw\loto6\extracted\loto6.csv"
"loto6","1458","","2020-02-20","missing_official","","","sougaku:data\raw\loto6\extracted\loto6.csv"
"loto6","1459","","2020-02-24","missing_official","","","sougaku:data\raw\loto6\extracted\loto6.csv"
"loto6","1460","","2020-02-27","missing_official","","","sougaku:data\raw\loto6\extracted\loto6.csv"
"loto6","1461","","2020-03-02","missing_official","","","sougaku:data\raw\loto6\extracted\loto6.csv"
"loto6","1462","","2020-03-05","missing_official","","","sougaku:data\raw\loto6\extracted\loto6.csv"
"loto6","1463","","2020-03-09","missing_official","","","sougaku:data\raw\loto6\extracted\loto6.csv"
"loto6","1464","","2020-03-12","missing_official","","","sougaku:data\raw\loto6\extracted\loto6.csv"
"loto6","1465","","2020-03-16","missing_official","","","sougaku:data\raw\loto6\extracted\loto6.csv"
"loto6","1466","","2020-03-19","missing_official","","","sougaku:data\raw\loto6\extracted\loto6.csv"
"loto6","1467","","2020-03-23","missing_official","","","sougaku:data\raw\loto6\extracted\loto6.csv"
"loto6","1468","","2020-03-26","missing_official","","","sougaku:data\raw\loto6\extracted\loto6.csv"
"loto6","1469","","2020-03-30","missing_official","","","sougaku:data\raw\loto6\extracted\loto6.csv"
"loto6","1470","","2020-04-02","missing_official","","","sougaku:data\raw\loto6\extracted\loto6.csv"
"loto6","1471","","2020-04-06","missing_official","","","sougaku:data\raw\loto6\extracted\loto6.csv"
"loto6","1472","","2020-04-09","missing_official","","","sougaku:data\raw\loto6\extracted\loto6.csv"
"loto6","1473","","2020-04-13","missing_official","","","sougaku:data\raw\loto6\extracted\loto6.csv"
"loto6","1474","","2020-04-16","missing_official","","","sougaku:data\raw\loto6\extracted\loto6.csv"
"loto6","1475","","2020-04-20","missing_official","","","sougaku:data\raw\loto6\extracted\loto6.csv"
"loto6","1476","","2020-04-23","missing_official","","","sougaku:data\raw\loto6\extracted\loto6.csv"
"loto6","1477","","2020-04-27","missing_official","","","sougaku:data\raw\loto6\extracted\loto6.csv"
"loto6","1478","","2020-04-30","missing_official","","","sougaku:data\raw\loto6\extracted\loto6.csv"
"loto6","1479","","2020-05-04","missing_official","","","sougaku:data\raw\loto6\extracted\loto6.csv"
"loto6","1480","","2020-05-07","missing_official","","","sougaku:data\raw\loto6\extracted\loto6.csv"
"loto6","1481","","2020-05-11","missing_official","","","sougaku:data\raw\loto6\extracted\loto6.csv"
"loto6","1482","","2020-05-14","missing_official","","","sougaku:data\raw\loto6\extracted\loto6.csv"
"loto6","1483","","2020-05-18","missing_official","","","sougaku:data\raw\loto6\extracted\loto6.csv"
"loto6","1484","","2020-05-21","missing_official","","","sougaku:data\raw\loto6\extracted\loto6.csv"
"loto6","1485","","2020-05-25","missing_official","","","sougaku:data\raw\loto6\extracted\loto6.csv"
"loto6","1486","","2020-05-28","missing_official","","","sougaku:data\raw\loto6\extracted\loto6.csv"
"loto6","1487","","2020-06-01","missing_official","","","sougaku:data\raw\loto6\extracted\loto6.csv"
"loto6","1488","","2020-06-04","missing_official","","","sougaku:data\raw\loto6\extracted\loto6.csv"
"loto6","1489","","2020-06-08","missing_official","","","sougaku:data\raw\loto6\extracted\loto6.csv"
"loto6","1490","","2020-06-11","missing_official","","","sougaku:data\raw\loto6\extracted\loto6.csv"
"loto6","1491","","2020-06-15","missing_official","","","sougaku:data\raw\loto6\extracted\loto6.csv"
"loto6","1492","","2020-06-18","missing_official","","","sougaku:data\raw\loto6\extracted\loto6.csv"
"loto6","1493","","2020-06-22","missing_official","","","sougaku:data\raw\loto6\extracted\loto6.csv"
"loto6","1494","","2020-06-25","missing_official","","","sougaku:data\raw\loto6\extracted\loto6.csv"
"loto6","1495","","2020-06-29","missing_official","","","sougaku:data\raw\loto6\extracted\loto6.csv"
"loto6","1496","","2020-07-02","missing_official","","","sougaku:data\raw\loto6\extracted\loto6.csv"
"loto6","1497","","2020-07-06","missing_official","","","sougaku:data\raw\loto6\extracted\loto6.csv"
"loto6","1498","","2020-07-09","missing_official","","","sougaku:data\raw\loto6\extracted\loto6.csv"
"loto6","1499","","2020-07-13","missing_official","","","sougaku:data\raw\loto6\extracted\loto6.csv"
"loto6","1500","","2020-07-16","missing_official","","","sougaku:data\raw\loto6\extracted\loto6.csv"
"loto6","1501","","2020-07-20","missing_official","","","sougaku:data\raw\loto6\extracted\loto6.csv"
"loto6","1502","","2020-07-23","missing_official","","","sougaku:data\raw\loto6\extracted\loto6.csv"
"loto6","1503","","2020-07-27","missing_official","","","sougaku:data\raw\loto6\extracted\loto6.csv"
"loto6","1504","","2020-07-30","missing_official","","","sougaku:data\raw\loto6\extracted\loto6.csv"
"loto6","1505","","2020-08-03","missing_official","","","sougaku:data\raw\loto6\extracted\loto6.csv"
"loto6","1506","","2020-08-06","missing_official","","","sougaku:data\raw\loto6\extracted\loto6.csv"
"loto6","1507","","2020-08-10","missing_official","","","sougaku:data\raw\loto6\extracted\loto6.csv"
"loto6","1508","","2020-08-13","missing_official","","","sougaku:data\raw\loto6\extracted\loto6.csv"
"loto6","1509","","2020-08-17","missing_official","","","sougaku:data\raw\loto6\extracted\loto6.csv"
"loto6","1510","","2020-08-20","missing_official","","","sougaku:data\raw\loto6\extracted\loto6.csv"
"loto6","1511","","2020-08-24","missing_official","","","sougaku:data\raw\loto6\extracted\loto6.csv"
"loto6","1512","","2020-08-27","missing_official","","","sougaku:data\raw\loto6\extracted\loto6.csv"
"loto6","1513","","2020-08-31","missing_official","","","sougaku:data\raw\loto6\extracted\loto6.csv"
"loto6","1514","","2020-09-03","missing_official","","","sougaku:data\raw\loto6\extracted\loto6.csv"
"loto6","1515","","2020-09-07","missing_official","","","sougaku:data\raw\loto6\extracted\loto6.csv"
"loto6","1516","","2020-09-10","missing_official","","","sougaku:data\raw\loto6\extracted\loto6.csv"
"loto6","1517","","2020-09-14","missing_official","","","sougaku:data\raw\loto6\extracted\loto6.csv"
"loto6","1518","","2020-09-17","missing_official","","","sougaku:data\raw\loto6\extracted\loto6.csv"
"loto6","1519","","2020-09-21","missing_official","","","sougaku:data\raw\loto6\extracted\loto6.csv"
"loto6","1520","","2020-09-24","missing_official","","","sougaku:data\raw\loto6\extracted\loto6.csv"
"loto6","1521","","2020-09-28","missing_official","","","sougaku:data\raw\loto6\extracted\loto6.csv"
"loto6","1522","","2020-10-01","missing_official","","","sougaku:data\raw\loto6\extracted\loto6.csv"
"loto6","1523","","2020-10-05","missing_official","","","sougaku:data\raw\loto6\extracted\loto6.csv"
"loto6","1524","","2020-10-08","missing_official","","","sougaku:data\raw\loto6\extracted\loto6.csv"
"loto6","1525","","2020-10-12","missing_official","","","sougaku:data\raw\loto6\extracted\loto6.csv"
"loto6","1526","","2020-10-15","missing_official","","","sougaku:data\raw\loto6\extracted\loto6.csv"
"loto6","1527","","2020-10-19","missing_official","","","sougaku:data\raw\loto6\extracted\loto6.csv"
"loto6","1528","","2020-10-22","missing_official","","","sougaku:data\raw\loto6\extracted\loto6.csv"
"loto6","1529","","2020-10-26","missing_official","","","sougaku:data\raw\loto6\extracted\loto6.csv"
"loto6","1530","","2020-10-29","missing_official","","","sougaku:data\raw\loto6\extracted\loto6.csv"
"loto6","1531","","2020-11-02","missing_official","","","sougaku:data\raw\loto6\extracted\loto6.csv"
"loto6","1532","","2020-11-05","missing_official","","","sougaku:data\raw\loto6\extracted\loto6.csv"
"loto6","1533","","2020-11-09","missing_official","","","sougaku:data\raw\loto6\extracted\loto6.csv"
"loto6","1534","","2020-11-12","missing_official","","","sougaku:data\raw\loto6\extracted\loto6.csv"
"loto6","1535","","2020-11-16","missing_official","","","sougaku:data\raw\loto6\extracted\loto6.csv"
"loto6","1536","","2020-11-19","missing_official","","","sougaku:data\raw\loto6\extracted\loto6.csv"
"loto6","1537","","2020-11-23","missing_official","","","sougaku:data\raw\loto6\extracted\loto6.csv"
"loto6","1538","","2020-11-26","missing_official","","","sougaku:data\raw\loto6\extracted\loto6.csv"
"loto6","1539","","2020-11-30","missing_official","","","sougaku:data\raw\loto6\extracted\loto6.csv"
"loto6","1540","","2020-12-03","missing_official","","","sougaku:data\raw\loto6\extracted\loto6.csv"
"loto6","1541","","2020-12-07","missing_official","","","sougaku:data\raw\loto6\extracted\loto6.csv"
"loto6","1542","","2020-12-10","missing_official","","","sougaku:data\raw\loto6\extracted\loto6.csv"
"loto6","1543","","2020-12-14","missing_official","","","sougaku:data\raw\loto6\extracted\loto6.csv"
"loto6","1544","","2020-12-17","missing_official","","","sougaku:data\raw\loto6\extracted\loto6.csv"
"loto6","1545","","2020-12-21","missing_official","","","sougaku:data\raw\loto6\extracted\loto6.csv"
"loto6","1546","","2020-12-24","missing_official","","","sougaku:data\raw\loto6\extracted\loto6.csv"
"loto6","1547","","2020-12-28","missing_official","","","sougaku:data\raw\loto6\extracted\loto6.csv"
"loto6","1548","","2021-01-04","missing_official","","","sougaku:data\raw\loto6\extracted\loto6.csv"
"loto6","1549","","2021-01-07","missing_official","","","sougaku:data\raw\loto6\extracted\loto6.csv"
"loto6","1550","","2021-01-11","missing_official","","","sougaku:data\raw\loto6\extracted\loto6.csv"
"loto6","1551","","2021-01-14","missing_official","","","sougaku:data\raw\loto6\extracted\loto6.csv"
"loto6","1552","","2021-01-18","missing_official","","","sougaku:data\raw\loto6\extracted\loto6.csv"
"loto6","1553","","2021-01-21","missing_official","","","sougaku:data\raw\loto6\extracted\loto6.csv"
"loto6","1554","","2021-01-25","missing_official","","","sougaku:data\raw\loto6\extracted\loto6.csv"
"loto6","1555","","2021-01-28","missing_official","","","sougaku:data\raw\loto6\extracted\loto6.csv"
"loto6","1556","","2021-02-01","missing_official","","","sougaku:data\raw\loto6\extracted\loto6.csv"
"loto6","1557","","2021-02-04","missing_official","","","sougaku:data\raw\loto6\extracted\loto6.csv"
"loto6","1558","","2021-02-08","missing_official","","","sougaku:data\raw\loto6\extracted\loto6.csv"
"loto6","1559","","2021-02-11","missing_official","","","sougaku:data\raw\loto6\extracted\loto6.csv"
"loto6","1560","","2021-02-15","missing_official","","","sougaku:data\raw\loto6\extracted\loto6.csv"
"loto6","1561","","2021-02-18","missing_official","","","sougaku:data\raw\loto6\extracted\loto6.csv"
"loto6","1562","","2021-02-22","missing_official","","","sougaku:data\raw\loto6\extracted\loto6.csv"
"loto6","1563","","2021-02-25","missing_official","","","sougaku:data\raw\loto6\extracted\loto6.csv"
"loto6","1564","","2021-03-01","missing_official","","","sougaku:data\raw\loto6\extracted\loto6.csv"
"loto6","1565","","2021-03-04","missing_official","","","sougaku:data\raw\loto6\extracted\loto6.csv"
"loto6","1566","","2021-03-08","missing_official","","","sougaku:data\raw\loto6\extracted\loto6.csv"
"loto6","1567","","2021-03-11","missing_official","","","sougaku:data\raw\loto6\extracted\loto6.csv"
"loto6","1568","","2021-03-15","missing_official","","","sougaku:data\raw\loto6\extracted\loto6.csv"
"loto6","1569","","2021-03-18","missing_official","","","sougaku:data\raw\loto6\extracted\loto6.csv"
"loto6","1570","","2021-03-22","missing_official","","","sougaku:data\raw\loto6\extracted\loto6.csv"
"loto6","1571","","2021-03-25","missing_official","","","sougaku:data\raw\loto6\extracted\loto6.csv"
"loto6","1572","","2021-03-29","missing_official","","","sougaku:data\raw\loto6\extracted\loto6.csv"
"loto6","1573","","2021-04-01","missing_official","","","sougaku:data\raw\loto6\extracted\loto6.csv"
"loto6","1574","","2021-04-05","missing_official","","","sougaku:data\raw\loto6\extracted\loto6.csv"
"loto6","1575","","2021-04-08","missing_official","","","sougaku:data\raw\loto6\extracted\loto6.csv"
"loto6","1576","","2021-04-12","missing_official","","","sougaku:data\raw\loto6\extracted\loto6.csv"
"loto6","1577","","2021-04-15","missing_official","","","sougaku:data\raw\loto6\extracted\loto6.csv"
"loto6","1578","","2021-04-19","missing_official","","","sougaku:data\raw\loto6\extracted\loto6.csv"
"loto6","1579","","2021-04-22","missing_official","","","sougaku:data\raw\loto6\extracted\loto6.csv"
"loto6","1580","","2021-04-26","missing_official","","","sougaku:data\raw\loto6\extracted\loto6.csv"
"loto6","1581","","2021-04-29","missing_official","","","sougaku:data\raw\loto6\extracted\loto6.csv"
"loto6","1582","","2021-05-03","missing_official","","","sougaku:data\raw\loto6\extracted\loto6.csv"
"loto6","1583","","2021-05-06","missing_official","","","sougaku:data\raw\loto6\extracted\loto6.csv"
"loto6","1584","","2021-05-10","missing_official","","","sougaku:data\raw\loto6\extracted\loto6.csv"
"loto6","1585","","2021-05-13","missing_official","","","sougaku:data\raw\loto6\extracted\loto6.csv"
"loto6","1586","","2021-05-17","missing_official","","","sougaku:data\raw\loto6\extracted\loto6.csv"
"loto6","1587","","2021-05-20","missing_official","","","sougaku:data\raw\loto6\extracted\loto6.csv"
"loto6","1588","","2021-05-24","missing_official","","","sougaku:data\raw\loto6\extracted\loto6.csv"
"loto6","1589","","2021-05-27","missing_official","","","sougaku:data\raw\loto6\extracted\loto6.csv"
"loto6","1590","","2021-05-31","missing_official","","","sougaku:data\raw\loto6\extracted\loto6.csv"
"loto6","1591","","2021-06-03","missing_official","","","sougaku:data\raw\loto6\extracted\loto6.csv"
"loto6","1592","","2021-06-07","missing_official","","","sougaku:data\raw\loto6\extracted\loto6.csv"
"loto6","1593","","2021-06-10","missing_official","","","sougaku:data\raw\loto6\extracted\loto6.csv"
"loto6","1594","","2021-06-14","missing_official","","","sougaku:data\raw\loto6\extracted\loto6.csv"
"loto6","1595","","2021-06-17","missing_official","","","sougaku:data\raw\loto6\extracted\loto6.csv"
"loto6","1596","","2021-06-21","missing_official","","","sougaku:data\raw\loto6\extracted\loto6.csv"
"loto6","1597","","2021-06-24","missing_official","","","sougaku:data\raw\loto6\extracted\loto6.csv"
"loto6","1598","","2021-06-28","missing_official","","","sougaku:data\raw\loto6\extracted\loto6.csv"
"loto6","1599","","2021-07-01","missing_official","","","sougaku:data\raw\loto6\extracted\loto6.csv"
"loto6","1600","","2021-07-05","missing_official","","","sougaku:data\raw\loto6\extracted\loto6.csv"
"loto6","1601","","2021-07-08","missing_official","","","sougaku:data\raw\loto6\extracted\loto6.csv"
"loto6","1602","","2021-07-12","missing_official","","","sougaku:data\raw\loto6\extracted\loto6.csv"
"loto6","1603","","2021-07-15","missing_official","","","sougaku:data\raw\loto6\extracted\loto6.csv"
"loto6","1604","","2021-07-19","missing_official","","","sougaku:data\raw\loto6\extracted\loto6.csv"
"loto6","1605","","2021-07-22","missing_official","","","sougaku:data\raw\loto6\extracted\loto6.csv"
"loto6","1606","","2021-07-26","missing_official","","","sougaku:data\raw\loto6\extracted\loto6.csv"
"loto6","1607","","2021-07-29","missing_official","","","sougaku:data\raw\loto6\extracted\loto6.csv"
"loto6","1608","","2021-08-02","missing_official","","","sougaku:data\raw\loto6\extracted\loto6.csv"
"loto6","1609","","2021-08-05","missing_official","","","sougaku:data\raw\loto6\extracted\loto6.csv"
"loto6","1610","","2021-08-09","missing_official","","","sougaku:data\raw\loto6\extracted\loto6.csv"
"loto6","1611","","2021-08-12","missing_official","","","sougaku:data\raw\loto6\extracted\loto6.csv"
"loto6","1612","","2021-08-16","missing_official","","","sougaku:data\raw\loto6\extracted\loto6.csv"
"loto6","1613","","2021-08-19","missing_official","","","sougaku:data\raw\loto6\extracted\loto6.csv"
"loto6","1614","","2021-08-23","missing_official","","","sougaku:data\raw\loto6\extracted\loto6.csv"
"loto6","1615","","2021-08-26","missing_official","","","sougaku:data\raw\loto6\extracted\loto6.csv"
"loto6","1616","","2021-08-30","missing_official","","","sougaku:data\raw\loto6\extracted\loto6.csv"
"loto6","1617","","2021-09-02","missing_official","","","sougaku:data\raw\loto6\extracted\loto6.csv"
"loto6","1618","","2021-09-06","missing_official","","","sougaku:data\raw\loto6\extracted\loto6.csv"
"loto6","1619","","2021-09-09","missing_official","","","sougaku:data\raw\loto6\extracted\loto6.csv"
"loto6","1620","","2021-09-13","missing_official","","","sougaku:data\raw\loto6\extracted\loto6.csv"
"loto6","1621","","2021-09-16","missing_official","","","sougaku:data\raw\loto6\extracted\loto6.csv"
"loto6","1622","","2021-09-20","missing_official","","","sougaku:data\raw\loto6\extracted\loto6.csv"
"loto6","1623","","2021-09-23","missing_official","","","sougaku:data\raw\loto6\extracted\loto6.csv"
"loto6","1624","","2021-09-27","missing_official","","","sougaku:data\raw\loto6\extracted\loto6.csv"
"loto6","1625","","2021-09-30","missing_official","","","sougaku:data\raw\loto6\extracted\loto6.csv"
"loto6","1626","","2021-10-04","missing_official","","","sougaku:data\raw\loto6\extracted\loto6.csv"
"loto6","1627","","2021-10-07","missing_official","","","sougaku:data\raw\loto6\extracted\loto6.csv"
"loto6","1628","","2021-10-11","missing_official","","","sougaku:data\raw\loto6\extracted\loto6.csv"
"loto6","1629","","2021-10-14","missing_official","","","sougaku:data\raw\loto6\extracted\loto6.csv"
"loto6","1630","","2021-10-18","missing_official","","","sougaku:data\raw\loto6\extracted\loto6.csv"
"loto6","1631","","2021-10-21","missing_official","","","sougaku:data\raw\loto6\extracted\loto6.csv"
"loto6","1632","","2021-10-25","missing_official","","","sougaku:data\raw\loto6\extracted\loto6.csv"
"loto6","1633","","2021-10-28","missing_official","","","sougaku:data\raw\loto6\extracted\loto6.csv"
"loto6","1634","","2021-11-01","missing_official","","","sougaku:data\raw\loto6\extracted\loto6.csv"
"loto6","1635","","2021-11-04","missing_official","","","sougaku:data\raw\loto6\extracted\loto6.csv"
"loto6","1636","","2021-11-08","missing_official","","","sougaku:data\raw\loto6\extracted\loto6.csv"
"loto6","1637","","2021-11-11","missing_official","","","sougaku:data\raw\loto6\extracted\loto6.csv"
"loto6","1638","","2021-11-15","missing_official","","","sougaku:data\raw\loto6\extracted\loto6.csv"
"loto6","1639","","2021-11-18","missing_official","","","sougaku:data\raw\loto6\extracted\loto6.csv"
"loto6","1640","","2021-11-22","missing_official","","","sougaku:data\raw\loto6\extracted\loto6.csv"
"loto6","1641","","2021-11-25","missing_official","","","sougaku:data\raw\loto6\extracted\loto6.csv"
"loto6","1642","","2021-11-29","missing_official","","","sougaku:data\raw\loto6\extracted\loto6.csv"
"loto6","1643","","2021-12-02","missing_official","","","sougaku:data\raw\loto6\extracted\loto6.csv"
"loto6","1644","","2021-12-06","missing_official","","","sougaku:data\raw\loto6\extracted\loto6.csv"
"loto6","1645","","2021-12-09","missing_official","","","sougaku:data\raw\loto6\extracted\loto6.csv"
"loto6","1646","","2021-12-13","missing_official","","","sougaku:data\raw\loto6\extracted\loto6.csv"
"loto6","1647","","2021-12-16","missing_official","","","sougaku:data\raw\loto6\extracted\loto6.csv"
"loto6","1648","","2021-12-20","missing_official","","","sougaku:data\raw\loto6\extracted\loto6.csv"
"loto6","1649","","2021-12-23","missing_official","","","sougaku:data\raw\loto6\extracted\loto6.csv"
"loto6","1650","","2021-12-27","missing_official","","","sougaku:data\raw\loto6\extracted\loto6.csv"
"loto6","1651","","2021-12-30","missing_official","","","sougaku:data\raw\loto6\extracted\loto6.csv"
"loto6","1652","","2022-01-06","missing_official","","","sougaku:data\raw\loto6\extracted\loto6.csv"
"loto6","1653","","2022-01-10","missing_official","","","sougaku:data\raw\loto6\extracted\loto6.csv"
"loto6","1654","","2022-01-13","missing_official","","","sougaku:data\raw\loto6\extracted\loto6.csv"
"loto6","1655","","2022-01-17","missing_official","","","sougaku:data\raw\loto6\extracted\loto6.csv"
"loto6","1656","","2022-01-20","missing_official","","","sougaku:data\raw\loto6\extracted\loto6.csv"
"loto6","1657","","2022-01-24","missing_official","","","sougaku:data\raw\loto6\extracted\loto6.csv"
"loto6","1658","","2022-01-27","missing_official","","","sougaku:data\raw\loto6\extracted\loto6.csv"
"loto6","1659","","2022-01-31","missing_official","","","sougaku:data\raw\loto6\extracted\loto6.csv"
"loto6","1660","","2022-02-03","missing_official","","","sougaku:data\raw\loto6\extracted\loto6.csv"
"loto6","1661","","2022-02-07","missing_official","","","sougaku:data\raw\loto6\extracted\loto6.csv"
"loto6","1662","","2022-02-10","missing_official","","","sougaku:data\raw\loto6\extracted\loto6.csv"
"loto6","1663","","2022-02-14","missing_official","","","sougaku:data\raw\loto6\extracted\loto6.csv"
"loto6","1664","","2022-02-17","missing_official","","","sougaku:data\raw\loto6\extracted\loto6.csv"
"loto6","1665","","2022-02-21","missing_official","","","sougaku:data\raw\loto6\extracted\loto6.csv"
"loto6","1666","","2022-02-24","missing_official","","","sougaku:data\raw\loto6\extracted\loto6.csv"
"loto6","1667","","2022-02-28","missing_official","","","sougaku:data\raw\loto6\extracted\loto6.csv"
"loto6","1668","","2022-03-03","missing_official","","","sougaku:data\raw\loto6\extracted\loto6.csv"
"loto6","1669","","2022-03-07","missing_official","","","sougaku:data\raw\loto6\extracted\loto6.csv"
"loto6","1670","","2022-03-10","missing_official","","","sougaku:data\raw\loto6\extracted\loto6.csv"
"loto6","1671","","2022-03-14","missing_official","","","sougaku:data\raw\loto6\extracted\loto6.csv"
"loto6","1672","","2022-03-17","missing_official","","","sougaku:data\raw\loto6\extracted\loto6.csv"
"loto6","1673","","2022-03-21","missing_official","","","sougaku:data\raw\loto6\extracted\loto6.csv"
"loto6","1674","","2022-03-24","missing_official","","","sougaku:data\raw\loto6\extracted\loto6.csv"
"loto6","1675","","2022-03-28","missing_official","","","sougaku:data\raw\loto6\extracted\loto6.csv"
"loto6","1676","","2022-03-31","missing_official","","","sougaku:data\raw\loto6\extracted\loto6.csv"
"loto6","1677","","2022-04-04","missing_official","","","sougaku:data\raw\loto6\extracted\loto6.csv"
"loto6","1678","","2022-04-07","missing_official","","","sougaku:data\raw\loto6\extracted\loto6.csv"
"loto6","1679","","2022-04-11","missing_official","","","sougaku:data\raw\loto6\extracted\loto6.csv"
"loto6","1680","","2022-04-14","missing_official","","","sougaku:data\raw\loto6\extracted\loto6.csv"
"loto6","1681","","2022-04-18","missing_official","","","sougaku:data\raw\loto6\extracted\loto6.csv"
"loto6","1682","","2022-04-21","missing_official","","","sougaku:data\raw\loto6\extracted\loto6.csv"
"loto6","1683","","2022-04-25","missing_official","","","sougaku:data\raw\loto6\extracted\loto6.csv"
"loto6","1684","","2022-04-28","missing_official","","","sougaku:data\raw\loto6\extracted\loto6.csv"
"loto6","1685","","2022-05-02","missing_official","","","sougaku:data\raw\loto6\extracted\loto6.csv"
"loto6","1686","","2022-05-05","missing_official","","","sougaku:data\raw\loto6\extracted\loto6.csv"
"loto6","1687","","2022-05-09","missing_official","","","sougaku:data\raw\loto6\extracted\loto6.csv"
"loto6","1688","","2022-05-12","missing_official","","","sougaku:data\raw\loto6\extracted\loto6.csv"
"loto6","1689","","2022-05-16","missing_official","","","sougaku:data\raw\loto6\extracted\loto6.csv"
"loto6","1690","","2022-05-19","missing_official","","","sougaku:data\raw\loto6\extracted\loto6.csv"
"loto6","1691","","2022-05-23","missing_official","","","sougaku:data\raw\loto6\extracted\loto6.csv"
"loto6","1692","","2022-05-26","missing_official","","","sougaku:data\raw\loto6\extracted\loto6.csv"
"loto6","1693","","2022-05-30","missing_official","","","sougaku:data\raw\loto6\extracted\loto6.csv"
"loto6","1694","","2022-06-02","missing_official","","","sougaku:data\raw\loto6\extracted\loto6.csv"
"loto6","1695","","2022-06-06","missing_official","","","sougaku:data\raw\loto6\extracted\loto6.csv"
"loto6","1696","","2022-06-09","missing_official","","","sougaku:data\raw\loto6\extracted\loto6.csv"
"loto6","1697","","2022-06-13","missing_official","","","sougaku:data\raw\loto6\extracted\loto6.csv"
"loto6","1698","","2022-06-16","missing_official","","","sougaku:data\raw\loto6\extracted\loto6.csv"
"loto6","1699","","2022-06-20","missing_official","","","sougaku:data\raw\loto6\extracted\loto6.csv"
"loto6","1700","","2022-06-23","missing_official","","","sougaku:data\raw\loto6\extracted\loto6.csv"
"loto6","1701","","2022-06-27","missing_official","","","sougaku:data\raw\loto6\extracted\loto6.csv"
"loto6","1702","","2022-06-30","missing_official","","","sougaku:data\raw\loto6\extracted\loto6.csv"
"loto6","1703","","2022-07-04","missing_official","","","sougaku:data\raw\loto6\extracted\loto6.csv"
"loto6","1704","","2022-07-07","missing_official","","","sougaku:data\raw\loto6\extracted\loto6.csv"
"loto6","1705","","2022-07-11","missing_official","","","sougaku:data\raw\loto6\extracted\loto6.csv"
"loto6","1706","","2022-07-14","missing_official","","","sougaku:data\raw\loto6\extracted\loto6.csv"
"loto6","1707","","2022-07-18","missing_official","","","sougaku:data\raw\loto6\extracted\loto6.csv"
"loto6","1708","","2022-07-21","missing_official","","","sougaku:data\raw\loto6\extracted\loto6.csv"
"loto6","1709","","2022-07-25","missing_official","","","sougaku:data\raw\loto6\extracted\loto6.csv"
"loto6","1710","","2022-07-28","missing_official","","","sougaku:data\raw\loto6\extracted\loto6.csv"
"loto6","1711","","2022-08-01","missing_official","","","sougaku:data\raw\loto6\extracted\loto6.csv"
"loto6","1712","","2022-08-04","missing_official","","","sougaku:data\raw\loto6\extracted\loto6.csv"
"loto6","1713","","2022-08-08","missing_official","","","sougaku:data\raw\loto6\extracted\loto6.csv"
"loto6","1714","","2022-08-11","missing_official","","","sougaku:data\raw\loto6\extracted\loto6.csv"
"loto6","1715","","2022-08-15","missing_official","","","sougaku:data\raw\loto6\extracted\loto6.csv"
"loto6","1716","","2022-08-18","missing_official","","","sougaku:data\raw\loto6\extracted\loto6.csv"
"loto6","1717","","2022-08-22","missing_official","","","sougaku:data\raw\loto6\extracted\loto6.csv"
"loto6","1718","","2022-08-25","missing_official","","","sougaku:data\raw\loto6\extracted\loto6.csv"
"loto6","1719","","2022-08-29","missing_official","","","sougaku:data\raw\loto6\extracted\loto6.csv"
"loto6","1720","","2022-09-01","missing_official","","","sougaku:data\raw\loto6\extracted\loto6.csv"
"loto6","1721","","2022-09-05","missing_official","","","sougaku:data\raw\loto6\extracted\loto6.csv"
"loto6","1722","","2022-09-08","missing_official","","","sougaku:data\raw\loto6\extracted\loto6.csv"
"loto6","1723","","2022-09-12","missing_official","","","sougaku:data\raw\loto6\extracted\loto6.csv"
"loto6","1724","","2022-09-15","missing_official","","","sougaku:data\raw\loto6\extracted\loto6.csv"
"loto6","1725","","2022-09-19","missing_official","","","sougaku:data\raw\loto6\extracted\loto6.csv"
"loto6","1726","","2022-09-22","missing_official","","","sougaku:data\raw\loto6\extracted\loto6.csv"
"loto6","1727","","2022-09-26","missing_official","","","sougaku:data\raw\loto6\extracted\loto6.csv"
"loto6","1728","","2022-09-29","missing_official","","","sougaku:data\raw\loto6\extracted\loto6.csv"
"loto6","1729","","2022-10-03","missing_official","","","sougaku:data\raw\loto6\extracted\loto6.csv"
"loto6","1730","","2022-10-06","missing_official","","","sougaku:data\raw\loto6\extracted\loto6.csv"
"loto6","1731","","2022-10-10","missing_official","","","sougaku:data\raw\loto6\extracted\loto6.csv"
"loto6","1732","","2022-10-13","missing_official","","","sougaku:data\raw\loto6\extracted\loto6.csv"
"loto6","1733","","2022-10-17","missing_official","","","sougaku:data\raw\loto6\extracted\loto6.csv"
"loto6","1734","","2022-10-20","missing_official","","","sougaku:data\raw\loto6\extracted\loto6.csv"
"loto6","1735","","2022-10-24","missing_official","","","sougaku:data\raw\loto6\extracted\loto6.csv"
"loto6","1736","","2022-10-27","missing_official","","","sougaku:data\raw\loto6\extracted\loto6.csv"
"loto6","1737","","2022-10-31","missing_official","","","sougaku:data\raw\loto6\extracted\loto6.csv"
"loto6","1738","","2022-11-03","missing_official","","","sougaku:data\raw\loto6\extracted\loto6.csv"
"loto6","1739","","2022-11-07","missing_official","","","sougaku:data\raw\loto6\extracted\loto6.csv"
"loto6","1740","","2022-11-10","missing_official","","","sougaku:data\raw\loto6\extracted\loto6.csv"
"loto6","1741","","2022-11-14","missing_official","","","sougaku:data\raw\loto6\extracted\loto6.csv"
"loto6","1742","","2022-11-17","missing_official","","","sougaku:data\raw\loto6\extracted\loto6.csv"
"loto6","1743","","2022-11-21","missing_official","","","sougaku:data\raw\loto6\extracted\loto6.csv"
"loto6","1744","","2022-11-24","missing_official","","","sougaku:data\raw\loto6\extracted\loto6.csv"
"loto6","1745","","2022-11-28","missing_official","","","sougaku:data\raw\loto6\extracted\loto6.csv"
"loto6","1746","","2022-12-01","missing_official","","","sougaku:data\raw\loto6\extracted\loto6.csv"
"loto6","1747","","2022-12-05","missing_official","","","sougaku:data\raw\loto6\extracted\loto6.csv"
"loto6","1748","","2022-12-08","missing_official","","","sougaku:data\raw\loto6\extracted\loto6.csv"
"loto6","1749","","2022-12-12","missing_official","","","sougaku:data\raw\loto6\extracted\loto6.csv"
"loto6","1750","","2022-12-15","missing_official","","","sougaku:data\raw\loto6\extracted\loto6.csv"
"loto6","1751","","2022-12-19","missing_official","","","sougaku:data\raw\loto6\extracted\loto6.csv"
"loto6","1752","","2022-12-22","missing_official","","","sougaku:data\raw\loto6\extracted\loto6.csv"
"loto6","1753","","2022-12-26","missing_official","","","sougaku:data\raw\loto6\extracted\loto6.csv"
"loto6","1754","","2022-12-29","missing_official","","","sougaku:data\raw\loto6\extracted\loto6.csv"
"loto6","1755","","2023-01-05","missing_official","","","sougaku:data\raw\loto6\extracted\loto6.csv"
"loto6","1756","","2023-01-09","missing_official","","","sougaku:data\raw\loto6\extracted\loto6.csv"
"loto6","1757","","2023-01-12","missing_official","","","sougaku:data\raw\loto6\extracted\loto6.csv"
"loto6","1758","","2023-01-16","missing_official","","","sougaku:data\raw\loto6\extracted\loto6.csv"
"loto6","1759","","2023-01-19","missing_official","","","sougaku:data\raw\loto6\extracted\loto6.csv"
"loto6","1760","","2023-01-23","missing_official","","","sougaku:data\raw\loto6\extracted\loto6.csv"
"loto6","1761","","2023-01-26","missing_official","","","sougaku:data\raw\loto6\extracted\loto6.csv"
"loto6","1762","","2023-01-30","missing_official","","","sougaku:data\raw\loto6\extracted\loto6.csv"
"loto6","1763","","2023-02-02","missing_official","","","sougaku:data\raw\loto6\extracted\loto6.csv"
"loto6","1764","","2023-02-06","missing_official","","","sougaku:data\raw\loto6\extracted\loto6.csv"
"loto6","1765","","2023-02-09","missing_official","","","sougaku:data\raw\loto6\extracted\loto6.csv"
"loto6","1766","","2023-02-13","missing_official","","","sougaku:data\raw\loto6\extracted\loto6.csv"
"loto6","1767","","2023-02-16","missing_official","","","sougaku:data\raw\loto6\extracted\loto6.csv"
"loto6","1768","","2023-02-20","missing_official","","","sougaku:data\raw\loto6\extracted\loto6.csv"
"loto6","1769","","2023-02-23","missing_official","","","sougaku:data\raw\loto6\extracted\loto6.csv"
"loto6","1770","","2023-02-27","missing_official","","","sougaku:data\raw\loto6\extracted\loto6.csv"
"loto6","1771","","2023-03-02","missing_official","","","sougaku:data\raw\loto6\extracted\loto6.csv"
"loto6","1772","","2023-03-06","missing_official","","","sougaku:data\raw\loto6\extracted\loto6.csv"
"loto6","1773","","2023-03-09","missing_official","","","sougaku:data\raw\loto6\extracted\loto6.csv"
"loto6","1774","","2023-03-13","missing_official","","","sougaku:data\raw\loto6\extracted\loto6.csv"
"loto6","1775","","2023-03-16","missing_official","","","sougaku:data\raw\loto6\extracted\loto6.csv"
"loto6","1776","","2023-03-20","missing_official","","","sougaku:data\raw\loto6\extracted\loto6.csv"
"loto6","1777","","2023-03-23","missing_official","","","sougaku:data\raw\loto6\extracted\loto6.csv"
"loto6","1778","","2023-03-27","missing_official","","","sougaku:data\raw\loto6\extracted\loto6.csv"
"loto6","1779","","2023-03-30","missing_official","","","sougaku:data\raw\loto6\extracted\loto6.csv"
"loto6","1780","","2023-04-03","missing_official","","","sougaku:data\raw\loto6\extracted\loto6.csv"
"loto6","1781","","2023-04-06","missing_official","","","sougaku:data\raw\loto6\extracted\loto6.csv"
"loto6","1782","","2023-04-10","missing_official","","","sougaku:data\raw\loto6\extracted\loto6.csv"
"loto6","1783","","2023-04-13","missing_official","","","sougaku:data\raw\loto6\extracted\loto6.csv"
"loto6","1784","","2023-04-17","missing_official","","","sougaku:data\raw\loto6\extracted\loto6.csv"
"loto6","1785","","2023-04-20","missing_official","","","sougaku:data\raw\loto6\extracted\loto6.csv"
"loto6","1786","","2023-04-24","missing_official","","","sougaku:data\raw\loto6\extracted\loto6.csv"
"loto6","1787","","2023-04-27","missing_official","","","sougaku:data\raw\loto6\extracted\loto6.csv"
"loto6","1788","","2023-05-01","missing_official","","","sougaku:data\raw\loto6\extracted\loto6.csv"
"loto6","1789","","2023-05-04","missing_official","","","sougaku:data\raw\loto6\extracted\loto6.csv"
"loto6","1790","","2023-05-08","missing_official","","","sougaku:data\raw\loto6\extracted\loto6.csv"
"loto6","1791","","2023-05-11","missing_official","","","sougaku:data\raw\loto6\extracted\loto6.csv"
"loto6","1792","","2023-05-15","missing_official","","","sougaku:data\raw\loto6\extracted\loto6.csv"
"loto6","1793","","2023-05-18","missing_official","","","sougaku:data\raw\loto6\extracted\loto6.csv"
"loto6","1794","","2023-05-22","missing_official","","","sougaku:data\raw\loto6\extracted\loto6.csv"
"loto6","1795","","2023-05-25","missing_official","","","sougaku:data\raw\loto6\extracted\loto6.csv"
"loto6","1796","","2023-05-29","missing_official","","","sougaku:data\raw\loto6\extracted\loto6.csv"
"loto6","1797","","2023-06-01","missing_official","","","sougaku:data\raw\loto6\extracted\loto6.csv"
"loto6","1798","","2023-06-05","missing_official","","","sougaku:data\raw\loto6\extracted\loto6.csv"
"loto6","1799","","2023-06-08","missing_official","","","sougaku:data\raw\loto6\extracted\loto6.csv"
"loto6","1800","","2023-06-12","missing_official","","","sougaku:data\raw\loto6\extracted\loto6.csv"
"loto6","1801","","2023-06-15","missing_official","","","sougaku:data\raw\loto6\extracted\loto6.csv"
"loto6","1802","","2023-06-19","missing_official","","","sougaku:data\raw\loto6\extracted\loto6.csv"
"loto6","1803","","2023-06-22","missing_official","","","sougaku:data\raw\loto6\extracted\loto6.csv"
"loto6","1804","","2023-06-26","missing_official","","","sougaku:data\raw\loto6\extracted\loto6.csv"
"loto6","1805","","2023-06-29","missing_official","","","sougaku:data\raw\loto6\extracted\loto6.csv"
"loto6","1806","","2023-07-03","missing_official","","","sougaku:data\raw\loto6\extracted\loto6.csv"
"loto6","1807","","2023-07-06","missing_official","","","sougaku:data\raw\loto6\extracted\loto6.csv"
"loto6","1808","","2023-07-10","missing_official","","","sougaku:data\raw\loto6\extracted\loto6.csv"
"loto6","1809","","2023-07-13","missing_official","","","sougaku:data\raw\loto6\extracted\loto6.csv"
"loto6","1810","","2023-07-17","missing_official","","","sougaku:data\raw\loto6\extracted\loto6.csv"
"loto6","1811","","2023-07-20","missing_official","","","sougaku:data\raw\loto6\extracted\loto6.csv"
"loto6","1812","","2023-07-24","missing_official","","","sougaku:data\raw\loto6\extracted\loto6.csv"
"loto6","1813","","2023-07-27","missing_official","","","sougaku:data\raw\loto6\extracted\loto6.csv"
"loto6","1814","","2023-07-31","missing_official","","","sougaku:data\raw\loto6\extracted\loto6.csv"
"loto6","1815","","2023-08-03","missing_official","","","sougaku:data\raw\loto6\extracted\loto6.csv"
"loto6","1816","","2023-08-07","missing_official","","","sougaku:data\raw\loto6\extracted\loto6.csv"
"loto6","1817","","2023-08-10","missing_official","","","sougaku:data\raw\loto6\extracted\loto6.csv"
"loto6","1818","","2023-08-14","missing_official","","","sougaku:data\raw\loto6\extracted\loto6.csv"
"loto6","1819","","2023-08-17","missing_official","","","sougaku:data\raw\loto6\extracted\loto6.csv"
"loto6","1820","","2023-08-21","missing_official","","","sougaku:data\raw\loto6\extracted\loto6.csv"
"loto6","1821","","2023-08-24","missing_official","","","sougaku:data\raw\loto6\extracted\loto6.csv"
"loto6","1822","","2023-08-28","missing_official","","","sougaku:data\raw\loto6\extracted\loto6.csv"
"loto6","1823","","2023-08-31","missing_official","","","sougaku:data\raw\loto6\extracted\loto6.csv"
"loto6","1824","","2023-09-04","missing_official","","","sougaku:data\raw\loto6\extracted\loto6.csv"
"loto6","1825","","2023-09-07","missing_official","","","sougaku:data\raw\loto6\extracted\loto6.csv"
"loto6","1826","","2023-09-11","missing_official","","","sougaku:data\raw\loto6\extracted\loto6.csv"
"loto6","1827","","2023-09-14","missing_official","","","sougaku:data\raw\loto6\extracted\loto6.csv"
"loto6","1828","","2023-09-18","missing_official","","","sougaku:data\raw\loto6\extracted\loto6.csv"
"loto6","1829","","2023-09-21","missing_official","","","sougaku:data\raw\loto6\extracted\loto6.csv"
"loto6","1830","","2023-09-25","missing_official","","","sougaku:data\raw\loto6\extracted\loto6.csv"
"loto6","1831","","2023-09-28","missing_official","","","sougaku:data\raw\loto6\extracted\loto6.csv"
"loto6","1832","","2023-10-02","missing_official","","","sougaku:data\raw\loto6\extracted\loto6.csv"
"loto6","1833","","2023-10-05","missing_official","","","sougaku:data\raw\loto6\extracted\loto6.csv"
"loto6","1834","","2023-10-09","missing_official","","","sougaku:data\raw\loto6\extracted\loto6.csv"
"loto6","1835","","2023-10-12","missing_official","","","sougaku:data\raw\loto6\extracted\loto6.csv"
"loto6","1836","","2023-10-16","missing_official","","","sougaku:data\raw\loto6\extracted\loto6.csv"
"loto6","1837","","2023-10-19","missing_official","","","sougaku:data\raw\loto6\extracted\loto6.csv"
"loto6","1838","","2023-10-23","missing_official","","","sougaku:data\raw\loto6\extracted\loto6.csv"
"loto6","1839","","2023-10-26","missing_official","","","sougaku:data\raw\loto6\extracted\loto6.csv"
"loto6","1840","","2023-10-30","missing_official","","","sougaku:data\raw\loto6\extracted\loto6.csv"
"loto6","1841","","2023-11-02","missing_official","","","sougaku:data\raw\loto6\extracted\loto6.csv"
"loto6","1842","","2023-11-06","missing_official","","","sougaku:data\raw\loto6\extracted\loto6.csv"
"loto6","1843","","2023-11-09","missing_official","","","sougaku:data\raw\loto6\extracted\loto6.csv"
"loto6","1844","","2023-11-13","missing_official","","","sougaku:data\raw\loto6\extracted\loto6.csv"
"loto6","1845","","2023-11-16","missing_official","","","sougaku:data\raw\loto6\extracted\loto6.csv"
"loto6","1846","","2023-11-20","missing_official","","","sougaku:data\raw\loto6\extracted\loto6.csv"
"loto6","1847","","2023-11-23","missing_official","","","sougaku:data\raw\loto6\extracted\loto6.csv"
"loto6","1848","","2023-11-27","missing_official","","","sougaku:data\raw\loto6\extracted\loto6.csv"
"loto6","1849","","2023-11-30","missing_official","","","sougaku:data\raw\loto6\extracted\loto6.csv"
"loto6","1850","","2023-12-04","missing_official","","","sougaku:data\raw\loto6\extracted\loto6.csv"
"loto6","1851","","2023-12-07","missing_official","","","sougaku:data\raw\loto6\extracted\loto6.csv"
"loto6","1852","","2023-12-11","missing_official","","","sougaku:data\raw\loto6\extracted\loto6.csv"
"loto6","1853","","2023-12-14","missing_official","","","sougaku:data\raw\loto6\extracted\loto6.csv"
"loto6","1854","","2023-12-18","missing_official","","","sougaku:data\raw\loto6\extracted\loto6.csv"
"loto6","1855","","2023-12-21","missing_official","","","sougaku:data\raw\loto6\extracted\loto6.csv"
"loto6","1856","","2023-12-25","missing_official","","","sougaku:data\raw\loto6\extracted\loto6.csv"
"loto6","1857","","2023-12-28","missing_official","","","sougaku:data\raw\loto6\extracted\loto6.csv"
"loto6","1858","","2024-01-04","missing_official","","","sougaku:data\raw\loto6\extracted\loto6.csv"
"loto6","1859","","2024-01-08","missing_official","","","sougaku:data\raw\loto6\extracted\loto6.csv"
"loto6","1860","","2024-01-11","missing_official","","","sougaku:data\raw\loto6\extracted\loto6.csv"
"loto6","1861","","2024-01-15","missing_official","","","sougaku:data\raw\loto6\extracted\loto6.csv"
"loto6","1862","","2024-01-18","missing_official","","","sougaku:data\raw\loto6\extracted\loto6.csv"
"loto6","1863","","2024-01-22","missing_official","","","sougaku:data\raw\loto6\extracted\loto6.csv"
"loto6","1864","","2024-01-25","missing_official","","","sougaku:data\raw\loto6\extracted\loto6.csv"
"loto6","1865","","2024-01-29","missing_official","","","sougaku:data\raw\loto6\extracted\loto6.csv"
"loto6","1866","","2024-02-01","missing_official","","","sougaku:data\raw\loto6\extracted\loto6.csv"
"loto6","1867","","2024-02-05","missing_official","","","sougaku:data\raw\loto6\extracted\loto6.csv"
"loto6","1868","","2024-02-08","missing_official","","","sougaku:data\raw\loto6\extracted\loto6.csv"
"loto6","1869","","2024-02-12","missing_official","","","sougaku:data\raw\loto6\extracted\loto6.csv"
"loto6","1870","","2024-02-15","missing_official","","","sougaku:data\raw\loto6\extracted\loto6.csv"
"loto6","1871","","2024-02-19","missing_official","","","sougaku:data\raw\loto6\extracted\loto6.csv"
"loto6","1872","","2024-02-22","missing_official","","","sougaku:data\raw\loto6\extracted\loto6.csv"
"loto6","1873","","2024-02-26","missing_official","","","sougaku:data\raw\loto6\extracted\loto6.csv"
"loto6","1874","","2024-02-29","missing_official","","","sougaku:data\raw\loto6\extracted\loto6.csv"
"loto6","1875","","2024-03-04","missing_official","","","sougaku:data\raw\loto6\extracted\loto6.csv"
"loto6","1876","","2024-03-07","missing_official","","","sougaku:data\raw\loto6\extracted\loto6.csv"
"loto6","1877","","2024-03-11","missing_official","","","sougaku:data\raw\loto6\extracted\loto6.csv"
"loto6","1878","","2024-03-14","missing_official","","","sougaku:data\raw\loto6\extracted\loto6.csv"
"loto6","1879","","2024-03-18","missing_official","","","sougaku:data\raw\loto6\extracted\loto6.csv"
"loto6","1880","","2024-03-21","missing_official","","","sougaku:data\raw\loto6\extracted\loto6.csv"
"loto6","1881","","2024-03-25","missing_official","","","sougaku:data\raw\loto6\extracted\loto6.csv"
"loto6","1882","","2024-03-28","missing_official","","","sougaku:data\raw\loto6\extracted\loto6.csv"
"loto6","1883","","2024-04-01","missing_official","","","sougaku:data\raw\loto6\extracted\loto6.csv"
"loto6","1884","","2024-04-04","missing_official","","","sougaku:data\raw\loto6\extracted\loto6.csv"
"loto6","1885","","2024-04-08","missing_official","","","sougaku:data\raw\loto6\extracted\loto6.csv"
"loto6","1886","","2024-04-11","missing_official","","","sougaku:data\raw\loto6\extracted\loto6.csv"
"loto6","1887","","2024-04-15","missing_official","","","sougaku:data\raw\loto6\extracted\loto6.csv"
"loto6","1888","","2024-04-18","missing_official","","","sougaku:data\raw\loto6\extracted\loto6.csv"
"loto6","1889","","2024-04-22","missing_official","","","sougaku:data\raw\loto6\extracted\loto6.csv"
"loto6","1890","","2024-04-25","missing_official","","","sougaku:data\raw\loto6\extracted\loto6.csv"
"loto6","1891","","2024-04-29","missing_official","","","sougaku:data\raw\loto6\extracted\loto6.csv"
"loto6","1892","","2024-05-02","missing_official","","","sougaku:data\raw\loto6\extracted\loto6.csv"
"loto6","1893","","2024-05-06","missing_official","","","sougaku:data\raw\loto6\extracted\loto6.csv"
"loto6","1894","","2024-05-09","missing_official","","","sougaku:data\raw\loto6\extracted\loto6.csv"
"loto6","1895","","2024-05-13","missing_official","","","sougaku:data\raw\loto6\extracted\loto6.csv"
"loto6","1896","","2024-05-16","missing_official","","","sougaku:data\raw\loto6\extracted\loto6.csv"
"loto6","1897","","2024-05-20","missing_official","","","sougaku:data\raw\loto6\extracted\loto6.csv"
"loto6","1898","","2024-05-23","missing_official","","","sougaku:data\raw\loto6\extracted\loto6.csv"
"loto6","1899","","2024-05-27","missing_official","","","sougaku:data\raw\loto6\extracted\loto6.csv"
"loto6","1900","","2024-05-30","missing_official","","","sougaku:data\raw\loto6\extracted\loto6.csv"
"loto6","1901","","2024-06-03","missing_official","","","sougaku:data\raw\loto6\extracted\loto6.csv"
"loto6","1902","","2024-06-06","missing_official","","","sougaku:data\raw\loto6\extracted\loto6.csv"
"loto6","1903","","2024-06-10","missing_official","","","sougaku:data\raw\loto6\extracted\loto6.csv"
"loto6","1904","","2024-06-13","missing_official","","","sougaku:data\raw\loto6\extracted\loto6.csv"
"loto6","1905","","2024-06-17","missing_official","","","sougaku:data\raw\loto6\extracted\loto6.csv"
"loto6","1906","","2024-06-20","missing_official","","","sougaku:data\raw\loto6\extracted\loto6.csv"
"loto6","1907","","2024-06-24","missing_official","","","sougaku:data\raw\loto6\extracted\loto6.csv"
"loto6","1908","","2024-06-27","missing_official","","","sougaku:data\raw\loto6\extracted\loto6.csv"
"loto6","1909","","2024-07-01","missing_official","","","sougaku:data\raw\loto6\extracted\loto6.csv"
"loto6","1910","","2024-07-04","missing_official","","","sougaku:data\raw\loto6\extracted\loto6.csv"
"loto6","1911","","2024-07-08","missing_official","","","sougaku:data\raw\loto6\extracted\loto6.csv"
"loto6","1912","","2024-07-11","missing_official","","","sougaku:data\raw\loto6\extracted\loto6.csv"
"loto6","1913","","2024-07-15","missing_official","","","sougaku:data\raw\loto6\extracted\loto6.csv"
"loto6","1914","","2024-07-18","missing_official","","","sougaku:data\raw\loto6\extracted\loto6.csv"
"loto6","1915","","2024-07-22","missing_official","","","sougaku:data\raw\loto6\extracted\loto6.csv"
"loto6","1916","","2024-07-25","missing_official","","","sougaku:data\raw\loto6\extracted\loto6.csv"
"loto6","1917","","2024-07-29","missing_official","","","sougaku:data\raw\loto6\extracted\loto6.csv"
"loto6","1918","","2024-08-01","missing_official","","","sougaku:data\raw\loto6\extracted\loto6.csv"
"loto6","1919","","2024-08-05","missing_official","","","sougaku:data\raw\loto6\extracted\loto6.csv"
"loto6","1920","","2024-08-08","missing_official","","","sougaku:data\raw\loto6\extracted\loto6.csv"
"loto6","1921","","2024-08-12","missing_official","","","sougaku:data\raw\loto6\extracted\loto6.csv"
"loto6","1922","","2024-08-15","missing_official","","","sougaku:data\raw\loto6\extracted\loto6.csv"
"loto6","1923","","2024-08-19","missing_official","","","sougaku:data\raw\loto6\extracted\loto6.csv"
"loto6","1924","","2024-08-22","missing_official","","","sougaku:data\raw\loto6\extracted\loto6.csv"
"loto6","1925","","2024-08-26","missing_official","","","sougaku:data\raw\loto6\extracted\loto6.csv"
"loto6","1926","","2024-08-29","missing_official","","","sougaku:data\raw\loto6\extracted\loto6.csv"
"loto6","1927","","2024-09-02","missing_official","","","sougaku:data\raw\loto6\extracted\loto6.csv"
"loto6","1928","","2024-09-05","missing_official","","","sougaku:data\raw\loto6\extracted\loto6.csv"
"loto6","1929","","2024-09-09","missing_official","","","sougaku:data\raw\loto6\extracted\loto6.csv"
"loto6","1930","","2024-09-12","missing_official","","","sougaku:data\raw\loto6\extracted\loto6.csv"
"loto6","1931","","2024-09-16","missing_official","","","sougaku:data\raw\loto6\extracted\loto6.csv"
"loto6","1932","","2024-09-19","missing_official","","","sougaku:data\raw\loto6\extracted\loto6.csv"
"loto6","1933","","2024-09-23","missing_official","","","sougaku:data\raw\loto6\extracted\loto6.csv"
"loto6","1934","","2024-09-26","missing_official","","","sougaku:data\raw\loto6\extracted\loto6.csv"
"loto6","1935","","2024-09-30","missing_official","","","sougaku:data\raw\loto6\extracted\loto6.csv"
"loto6","1936","","2024-10-03","missing_official","","","sougaku:data\raw\loto6\extracted\loto6.csv"
"loto6","1937","","2024-10-07","missing_official","","","sougaku:data\raw\loto6\extracted\loto6.csv"
"loto6","1938","","2024-10-10","missing_official","","","sougaku:data\raw\loto6\extracted\loto6.csv"
"loto6","1939","","2024-10-14","missing_official","","","sougaku:data\raw\loto6\extracted\loto6.csv"
"loto6","1940","","2024-10-17","missing_official","","","sougaku:data\raw\loto6\extracted\loto6.csv"
"loto6","1941","","2024-10-21","missing_official","","","sougaku:data\raw\loto6\extracted\loto6.csv"
"loto6","1942","","2024-10-24","missing_official","","","sougaku:data\raw\loto6\extracted\loto6.csv"
"loto6","1943","","2024-10-28","missing_official","","","sougaku:data\raw\loto6\extracted\loto6.csv"
"loto6","1944","","2024-10-31","missing_official","","","sougaku:data\raw\loto6\extracted\loto6.csv"
"loto6","1945","","2024-11-04","missing_official","","","sougaku:data\raw\loto6\extracted\loto6.csv"
"loto6","1946","","2024-11-07","missing_official","","","sougaku:data\raw\loto6\extracted\loto6.csv"
"loto6","1947","","2024-11-11","missing_official","","","sougaku:data\raw\loto6\extracted\loto6.csv"
"loto6","1948","","2024-11-14","missing_official","","","sougaku:data\raw\loto6\extracted\loto6.csv"
"loto6","1949","","2024-11-18","missing_official","","","sougaku:data\raw\loto6\extracted\loto6.csv"
"loto6","1950","","2024-11-21","missing_official","","","sougaku:data\raw\loto6\extracted\loto6.csv"
"loto6","1951","","2024-11-25","missing_official","","","sougaku:data\raw\loto6\extracted\loto6.csv"
"loto6","1952","","2024-11-28","missing_official","","","sougaku:data\raw\loto6\extracted\loto6.csv"
"loto6","1953","","2024-12-02","missing_official","","","sougaku:data\raw\loto6\extracted\loto6.csv"
"loto6","1954","","2024-12-05","missing_official","","","sougaku:data\raw\loto6\extracted\loto6.csv"
"loto6","1955","","2024-12-09","missing_official","","","sougaku:data\raw\loto6\extracted\loto6.csv"
"loto6","1956","","2024-12-12","missing_official","","","sougaku:data\raw\loto6\extracted\loto6.csv"
"loto6","1957","","2024-12-16","missing_official","","","sougaku:data\raw\loto6\extracted\loto6.csv"
"loto6","1958","","2024-12-19","missing_official","","","sougaku:data\raw\loto6\extracted\loto6.csv"
"loto6","1959","","2024-12-23","missing_official","","","sougaku:data\raw\loto6\extracted\loto6.csv"
"loto6","1960","","2024-12-26","missing_official","","","sougaku:data\raw\loto6\extracted\loto6.csv"
"loto6","1961","","2024-12-30","missing_official","","","sougaku:data\raw\loto6\extracted\loto6.csv"
"loto6","1962","","2025-01-06","missing_official","","","sougaku:data\raw\loto6\extracted\loto6.csv"
"loto6","1963","","2025-01-09","missing_official","","","sougaku:data\raw\loto6\extracted\loto6.csv"
"loto6","1964","","2025-01-13","missing_official","","","sougaku:data\raw\loto6\extracted\loto6.csv"
"loto6","1965","","2025-01-16","missing_official","","","sougaku:data\raw\loto6\extracted\loto6.csv"
"loto6","1966","","2025-01-20","missing_official","","","sougaku:data\raw\loto6\extracted\loto6.csv"
"loto6","1967","","2025-01-23","missing_official","","","sougaku:data\raw\loto6\extracted\loto6.csv"
"loto6","1968","","2025-01-27","missing_official","","","sougaku:data\raw\loto6\extracted\loto6.csv"
"loto6","1969","","2025-01-30","missing_official","","","sougaku:data\raw\loto6\extracted\loto6.csv"
"loto6","1970","","2025-02-03","missing_official","","","sougaku:data\raw\loto6\extracted\loto6.csv"
"loto6","1971","","2025-02-06","missing_official","","","sougaku:data\raw\loto6\extracted\loto6.csv"
"loto6","1972","","2025-02-10","missing_official","","","sougaku:data\raw\loto6\extracted\loto6.csv"
"loto6","1973","","2025-02-13","missing_official","","","sougaku:data\raw\loto6\extracted\loto6.csv"
"loto6","1974","","2025-02-17","missing_official","","","sougaku:data\raw\loto6\extracted\loto6.csv"
"loto6","1975","","2025-02-20","missing_official","","","sougaku:data\raw\loto6\extracted\loto6.csv"
"loto6","1976","","2025-02-24","missing_official","","","sougaku:data\raw\loto6\extracted\loto6.csv"
"loto6","1977","","2025-02-27","missing_official","","","sougaku:data\raw\loto6\extracted\loto6.csv"
"loto6","1978","","2025-03-03","missing_official","","","sougaku:data\raw\loto6\extracted\loto6.csv"
"loto6","1979","","2025-03-06","missing_official","","","sougaku:data\raw\loto6\extracted\loto6.csv"
"loto6","1980","","2025-03-10","missing_official","","","sougaku:data\raw\loto6\extracted\loto6.csv"
"loto6","1981","","2025-03-13","missing_official","","","sougaku:data\raw\loto6\extracted\loto6.csv"
"loto6","1982","","2025-03-17","missing_official","","","sougaku:data\raw\loto6\extracted\loto6.csv"
"loto6","1983","","2025-03-20","missing_official","","","sougaku:data\raw\loto6\extracted\loto6.csv"
"loto6","1984","","2025-03-24","missing_official","","","sougaku:data\raw\loto6\extracted\loto6.csv"
"loto6","1985","","2025-03-27","missing_official","","","sougaku:data\raw\loto6\extracted\loto6.csv"
"loto6","1986","","2025-03-31","missing_official","","","sougaku:data\raw\loto6\extracted\loto6.csv"
"loto6","1987","","2025-04-03","missing_official","","","sougaku:data\raw\loto6\extracted\loto6.csv"
"loto6","1988","","2025-04-07","missing_official","","","sougaku:data\raw\loto6\extracted\loto6.csv"
"loto6","1989","","2025-04-10","missing_official","","","sougaku:data\raw\loto6\extracted\loto6.csv"
"loto6","1990","","2025-04-14","missing_official","","","sougaku:data\raw\loto6\extracted\loto6.csv"
"loto6","1991","","2025-04-17","missing_official","","","sougaku:data\raw\loto6\extracted\loto6.csv"
"loto6","1992","","2025-04-21","missing_official","","","sougaku:data\raw\loto6\extracted\loto6.csv"
"loto6","1993","","2025-04-24","missing_official","","","sougaku:data\raw\loto6\extracted\loto6.csv"
"loto6","1994","","2025-04-28","missing_official","","","sougaku:data\raw\loto6\extracted\loto6.csv"
"loto6","1995","","2025-05-01","missing_official","","","sougaku:data\raw\loto6\extracted\loto6.csv"
"loto6","1996","","2025-05-05","missing_official","","","sougaku:data\raw\loto6\extracted\loto6.csv"
"loto6","1997","","2025-05-08","missing_official","","","sougaku:data\raw\loto6\extracted\loto6.csv"
"loto6","1998","","2025-05-12","missing_official","","","sougaku:data\raw\loto6\extracted\loto6.csv"
"loto6","1999","","2025-05-15","missing_official","","","sougaku:data\raw\loto6\extracted\loto6.csv"
"loto6","2000","","2025-05-19","missing_official","","","sougaku:data\raw\loto6\extracted\loto6.csv"
"loto6","2001","","2025-05-22","missing_official","","","sougaku:data\raw\loto6\extracted\loto6.csv"
"loto6","2002","","2025-05-26","missing_official","","","sougaku:data\raw\loto6\extracted\loto6.csv"
"loto6","2003","","2025-05-29","missing_official","","","sougaku:data\raw\loto6\extracted\loto6.csv"
"loto6","2004","","2025-06-02","missing_official","","","sougaku:data\raw\loto6\extracted\loto6.csv"
"loto6","2005","","2025-06-05","missing_official","","","sougaku:data\raw\loto6\extracted\loto6.csv"
"loto6","2006","","2025-06-09","missing_official","","","sougaku:data\raw\loto6\extracted\loto6.csv"
"loto6","2007","","2025-06-12","missing_official","","","sougaku:data\raw\loto6\extracted\loto6.csv"
"loto6","2008","","2025-06-16","missing_official","","","sougaku:data\raw\loto6\extracted\loto6.csv"
"loto6","2009","","2025-06-19","missing_official","","","sougaku:data\raw\loto6\extracted\loto6.csv"
"loto6","2010","","2025-06-23","missing_official","","","sougaku:data\raw\loto6\extracted\loto6.csv"
"loto6","2011","","2025-06-26","missing_official","","","sougaku:data\raw\loto6\extracted\loto6.csv"
"loto6","2012","","2025-06-30","missing_official","","","sougaku:data\raw\loto6\extracted\loto6.csv"
"loto6","2013","","2025-07-03","missing_official","","","sougaku:data\raw\loto6\extracted\loto6.csv"
"loto6","2014","","2025-07-07","missing_official","","","sougaku:data\raw\loto6\extracted\loto6.csv"
"loto6","2015","","2025-07-10","missing_official","","","sougaku:data\raw\loto6\extracted\loto6.csv"
"loto6","2016","","2025-07-14","missing_official","","","sougaku:data\raw\loto6\extracted\loto6.csv"
"loto6","2017","","2025-07-17","missing_official","","","sougaku:data\raw\loto6\extracted\loto6.csv"
"loto6","2018","","2025-07-21","missing_official","","","sougaku:data\raw\loto6\extracted\loto6.csv"
"loto6","2019","","2025-07-24","missing_official","","","sougaku:data\raw\loto6\extracted\loto6.csv"
"loto6","2020","","2025-07-28","missing_official","","","sougaku:data\raw\loto6\extracted\loto6.csv"
"loto6","2021","","2025-07-31","missing_official","","","sougaku:data\raw\loto6\extracted\loto6.csv"
"loto6","2022","2025-08-04","2025-08-04","different","salesAmount","official-mizuho:https://www.mizuhobank.co.jp/retail/takarakuji/loto/loto6/csv/A1022022.CSV","sougaku:data\raw\loto6\extracted\loto6.csv"
"loto6","2023","2025-08-07","2025-08-07","different","salesAmount|tier1Prize","official-mizuho:https://www.mizuhobank.co.jp/retail/takarakuji/loto/loto6/csv/A1022023.CSV","sougaku:data\raw\loto6\extracted\loto6.csv"
"loto6","2024","2025-08-11","2025-08-11","different","salesAmount","official-mizuho:https://www.mizuhobank.co.jp/retail/takarakuji/loto/loto6/csv/A1022024.CSV","sougaku:data\raw\loto6\extracted\loto6.csv"
"loto6","2025","2025-08-14","2025-08-14","different","salesAmount","official-mizuho:https://www.mizuhobank.co.jp/retail/takarakuji/loto/loto6/csv/A1022025.CSV","sougaku:data\raw\loto6\extracted\loto6.csv"
"loto6","2026","2025-08-18","2025-08-18","different","salesAmount","official-mizuho:https://www.mizuhobank.co.jp/retail/takarakuji/loto/loto6/csv/A1022026.CSV","sougaku:data\raw\loto6\extracted\loto6.csv"
"loto6","2027","2025-08-21","2025-08-21","different","salesAmount","official-mizuho:https://www.mizuhobank.co.jp/retail/takarakuji/loto/loto6/csv/A1022027.CSV","sougaku:data\raw\loto6\extracted\loto6.csv"
"loto6","2028","2025-08-25","2025-08-25","different","salesAmount","official-mizuho:https://www.mizuhobank.co.jp/retail/takarakuji/loto/loto6/csv/A1022028.CSV","sougaku:data\raw\loto6\extracted\loto6.csv"
"loto6","2029","2025-08-28","2025-08-28","different","salesAmount","official-mizuho:https://www.mizuhobank.co.jp/retail/takarakuji/loto/loto6/csv/A1022029.CSV","sougaku:data\raw\loto6\extracted\loto6.csv"
"loto6","2030","2025-09-01","2025-09-01","different","salesAmount","official-mizuho:https://www.mizuhobank.co.jp/retail/takarakuji/loto/loto6/csv/A1022030.CSV","sougaku:data\raw\loto6\extracted\loto6.csv"
"loto6","2031","2025-09-04","2025-09-04","different","salesAmount","official-mizuho:https://www.mizuhobank.co.jp/retail/takarakuji/loto/loto6/csv/A1022031.CSV","sougaku:data\raw\loto6\extracted\loto6.csv"
"loto6","2032","2025-09-08","2025-09-08","different","salesAmount","official-mizuho:https://www.mizuhobank.co.jp/retail/takarakuji/loto/loto6/csv/A1022032.CSV","sougaku:data\raw\loto6\extracted\loto6.csv"
"loto6","2033","2025-09-11","2025-09-11","different","salesAmount","official-mizuho:https://www.mizuhobank.co.jp/retail/takarakuji/loto/loto6/csv/A1022033.CSV","sougaku:data\raw\loto6\extracted\loto6.csv"
"loto6","2034","2025-09-15","2025-09-15","different","salesAmount","official-mizuho:https://www.mizuhobank.co.jp/retail/takarakuji/loto/loto6/csv/A1022034.CSV","sougaku:data\raw\loto6\extracted\loto6.csv"
"loto6","2035","2025-09-18","2025-09-18","different","salesAmount","official-mizuho:https://www.mizuhobank.co.jp/retail/takarakuji/loto/loto6/csv/A1022035.CSV","sougaku:data\raw\loto6\extracted\loto6.csv"
"loto6","2036","2025-09-22","2025-09-22","different","salesAmount","official-mizuho:https://www.mizuhobank.co.jp/retail/takarakuji/loto/loto6/csv/A1022036.CSV","sougaku:data\raw\loto6\extracted\loto6.csv"
"loto6","2037","2025-09-25","2025-09-25","different","salesAmount","official-mizuho:https://www.mizuhobank.co.jp/retail/takarakuji/loto/loto6/csv/A1022037.CSV","sougaku:data\raw\loto6\extracted\loto6.csv"
"loto6","2038","2025-09-29","2025-09-29","different","salesAmount","official-mizuho:https://www.mizuhobank.co.jp/retail/takarakuji/loto/loto6/csv/A1022038.CSV","sougaku:data\raw\loto6\extracted\loto6.csv"
"loto6","2039","2025-10-02","2025-10-02","different","salesAmount","official-mizuho:https://www.mizuhobank.co.jp/retail/takarakuji/loto/loto6/csv/A1022039.CSV","sougaku:data\raw\loto6\extracted\loto6.csv"
"loto6","2040","2025-10-06","2025-10-06","different","salesAmount","official-mizuho:https://www.mizuhobank.co.jp/retail/takarakuji/loto/loto6/csv/A1022040.CSV","sougaku:data\raw\loto6\extracted\loto6.csv"
"loto6","2041","2025-10-09","2025-10-09","different","salesAmount","official-mizuho:https://www.mizuhobank.co.jp/retail/takarakuji/loto/loto6/csv/A1022041.CSV","sougaku:data\raw\loto6\extracted\loto6.csv"
"loto6","2042","2025-10-13","2025-10-13","different","salesAmount","official-mizuho:https://www.mizuhobank.co.jp/retail/takarakuji/loto/loto6/csv/A1022042.CSV","sougaku:data\raw\loto6\extracted\loto6.csv"
"loto6","2043","2025-10-16","2025-10-16","different","salesAmount|tier3Prize","official-mizuho:https://www.mizuhobank.co.jp/retail/takarakuji/loto/loto6/csv/A1022043.CSV","sougaku:data\raw\loto6\extracted\loto6.csv"
"loto6","2044","2025-10-20","2025-10-20","different","salesAmount","official-mizuho:https://www.mizuhobank.co.jp/retail/takarakuji/loto/loto6/csv/A1022044.CSV","sougaku:data\raw\loto6\extracted\loto6.csv"
"loto6","2045","2025-10-23","2025-10-23","different","salesAmount","official-mizuho:https://www.mizuhobank.co.jp/retail/takarakuji/loto/loto6/csv/A1022045.CSV","sougaku:data\raw\loto6\extracted\loto6.csv"
"loto6","2046","2025-10-27","2025-10-27","different","salesAmount","official-mizuho:https://www.mizuhobank.co.jp/retail/takarakuji/loto/loto6/csv/A1022046.CSV","sougaku:data\raw\loto6\extracted\loto6.csv"
"loto6","2047","2025-10-30","2025-10-30","different","salesAmount","official-mizuho:https://www.mizuhobank.co.jp/retail/takarakuji/loto/loto6/csv/A1022047.CSV","sougaku:data\raw\loto6\extracted\loto6.csv"
"loto6","2048","2025-11-03","2025-11-03","different","salesAmount","official-mizuho:https://www.mizuhobank.co.jp/retail/takarakuji/loto/loto6/csv/A1022048.CSV","sougaku:data\raw\loto6\extracted\loto6.csv"
"loto6","2049","2025-11-06","2025-11-06","different","salesAmount","official-mizuho:https://www.mizuhobank.co.jp/retail/takarakuji/loto/loto6/csv/A1022049.CSV","sougaku:data\raw\loto6\extracted\loto6.csv"
"loto6","2050","2025-11-10","2025-11-10","different","salesAmount","official-mizuho:https://www.mizuhobank.co.jp/retail/takarakuji/loto/loto6/csv/A1022050.CSV","sougaku:data\raw\loto6\extracted\loto6.csv"
"loto6","2051","2025-11-13","2025-11-13","different","salesAmount","official-mizuho:https://www.mizuhobank.co.jp/retail/takarakuji/loto/loto6/csv/A1022051.CSV","sougaku:data\raw\loto6\extracted\loto6.csv"
"loto6","2052","2025-11-17","2025-11-17","different","salesAmount","official-mizuho:https://www.mizuhobank.co.jp/retail/takarakuji/loto/loto6/csv/A1022052.CSV","sougaku:data\raw\loto6\extracted\loto6.csv"
"loto6","2053","2025-11-20","2025-11-20","different","salesAmount","official-mizuho:https://www.mizuhobank.co.jp/retail/takarakuji/loto/loto6/csv/A1022053.CSV","sougaku:data\raw\loto6\extracted\loto6.csv"
"loto6","2054","2025-11-24","2025-11-24","different","salesAmount","official-mizuho:https://www.mizuhobank.co.jp/retail/takarakuji/loto/loto6/csv/A1022054.CSV","sougaku:data\raw\loto6\extracted\loto6.csv"
"loto6","2055","2025-11-27","2025-11-27","different","salesAmount|tier4Winners","official-mizuho:https://www.mizuhobank.co.jp/retail/takarakuji/loto/loto6/csv/A1022055.CSV","sougaku:data\raw\loto6\extracted\loto6.csv"
"loto6","2056","2025-12-01","2025-12-01","different","salesAmount","official-mizuho:https://www.mizuhobank.co.jp/retail/takarakuji/loto/loto6/csv/A1022056.CSV","sougaku:data\raw\loto6\extracted\loto6.csv"
"loto6","2057","2025-12-04","2025-12-04","different","salesAmount","official-mizuho:https://www.mizuhobank.co.jp/retail/takarakuji/loto/loto6/csv/A1022057.CSV","sougaku:data\raw\loto6\extracted\loto6.csv"
"loto6","2058","2025-12-08","2025-12-08","different","salesAmount","official-mizuho:https://www.mizuhobank.co.jp/retail/takarakuji/loto/loto6/csv/A1022058.CSV","sougaku:data\raw\loto6\extracted\loto6.csv"
"loto6","2059","2025-12-11","2025-12-11","different","salesAmount","official-mizuho:https://www.mizuhobank.co.jp/retail/takarakuji/loto/loto6/csv/A1022059.CSV","sougaku:data\raw\loto6\extracted\loto6.csv"
"loto6","2060","2025-12-15","2025-12-15","different","salesAmount","official-mizuho:https://www.mizuhobank.co.jp/retail/takarakuji/loto/loto6/csv/A1022060.CSV","sougaku:data\raw\loto6\extracted\loto6.csv"
"loto6","2061","2025-12-18","2025-12-18","different","salesAmount","official-mizuho:https://www.mizuhobank.co.jp/retail/takarakuji/loto/loto6/csv/A1022061.CSV","sougaku:data\raw\loto6\extracted\loto6.csv"
"loto6","2062","2025-12-22","2025-12-22","different","salesAmount","official-mizuho:https://www.mizuhobank.co.jp/retail/takarakuji/loto/loto6/csv/A1022062.CSV","sougaku:data\raw\loto6\extracted\loto6.csv"
"loto6","2063","2025-12-25","2025-12-25","different","salesAmount","official-mizuho:https://www.mizuhobank.co.jp/retail/takarakuji/loto/loto6/csv/A1022063.CSV","sougaku:data\raw\loto6\extracted\loto6.csv"
"loto6","2064","2025-12-29","2025-12-29","different","salesAmount","official-mizuho:https://www.mizuhobank.co.jp/retail/takarakuji/loto/loto6/csv/A1022064.CSV","sougaku:data\raw\loto6\extracted\loto6.csv"
"loto6","2065","2026-01-05","2026-01-05","different","salesAmount","official-mizuho:https://www.mizuhobank.co.jp/retail/takarakuji/loto/loto6/csv/A1022065.CSV","sougaku:data\raw\loto6\extracted\loto6.csv"
"loto6","2066","2026-01-08","2026-01-08","different","salesAmount","official-mizuho:https://www.mizuhobank.co.jp/retail/takarakuji/loto/loto6/csv/A1022066.CSV","sougaku:data\raw\loto6\extracted\loto6.csv"
"loto6","2067","2026-01-12","2026-01-12","different","salesAmount","official-mizuho:https://www.mizuhobank.co.jp/retail/takarakuji/loto/loto6/csv/A1022067.CSV","sougaku:data\raw\loto6\extracted\loto6.csv"
"loto6","2068","2026-01-15","2026-01-15","different","salesAmount","official-mizuho:https://www.mizuhobank.co.jp/retail/takarakuji/loto/loto6/csv/A1022068.CSV","sougaku:data\raw\loto6\extracted\loto6.csv"
"loto6","2069","2026-01-19","2026-01-19","different","salesAmount","official-mizuho:https://www.mizuhobank.co.jp/retail/takarakuji/loto/loto6/csv/A1022069.CSV","sougaku:data\raw\loto6\extracted\loto6.csv"
"loto6","2070","2026-01-22","2026-01-22","different","salesAmount","official-mizuho:https://www.mizuhobank.co.jp/retail/takarakuji/loto/loto6/csv/A1022070.CSV","sougaku:data\raw\loto6\extracted\loto6.csv"
"loto6","2071","2026-01-26","2026-01-26","different","salesAmount","official-mizuho:https://www.mizuhobank.co.jp/retail/takarakuji/loto/loto6/csv/A1022071.CSV","sougaku:data\raw\loto6\extracted\loto6.csv"
"loto6","2072","2026-01-29","2026-01-29","different","salesAmount","official-mizuho:https://www.mizuhobank.co.jp/retail/takarakuji/loto/loto6/csv/A1022072.CSV","sougaku:data\raw\loto6\extracted\loto6.csv"
"loto6","2073","2026-02-02","2026-02-02","different","salesAmount","official-mizuho:https://www.mizuhobank.co.jp/retail/takarakuji/loto/loto6/csv/A1022073.CSV","sougaku:data\raw\loto6\extracted\loto6.csv"
"loto6","2074","2026-02-05","2026-02-05","different","salesAmount","official-mizuho:https://www.mizuhobank.co.jp/retail/takarakuji/loto/loto6/csv/A1022074.CSV","sougaku:data\raw\loto6\extracted\loto6.csv"
"loto6","2075","2026-02-09","2026-02-09","different","salesAmount","official-mizuho:https://www.mizuhobank.co.jp/retail/takarakuji/loto/loto6/csv/A1022075.CSV","sougaku:data\raw\loto6\extracted\loto6.csv"
"loto6","2076","2026-02-12","2026-02-12","different","salesAmount","official-mizuho:https://www.mizuhobank.co.jp/retail/takarakuji/loto/loto6/csv/A1022076.CSV","sougaku:data\raw\loto6\extracted\loto6.csv"
"loto6","2077","2026-02-16","2026-02-16","different","salesAmount","official-mizuho:https://www.mizuhobank.co.jp/retail/takarakuji/loto/loto6/csv/A1022077.CSV","sougaku:data\raw\loto6\extracted\loto6.csv"
"loto6","2078","2026-02-19","2026-02-19","different","salesAmount","official-mizuho:https://www.mizuhobank.co.jp/retail/takarakuji/loto/loto6/csv/A1022078.CSV","sougaku:data\raw\loto6\extracted\loto6.csv"
"loto6","2079","2026-02-23","2026-02-23","different","salesAmount","official-mizuho:https://www.mizuhobank.co.jp/retail/takarakuji/loto/loto6/csv/A1022079.CSV","sougaku:data\raw\loto6\extracted\loto6.csv"
"loto6","2080","2026-02-26","2026-02-26","different","salesAmount","official-mizuho:https://www.mizuhobank.co.jp/retail/takarakuji/loto/loto6/csv/A1022080.CSV","sougaku:data\raw\loto6\extracted\loto6.csv"
"loto6","2081","2026-03-02","2026-03-02","different","salesAmount","official-mizuho:https://www.mizuhobank.co.jp/retail/takarakuji/loto/loto6/csv/A1022081.CSV","sougaku:data\raw\loto6\extracted\loto6.csv"
"loto6","2082","2026-03-05","2026-03-05","different","salesAmount","official-mizuho:https://www.mizuhobank.co.jp/retail/takarakuji/loto/loto6/csv/A1022082.CSV","sougaku:data\raw\loto6\extracted\loto6.csv"
"loto6","2083","2026-03-09","2026-03-09","different","salesAmount","official-mizuho:https://www.mizuhobank.co.jp/retail/takarakuji/loto/loto6/csv/A1022083.CSV","sougaku:data\raw\loto6\extracted\loto6.csv"
"loto6","2084","2026-03-12","2026-03-12","different","salesAmount","official-mizuho:https://www.mizuhobank.co.jp/retail/takarakuji/loto/loto6/csv/A1022084.CSV","sougaku:data\raw\loto6\extracted\loto6.csv"
"loto6","2085","2026-03-16","2026-03-16","different","salesAmount","official-mizuho:https://www.mizuhobank.co.jp/retail/takarakuji/loto/loto6/csv/A1022085.CSV","sougaku:data\raw\loto6\extracted\loto6.csv"
"loto6","2086","2026-03-19","2026-03-19","different","salesAmount","official-mizuho:https://www.mizuhobank.co.jp/retail/takarakuji/loto/loto6/csv/A1022086.CSV","sougaku:data\raw\loto6\extracted\loto6.csv"
"loto6","2087","2026-03-23","2026-03-23","different","salesAmount","official-mizuho:https://www.mizuhobank.co.jp/retail/takarakuji/loto/loto6/csv/A1022087.CSV","sougaku:data\raw\loto6\extracted\loto6.csv"
"loto6","2088","2026-03-26","2026-03-26","different","salesAmount","official-mizuho:https://www.mizuhobank.co.jp/retail/takarakuji/loto/loto6/csv/A1022088.CSV","sougaku:data\raw\loto6\extracted\loto6.csv"
"loto6","2089","2026-03-30","2026-03-30","different","salesAmount","official-mizuho:https://www.mizuhobank.co.jp/retail/takarakuji/loto/loto6/csv/A1022089.CSV","sougaku:data\raw\loto6\extracted\loto6.csv"
"loto6","2090","2026-04-02","2026-04-02","different","salesAmount","official-mizuho:https://www.mizuhobank.co.jp/retail/takarakuji/loto/loto6/csv/A1022090.CSV","sougaku:data\raw\loto6\extracted\loto6.csv"
"loto6","2091","2026-04-06","2026-04-06","different","salesAmount","official-mizuho:https://www.mizuhobank.co.jp/retail/takarakuji/loto/loto6/csv/A1022091.CSV","sougaku:data\raw\loto6\extracted\loto6.csv"
"loto6","2092","2026-04-09","2026-04-09","different","salesAmount","official-mizuho:https://www.mizuhobank.co.jp/retail/takarakuji/loto/loto6/csv/A1022092.CSV","sougaku:data\raw\loto6\extracted\loto6.csv"
"loto6","2093","2026-04-13","2026-04-13","different","salesAmount","official-mizuho:https://www.mizuhobank.co.jp/retail/takarakuji/loto/loto6/csv/A1022093.CSV","sougaku:data\raw\loto6\extracted\loto6.csv"
"loto6","2094","2026-04-16","2026-04-16","different","salesAmount","official-mizuho:https://www.mizuhobank.co.jp/retail/takarakuji/loto/loto6/csv/A1022094.CSV","sougaku:data\raw\loto6\extracted\loto6.csv"
"loto6","2095","2026-04-20","2026-04-20","different","salesAmount","official-mizuho:https://www.mizuhobank.co.jp/retail/takarakuji/loto/loto6/csv/A1022095.CSV","sougaku:data\raw\loto6\extracted\loto6.csv"
"loto6","2096","2026-04-23","2026-04-23","different","salesAmount","official-mizuho:https://www.mizuhobank.co.jp/retail/takarakuji/loto/loto6/csv/A1022096.CSV","sougaku:data\raw\loto6\extracted\loto6.csv"
"loto6","2097","2026-04-27","2026-04-27","different","salesAmount","official-mizuho:https://www.mizuhobank.co.jp/retail/takarakuji/loto/loto6/csv/A1022097.CSV","sougaku:data\raw\loto6\extracted\loto6.csv"
"loto6","2098","2026-04-30","2026-04-30","different","salesAmount","official-mizuho:https://www.mizuhobank.co.jp/retail/takarakuji/loto/loto6/csv/A1022098.CSV","sougaku:data\raw\loto6\extracted\loto6.csv"
"loto6","2099","2026-05-04","2026-05-04","different","salesAmount","official-mizuho:https://www.mizuhobank.co.jp/retail/takarakuji/loto/loto6/csv/A1022099.CSV","sougaku:data\raw\loto6\extracted\loto6.csv"
"loto6","2100","2026-05-07","2026-05-07","different","salesAmount","official-mizuho:https://www.mizuhobank.co.jp/retail/takarakuji/loto/loto6/csv/A1022100.CSV","sougaku:data\raw\loto6\extracted\loto6.csv"
"loto6","2101","2026-05-11","2026-05-11","different","salesAmount","official-mizuho:https://www.mizuhobank.co.jp/retail/takarakuji/loto/loto6/csv/A1022101.CSV","sougaku:data\raw\loto6\extracted\loto6.csv"
"loto6","2102","2026-05-14","2026-05-14","different","salesAmount","official-mizuho:https://www.mizuhobank.co.jp/retail/takarakuji/loto/loto6/csv/A1022102.CSV","sougaku:data\raw\loto6\extracted\loto6.csv"
"loto6","2103","2026-05-18","2026-05-18","different","salesAmount","official-mizuho:https://www.mizuhobank.co.jp/retail/takarakuji/loto/loto6/csv/A1022103.CSV","sougaku:data\raw\loto6\extracted\loto6.csv"
"loto6","2104","2026-05-21","2026-05-21","different","salesAmount","official-mizuho:https://www.mizuhobank.co.jp/retail/takarakuji/loto/loto6/csv/A1022104.CSV","sougaku:data\raw\loto6\extracted\loto6.csv"
"loto6","2105","2026-05-25","2026-05-25","different","salesAmount","official-mizuho:https://www.mizuhobank.co.jp/retail/takarakuji/loto/loto6/csv/A1022105.CSV","sougaku:data\raw\loto6\extracted\loto6.csv"
"loto6","2106","2026-05-28","2026-05-28","different","salesAmount","official-mizuho:https://www.mizuhobank.co.jp/retail/takarakuji/loto/loto6/csv/A1022106.CSV","sougaku:data\raw\loto6\extracted\loto6.csv"
"loto6","2107","2026-06-01","2026-06-01","different","salesAmount","official-mizuho:https://www.mizuhobank.co.jp/retail/takarakuji/loto/loto6/csv/A1022107.CSV","sougaku:data\raw\loto6\extracted\loto6.csv"
"loto6","2108","2026-06-04","2026-06-04","different","salesAmount","official-mizuho:https://www.mizuhobank.co.jp/retail/takarakuji/loto/loto6/csv/A1022108.CSV","sougaku:data\raw\loto6\extracted\loto6.csv"
"loto6","2109","2026-06-08","2026-06-08","different","salesAmount","official-mizuho:https://www.mizuhobank.co.jp/retail/takarakuji/loto/loto6/csv/A1022109.CSV","sougaku:data\raw\loto6\extracted\loto6.csv"
"loto6","2110","2026-06-11","2026-06-11","different","salesAmount","official-mizuho:https://www.mizuhobank.co.jp/retail/takarakuji/loto/loto6/csv/A1022110.CSV","sougaku:data\raw\loto6\extracted\loto6.csv"
"loto6","2111","2026-06-15","2026-06-15","different","salesAmount","official-mizuho:https://www.mizuhobank.co.jp/retail/takarakuji/loto/loto6/csv/A1022111.CSV","sougaku:data\raw\loto6\extracted\loto6.csv"
"loto6","2112","2026-06-18","2026-06-18","different","salesAmount","official-mizuho:https://www.mizuhobank.co.jp/retail/takarakuji/loto/loto6/csv/A1022112.CSV","sougaku:data\raw\loto6\extracted\loto6.csv"
"loto6","2113","2026-06-22","2026-06-22","different","salesAmount","official-mizuho:https://www.mizuhobank.co.jp/retail/takarakuji/loto/loto6/csv/A1022113.CSV","sougaku:data\raw\loto6\extracted\loto6.csv"
"loto6","2114","2026-06-25","2026-06-25","different","salesAmount","official-mizuho:https://www.mizuhobank.co.jp/retail/takarakuji/loto/loto6/csv/A1022114.CSV","sougaku:data\raw\loto6\extracted\loto6.csv"
"loto6","2115","2026-06-29","2026-06-29","different","salesAmount","official-mizuho:https://www.mizuhobank.co.jp/retail/takarakuji/loto/loto6/csv/A1022115.CSV","sougaku:data\raw\loto6\extracted\loto6.csv"
"loto6","2116","2026-07-02","2026-07-02","different","salesAmount","official-mizuho:https://www.mizuhobank.co.jp/retail/takarakuji/loto/loto6/csv/A1022116.CSV","sougaku:data\raw\loto6\extracted\loto6.csv"
"loto6","2117","2026-07-06","2026-07-06","different","salesAmount","official-mizuho:https://www.mizuhobank.co.jp/retail/takarakuji/loto/loto6/csv/A1022117.CSV","sougaku:data\raw\loto6\extracted\loto6.csv"
"loto6","2118","2026-07-09","2026-07-09","different","salesAmount","official-mizuho:https://www.mizuhobank.co.jp/retail/takarakuji/loto/loto6/csv/A1022118.CSV","sougaku:data\raw\loto6\extracted\loto6.csv"
"loto6","2119","2026-07-13","2026-07-13","different","salesAmount","official-mizuho:https://www.mizuhobank.co.jp/retail/takarakuji/loto/loto6/csv/A1022119.CSV","sougaku:data\raw\loto6\extracted\loto6.csv"
"loto6","2120","2026-07-16","2026-07-16","different","salesAmount","official-mizuho:https://www.mizuhobank.co.jp/retail/takarakuji/loto/loto6/csv/A1022120.CSV","sougaku:data\raw\loto6\extracted\loto6.csv"
"loto6","2121","2026-07-20","2026-07-20","different","salesAmount","official-mizuho:https://www.mizuhobank.co.jp/retail/takarakuji/loto/loto6/csv/A1022121.CSV","sougaku:data\raw\loto6\extracted\loto6.csv"
"loto6","2122","2026-07-23","2026-07-23","different","salesAmount","official-mizuho:https://www.mizuhobank.co.jp/retail/takarakuji/loto/loto6/csv/A1022122.CSV","sougaku:data\raw\loto6\extracted\loto6.csv"
"loto6","2123","2026-07-27","2026-07-27","different","salesAmount","official-mizuho:https://www.mizuhobank.co.jp/retail/takarakuji/loto/loto6/csv/A1022123.CSV","sougaku:data\raw\loto6\extracted\loto6.csv"
"loto6","2124","2026-07-30","2026-07-30","different","salesAmount","official-mizuho:https://www.mizuhobank.co.jp/retail/takarakuji/loto/loto6/csv/A1022124.CSV","sougaku:data\raw\loto6\extracted\loto6.csv"
"loto6","2125","2026-08-03","2026-08-03","different","salesAmount|tier5Winners","official-mizuho:https://www.mizuhobank.co.jp/retail/takarakuji/loto/loto6/csv/A1022125.CSV","sougaku:data\raw\loto6\extracted\loto6.csv"
"loto6","2126","2026-08-06","2026-08-06","different","salesAmount","official-mizuho:https://www.mizuhobank.co.jp/retail/takarakuji/loto/loto6/csv/A1022126.CSV","sougaku:data\raw\loto6\extracted\loto6.csv"
