"回号","抽せん日","等級","当せん口数","当せん金額"
"1","2000-10-05","1等","2","45513600"
"1","2000-10-05","2等","2","40961900"
"1","2000-10-05","3等","262","375200"
"1","2000-10-05","4等","12413","6900"
"1","2000-10-05","5等","174452","1000"
"2","2000-10-12","1等","0","0"
"2","2000-10-12","2等","7","13188800"
"2","2000-10-12","3等","195","568100"
"2","2000-10-12","4等","8426","11500"
"2","2000-10-12","5等","144860","1000"
"3","2000-10-19","1等","2","121348100"
"3","2000-10-19","2等","8","15762800"
"3","2000-10-19","3等","164","922700"
"3","2000-10-19","4等","9450","14100"
"3","2000-10-19","5等","181437","1000"
"4","2000-10-26","1等","0","0"
"4","2000-10-26","2等","3","38645500"
"4","2000-10-26","3等","134","1038200"
"4","2000-10-26","4等","8675","14100"
"4","2000-10-26","5等","160892","1000"
"5","2000-11-02","1等","0","0"
"5","2000-11-02","2等","9","13516100"
"5","2000-11-02","3等","258","565700"
"5","2000-11-02","4等","16473","7800"
"5","2000-11-02","5等","239987","1000"
"6","2000-11-09","1等","1","400000000"
"6","2000-11-09","2等","5","46923800"
"6","2000-11-09","3等","787","357700"
"6","2000-11-09","4等","36421","6800"
"6","2000-11-09","5等","512712","1000"
"7","2000-11-16","1等","1","348644800"
"7","2000-11-16","2等","12","16797700"
"7","2000-11-16","3等","486","497700"
"7","2000-11-16","4等","23473","9000"
"7","2000-11-16","5等","354810","1000"
"8","2000-11-23","1等","0","0"
"8","2000-11-23","2等","2","93073600"
"8","2000-11-23","3等","183","1220600"
"8","2000-11-23","4等","10337","19000"
"8","2000-11-23","5等","216684","1000"
"9","2000-11-30","1等","1","400000000"
"9","2000-11-30","2等","14","16051500"
"9","2000-11-30","3等","548","492000"
"9","2000-11-30","4等","25632","9200"
"9","2000-11-30","5等","388610","1000"
"10","2000-12-07","1等","0","0"
"10","2000-12-07","2等","11","19637700"
"10","2000-12-07","3等","341","760100"
"10","2000-12-07","4等","17984","12700"
"10","2000-12-07","5等","311772","1000"
"11","2000-12-14","1等","1","400000000"
"11","2000-12-14","2等","9","28834200"
"11","2000-12-14","3等","330","943600"
"11","2000-12-14","4等","21430","12800"
"11","2000-12-14","5等","363490","1000"
"12","2000-12-21","1等","1","400000000"
"12","2000-12-21","2等","30","7258100"
"12","2000-12-21","3等","561","465700"
"12","2000-12-21","4等","27984","8200"
"12","2000-12-21","5等","432419","1000"
"13","2000-12-28","1等","3","90075800"
"13","2000-12-28","2等","30","7301800"
"13","2000-12-28","3等","474","554500"
"13","2000-12-28","4等","25522","9000"
"13","2000-12-28","5等","382472","1000"
"14","2001-01-04","1等","1","141844600"
"14","2001-01-04","2等","2","63829500"
"14","2001-01-04","3等","217","705900"
"14","2001-01-04","4等","10272","13100"
"14","2001-01-04","5等","201531","1000"
"15","2001-01-11","1等","0","0"
"15","2001-01-11","2等","11","16570000"
"15","2001-01-11","3等","425","514600"
"15","2001-01-11","4等","19510","9800"
"15","2001-01-11","5等","306777","1000"
"16","2001-01-18","1等","4","114690000"
"16","2001-01-18","2等","7","32944200"
"16","2001-01-18","3等","466","593800"
"16","2001-01-18","4等","24815","9800"
"16","2001-01-18","5等","403581","1000"
"17","2001-01-25","1等","0","0"
"17","2001-01-25","2等","7","32040800"
"17","2001-01-25","3等","209","1287700"
"17","2001-01-25","4等","14265","16600"
"17","2001-01-25","5等","264631","1000"
"18","2001-02-01","1等","4","130218200"
"18","2001-02-01","2等","17","14382000"
"18","2001-02-01","3等","674","435300"
"18","2001-02-01","4等","31912","8100"
"18","2001-02-01","5等","458603","1000"
"19","2001-02-08","1等","2","125271100"
"19","2001-02-08","2等","10","22548600"
"19","2001-02-08","3等","456","593300"
"19","2001-02-08","4等","20349","11700"
"19","2001-02-08","5等","335124","1000"
"20","2001-02-15","1等","2","123069600"
"20","2001-02-15","2等","7","31646200"
"20","2001-02-15","3等","257","1034300"
"20","2001-02-15","4等","17282","13500"
"20","2001-02-15","5等","320362","1000"
"21","2001-02-22","1等","0","0"
"21","2001-02-22","2等","8","25306400"
"21","2001-02-22","3等","665","365300"
"21","2001-02-22","4等","27090","7900"
"21","2001-02-22","5等","387888","1000"
"22","2001-03-01","1等","2","246918300"
"22","2001-03-01","2等","21","11523600"
"22","2001-03-01","3等","733","396100"
"22","2001-03-01","4等","36405","7000"
"22","2001-03-01","5等","491095","1000"
"23","2001-03-08","1等","2","123831800"
"23","2001-03-08","2等","15","14859600"
"23","2001-03-08","3等","297","900500"
"23","2001-03-08","4等","17351","13500"
"23","2001-03-08","5等","303659","1000"
"24","2001-03-15","1等","1","200000000"
"24","2001-03-15","2等","7","30223900"
"24","2001-03-15","3等","244","1040400"
"24","2001-03-15","4等","15939","14000"
"24","2001-03-15","5等","310560","1000"
"25","2001-03-22","1等","2","147444200"
"25","2001-03-22","2等","3","77942500"
"25","2001-03-22","3等","256","1096000"
"25","2001-03-22","4等","14805","16700"
"25","2001-03-22","5等","280461","1000"
"26","2001-03-29","1等","1","200000000"
"26","2001-03-29","2等","4","51994900"
"26","2001-03-29","3等","360","693200"
"26","2001-03-29","4等","17821","12300"
"26","2001-03-29","5等","331077","1000"
"27","2001-04-05","1等","1","282187900"
"27","2001-04-05","2等","9","25109400"
"27","2001-04-05","3等","446","608000"
"27","2001-04-05","4等","24088","9900"
"27","2001-04-05","5等","353601","1000"
"28","2001-04-12","1等","0","0"
"28","2001-04-12","2等","3","71412900"
"28","2001-04-12","3等","350","734500"
"28","2001-04-12","4等","19547","11600"
"28","2001-04-12","5等","350598","1000"
"29","2001-04-19","1等","9","57338900"
"29","2001-04-19","2等","96","2606200"
"29","2001-04-19","3等","1729","173600"
"29","2001-04-19","4等","54200","4800"
"29","2001-04-19","5等","607285","1000"
"30","2001-04-26","1等","0","0"
"30","2001-04-26","2等","7","33179400"
"30","2001-04-26","3等","370","753200"
"30","2001-04-26","4等","23254","10500"
"30","2001-04-26","5等","384916","1000"
"31","2001-05-03","1等","3","176674900"
"31","2001-05-03","2等","18","13597800"
"31","2001-05-03","3等","494","594500"
"31","2001-05-03","4等","26667","9700"
"31","2001-05-03","5等","417742","1000"
"32","2001-05-10","1等","2","122160100"
"32","2001-05-10","2等","15","14659000"
"32","2001-05-10","3等","409","645100"
"32","2001-05-10","4等","23377","9900"
"32","2001-05-10","5等","380930","1000"
"33","2001-05-17","1等","2","117951800"
"33","2001-05-17","2等","38","5587100"
"33","2001-05-17","3等","670","380200"
"33","2001-05-17","4等","26279","8500"
"33","2001-05-17","5等","362887","1000"
"34","2001-05-24","1等","1","200000000"
"34","2001-05-24","2等","23","9437200"
"34","2001-05-24","3等","254","1025400"
"34","2001-05-24","4等","17218","13300"
"34","2001-05-24","5等","298725","1000"
"35","2001-05-31","1等","1","282373700"
"35","2001-05-31","2等","10","21707500"
"35","2001-05-31","3等","408","638400"
"35","2001-05-31","4等","20721","11000"
"35","2001-05-31","5等","355420","1000"
"36","2001-06-07","1等","1","200000000"
"36","2001-06-07","2等","7","30443900"
"36","2001-06-07","3等","331","772500"
"36","2001-06-07","4等","18447","12200"
"36","2001-06-07","5等","296613","1000"
"37","2001-06-14","1等","3","88178700"
"37","2001-06-14","2等","13","15767000"
"37","2001-06-14","3等","656","374900"
"37","2001-06-14","4等","28424","7600"
"37","2001-06-14","5等","416971","1000"
"38","2001-06-21","1等","0","0"
"38","2001-06-21","2等","2","110713600"
"38","2001-06-21","3等","400","664200"
"38","2001-06-21","4等","20089","11600"
"38","2001-06-21","5等","317045","1000"
"39","2001-06-28","1等","8","67318200"
"39","2001-06-28","2等","21","12536100"
"39","2001-06-28","3等","980","322300"
"39","2001-06-28","4等","40602","6800"
"39","2001-06-28","5等","495866","1000"
"40","2001-07-05","1等","2","118547100"
"40","2001-07-05","2等","18","11854600"
"40","2001-07-05","3等","595","430300"
"40","2001-07-05","4等","28282","7900"
"40","2001-07-05","5等","400926","1000"
"41","2001-07-12","1等","1","200000000"
"41","2001-07-12","2等","3","70858500"
"41","2001-07-12","3等","442","577100"
"41","2001-07-12","4等","24295","9200"
"41","2001-07-12","5等","379418","1000"
"42","2001-07-19","1等","2","134394100"
"42","2001-07-19","2等","26","8051100"
"42","2001-07-19","3等","622","403800"
"42","2001-07-19","4等","27142","8100"
"42","2001-07-19","5等","378546","1000"
"43","2001-07-26","1等","3","75848800"
"43","2001-07-26","2等","9","22754400"
"43","2001-07-26","3等","397","619000"
"43","2001-07-26","4等","17837","12100"
"43","2001-07-26","5等","322186","1000"
"44","2001-08-02","1等","3","74421300"
"44","2001-08-02","2等","6","33489200"
"44","2001-08-02","3等","448","538200"
"44","2001-08-02","4等","19627","10800"
"44","2001-08-02","5等","309756","1000"
"45","2001-08-09","1等","1","200000000"
"45","2001-08-09","2等","11","17548900"
"45","2001-08-09","3等","330","701900"
"45","2001-08-09","4等","16179","12600"
"45","2001-08-09","5等","293971","1000"
"46","2001-08-16","1等","2","111752700"
"46","2001-08-16","2等","7","26873200"
"46","2001-08-16","3等","234","964600"
"46","2001-08-16","4等","13933","14200"
"46","2001-08-16","5等","276444","1000"
"47","2001-08-23","1等","5","40002200"
"47","2001-08-23","2等","15","12000500"
"47","2001-08-23","3等","557","387800"
"47","2001-08-23","4等","27414","6900"
"47","2001-08-23","5等","370999","1000"
"48","2001-08-30","1等","3","76260300"
"48","2001-08-30","2等","7","29414400"
"48","2001-08-30","3等","370","667700"
"48","2001-08-30","4等","19683","11000"
"48","2001-08-30","5等","332934","1000"
"49","2001-09-06","1等","2","118591400"
"49","2001-09-06","2等","4","53365600"
"49","2001-09-06","3等","390","656800"
"49","2001-09-06","4等","18375","12200"
"49","2001-09-06","5等","301244","1000"
"50","2001-09-13","1等","4","48427800"
"50","2001-09-13","2等","19","9175700"
"50","2001-09-13","3等","823","254200"
"50","2001-09-13","4等","33048","5500"
"50","2001-09-13","5等","426120","1000"
"51","2001-09-20","1等","7","29184600"
"51","2001-09-20","2等","11","16714600"
"51","2001-09-20","3等","821","268700"
"51","2001-09-20","4等","30192","6400"
"51","2001-09-20","5等","410150","1000"
"52","2001-09-27","1等","3","72304100"
"52","2001-09-27","2等","19","10274700"
"52","2001-09-27","3等","579","404500"
"52","2001-09-27","4等","25193","8200"
"52","2001-09-27","5等","366123","1000"
"53","2001-10-04","1等","6","36518100"
"53","2001-10-04","2等","41","4809600"
"53","2001-10-04","3等","900","262900"
"53","2001-10-04","4等","26945","7700"
"53","2001-10-04","5等","372118","1000"
"54","2001-10-11","1等","1","200000000"
"54","2001-10-11","2等","35","5588500"
"54","2001-10-11","3等","481","487900"
"54","2001-10-11","4等","24408","8400"
"54","2001-10-11","5等","351230","1000"
"55","2001-10-18","1等","0","0"
"55","2001-10-18","2等","8","26893000"
"55","2001-10-18","3等","316","817000"
"55","2001-10-18","4等","18166","12500"
"55","2001-10-18","5等","336327","1000"
"56","2001-10-25","1等","2","293594800"
"56","2001-10-25","2等","22","13532800"
"56","2001-10-25","3等","718","497500"
"56","2001-10-25","4等","36905","8500"
"56","2001-10-25","5等","567326","1000"
"57","2001-11-01","1等","14","17755700"
"57","2001-11-01","2等","38","5887300"
"57","2001-11-01","3等","1082","248100"
"57","2001-11-01","4等","32221","7300"
"57","2001-11-01","5等","418191","1000"
"58","2001-11-08","1等","2","116836200"
"58","2001-11-08","2等","18","11683500"
"58","2001-11-08","3等","552","457100"
"58","2001-11-08","4等","28859","7700"
"58","2001-11-08","5等","465006","1000"
"59","2001-11-15","1等","3","87561500"
"59","2001-11-15","2等","9","26268200"
"59","2001-11-15","3等","462","614000"
"59","2001-11-15","4等","21725","11500"
"59","2001-11-15","5等","357653","1000"
"60","2001-11-22","1等","1","200000000"
"60","2001-11-22","2等","5","49733200"
"60","2001-11-22","3等","259","1152100"
"60","2001-11-22","4等","15326","17100"
"60","2001-11-22","5等","312457","1000"
"61","2001-11-29","1等","1","338406300"
"61","2001-11-29","2等","22","10722500"
"61","2001-11-29","3等","576","491400"
"61","2001-11-29","4等","27302","9100"
"61","2001-11-29","5等","433854","1000"
"62","2001-12-06","1等","5","47591800"
"62","2001-12-06","2等","11","19469200"
"62","2001-12-06","3等","700","367100"
"62","2001-12-06","4等","31169","7200"
"62","2001-12-06","5等","462949","1000"
"63","2001-12-13","1等","3","86096500"
"63","2001-12-13","2等","30","7748600"
"63","2001-12-13","3等","555","502600"
"63","2001-12-13","4等","24051","10200"
"63","2001-12-13","5等","363569","1000"
"64","2001-12-20","1等","4","63574100"
"64","2001-12-20","2等","15","15257600"
"64","2001-12-20","3等","495","554800"
"64","2001-12-20","4等","24469","9900"
"64","2001-12-20","5等","394115","1000"
"65","2001-12-27","1等","2","138826100"
"65","2001-12-27","2等","11","22716800"
"65","2001-12-27","3等","438","684600"
"65","2001-12-27","4等","21072","12500"
"65","2001-12-27","5等","363414","1000"
"66","2002-01-10","1等","6","45895000"
"66","2002-01-10","2等","11","22530100"
"66","2002-01-10","3等","517","575200"
"66","2002-01-10","4等","25519","10200"
"66","2002-01-10","5等","418226","1000"
"67","2002-01-17","1等","5","47129400"
"67","2002-01-17","2等","16","13255000"
"67","2002-01-17","3等","901","282400"
"67","2002-01-17","4等","33214","6700"
"67","2002-01-17","5等","453927","1000"
"68","2002-01-24","1等","4","65075000"
"68","2002-01-24","2等","6","39044600"
"68","2002-01-24","3等","625","449700"
"68","2002-01-24","4等","24938","9900"
"68","2002-01-24","5等","359955","1000"
"69","2002-01-31","1等","1","200000000"
"69","2002-01-31","2等","9","27814200"
"69","2002-01-31","3等","261","1150900"
"69","2002-01-31","4等","16382","16100"
"69","2002-01-31","5等","310812","1000"
"70","2002-02-07","1等","1","381471200"
"70","2002-02-07","2等","22","12408600"
"70","2002-02-07","3等","523","626300"
"70","2002-02-07","4等","33262","8600"
"70","2002-02-07","5等","454256","1000"
"71","2002-02-14","1等","3","93395200"
"71","2002-02-14","2等","27","9339400"
"71","2002-02-14","3等","548","552100"
"71","2002-02-14","4等","23930","11100"
"71","2002-02-14","5等","374719","1000"
"72","2002-02-21","1等","3","89058400"
"72","2002-02-21","2等","7","34350800"
"72","2002-02-21","3等","651","443200"
"72","2002-02-21","4等","25848","9800"
"72","2002-02-21","5等","395378","1000"
"73","2002-02-28","1等","0","0"
"73","2002-02-28","2等","11","21876800"
"73","2002-02-28","3等","568","508400"
"73","2002-02-28","4等","24885","10200"
"73","2002-02-28","5等","390547","1000"
"74","2002-03-07","1等","3","216697800"
"74","2002-03-07","2等","22","15656100"
"74","2002-03-07","3等","906","456200"
"74","2002-03-07","4等","44991","8100"
"74","2002-03-07","5等","617550","1000"
"75","2002-03-14","1等","3","87271200"
"75","2002-03-14","2等","14","16830700"
"75","2002-03-14","3等","606","466500"
"75","2002-03-14","4等","30814","8000"
"75","2002-03-14","5等","469094","1000"
"76","2002-03-21","1等","3","82365800"
"76","2002-03-21","2等","10","22238500"
"76","2002-03-21","3等","461","578800"
"76","2002-03-21","4等","25834","9100"
"76","2002-03-21","5等","393610","1000"
"77","2002-03-28","1等","3","86328300"
"77","2002-03-28","2等","14","16648800"
"77","2002-03-28","3等","465","601500"
"77","2002-03-28","4等","28836","8500"
"77","2002-03-28","5等","416082","1000"
"78","2002-04-04","1等","7","38856500"
"78","2002-04-04","2等","25","9791700"
"78","2002-04-04","3等","970","302800"
"78","2002-04-04","4等","34314","7500"
"78","2002-04-04","5等","356876","1000"
"79","2002-04-11","1等","1","200000000"
"79","2002-04-11","2等","10","25665300"
"79","2002-04-11","3等","230","1339000"
"79","2002-04-11","4等","13883","19500"
"79","2002-04-11","5等","287997","1000"
"80","2002-04-18","1等","1","361173200"
"80","2002-04-18","2等","14","17742700"
"80","2002-04-18","3等","693","430100"
"80","2002-04-18","4等","43581","6000"
"80","2002-04-18","5等","475371","1000"
"81","2002-04-25","1等","3","82115000"
"81","2002-04-25","2等","24","9237800"
"81","2002-04-25","3等","643","413700"
"81","2002-04-25","4等","33795","6900"
"81","2002-04-25","5等","495723","1000"
"82","2002-05-02","1等","1","200000000"
"82","2002-05-02","2等","18","12721500"
"82","2002-05-02","3等","610","450400"
"82","2002-05-02","4等","28322","8500"
"82","2002-05-02","5等","439538","1000"
"83","2002-05-09","1等","1","338040600"
"83","2002-05-09","2等","12","21270400"
"83","2002-05-09","3等","589","520000"
"83","2002-05-09","4等","28110","9600"
"83","2002-05-09","5等","441331","1000"
"84","2002-05-16","1等","17","15692300"
"84","2002-05-16","2等","8","30011300"
"84","2002-05-16","3等","778","370300"
"84","2002-05-16","4等","30147","8400"
"84","2002-05-16","5等","398537","1000"
"85","2002-05-23","1等","0","0"
"85","2002-05-23","2等","22","10056100"
"85","2002-05-23","3等","723","367100"
"85","2002-05-23","4等","37065","6300"
"85","2002-05-23","5等","453131","1000"
"86","2002-05-30","1等","14","42353400"
"86","2002-05-30","2等","27","11570800"
"86","2002-05-30","3等","1793","209000"
"86","2002-05-30","4等","51744","6300"
"86","2002-05-30","5等","651376","1000"
"87","2002-06-06","1等","3","91415900"
"87","2002-06-06","2等","7","35260100"
"87","2002-06-06","3等","470","630100"
"87","2002-06-06","4等","22651","11500"
"87","2002-06-06","5等","372793","1000"
"88","2002-06-13","1等","4","64721700"
"88","2002-06-13","2等","14","16642600"
"88","2002-06-13","3等","411","680200"
"88","2002-06-13","4等","20457","12000"
"88","2002-06-13","5等","362961","1000"
"89","2002-06-20","1等","7","37734400"
"89","2002-06-20","2等","14","16980300"
"89","2002-06-20","3等","1734","164500"
"89","2002-06-20","4等","29559","8500"
"89","2002-06-20","5等","352769","1000"
"90","2002-06-27","1等","2","138036100"
"90","2002-06-27","2等","9","27606900"
"90","2002-06-27","3等","342","871700"
"90","2002-06-27","4等","18739","14000"
"90","2002-06-27","5等","330943","1000"
"91","2002-07-04","1等","0","0"
"91","2002-07-04","2等","6","40897500"
"91","2002-07-04","3等","360","817900"
"91","2002-07-04","4等","18661","13900"
"91","2002-07-04","5等","352120","1000"
"92","2002-07-11","1等","2","327322500"
"92","2002-07-11","2等","13","26445300"
"92","2002-07-11","3等","764","539900"
"92","2002-07-11","4等","34763","10400"
"92","2002-07-11","5等","558790","1000"
"93","2002-07-18","1等","1","200000000"
"93","2002-07-18","2等","4","65434800"
"93","2002-07-18","3等","293","1071900"
"93","2002-07-18","4等","19838","13900"
"93","2002-07-18","5等","383763","1000"
"94","2002-07-25","1等","3","129048500"
"94","2002-07-25","2等","8","33335800"
"94","2002-07-25","3等","430","744200"
"94","2002-07-25","4等","25660","11000"
"94","2002-07-25","5等","400459","1000"
"95","2002-08-01","1等","5","43829200"
"95","2002-08-01","2等","13","15171500"
"95","2002-08-01","3等","841","281400"
"95","2002-08-01","4等","39241","5300"
"95","2002-08-01","5等","558088","1000"
"96","2002-08-08","1等","2","128990100"
"96","2002-08-08","2等","8","29022500"
"96","2002-08-08","3等","418","666500"
"96","2002-08-08","4等","20988","11700"
"96","2002-08-08","5等","372713","1000"
"97","2002-08-15","1等","0","0"
"97","2002-08-15","2等","4","53255200"
"97","2002-08-15","3等","448","570500"
"97","2002-08-15","4等","19939","11300"
"97","2002-08-15","5等","323401","1000"
"98","2002-08-22","1等","1","400000000"
"98","2002-08-22","2等","9","35235100"
"98","2002-08-22","3等","464","820100"
"98","2002-08-22","4等","27308","12200"
"98","2002-08-22","5等","480615","1000"
"99","2002-08-29","1等","1","400000000"
"99","2002-08-29","2等","23","12326200"
"99","2002-08-29","3等","720","472500"
"99","2002-08-29","4等","36592","8200"
"99","2002-08-29","5等","554349","1000"
"100","2002-09-05","1等","11","38560400"
"100","2002-09-05","2等","35","8231300"
"100","2002-09-05","3等","1054","328000"
"100","2002-09-05","4等","42163","7200"
"100","2002-09-05","5等","591591","1000"
"101","2002-09-12","1等","1","200000000"
"101","2002-09-12","2等","14","20195400"
"101","2002-09-12","3等","246","1379200"
"101","2002-09-12","4等","15862","18800"
"101","2002-09-12","5等","320922","1000"
"102","2002-09-19","1等","4","103928500"
"102","2002-09-19","2等","36","7538900"
"102","2002-09-19","3等","916","355500"
"102","2002-09-19","4等","32275","8900"
"102","2002-09-19","5等","482669","1000"
"103","2002-09-26","1等","3","89200800"
"103","2002-09-26","2等","15","16056000"
"103","2002-09-26","3等","581","497400"
"103","2002-09-26","4等","27080","9400"
"103","2002-09-26","5等","459807","1000"
"104","2002-10-03","1等","6","42082300"
"104","2002-10-03","2等","18","12624500"
"104","2002-10-03","3等","818","333300"
"104","2002-10-03","4等","35780","6700"
"104","2002-10-03","5等","484032","1000"
"105","2002-10-10","1等","2","137026100"
"105","2002-10-10","2等","16","15415300"
"105","2002-10-10","3等","455","650400"
"105","2002-10-10","4等","22948","11300"
"105","2002-10-10","5等","398222","1000"
"106","2002-10-17","1等","2","128251100"
"106","2002-10-17","2等","12","19237500"
"106","2002-10-17","3等","539","513900"
"106","2002-10-17","4等","28706","8500"
"106","2002-10-17","5等","458153","1000"
"107","2002-10-24","1等","1","200000000"
"107","2002-10-24","2等","15","14891300"
"107","2002-10-24","3等","681","393600"
"107","2002-10-24","4等","33377","7000"
"107","2002-10-24","5等","489113","1000"
"108","2002-10-31","1等","4","84243100"
"108","2002-10-31","2等","8","32487600"
"108","2002-10-31","3等","502","621200"
"108","2002-10-31","4等","29437","9300"
"108","2002-10-31","5等","464491","1000"
"109","2002-11-07","1等","1","200000000"
"109","2002-11-07","2等","23","10640200"
"109","2002-11-07","3等","517","568000"
"109","2002-11-07","4等","25729","10000"
"109","2002-11-07","5等","414197","1000"
"110","2002-11-14","1等","0","0"
"110","2002-11-14","2等","8","34806800"
"110","2002-11-14","3等","487","686100"
"110","2002-11-14","4等","25102","11700"
"110","2002-11-14","5等","423201","1000"
"111","2002-11-21","1等","6","135843900"
"111","2002-11-21","2等","20","19518400"
"111","2002-11-21","3等","708","661600"
"111","2002-11-21","4等","35077","11700"
"111","2002-11-21","5等","566719","1000"
"112","2002-11-28","1等","1","200000000"
"112","2002-11-28","2等","14","18672700"
"112","2002-11-28","3等","565","555200"
"112","2002-11-28","4等","27463","10000"
"112","2002-11-28","5等","436302","1000"
"113","2002-12-05","1等","1","400000000"
"113","2002-12-05","2等","8","35037200"
"113","2002-12-05","3等","451","745800"
"113","2002-12-05","4等","26272","11200"
"113","2002-12-05","5等","455528","1000"
"114","2002-12-12","1等","3","96073000"
"114","2002-12-12","2等","16","16104500"
"114","2002-12-12","3等","832","371600"
"114","2002-12-12","4等","33620","8100"
"114","2002-12-12","5等","467545","1000"
"115","2002-12-19","1等","3","87704500"
"115","2002-12-19","2等","22","10763600"
"115","2002-12-19","3等","752","377800"
"115","2002-12-19","4等","36388","6800"
"115","2002-12-19","5等","552962","1000"
"116","2002-12-26","1等","1","200000000"
"116","2002-12-26","2等","14","19140100"
"116","2002-12-26","3等","552","582500"
"116","2002-12-26","4等","27613","10200"
"116","2002-12-26","5等","447169","1000"
"117","2003-01-09","1等","2","228456200"
"117","2003-01-09","2等","13","24865600"
"117","2003-01-09","3等","639","607000"
"117","2003-01-09","4等","30088","11300"
"117","2003-01-09","5等","466250","1000"
"118","2003-01-16","1等","7","43286000"
"118","2003-01-16","2等","15","18179900"
"118","2003-01-16","3等","614","532900"
"118","2003-01-16","4等","26631","10800"
"118","2003-01-16","5等","417829","1000"
"119","2003-01-23","1等","5","52449800"
"119","2003-01-23","2等","17","13883600"
"119","2003-01-23","3等","832","340400"
"119","2003-01-23","4等","36069","6900"
"119","2003-01-23","5等","529753","1000"
"120","2003-01-30","1等","2","143793600"
"120","2003-01-30","2等","16","16176600"
"120","2003-01-30","3等","574","541100"
"120","2003-01-30","4等","28042","9700"
"120","2003-01-30","5等","442494","1000"
"121","2003-02-06","1等","0","0"
"121","2003-02-06","2等","19","13520300"
"121","2003-02-06","3等","583","528700"
"121","2003-02-06","4等","28864","9400"
"121","2003-02-06","5等","460271","1000"
"122","2003-02-13","1等","1","400000000"
"122","2003-02-13","2等","18","20786700"
"122","2003-02-13","3等","705","636800"
"122","2003-02-13","4等","35385","11100"
"122","2003-02-13","5等","577268","1000"
"123","2003-02-20","1等","3","244266200"
"123","2003-02-20","2等","16","24278800"
"123","2003-02-20","3等","466","1000300"
"123","2003-02-20","4等","29374","13900"
"123","2003-02-20","5等","529941","1000"
"124","2003-02-27","1等","0","0"
"124","2003-02-27","2等","17","17045200"
"124","2003-02-27","3等","619","561700"
"124","2003-02-27","4等","28010","10900"
"124","2003-02-27","5等","442250","1000"
"125","2003-03-06","1等","6","121122400"
"125","2003-03-06","2等","14","26020400"
"125","2003-03-06","3等","777","562600"
"125","2003-03-06","4等","41364","9300"
"125","2003-03-06","5等","653963","1000"
"126","2003-03-13","1等","1","200000000"
"126","2003-03-13","2等","9","31517000"
"126","2003-03-13","3等","447","761400"
"126","2003-03-13","4等","28682","10400"
"126","2003-03-13","5等","474575","1000"
"127","2003-03-20","1等","1","400000000"
"127","2003-03-20","2等","21","15192300"
"127","2003-03-20","3等","441","868100"
"127","2003-03-20","4等","29025","11600"
"127","2003-03-20","5等","494314","1000"
"128","2003-03-27","1等","3","140907200"
"128","2003-03-27","2等","9","35305400"
"128","2003-03-27","3等","537","710000"
"128","2003-03-27","4等","26124","12800"
"128","2003-03-27","5等","434474","1000"
"129","2003-04-03","1等","1","200000000"
"129","2003-04-03","2等","11","25149000"
"129","2003-04-03","3等","557","595900"
"129","2003-04-03","4等","28421","10300"
"129","2003-04-03","5等","444317","1000"
"130","2003-04-10","1等","1","400000000"
"130","2003-04-10","2等","9","38884300"
"130","2003-04-10","3等","298","1409200"
"130","2003-04-10","4等","18691","19800"
"130","2003-04-10","5等","378820","1000"
"131","2003-04-17","1等","0","0"
"131","2003-04-17","2等","6","57762100"
"131","2003-04-17","3等","350","1188200"
"131","2003-04-17","4等","18375","19900"
"131","2003-04-17","5等","357941","1000"
"132","2003-04-24","1等","4","236257900"
"132","2003-04-24","2等","15","27823000"
"132","2003-04-24","3等","944","530500"
"132","2003-04-24","4等","44871","9800"
"132","2003-04-24","5等","704596","1000"
"133","2003-05-01","1等","1","200000000"
"133","2003-05-01","2等","7","42207500"
"133","2003-05-01","3等","549","645700"
"133","2003-05-01","4等","34945","8900"
"133","2003-05-01","5等","476667","1000"
"134","2003-05-08","1等","5","93700700"
"134","2003-05-08","2等","29","10558400"
"134","2003-05-08","3等","1147","320300"
"134","2003-05-08","4等","37674","8600"
"134","2003-05-08","5等","565949","1000"
"135","2003-05-15","1等","2","161139000"
"135","2003-05-15","2等","20","14502300"
"135","2003-05-15","3等","540","644500"
"135","2003-05-15","4等","27509","11100"
"135","2003-05-15","5等","461066","1000"
"136","2003-05-22","1等","2","155571800"
"136","2003-05-22","2等","17","16472100"
"136","2003-05-22","3等","631","532500"
"136","2003-05-22","4等","31605","9300"
"136","2003-05-22","5等","474385","1000"
"137","2003-05-29","1等","3","103964400"
"137","2003-05-29","2等","8","35087700"
"137","2003-05-29","3等","483","697300"
"137","2003-05-29","4等","27067","10900"
"137","2003-05-29","5等","459652","1000"
"138","2003-06-05","1等","2","146219800"
"138","2003-06-05","2等","21","12533000"
"138","2003-06-05","3等","661","477800"
"138","2003-06-05","4等","32035","8600"
"138","2003-06-05","5等","489733","1000"
"139","2003-06-12","1等","3","95226100"
"139","2003-06-12","2等","15","17140500"
"139","2003-06-12","3等","633","487400"
"139","2003-06-12","4等","29914","9000"
"139","2003-06-12","5等","456271","1000"
"140","2003-06-19","1等","2","146136000"
"140","2003-06-19","2等","18","14613400"
"140","2003-06-19","3等","452","698300"
"140","2003-06-19","4等","23557","11800"
"140","2003-06-19","5等","397975","1000"
"141","2003-06-26","1等","5","60720900"
"141","2003-06-26","2等","6","45540300"
"141","2003-06-26","3等","588","557600"
"141","2003-06-26","4等","26131","11000"
"141","2003-06-26","5等","417100","1000"
"142","2003-07-03","1等","4","76211200"
"142","2003-07-03","2等","17","16138700"
"142","2003-07-03","3等","500","658400"
"142","2003-07-03","4等","27188","10600"
"142","2003-07-03","5等","451878","1000"
"143","2003-07-10","1等","2","149820700"
"143","2003-07-10","2等","6","44945800"
"143","2003-07-10","3等","600","539300"
"143","2003-07-10","4等","29506","9600"
"143","2003-07-10","5等","478252","1000"
"144","2003-07-17","1等","0","0"
"144","2003-07-17","2等","9","31585700"
"144","2003-07-17","3等","447","763100"
"144","2003-07-17","4等","23126","13000"
"144","2003-07-17","5等","391656","1000"
"145","2003-07-24","1等","2","360495400"
"145","2003-07-24","2等","19","19190200"
"145","2003-07-24","3等","633","691200"
"145","2003-07-24","4等","34171","11200"
"145","2003-07-24","5等","581494","1000"
"146","2003-07-31","1等","21","13944100"
"146","2003-07-31","2等","31","8501300"
"146","2003-07-31","3等","2362","133800"
"146","2003-07-31","4等","46090","6000"
"146","2003-07-31","5等","495006","1000"
"147","2003-08-07","1等","1","200000000"
"147","2003-08-07","2等","34","7556300"
"147","2003-08-07","3等","520","592800"
"147","2003-08-07","4等","27180","10000"
"147","2003-08-07","5等","411783","1000"
"148","2003-08-14","1等","3","119125300"
"148","2003-08-14","2等","21","11653300"
"148","2003-08-14","3等","630","466100"
"148","2003-08-14","4等","32245","8000"
"148","2003-08-14","5等","453402","1000"
"149","2003-08-21","1等","3","95559500"
"149","2003-08-21","2等","14","18429100"
"149","2003-08-21","3等","556","556800"
"149","2003-08-21","4等","26944","10100"
"149","2003-08-21","5等","450544","1000"
"150","2003-08-28","1等","2","149826700"
"150","2003-08-28","2等","12","22473800"
"150","2003-08-28","3等","451","717500"
"150","2003-08-28","4等","24350","11700"
"150","2003-08-28","5等","411786","1000"
"151","2003-09-04","1等","7","39224600"
"151","2003-09-04","2等","12","20592700"
"151","2003-09-04","3等","960","308800"
"151","2003-09-04","4等","36809","7100"
"151","2003-09-04","5等","506863","1000"
"152","2003-09-11","1等","5","55085200"
"152","2003-09-11","2等","15","16525400"
"152","2003-09-11","3等","708","420100"
"152","2003-09-11","4等","35019","7400"
"152","2003-09-11","5等","482503","1000"
"153","2003-09-18","1等","6","43090900"
"153","2003-09-18","2等","20","11634400"
"153","2003-09-18","3等","1008","277000"
"153","2003-09-18","4等","39483","6200"
"153","2003-09-18","5等","529379","1000"
"154","2003-09-25","1等","7","35014200"
"154","2003-09-25","2等","26","8484100"
"154","2003-09-25","3等","1216","217600"
"154","2003-09-25","4等","42850","5400"
"154","2003-09-25","5等","558613","1000"
"155","2003-10-02","1等","6","42285800"
"155","2003-10-02","2等","13","17564700"
"155","2003-10-02","3等","635","431500"
"155","2003-10-02","4等","35952","6700"
"155","2003-10-02","5等","551355","1000"
"156","2003-10-09","1等","0","0"
"156","2003-10-09","2等","6","43652500"
"156","2003-10-09","3等","443","709400"
"156","2003-10-09","4等","23213","11900"
"156","2003-10-09","5等","398885","1000"
"157","2003-10-16","1等","1","400000000"
"157","2003-10-16","2等","31","10448400"
"157","2003-10-16","3等","1158","335600"
"157","2003-10-16","4等","51448","6600"
"157","2003-10-16","5等","767062","1000"
"158","2003-10-23","1等","2","328563300"
"158","2003-10-23","2等","5","73117900"
"158","2003-10-23","3等","523","838800"
"158","2003-10-23","4等","30015","12800"
"158","2003-10-23","5等","520668","1000"
"159","2003-10-30","1等","0","0"
"159","2003-10-30","2等","22","13276200"
"159","2003-10-30","3等","496","706600"
"159","2003-10-30","4等","25406","12100"
"159","2003-10-30","5等","424826","1000"
"160","2003-11-06","1等","2","380265800"
"160","2003-11-06","2等","14","28028100"
"160","2003-11-06","3等","714","659400"
"160","2003-11-06","4等","34080","12100"
"160","2003-11-06","5等","566949","1000"
"161","2003-11-13","1等","3","113803800"
"161","2003-11-13","2等","14","21947600"
"161","2003-11-13","3等","415","888400"
"161","2003-11-13","4等","23098","14000"
"161","2003-11-13","5等","432872","1000"
"162","2003-11-20","1等","0","0"
"162","2003-11-20","2等","10","27161400"
"162","2003-11-20","3等","745","437500"
"162","2003-11-20","4等","35741","8000"
"162","2003-11-20","5等","544352","1000"
"163","2003-11-27","1等","5","142049400"
"163","2003-11-27","2等","29","12675900"
"163","2003-11-27","3等","1100","401000"
"163","2003-11-27","4等","52394","7400"
"163","2003-11-27","5等","721197","1000"
"164","2003-12-04","1等","5","66335100"
"164","2003-12-04","2等","15","19900300"
"164","2003-12-04","3等","562","637300"
"164","2003-12-04","4等","27004","11700"
"164","2003-12-04","5等","455390","1000"
"165","2003-12-11","1等","2","146957800"
"165","2003-12-11","2等","17","15560100"
"165","2003-12-11","3等","785","404300"
"165","2003-12-11","4等","36648","7600"
"165","2003-12-11","5等","565557","1000"
"166","2003-12-18","1等","1","200000000"
"166","2003-12-18","2等","6","50043500"
"166","2003-12-18","3等","523","688900"
"166","2003-12-18","4等","26144","12100"
"166","2003-12-18","5等","450922","1000"
"167","2003-12-25","1等","3","174050500"
"167","2003-12-25","2等","4","87417200"
"167","2003-12-25","3等","476","881500"
"167","2003-12-25","4等","29788","12400"
"167","2003-12-25","5等","521789","1000"
"168","2004-01-08","1等","1","200000000"
"168","2004-01-08","2等","5","67742800"
"168","2004-01-08","3等","409","993700"
"168","2004-01-08","4等","20594","17400"
"168","2004-01-08","5等","395284","1000"
"169","2004-01-15","1等","3","176290100"
"169","2004-01-15","2等","46","6897000"
"169","2004-01-15","3等","950","400700"
"169","2004-01-15","4等","41749","8000"
"169","2004-01-15","5等","615261","1000"
"170","2004-01-22","1等","4","75230300"
"170","2004-01-22","2等","21","12896500"
"170","2004-01-22","3等","701","463600"
"170","2004-01-22","4等","34052","8400"
"170","2004-01-22","5等","542175","1000"
"171","2004-01-29","1等","6","51417700"
"171","2004-01-29","2等","26","10678900"
"171","2004-01-29","3等","852","391000"
"171","2004-01-29","4等","36359","8000"
"171","2004-01-29","5等","549298","1000"
"172","2004-02-05","1等","9","33745300"
"172","2004-02-05","2等","40","6833300"
"172","2004-02-05","3等","1539","213100"
"172","2004-02-05","4等","42155","6800"
"172","2004-02-05","5等","544358","1000"
"173","2004-02-12","1等","7","43030700"
"173","2004-02-12","2等","46","5893200"
"173","2004-02-12","3等","871","373400"
"173","2004-02-12","4等","37546","7600"
"173","2004-02-12","5等","509170","1000"
"174","2004-02-19","1等","1","200000000"
"174","2004-02-19","2等","11","26622100"
"174","2004-02-19","3等","534","658000"
"174","2004-02-19","4等","25955","11900"
"174","2004-02-19","5等","429455","1000"
"175","2004-02-26","1等","2","244241500"
"175","2004-02-26","2等","12","27232100"
"175","2004-02-26","3等","679","577500"
"175","2004-02-26","4等","35191","9800"
"175","2004-02-26","5等","553648","1000"
"176","2004-03-04","1等","5","62011300"
"176","2004-03-04","2等","16","17440500"
"176","2004-03-04","3等","642","521500"
"176","2004-03-04","4等","30442","9700"
"176","2004-03-04","5等","472530","1000"
"177","2004-03-11","1等","4","74875100"
"177","2004-03-11","2等","22","12252100"
"177","2004-03-11","3等","695","465400"
"177","2004-03-11","4等","36586","7700"
"177","2004-03-11","5等","481416","1000"
"178","2004-03-18","1等","6","47741800"
"178","2004-03-18","2等","18","14322400"
"178","2004-03-18","3等","898","344500"
"178","2004-03-18","4等","38808","7000"
"178","2004-03-18","5等","535362","1000"
"179","2004-03-25","1等","3","95437500"
"179","2004-03-25","2等","28","9202800"
"179","2004-03-25","3等","719","430000"
"179","2004-03-25","4等","31445","8600"
"179","2004-03-25","5等","511511","1000"
"180","2004-04-01","1等","2","136457500"
"180","2004-04-01","2等","20","12281000"
"180","2004-04-01","3等","640","460500"
"180","2004-04-01","4等","36754","7000"
"180","2004-04-01","5等","565095","1000"
"181","2004-04-08","1等","4","78004400"
"181","2004-04-08","2等","28","10029000"
"181","2004-04-08","3等","617","546100"
"181","2004-04-08","4等","30463","9700"
"181","2004-04-08","5等","463323","1000"
"182","2004-04-15","1等","3","108364000"
"182","2004-04-15","2等","8","36572500"
"182","2004-04-15","3等","507","692400"
"182","2004-04-15","4等","26162","11800"
"182","2004-04-15","5等","414760","1000"
"183","2004-04-22","1等","0","0"
"183","2004-04-22","2等","10","29464400"
"183","2004-04-22","3等","364","971300"
"183","2004-04-22","4等","20314","15300"
"183","2004-04-22","5等","374524","1000"
"184","2004-04-29","1等","3","252447300"
"184","2004-04-29","2等","20","19347800"
"184","2004-04-29","3等","630","737000"
"184","2004-04-29","4等","33862","12000"
"184","2004-04-29","5等","591263","1000"
"185","2004-05-06","1等","2","149621200"
"185","2004-05-06","2等","12","22442900"
"185","2004-05-06","3等","631","512100"
"185","2004-05-06","4等","27670","10300"
"185","2004-05-06","5等","453606","1000"
"186","2004-05-13","1等","1","200000000"
"186","2004-05-13","2等","13","21075000"
"186","2004-05-13","3等","577","569700"
"186","2004-05-13","4等","28758","10000"
"186","2004-05-13","5等","459147","1000"
"187","2004-05-20","1等","4","111906100"
"187","2004-05-20","2等","20","15444000"
"187","2004-05-20","3等","723","512600"
"187","2004-05-20","4等","33610","9700"
"187","2004-05-20","5等","532526","1000"
"188","2004-05-27","1等","10","27662200"
"188","2004-05-27","2等","48","5186600"
"188","2004-05-27","3等","995","300200"
"188","2004-05-27","4等","41605","6300"
"188","2004-05-27","5等","563542","1000"
"189","2004-06-03","1等","1","200000000"
"189","2004-06-03","2等","3","97388900"
"189","2004-06-03","3等","357","982000"
"189","2004-06-03","4等","16537","18700"
"189","2004-06-03","5等","327872","1000"
"190","2004-06-10","1等","1","400000000"
"190","2004-06-10","2等","16","18773700"
"190","2004-06-10","3等","807","446600"
"190","2004-06-10","4等","39494","8000"
"190","2004-06-10","5等","530766","1000"
"191","2004-06-17","1等","0","0"
"191","2004-06-17","2等","8","38670700"
"191","2004-06-17","3等","769","482700"
"191","2004-06-17","4等","34899","9300"
"191","2004-06-17","5等","438731","1000"
"192","2004-06-24","1等","12","70108900"
"192","2004-06-24","2等","21","18821500"
"192","2004-06-24","3等","1410","336300"
"192","2004-06-24","4等","56873","7300"
"192","2004-06-24","5等","796031","1000"
"193","2004-07-01","1等","0","0"
"193","2004-07-01","2等","14","21439700"
"193","2004-07-01","3等","463","777900"
"193","2004-07-01","4等","24891","12700"
"193","2004-07-01","5等","425852","1000"
"194","2004-07-08","1等","3","249322600"
"194","2004-07-08","2等","13","28692900"
"194","2004-07-08","3等","899","497800"
"194","2004-07-08","4等","41940","9400"
"194","2004-07-08","5等","657743","1000"
"195","2004-07-15","1等","2","149103500"
"195","2004-07-15","2等","14","19170200"
"195","2004-07-15","3等","648","497000"
"195","2004-07-15","4等","34184","8300"
"195","2004-07-15","5等","522154","1000"
"196","2004-07-22","1等","5","57127200"
"196","2004-07-22","2等","16","16066900"
"196","2004-07-22","3等","715","431400"
"196","2004-07-22","4等","32665","8300"
"196","2004-07-22","5等","502277","1000"
"197","2004-07-29","1等","7","37492700"
"197","2004-07-29","2等","20","11810100"
"197","2004-07-29","3等","887","319500"
"197","2004-07-29","4等","40578","6100"
"197","2004-07-29","5等","564216","1000"
"198","2004-08-05","1等","1","200000000"
"198","2004-08-05","2等","18","14623400"
"198","2004-08-05","3等","416","759200"
"198","2004-08-05","4等","23134","12000"
"198","2004-08-05","5等","403440","1000"
"199","2004-08-12","1等","16","25199600"
"199","2004-08-12","2等","23","12158600"
"199","2004-08-12","3等","928","361600"
"199","2004-08-12","4等","36913","8000"
"199","2004-08-12","5等","469822","1000"
"200","2004-08-19","1等","6","42904300"
"200","2004-08-19","2等","28","8274300"
"200","2004-08-19","3等","1172","237200"
"200","2004-08-19","4等","43075","5600"
"200","2004-08-19","5等","569759","1000"
"201","2004-08-26","1等","1","200000000"
"201","2004-08-26","2等","17","15559900"
"201","2004-08-26","3等","538","590000"
"201","2004-08-26","4等","28480","9800"
"201","2004-08-26","5等","476590","1000"
"202","2004-09-02","1等","2","212108900"
"202","2004-09-02","2等","23","12924800"
"202","2004-09-02","3等","681","523800"
"202","2004-09-02","4等","32600","9600"
"202","2004-09-02","5等","507362","1000"
"203","2004-09-09","1等","3","97543500"
"203","2004-09-09","2等","17","15492000"
"203","2004-09-09","3等","524","603100"
"203","2004-09-09","4等","28999","9600"
"203","2004-09-09","5等","463118","1000"
"204","2004-09-16","1等","2","150342700"
"204","2004-09-16","2等","11","24601300"
"204","2004-09-16","3等","666","487500"
"204","2004-09-16","4等","26249","10900"
"204","2004-09-16","5等","434708","1000"
"205","2004-09-23","1等","3","87669500"
"205","2004-09-23","2等","26","9104000"
"205","2004-09-23","3等","545","521100"
"205","2004-09-23","4等","29674","8400"
"205","2004-09-23","5等","462072","1000"
"206","2004-09-30","1等","2","148159800"
"206","2004-09-30","2等","13","20514200"
"206","2004-09-30","3等","440","727300"
"206","2004-09-30","4等","25201","11200"
"206","2004-09-30","5等","393101","1000"
"207","2004-10-07","1等","0","0"
"207","2004-10-07","2等","12","21245900"
"207","2004-10-07","3等","675","453200"
"207","2004-10-07","4等","28023","9600"
"207","2004-10-07","5等","443162","1000"
"208","2004-10-14","1等","2","332831600"
"208","2004-10-14","2等","30","11471300"
"208","2004-10-14","3等","1154","357800"
"208","2004-10-14","4等","41540","8700"
"208","2004-10-14","5等","600793","1000"
"209","2004-10-21","1等","0","0"
"209","2004-10-21","2等","10","28272500"
"209","2004-10-21","3等","346","980500"
"209","2004-10-21","4等","22480","13300"
"209","2004-10-21","5等","405469","1000"
"210","2004-10-28","1等","2","390786900"
"210","2004-10-28","2等","34","12373000"
"210","2004-10-28","3等","651","775400"
"210","2004-10-28","4等","31624","14000"
"210","2004-10-28","5等","550161","1000"
"211","2004-11-04","1等","1","200000000"
"211","2004-11-04","2等","11","25025000"
"211","2004-11-04","3等","679","486400"
"211","2004-11-04","4等","31702","9100"
"211","2004-11-04","5等","505649","1000"
"212","2004-11-11","1等","2","241846900"
"212","2004-11-11","2等","11","30913000"
"212","2004-11-11","3等","731","558200"
"212","2004-11-11","4等","34780","10300"
"212","2004-11-11","5等","576766","1000"
"213","2004-11-18","1等","1","200000000"
"213","2004-11-18","2等","16","17917300"
"213","2004-11-18","3等","805","427300"
"213","2004-11-18","4等","32064","9400"
"213","2004-11-18","5等","483257","1000"
"214","2004-11-25","1等","3","155943200"
"214","2004-11-25","2等","20","15718100"
"214","2004-11-25","3等","1035","364400"
"214","2004-11-25","4等","43702","7600"
"214","2004-11-25","5等","620966","1000"
"215","2004-12-02","1等","4","80653700"
"215","2004-12-02","2等","14","20739300"
"215","2004-12-02","3等","818","425900"
"215","2004-12-02","4等","33467","9100"
"215","2004-12-02","5等","482450","1000"
"216","2004-12-09","1等","3","108838100"
"216","2004-12-09","2等","14","20990000"
"216","2004-12-09","3等","481","733100"
"216","2004-12-09","4等","26088","11900"
"216","2004-12-09","5等","433817","1000"
"217","2004-12-16","1等","4","74449600"
"217","2004-12-16","2等","13","20616600"
"217","2004-12-16","3等","744","432200"
"217","2004-12-16","4等","38211","7400"
"217","2004-12-16","5等","571142","1000"
"218","2004-12-23","1等","5","55485900"
"218","2004-12-23","2等","56","4458600"
"218","2004-12-23","3等","1061","282300"
"218","2004-12-23","4等","43053","6100"
"218","2004-12-23","5等","544653","1000"
"219","2004-12-30","1等","1","200000000"
"219","2004-12-30","2等","9","32240900"
"219","2004-12-30","3等","322","1081300"
"219","2004-12-30","4等","19134","16000"
"219","2004-12-30","5等","388187","1000"
"220","2005-01-06","1等","0","0"
"220","2005-01-06","2等","29","9483800"
"220","2005-01-06","3等","594","555600"
"220","2005-01-06","4等","28534","10200"
"220","2005-01-06","5等","481907","1000"
"221","2005-01-13","1等","3","320380000"
"221","2005-01-13","2等","34","14112200"
"221","2005-01-13","3等","972","592300"
"221","2005-01-13","4等","52311","9700"
"221","2005-01-13","5等","805082","1000"
"222","2005-01-20","1等","4","84878500"
"222","2005-01-20","2等","31","9856700"
"222","2005-01-20","3等","697","526000"
"222","2005-01-20","4等","34211","9400"
"222","2005-01-20","5等","531776","1000"
"223","2005-01-27","1等","4","84933700"
"223","2005-01-27","2等","18","16986500"
"223","2005-01-27","3等","645","568800"
"223","2005-01-27","4等","34183","9400"
"223","2005-01-27","5等","531115","1000"
"224","2005-02-03","1等","1","200000000"
"224","2005-02-03","2等","6","48181700"
"224","2005-02-03","3等","490","707900"
"224","2005-02-03","4等","29910","10200"
"224","2005-02-03","5等","520974","1000"
"225","2005-02-10","1等","4","127130900"
"225","2005-02-10","2等","12","29047900"
"225","2005-02-10","3等","620","674600"
"225","2005-02-10","4等","32974","11100"
"225","2005-02-10","5等","571393","1000"
"226","2005-02-17","1等","1","200000000"
"226","2005-02-17","2等","4","80699600"
"226","2005-02-17","3等","274","1413700"
"226","2005-02-17","4等","18629","18300"
"226","2005-02-17","5等","352899","1000"
"227","2005-02-24","1等","9","59350200"
"227","2005-02-24","2等","34","9939100"
"227","2005-02-24","3等","1131","358500"
"227","2005-02-24","4等","40394","8800"
"227","2005-02-24","5等","574188","1000"
"228","2005-03-03","1等","4","75758600"
"228","2005-03-03","2等","18","15151500"
"228","2005-03-03","3等","913","358400"
"228","2005-03-03","4等","38526","7400"
"228","2005-03-03","5等","560175","1000"
"229","2005-03-10","1等","3","103016200"
"229","2005-03-10","2等","17","16361200"
"229","2005-03-10","3等","828","403100"
"229","2005-03-10","4等","37875","7700"
"229","2005-03-10","5等","535949","1000"
"230","2005-03-17","1等","167","1814700"
"230","2005-03-17","2等","29","9405200"
"230","2005-03-17","3等","1057","309600"
"230","2005-03-17","4等","37865","7600"
"230","2005-03-17","5等","521030","1000"
"231","2005-03-24","1等","4","78093700"
"231","2005-03-24","2等","23","12223200"
"231","2005-03-24","3等","514","656300"
"231","2005-03-24","4等","25725","11500"
"231","2005-03-24","5等","431276","1000"
"232","2005-03-31","1等","0","0"
"232","2005-03-31","2等","14","20651600"
"232","2005-03-31","3等","448","774400"
"232","2005-03-31","4等","24482","12500"
"232","2005-03-31","5等","427608","1000"
"233","2005-04-07","1等","3","252078300"
"233","2005-04-07","2等","27","14499300"
"233","2005-04-07","3等","693","677800"
"233","2005-04-07","4等","39478","10400"
"233","2005-04-07","5等","627079","1000"
"234","2005-04-14","1等","3","110799800"
"234","2005-04-14","2等","25","11966200"
"234","2005-04-14","3等","594","604300"
"234","2005-04-14","4等","34875","9000"
"234","2005-04-14","5等","606646","1000"
"235","2005-04-21","1等","3","107700400"
"235","2005-04-21","2等","19","15304600"
"235","2005-04-21","3等","549","635600"
"235","2005-04-21","4等","30264","10100"
"235","2005-04-21","5等","495064","1000"
"236","2005-04-28","1等","2","170375000"
"236","2005-04-28","2等","13","23590100"
"236","2005-04-28","3等","408","901900"
"236","2005-04-28","4等","22849","14200"
"236","2005-04-28","5等","421434","1000"
"237","2005-05-05","1等","3","92756600"
"237","2005-05-05","2等","12","20870000"
"237","2005-05-05","3等","693","433600"
"237","2005-05-05","4等","31188","8500"
"237","2005-05-05","5等","482027","1000"
"238","2005-05-12","1等","4","82060000"
"238","2005-05-12","2等","33","8951900"
"238","2005-05-12","3等","838","423000"
"238","2005-05-12","4等","36088","8600"
"238","2005-05-12","5等","491848","1000"
"239","2005-05-19","1等","7","41395900"
"239","2005-05-19","2等","24","10866300"
"239","2005-05-19","3等","1313","238300"
"239","2005-05-19","4等","48989","5600"
"239","2005-05-19","5等","589955","1000"
"240","2005-05-26","1等","3","99489600"
"240","2005-05-26","2等","16","16788700"
"240","2005-05-26","3等","706","456500"
"240","2005-05-26","4等","35610","7900"
"240","2005-05-26","5等","543807","1000"
"241","2005-06-02","1等","4","73985600"
"241","2005-06-02","2等","28","9512300"
"241","2005-06-02","3等","921","347000"
"241","2005-06-02","4等","36165","7700"
"241","2005-06-02","5等","520271","1000"
"242","2005-06-09","1等","0","0"
"242","2005-06-09","2等","13","21804200"
"242","2005-06-09","3等","469","725200"
"242","2005-06-09","4等","24567","12200"
"242","2005-06-09","5等","423934","1000"
"243","2005-06-16","1等","2","400000000"
"243","2005-06-16","2等","11","39961800"
"243","2005-06-16","3等","548","962500"
"243","2005-06-16","4等","26821","17300"
"243","2005-06-16","5等","493091","1000"
"244","2005-06-23","1等","2","166561100"
"244","2005-06-23","2等","24","12365100"
"244","2005-06-23","3等","748","476000"
"244","2005-06-23","4等","40144","7800"
"244","2005-06-23","5等","605688","1000"
"245","2005-06-30","1等","7","41996300"
"245","2005-06-30","2等","52","5087900"
"245","2005-06-30","3等","1479","214600"
"245","2005-06-30","4等","55734","5000"
"245","2005-06-30","5等","625386","1000"
"246","2005-07-07","1等","2","173662500"
"246","2005-07-07","2等","15","20839300"
"246","2005-07-07","3等","540","694600"
"246","2005-07-07","4等","25543","12900"
"246","2005-07-07","5等","409576","1000"
"247","2005-07-14","1等","2","163484400"
"247","2005-07-14","2等","23","12794300"
"247","2005-07-14","3等","769","459100"
"247","2005-07-14","4等","36207","8600"
"247","2005-07-14","5等","478175","1000"
"248","2005-07-21","1等","3","102052700"
"248","2005-07-21","2等","22","12524500"
"248","2005-07-21","3等","702","471000"
"248","2005-07-21","4等","34381","8400"
"248","2005-07-21","5等","510966","1000"
"249","2005-07-28","1等","3","104654700"
"249","2005-07-28","2等","12","23547100"
"249","2005-07-28","3等","593","571800"
"249","2005-07-28","4等","29982","9900"
"249","2005-07-28","5等","479145","1000"
"250","2005-08-04","1等","3","102354500"
"250","2005-08-04","2等","17","16256100"
"250","2005-08-04","3等","476","696600"
"250","2005-08-04","4等","26737","10900"
"250","2005-08-04","5等","464662","1000"
"251","2005-08-11","1等","4","73942000"
"251","2005-08-11","2等","19","14009900"
"251","2005-08-11","3等","846","377500"
"251","2005-08-11","4等","31927","8800"
"251","2005-08-11","5等","462951","1000"
"252","2005-08-18","1等","3","102828600"
"252","2005-08-18","2等","27","10282700"
"252","2005-08-18","3等","502","663600"
"252","2005-08-18","4等","26541","11000"
"252","2005-08-18","5等","427097","1000"
"253","2005-08-25","1等","1","200000000"
"253","2005-08-25","2等","9","32513100"
"253","2005-08-25","3等","404","869100"
"253","2005-08-25","4等","22356","13800"
"253","2005-08-25","5等","401299","1000"
"254","2005-09-01","1等","4","121926400"
"254","2005-09-01","2等","15","21754100"
"254","2005-09-01","3等","1021","383500"
"254","2005-09-01","4等","40587","8500"
"254","2005-09-01","5等","650348","1000"
"255","2005-09-08","1等","4","80324400"
"255","2005-09-08","2等","9","32129500"
"255","2005-09-08","3等","498","696700"
"255","2005-09-08","4等","26656","11400"
"255","2005-09-08","5等","458832","1000"
"256","2005-09-15","1等","2","151371100"
"256","2005-09-15","2等","14","19461800"
"256","2005-09-15","3等","556","588000"
"256","2005-09-15","4等","32087","8900"
"256","2005-09-15","5等","527172","1000"
"257","2005-09-22","1等","2","157898300"
"257","2005-09-22","2等","23","12357100"
"257","2005-09-22","3等","640","532900"
"257","2005-09-22","4等","29676","10100"
"257","2005-09-22","5等","470404","1000"
"258","2005-09-29","1等","1","200000000"
"258","2005-09-29","2等","17","15786000"
"258","2005-09-29","3等","637","505500"
"258","2005-09-29","4等","33593","8400"
"258","2005-09-29","5等","541701","1000"
"259","2005-10-06","1等","21","22911800"
"259","2005-10-06","2等","75","4595500"
"259","2005-10-06","3等","1867","221500"
"259","2005-10-06","4等","43748","8300"
"259","2005-10-06","5等","496807","1000"
"260","2005-10-13","1等","9","34541200"
"260","2005-10-13","2等","30","9326000"
"260","2005-10-13","3等","1469","228500"
"260","2005-10-13","4等","47666","6200"
"260","2005-10-13","5等","502569","1000"
"261","2005-10-20","1等","6","54815100"
"261","2005-10-20","2等","27","10962900"
"261","2005-10-20","3等","673","527700"
"261","2005-10-20","4等","30809","10100"
"261","2005-10-20","5等","508889","1000"
"262","2005-10-27","1等","5","62629500"
"262","2005-10-27","2等","27","10438100"
"262","2005-10-27","3等","967","349700"
"262","2005-10-27","4等","43956","6700"
"262","2005-10-27","5等","622653","1000"
"263","2005-11-03","1等","1","200000000"
"263","2005-11-03","2等","8","36054700"
"263","2005-11-03","3等","560","618000"
"263","2005-11-03","4等","28780","10600"
"263","2005-11-03","5等","462376","1000"
"264","2005-11-10","1等","0","0"
"264","2005-11-10","2等","22","15991200"
"264","2005-11-10","3等","918","459800"
"264","2005-11-10","4等","41654","8900"
"264","2005-11-10","5等","626574","1000"
"265","2005-11-17","1等","5","242164500"
"265","2005-11-17","2等","63","9991700"
"265","2005-11-17","3等","1874","403000"
"265","2005-11-17","4等","91258","7300"
"265","2005-11-17","5等","1300948","1000"
"266","2005-11-24","1等","8","40409400"
"266","2005-11-24","2等","38","7656400"
"266","2005-11-24","3等","1105","315900"
"266","2005-11-24","4等","60208","5100"
"266","2005-11-24","5等","725507","1000"
"267","2005-12-01","1等","6","58511500"
"267","2005-12-01","2等","21","15045700"
"267","2005-12-01","3等","1168","324600"
"267","2005-12-01","4等","39284","8500"
"267","2005-12-01","5等","595326","1000"
"268","2005-12-08","1等","5","65174700"
"268","2005-12-08","2等","30","9776100"
"268","2005-12-08","3等","945","372400"
"268","2005-12-08","4等","46523","6600"
"268","2005-12-08","5等","633369","1000"
"269","2005-12-15","1等","3","116598700"
"269","2005-12-15","2等","19","16569100"
"269","2005-12-15","3等","644","586600"
"269","2005-12-15","4等","33557","9900"
"269","2005-12-15","5等","545691","1000"
"270","2005-12-22","1等","4","85350100"
"270","2005-12-22","2等","17","18073900"
"270","2005-12-22","3等","597","617600"
"270","2005-12-22","4等","35078","9200"
"270","2005-12-22","5等","506032","1000"
"271","2005-12-29","1等","2","181185700"
"271","2005-12-29","2等","12","27177600"
"271","2005-12-29","3等","498","785800"
"271","2005-12-29","4等","29107","11800"
"271","2005-12-29","5等","473784","1000"
"272","2006-01-05","1等","0","0"
"272","2006-01-05","2等","5","47332200"
"272","2006-01-05","3等","549","517200"
"272","2006-01-05","4等","29542","8400"
"272","2006-01-05","5等","462372","1000"
"273","2006-01-12","1等","2","387920800"
"273","2006-01-12","2等","18","25643800"
"273","2006-01-12","3等","774","715600"
"273","2006-01-12","4等","41249","11800"
"273","2006-01-12","5等","684190","1000"
"274","2006-01-19","1等","6","58469500"
"274","2006-01-19","2等","20","15786600"
"274","2006-01-19","3等","875","433000"
"274","2006-01-19","4等","39609","8400"
"274","2006-01-19","5等","604694","1000"
"275","2006-01-26","1等","3","123320300"
"275","2006-01-26","2等","13","25612400"
"275","2006-01-26","3等","635","629200"
"275","2006-01-26","4等","32391","10800"
"275","2006-01-26","5等","525035","1000"
"276","2006-02-02","1等","2","161097700"
"276","2006-02-02","2等","7","41424700"
"276","2006-02-02","3等","1040","334500"
"276","2006-02-02","4等","50043","6100"
"276","2006-02-02","5等","682705","1000"
"277","2006-02-09","1等","1","200000000"
"277","2006-02-09","2等","18","17796900"
"277","2006-02-09","3等","728","528000"
"277","2006-02-09","4等","34402","9800"
"277","2006-02-09","5等","538743","1000"
"278","2006-02-16","1等","4","146432500"
"278","2006-02-16","2等","37","10454100"
"278","2006-02-16","3等","966","480500"
"278","2006-02-16","4等","44092","9200"
"278","2006-02-16","5等","693545","1000"
"279","2006-02-23","1等","8","41770000"
"279","2006-02-23","2等","31","9701300"
"279","2006-02-23","3等","845","427000"
"279","2006-02-23","4等","40845","7700"
"279","2006-02-23","5等","617622","1000"
"280","2006-03-02","1等","1","200000000"
"280","2006-03-02","2等","24","13096300"
"280","2006-03-02","3等","661","570600"
"280","2006-03-02","4等","33543","9900"
"280","2006-03-02","5等","516835","1000"
"281","2006-03-09","1等","16","35304900"
"281","2006-03-09","2等","30","12469100"
"281","2006-03-09","3等","1043","430300"
"281","2006-03-09","4等","49663","7900"
"281","2006-03-09","5等","754250","1000"
"282","2006-03-16","1等","1","200000000"
"282","2006-03-16","2等","15","22291000"
"282","2006-03-16","3等","432","928700"
"282","2006-03-16","4等","26417","13300"
"282","2006-03-16","5等","436044","1000"
"283","2006-03-23","1等","0","0"
"283","2006-03-23","2等","24","14911100"
"283","2006-03-23","3等","835","514300"
"283","2006-03-23","4等","42427","8900"
"283","2006-03-23","5等","668482","1000"
"284","2006-03-30","1等","6","215518000"
"284","2006-03-30","2等","12","54296000"
"284","2006-03-30","3等","858","911200"
"284","2006-03-30","4等","50333","13700"
"284","2006-03-30","5等","897975","1000"
"285","2006-04-06","1等","7","52459200"
"285","2006-04-06","2等","19","17394200"
"285","2006-04-06","3等","881","450100"
"285","2006-04-06","4等","44927","7700"
"285","2006-04-06","5等","604703","1000"
"286","2006-04-13","1等","5","75107400"
"286","2006-04-13","2等","29","11654400"
"286","2006-04-13","3等","628","645800"
"286","2006-04-13","4等","38214","9300"
"286","2006-04-13","5等","576836","1000"
"287","2006-04-20","1等","0","0"
"287","2006-04-20","2等","8","44562500"
"287","2006-04-20","3等","548","780600"
"287","2006-04-20","4等","29657","12700"
"287","2006-04-20","5等","511572","1000"
"288","2006-04-27","1等","11","81646100"
"288","2006-04-27","2等","29","15578900"
"288","2006-04-27","3等","1670","324600"
"288","2006-04-27","4等","74101","6400"
"288","2006-04-27","5等","1054770","1000"
"289","2006-05-04","1等","3","107375300"
"289","2006-05-04","2等","17","17053500"
"289","2006-05-04","3等","785","443100"
"289","2006-05-04","4等","37274","8200"
"289","2006-05-04","5等","580848","1000"
"290","2006-05-11","1等","1","200000000"
"290","2006-05-11","2等","14","23524100"
"290","2006-05-11","3等","661","597800"
"290","2006-05-11","4等","34170","10200"
"290","2006-05-11","5等","582816","1000"
"291","2006-05-18","1等","2","321480300"
"291","2006-05-18","2等","18","23851000"
"291","2006-05-18","3等","558","923200"
"291","2006-05-18","4等","29402","15400"
"291","2006-05-18","5等","524293","1000"
"292","2006-05-25","1等","6","58877300"
"292","2006-05-25","2等","20","15896700"
"292","2006-05-25","3等","1288","296200"
"292","2006-05-25","4等","44633","7500"
"292","2006-05-25","5等","587415","1000"
"293","2006-06-01","1等","1","200000000"
"293","2006-06-01","2等","9","34999700"
"293","2006-06-01","3等","742","509400"
"293","2006-06-01","4等","33344","10000"
"293","2006-06-01","5等","560170","1000"
"294","2006-06-08","1等","3","192565900"
"294","2006-06-08","2等","20","19246200"
"294","2006-06-08","3等","792","583200"
"294","2006-06-08","4等","36313","11200"
"294","2006-06-08","5等","624171","1000"
"295","2006-06-15","1等","2","178474100"
"295","2006-06-15","2等","11","29204600"
"295","2006-06-15","3等","527","731500"
"295","2006-06-15","4等","28057","12100"
"295","2006-06-15","5等","483583","1000"
"296","2006-06-22","1等","4","86071800"
"296","2006-06-22","2等","31","9995300"
"296","2006-06-22","3等","607","612500"
"296","2006-06-22","4等","32547","10000"
"296","2006-06-22","5等","541632","1000"
"297","2006-06-29","1等","0","0"
"297","2006-06-29","2等","18","17297400"
"297","2006-06-29","3等","604","618500"
"297","2006-06-29","4等","31131","10500"
"297","2006-06-29","5等","532627","1000"
"298","2006-07-06","1等","5","175332300"
"298","2006-07-06","2等","19","25138600"
"298","2006-07-06","3等","693","827000"
"298","2006-07-06","4等","35922","14000"
"298","2006-07-06","5等","625906","1000"
"299","2006-07-13","1等","1","200000000"
"299","2006-07-13","2等","16","19762100"
"299","2006-07-13","3等","529","717200"
"299","2006-07-13","4等","28815","11600"
"299","2006-07-13","5等","513768","1000"
"300","2006-07-20","1等","1","400000000"
"300","2006-07-20","2等","27","13234000"
"300","2006-07-20","3等","855","501500"
"300","2006-07-20","4等","40231","9400"
"300","2006-07-20","5等","645107","1000"
"301","2006-07-27","1等","28","18472800"
"301","2006-07-27","2等","24","13833000"
"301","2006-07-27","3等","2276","175000"
"301","2006-07-27","4等","67600","5100"
"301","2006-07-27","5等","832106","1000"
"302","2006-08-03","1等","2","177884000"
"302","2006-08-03","2等","10","32018800"
"302","2006-08-03","3等","470","817500"
"302","2006-08-03","4等","25301","13300"
"302","2006-08-03","5等","469829","1000"
"303","2006-08-10","1等","0","0"
"303","2006-08-10","2等","12","25596100"
"303","2006-08-10","3等","470","784200"
"303","2006-08-10","4等","27443","11800"
"303","2006-08-10","5等","469843","1000"
"304","2006-08-17","1等","7","105413200"
"304","2006-08-17","2等","44","8112300"
"304","2006-08-17","3等","1486","288200"
"304","2006-08-17","4等","68958","5400"
"304","2006-08-17","5等","956735","1000"
"305","2006-08-24","1等","1","200000000"
"305","2006-08-24","2等","31","10363900"
"305","2006-08-24","3等","429","898600"
"305","2006-08-24","4等","27755","12200"
"305","2006-08-24","5等","515418","1000"
"306","2006-08-31","1等","0","0"
"306","2006-08-31","2等","17","24616600"
"306","2006-08-31","3等","508","988500"
"306","2006-08-31","4等","26809","16500"
"306","2006-08-31","5等","500596","1000"
"307","2006-09-07","1等","6","251095100"
"307","2006-09-07","2等","72","11057400"
"307","2006-09-07","3等","1311","728700"
"307","2006-09-07","4等","70910","11800"
"307","2006-09-07","5等","1233004","1000"
"308","2006-09-14","1等","0","0"
"308","2006-09-14","2等","20","17725400"
"308","2006-09-14","3等","995","427500"
"308","2006-09-14","4等","35968","10400"
"308","2006-09-14","5等","611161","1000"
"309","2006-09-21","1等","2","400000000"
"309","2006-09-21","2等","22","24099500"
"309","2006-09-21","3等","578","1100700"
"309","2006-09-21","4等","32619","17200"
"309","2006-09-21","5等","635711","1000"
"310","2006-09-28","1等","1","400000000"
"310","2006-09-28","2等","31","13160100"
"310","2006-09-28","3等","1075","455400"
"310","2006-09-28","4等","53713","8000"
"310","2006-09-28","5等","885422","1000"
"311","2006-10-05","1等","1","400000000"
"311","2006-10-05","2等","17","28417700"
"311","2006-10-05","3等","779","744100"
"311","2006-10-05","4等","37821","13500"
"311","2006-10-05","5等","643952","1000"
"312","2006-10-12","1等","10","89457600"
"312","2006-10-12","2等","28","16761900"
"312","2006-10-12","3等","1159","485900"
"312","2006-10-12","4等","49776","9900"
"312","2006-10-12","5等","770395","1000"
"313","2006-10-19","1等","3","143877200"
"313","2006-10-19","2等","14","27747500"
"313","2006-10-19","3等","568","820700"
"313","2006-10-19","4等","30598","13400"
"313","2006-10-19","5等","527413","1000"
"314","2006-10-26","1等","4","100991800"
"314","2006-10-26","2等","19","19135100"
"314","2006-10-26","3等","942","463100"
"314","2006-10-26","4等","40687","9400"
"314","2006-10-26","5等","638140","1000"
"315","2006-11-02","1等","5","80557100"
"315","2006-11-02","2等","8","45312900"
"315","2006-11-02","3等","718","605800"
"315","2006-11-02","4等","35032","10900"
"315","2006-11-02","5等","589722","1000"
"316","2006-11-09","1等","4","97231600"
"316","2006-11-09","2等","47","7447400"
"316","2006-11-09","3等","1095","383500"
"316","2006-11-09","4等","41065","9000"
"316","2006-11-09","5等","592309","1000"
"317","2006-11-16","1等","7","54347200"
"317","2006-11-16","2等","16","21399000"
"317","2006-11-16","3等","835","492000"
"317","2006-11-16","4等","37239","9700"
"317","2006-11-16","5等","592070","1000"
"318","2006-11-23","1等","0","0"
"318","2006-11-23","2等","18","17573200"
"318","2006-11-23","3等","656","578600"
"318","2006-11-23","4等","33569","9900"
"318","2006-11-23","5等","545572","1000"
"319","2006-11-30","1等","7","122102000"
"319","2006-11-30","2等","22","20587100"
"319","2006-11-30","3等","985","551700"
"319","2006-11-30","4等","45095","10600"
"319","2006-11-30","5等","733517","1000"
"320","2006-12-07","1等","4","91305900"
"320","2006-12-07","2等","62","5301500"
"320","2006-12-07","3等","802","491800"
"320","2006-12-07","4等","39199","8800"
"320","2006-12-07","5等","621107","1000"
"321","2006-12-14","1等","2","200000000"
"321","2006-12-14","2等","5","72894400"
"321","2006-12-14","3等","431","1014700"
"321","2006-12-14","4等","24349","15800"
"321","2006-12-14","5等","455986","1000"
"322","2006-12-21","1等","3","144517000"
"322","2006-12-21","2等","13","29670500"
"322","2006-12-21","3等","559","828000"
"322","2006-12-21","4等","32675","12400"
"322","2006-12-21","5等","556547","1000"
"323","2006-12-28","1等","8","45430600"
"323","2006-12-28","2等","36","9086000"
"323","2006-12-28","3等","1308","300000"
"323","2006-12-28","4等","52241","6600"
"323","2006-12-28","5等","719915","1000"
"324","2007-01-04","1等","4","64827500"
"324","2007-01-04","2等","5","46675400"
"324","2007-01-04","3等","700","400000"
"324","2007-01-04","4等","30387","8100"
"324","2007-01-04","5等","429471","1000"
"325","2007-01-11","1等","5","71887400"
"325","2007-01-11","2等","21","15404300"
"325","2007-01-11","3等","940","412900"
"325","2007-01-11","4等","44027","7700"
"325","2007-01-11","5等","628723","1000"
"326","2007-01-18","1等","6","60713700"
"326","2007-01-18","2等","23","14254300"
"326","2007-01-18","3等","822","478600"
"326","2007-01-18","4等","39088","8800"
"326","2007-01-18","5等","613322","1000"
"327","2007-01-25","1等","6","61984500"
"327","2007-01-25","2等","23","14552700"
"327","2007-01-25","3等","974","412300"
"327","2007-01-25","4等","39321","9000"
"327","2007-01-25","5等","577332","1000"
"328","2007-02-01","1等","7","49885200"
"328","2007-02-01","2等","29","10837000"
"328","2007-02-01","3等","983","383600"
"328","2007-02-01","4等","46700","7100"
"328","2007-02-01","5等","666801","1000"
"329","2007-02-08","1等","5","71021800"
"329","2007-02-08","2等","41","7795000"
"329","2007-02-08","3等","993","386200"
"329","2007-02-08","4等","42028","8000"
"329","2007-02-08","5等","634990","1000"
"330","2007-02-15","1等","5","69426800"
"330","2007-02-15","2等","47","6647100"
"330","2007-02-15","3等","1031","363600"
"330","2007-02-15","4等","45057","7300"
"330","2007-02-15","5等","639494","1000"
"331","2007-02-22","1等","21","16619900"
"331","2007-02-22","2等","42","7478900"
"331","2007-02-22","3等","1699","221800"
"331","2007-02-22","4等","50014","6600"
"331","2007-02-22","5等","633008","1000"
"332","2007-03-01","1等","1","200000000"
"332","2007-03-01","2等","27","12232700"
"332","2007-03-01","3等","678","584500"
"332","2007-03-01","4等","33220","10500"
"332","2007-03-01","5等","554114","1000"
"333","2007-03-08","1等","1","400000000"
"333","2007-03-08","2等","24","16005600"
"333","2007-03-08","3等","700","658500"
"333","2007-03-08","4等","40493","10000"
"333","2007-03-08","5等","693694","1000"
"334","2007-03-15","1等","5","127946200"
"334","2007-03-15","2等","21","19110900"
"334","2007-03-15","3等","650","740900"
"334","2007-03-15","4等","40826","10400"
"334","2007-03-15","5等","666072","1000"
"335","2007-03-22","1等","2","176764900"
"335","2007-03-22","2等","22","14462400"
"335","2007-03-22","3等","724","527300"
"335","2007-03-22","4等","33907","9900"
"335","2007-03-22","5等","563946","1000"
"336","2007-03-29","1等","1","200000000"
"336","2007-03-29","2等","33","9337600"
"336","2007-03-29","3等","1120","330100"
"336","2007-03-29","4等","41124","7900"
"336","2007-03-29","5等","624890","1000"
"337","2007-04-05","1等","2","286729500"
"337","2007-04-05","2等","16","24247800"
"337","2007-04-05","3等","634","734300"
"337","2007-04-05","4等","35174","11600"
"337","2007-04-05","5等","600581","1000"
"338","2007-04-12","1等","1","200000000"
"338","2007-04-12","2等","13","24833700"
"338","2007-04-12","3等","683","567200"
"338","2007-04-12","4等","35069","9700"
"338","2007-04-12","5等","562456","1000"
"339","2007-04-19","1等","4","144874000"
"339","2007-04-19","2等","24","15779200"
"339","2007-04-19","3等","720","631100"
"339","2007-04-19","4等","42201","9400"
"339","2007-04-19","5等","692611","1000"
"340","2007-04-26","1等","3","125206400"
"340","2007-04-26","2等","18","18780800"
"340","2007-04-26","3等","669","606300"
"340","2007-04-26","4等","35970","9900"
"340","2007-04-26","5等","565132","1000"
"341","2007-05-03","1等","2","167679400"
"341","2007-05-03","2等","15","20121300"
"341","2007-05-03","3等","593","610700"
"341","2007-05-03","4等","30118","10600"
"341","2007-05-03","5等","501326","1000"
"342","2007-05-10","1等","7","47713500"
"342","2007-05-10","2等","27","11133000"
"342","2007-05-10","3等","1246","289400"
"342","2007-05-10","4等","46444","6800"
"342","2007-05-10","5等","622155","1000"
"343","2007-05-17","1等","3","122221000"
"343","2007-05-17","2等","18","18332900"
"343","2007-05-17","3等","540","733300"
"343","2007-05-17","4等","29299","11900"
"343","2007-05-17","5等","498484","1000"
"344","2007-05-24","1等","7","47837300"
"344","2007-05-24","2等","27","11161900"
"344","2007-05-24","3等","982","368200"
"344","2007-05-24","4等","41610","7600"
"344","2007-05-24","5等","606647","1000"
"345","2007-05-31","1等","1","200000000"
"345","2007-05-31","2等","11","29538700"
"345","2007-05-31","3等","525","742600"
"345","2007-05-31","4等","29520","11600"
"345","2007-05-31","5等","490711","1000"
"346","2007-06-07","1等","2","275055600"
"346","2007-06-07","2等","35","10004800"
"346","2007-06-07","3等","877","479100"
"346","2007-06-07","4等","47540","7700"
"346","2007-06-07","5等","726427","1000"
"347","2007-06-14","1等","2","175074200"
"347","2007-06-14","2等","14","22509300"
"347","2007-06-14","3等","525","720200"
"347","2007-06-14","4等","27683","12000"
"347","2007-06-14","5等","482381","1000"
"348","2007-06-21","1等","4","83409800"
"348","2007-06-21","2等","30","10009000"
"348","2007-06-21","3等","796","452600"
"348","2007-06-21","4等","36706","8600"
"348","2007-06-21","5等","618057","1000"
"349","2007-06-28","1等","1","200000000"
"349","2007-06-28","2等","23","13939100"
"349","2007-06-28","3等","537","716400"
"349","2007-06-28","4等","31439","10700"
"349","2007-06-28","5等","543255","1000"
"350","2007-07-05","1等","5","117204300"
"350","2007-07-05","2等","41","9434400"
"350","2007-07-05","3等","869","534100"
"350","2007-07-05","4等","43846","9300"
"350","2007-07-05","5等","645046","1000"
"351","2007-07-12","1等","3","122807000"
"351","2007-07-12","2等","9","36841700"
"351","2007-07-12","3等","543","732700"
"351","2007-07-12","4等","29158","12000"
"351","2007-07-12","5等","505304","1000"
"352","2007-07-19","1等","2","168600600"
"352","2007-07-19","2等","28","10838500"
"352","2007-07-19","3等","726","501600"
"352","2007-07-19","4等","36921","8700"
"352","2007-07-19","5等","574516","1000"
"353","2007-07-26","1等","3","111962100"
"353","2007-07-26","2等","23","13143200"
"353","2007-07-26","3等","689","526400"
"353","2007-07-26","4等","34872","9100"
"353","2007-07-26","5等","557065","1000"
"354","2007-08-02","1等","4","86609200"
"354","2007-08-02","2等","14","22270700"
"354","2007-08-02","3等","526","711300"
"354","2007-08-02","4等","25183","13100"
"354","2007-08-02","5等","445362","1000"
"355","2007-08-09","1等","1","200000000"
"355","2007-08-09","2等","9","32930700"
"355","2007-08-09","3等","513","693200"
"355","2007-08-09","4等","26928","11600"
"355","2007-08-09","5等","464452","1000"
"356","2007-08-16","1等","8","57225400"
"356","2007-08-16","2等","50","5912800"
"356","2007-08-16","3等","1333","266100"
"356","2007-08-16","4等","52813","5900"
"356","2007-08-16","5等","707934","1000"
"357","2007-08-23","1等","2","159167600"
"357","2007-08-23","2等","22","13022600"
"357","2007-08-23","3等","624","550900"
"357","2007-08-23","4等","36294","8300"
"357","2007-08-23","5等","573760","1000"
"358","2007-08-30","1等","5","74317800"
"358","2007-08-30","2等","12","27868900"
"358","2007-08-30","3等","346","1159800"
"358","2007-08-30","4等","21223","16600"
"358","2007-08-30","5等","391588","1000"
"359","2007-09-06","1等","7","44620000"
"359","2007-09-06","2等","22","12777400"
"359","2007-09-06","3等","900","374800"
"359","2007-09-06","4等","40487","7300"
"359","2007-09-06","5等","592367","1000"
"360","2007-09-13","1等","3","109515400"
"360","2007-09-13","2等","23","12856000"
"360","2007-09-13","3等","633","560500"
"360","2007-09-13","4等","34354","9100"
"360","2007-09-13","5等","523482","1000"
"361","2007-09-20","1等","1","200000000"
"361","2007-09-20","2等","14","22837500"
"361","2007-09-20","3等","338","1135100"
"361","2007-09-20","4等","21817","15500"
"361","2007-09-20","5等","395746","1000"
"362","2007-09-27","1等","1","400000000"
"362","2007-09-27","2等","28","12880600"
"362","2007-09-27","3等","849","509700"
"362","2007-09-27","4等","41017","9300"
"362","2007-09-27","5等","608688","1000"
"363","2007-10-04","1等","4","135647000"
"363","2007-10-04","2等","20","17396800"
"363","2007-10-04","3等","1014","411700"
"363","2007-10-04","4等","49696","7400"
"363","2007-10-04","5等","754674","1000"
"364","2007-10-11","1等","1","200000000"
"364","2007-10-11","2等","17","17129400"
"364","2007-10-11","3等","819","426600"
"364","2007-10-11","4等","38583","7900"
"364","2007-10-11","5等","584167","1000"
"365","2007-10-18","1等","8","65370900"
"365","2007-10-18","2等","30","11982100"
"365","2007-10-18","3等","951","453500"
"365","2007-10-18","4等","41249","9200"
"365","2007-10-18","5等","609966","1000"
"366","2007-10-25","1等","1","200000000"
"366","2007-10-25","2等","13","24194000"
"366","2007-10-25","3等","478","789500"
"366","2007-10-25","4等","28345","11700"
"366","2007-10-25","5等","508386","1000"
"367","2007-11-01","1等","0","0"
"367","2007-11-01","2等","15","25449900"
"367","2007-11-01","3等","670","683700"
"367","2007-11-01","4等","30982","13000"
"367","2007-11-01","5等","539183","1000"
"368","2007-11-08","1等","7","162710200"
"368","2007-11-08","2等","50","10175800"
"368","2007-11-08","3等","1185","515200"
"368","2007-11-08","4等","54987","9700"
"368","2007-11-08","5等","833762","1000"
"369","2007-11-15","1等","2","175763000"
"369","2007-11-15","2等","24","13182100"
"369","2007-11-15","3等","1074","353400"
"369","2007-11-15","4等","50069","6600"
"369","2007-11-15","5等","707811","1000"
"370","2007-11-22","1等","3","122240300"
"370","2007-11-22","2等","12","27503800"
"370","2007-11-22","3等","567","698500"
"370","2007-11-22","4等","33415","10400"
"370","2007-11-22","5等","561326","1000"
"371","2007-11-29","1等","2","187511200"
"371","2007-11-29","2等","16","21094800"
"371","2007-11-29","3等","671","603600"
"371","2007-11-29","4等","33706","10500"
"371","2007-11-29","5等","511210","1000"
"372","2007-12-06","1等","7","49670900"
"372","2007-12-06","2等","44","7111900"
"372","2007-12-06","3等","895","419500"
"372","2007-12-06","4等","39608","8300"
"372","2007-12-06","5等","581411","1000"
"373","2007-12-13","1等","2","183116900"
"373","2007-12-13","2等","13","25354400"
"373","2007-12-13","3等","639","618900"
"373","2007-12-13","4等","28539","12200"
"373","2007-12-13","5等","496127","1000"
"374","2007-12-20","1等","1","200000000"
"374","2007-12-20","2等","8","41993100"
"374","2007-12-20","3等","614","656500"
"374","2007-12-20","4等","30089","11800"
"374","2007-12-20","5等","516313","1000"
"375","2007-12-27","1等","7","85281700"
"375","2007-12-27","2等","27","14123000"
"375","2007-12-27","3等","1005","455300"
"375","2007-12-27","4等","51103","7800"
"375","2007-12-27","5等","790808","1000"
"376","2008-01-10","1等","1","200000000"
"376","2008-01-10","2等","13","29714200"
"376","2008-01-10","3等","574","807500"
"376","2008-01-10","4等","30153","13500"
"376","2008-01-10","5等","523665","1000"
"377","2008-01-17","1等","3","229941100"
"377","2008-01-17","2等","17","24385200"
"377","2008-01-17","3等","971","512300"
"377","2008-01-17","4等","45375","9600"
"377","2008-01-17","5等","721998","1000"
"378","2008-01-24","1等","0","0"
"378","2008-01-24","2等","17","19782900"
"378","2008-01-24","3等","594","679400"
"378","2008-01-24","4等","31661","11200"
"378","2008-01-24","5等","554038","1000"
"379","2008-01-31","1等","2","400000000"
"379","2008-01-31","2等","36","12746400"
"379","2008-01-31","3等","1143","481700"
"379","2008-01-31","4等","55878","8600"
"379","2008-01-31","5等","823269","1000"
"380","2008-02-07","1等","1","400000000"
"380","2008-02-07","2等","13","32601500"
"380","2008-02-07","3等","527","965000"
"380","2008-02-07","4等","33075","13500"
"380","2008-02-07","5等","600042","1000"
"381","2008-02-14","1等","1","400000000"
"381","2008-02-14","2等","27","15403100"
"381","2008-02-14","3等","1048","476200"
"381","2008-02-14","4等","48892","9000"
"381","2008-02-14","5等","713287","1000"
"382","2008-02-21","1等","5","145712100"
"382","2008-02-21","2等","31","14864500"
"382","2008-02-21","3等","943","586300"
"382","2008-02-21","4等","44725","10900"
"382","2008-02-21","5等","698390","1000"
"383","2008-02-28","1等","1","200000000"
"383","2008-02-28","2等","18","17852900"
"383","2008-02-28","3等","985","391400"
"383","2008-02-28","4等","48560","7000"
"383","2008-02-28","5等","736718","1000"
"384","2008-03-06","1等","2","315257400"
"384","2008-03-06","2等","14","30435900"
"384","2008-03-06","3等","682","749700"
"384","2008-03-06","4等","36073","12500"
"384","2008-03-06","5等","617720","1000"
"385","2008-03-13","1等","1","200000000"
"385","2008-03-13","2等","14","26707200"
"385","2008-03-13","3等","442","1015100"
"385","2008-03-13","4等","23648","16700"
"385","2008-03-13","5等","428575","1000"
"386","2008-03-20","1等","7","84544000"
"386","2008-03-20","2等","39","8685100"
"386","2008-03-20","3等","1163","349400"
"386","2008-03-20","4等","52595","6800"
"386","2008-03-20","5等","777811","1000"
"387","2008-03-27","1等","4","92433900"
"387","2008-03-27","2等","27","12324400"
"387","2008-03-27","3等","750","532400"
"387","2008-03-27","4等","34279","10200"
"387","2008-03-27","5等","562244","1000"
"388","2008-04-03","1等","2","178489700"
"388","2008-04-03","2等","24","13386600"
"388","2008-04-03","3等","649","594000"
"388","2008-04-03","4等","34951","9700"
"388","2008-04-03","5等","560245","1000"
"389","2008-04-10","1等","5","69907800"
"389","2008-04-10","2等","26","12099300"
"389","2008-04-10","3等","552","683800"
"389","2008-04-10","4等","33082","10000"
"389","2008-04-10","5等","542637","1000"
"390","2008-04-17","1等","4","89878900"
"390","2008-04-17","2等","13","24889300"
"390","2008-04-17","3等","793","489600"
"390","2008-04-17","4等","34466","9900"
"390","2008-04-17","5等","540062","1000"
"391","2008-04-24","1等","3","114851700"
"391","2008-04-24","2等","15","20673100"
"391","2008-04-24","3等","710","524100"
"391","2008-04-24","4等","36002","9100"
"391","2008-04-24","5等","571704","1000"
"392","2008-05-01","1等","6","56764100"
"392","2008-05-01","2等","38","8066400"
"392","2008-05-01","3等","920","399800"
"392","2008-05-01","4等","39058","8300"
"392","2008-05-01","5等","575670","1000"
"393","2008-05-08","1等","2","173104900"
"393","2008-05-08","2等","13","23968100"
"393","2008-05-08","3等","780","479300"
"393","2008-05-08","4等","35152","9300"
"393","2008-05-08","5等","508467","1000"
"394","2008-05-15","1等","0","0"
"394","2008-05-15","2等","7","46299800"
"394","2008-05-15","3等","483","805200"
"394","2008-05-15","4等","26149","13100"
"394","2008-05-15","5等","460263","1000"
"395","2008-05-22","1等","0","0"
"395","2008-05-22","2等","11","37036400"
"395","2008-05-22","3等","524","932900"
"395","2008-05-22","4等","31179","13800"
"395","2008-05-22","5等","577940","1000"
"396","2008-05-29","1等","6","235393800"
"396","2008-05-29","2等","57","9466900"
"396","2008-05-29","3等","1300","498100"
"396","2008-05-29","4等","57709","9800"
"396","2008-05-29","5等","867064","1000"
"397","2008-06-05","1等","1","200000000"
"397","2008-06-05","2等","13","24928000"
"397","2008-06-05","3等","583","667000"
"397","2008-06-05","4等","32626","10500"
"397","2008-06-05","5等","534661","1000"
"398","2008-06-12","1等","1","400000000"
"398","2008-06-12","2等","15","27280400"
"398","2008-06-12","3等","472","1040300"
"398","2008-06-12","4等","25960","16600"
"398","2008-06-12","5等","493826","1000"
"399","2008-06-19","1等","5","130837500"
"399","2008-06-19","2等","20","19774400"
"399","2008-06-19","3等","927","511900"
"399","2008-06-19","4等","45178","9200"
"399","2008-06-19","5等","695851","1000"
"400","2008-06-26","1等","4","91116600"
"400","2008-06-26","2等","31","10581100"
"400","2008-06-26","3等","1138","345800"
"400","2008-06-26","4等","40139","8600"
"400","2008-06-26","5等","603603","1000"
"401","2008-07-03","1等","8","46775300"
"401","2008-07-03","2等","15","22451900"
"401","2008-07-03","3等","784","515400"
"401","2008-07-03","4等","36074","9800"
"401","2008-07-03","5等","552114","1000"
"402","2008-07-10","1等","2","177704700"
"402","2008-07-10","2等","16","19991600"
"402","2008-07-10","3等","807","475600"
"402","2008-07-10","4等","41087","8200"
"402","2008-07-10","5等","639725","1000"
"403","2008-07-17","1等","1","200000000"
"403","2008-07-17","2等","21","15475500"
"403","2008-07-17","3等","661","589900"
"403","2008-07-17","4等","34065","10000"
"403","2008-07-17","5等","559457","1000"
"404","2008-07-24","1等","4","139117700"
"404","2008-07-24","2等","31","11478400"
"404","2008-07-24","3等","817","522600"
"404","2008-07-24","4等","37294","10000"
"404","2008-07-24","5等","584518","1000"
"405","2008-07-31","1等","2","175637000"
"405","2008-07-31","2等","26","12159300"
"405","2008-07-31","3等","794","477700"
"405","2008-07-31","4等","37151","9000"
"405","2008-07-31","5等","550150","1000"
"406","2008-08-07","1等","0","0"
"406","2008-08-07","2等","13","24185000"
"406","2008-08-07","3等","463","814800"
"406","2008-08-07","4等","28100","11800"
"406","2008-08-07","5等","479977","1000"
"407","2008-08-14","1等","3","250783000"
"407","2008-08-14","2等","15","24180100"
"407","2008-08-14","3等","1034","420900"
"407","2008-08-14","4等","46317","8200"
"407","2008-08-14","5等","663076","1000"
"408","2008-08-21","1等","1","200000000"
"408","2008-08-21","2等","14","22106300"
"408","2008-08-21","3等","766","484800"
"408","2008-08-21","4等","36282","9000"
"408","2008-08-21","5等","616372","1000"
"409","2008-08-28","1等","6","88449700"
"409","2008-08-28","2等","44","7912100"
"409","2008-08-28","3等","1497","279000"
"409","2008-08-28","4等","59388","6200"
"409","2008-08-28","5等","805669","1000"
"410","2008-09-04","1等","1","200000000"
"410","2008-09-04","2等","14","25676500"
"410","2008-09-04","3等","431","1000800"
"410","2008-09-04","4等","25714","14700"
"410","2008-09-04","5等","453564","1000"
"411","2008-09-11","1等","2","320327800"
"411","2008-09-11","2等","20","19855500"
"411","2008-09-11","3等","701","679700"
"411","2008-09-11","4等","36100","11600"
"411","2008-09-11","5等","613991","1000"
"412","2008-09-18","1等","2","174393800"
"412","2008-09-18","2等","13","24146600"
"412","2008-09-18","3等","1020","369300"
"412","2008-09-18","4等","47886","6900"
"412","2008-09-18","5等","596846","1000"
"413","2008-09-25","1等","2","176762900"
"413","2008-09-25","2等","23","13833400"
"413","2008-09-25","3等","866","440800"
"413","2008-09-25","4等","39779","8400"
"413","2008-09-25","5等","558027","1000"
"414","2008-10-02","1等","9","37013100"
"414","2008-10-02","2等","42","7138100"
"414","2008-10-02","3等","2060","174600"
"414","2008-10-02","4等","59174","5300"
"414","2008-10-02","5等","633819","1000"
"415","2008-10-09","1等","3","122294100"
"415","2008-10-09","2等","14","23585000"
"415","2008-10-09","3等","438","904600"
"415","2008-10-09","4等","29361","11900"
"415","2008-10-09","5等","455941","1000"
"416","2008-10-16","1等","4","83817100"
"416","2008-10-16","2等","37","8155100"
"416","2008-10-16","3等","754","480200"
"416","2008-10-16","4等","37629","8400"
"416","2008-10-16","5等","582514","1000"
"417","2008-10-23","1等","7","47161500"
"417","2008-10-23","2等","18","16506300"
"417","2008-10-23","3等","886","402400"
"417","2008-10-23","4等","38587","8100"
"417","2008-10-23","5等","587511","1000"
"418","2008-10-30","1等","5","68409400"
"418","2008-10-30","2等","21","14659000"
"418","2008-10-30","3等","1006","367200"
"418","2008-10-30","4等","41911","7700"
"418","2008-10-30","5等","617490","1000"
"419","2008-11-06","1等","6","56856200"
"419","2008-11-06","2等","22","13955400"
"419","2008-11-06","3等","894","412100"
"419","2008-11-06","4等","38618","8400"
"419","2008-11-06","5等","595766","1000"
"420","2008-11-13","1等","1","200000000"
"420","2008-11-13","2等","16","20174900"
"420","2008-11-13","3等","670","578100"
"420","2008-11-13","4等","27695","12300"
"420","2008-11-13","5等","489704","1000"
"421","2008-11-20","1等","0","0"
"421","2008-11-20","2等","17","21128600"
"421","2008-11-20","3等","788","546900"
"421","2008-11-20","4等","41588","9100"
"421","2008-11-20","5等","627824","1000"
"422","2008-11-27","1等","6","175377500"
"422","2008-11-27","2等","27","16483000"
"422","2008-11-27","3等","1102","484600"
"422","2008-11-27","4等","54825","8500"
"422","2008-11-27","5等","851502","1000"
"423","2008-12-04","1等","7","54458300"
"423","2008-12-04","2等","12","28590300"
"423","2008-12-04","3等","752","547400"
"423","2008-12-04","4等","30415","11900"
"423","2008-12-04","5等","517971","1000"
"424","2008-12-11","1等","5","73205100"
"424","2008-12-11","2等","22","14973600"
"424","2008-12-11","3等","774","510700"
"424","2008-12-11","4等","37821","9200"
"424","2008-12-11","5等","575531","1000"
"425","2008-12-18","1等","3","126522400"
"425","2008-12-18","2等","23","14852500"
"425","2008-12-18","3等","605","677500"
"425","2008-12-18","4等","33552","10700"
"425","2008-12-18","5等","554135","1000"
"426","2008-12-25","1等","0","0"
"426","2008-12-25","2等","16","21366100"
"426","2008-12-25","3等","660","621500"
"426","2008-12-25","4等","34273","10500"
"426","2008-12-25","5等","595051","1000"
"427","2009-01-08","1等","1","400000000"
"427","2009-01-08","2等","23","20406200"
"427","2009-01-08","3等","1055","533800"
"427","2009-01-08","4等","55227","8900"
"427","2009-01-08","5等","864421","1000"
"428","2009-01-15","1等","2","400000000"
"428","2009-01-15","2等","20","25168300"
"428","2009-01-15","3等","723","835400"
"428","2009-01-15","4等","39419","13500"
"428","2009-01-15","5等","690385","1000"
"429","2009-01-22","1等","6","124626900"
"429","2009-01-22","2等","39","11241000"
"429","2009-01-22","3等","1285","409400"
"429","2009-01-22","4等","51221","9000"
"429","2009-01-22","5等","730912","1000"
"430","2009-01-29","1等","9","45402100"
"430","2009-01-29","2等","17","21632600"
"430","2009-01-29","3等","957","461100"
"430","2009-01-29","4等","35788","10800"
"430","2009-01-29","5等","551549","1000"
"431","2009-02-05","1等","5","80148800"
"431","2009-02-05","2等","21","17174500"
"431","2009-02-05","3等","713","607000"
"431","2009-02-05","4等","34548","11000"
"431","2009-02-05","5等","546187","1000"
"432","2009-02-12","1等","1","200000000"
"432","2009-02-12","2等","15","23773300"
"432","2009-02-12","3等","585","731400"
"432","2009-02-12","4等","29792","12600"
"432","2009-02-12","5等","506914","1000"
"433","2009-02-19","1等","2","311043700"
"433","2009-02-19","2等","26","14741200"
"433","2009-02-19","3等","994","462700"
"433","2009-02-19","4等","46531","8700"
"433","2009-02-19","5等","711769","1000"
"434","2009-02-26","1等","2","177908600"
"434","2009-02-26","2等","19","16854300"
"434","2009-02-26","3等","886","433700"
"434","2009-02-26","4等","42418","7900"
"434","2009-02-26","5等","644439","1000"
"435","2009-03-05","1等","5","68935600"
"435","2009-03-05","2等","45","6893500"
"435","2009-03-05","3等","1546","240700"
"435","2009-03-05","4等","45704","7100"
"435","2009-03-05","5等","658184","1000"
"436","2009-03-12","1等","12","28645400"
"436","2009-03-12","2等","37","8361200"
"436","2009-03-12","3等","1208","307300"
"436","2009-03-12","4等","45875","7100"
"436","2009-03-12","5等","621114","1000"
"437","2009-03-19","1等","1","200000000"
"437","2009-03-19","2等","16","19692500"
"437","2009-03-19","3等","693","545500"
"437","2009-03-19","4等","34009","9800"
"437","2009-03-19","5等","556602","1000"
"438","2009-03-26","1等","3","180663800"
"438","2009-03-26","2等","14","25193200"
"438","2009-03-26","3等","951","445000"
"438","2009-03-26","4等","45468","8200"
"438","2009-03-26","5等","691145","1000"
"439","2009-04-02","1等","1","200000000"
"439","2009-04-02","2等","16","21044500"
"439","2009-04-02","3等","573","705100"
"439","2009-04-02","4等","28892","12300"
"439","2009-04-02","5等","482658","1000"
"440","2009-04-09","1等","2","290149600"
"440","2009-04-09","2等","25","14622000"
"440","2009-04-09","3等","716","612600"
"440","2009-04-09","4等","40743","9400"
"440","2009-04-09","5等","643678","1000"
"441","2009-04-16","1等","1","200000000"
"441","2009-04-16","2等","18","19137800"
"441","2009-04-16","3等","527","784300"
"441","2009-04-16","4等","27717","13100"
"441","2009-04-16","5等","472470","1000"
"442","2009-04-23","1等","2","307923300"
"442","2009-04-23","2等","18","21654100"
"442","2009-04-23","3等","565","827800"
"442","2009-04-23","4等","31873","12900"
"442","2009-04-23","5等","566012","1000"
"443","2009-04-30","1等","3","119517000"
"443","2009-04-30","2等","22","14667800"
"443","2009-04-30","3等","668","579600"
"443","2009-04-30","4等","33437","10200"
"443","2009-04-30","5等","526918","1000"
"444","2009-05-07","1等","7","46888600"
"444","2009-05-07","2等","27","10940500"
"444","2009-05-07","3等","983","360600"
"444","2009-05-07","4等","39187","7900"
"444","2009-05-07","5等","552693","1000"
"445","2009-05-14","1等","3","121570500"
"445","2009-05-14","2等","23","14271200"
"445","2009-05-14","3等","537","733400"
"445","2009-05-14","4等","27326","12700"
"445","2009-05-14","5等","479442","1000"
"446","2009-05-21","1等","8","38559600"
"446","2009-05-21","2等","22","12619400"
"446","2009-05-21","3等","1150","289600"
"446","2009-05-21","4等","45655","6400"
"446","2009-05-21","5等","641644","1000"
"447","2009-05-28","1等","4","88208400"
"447","2009-05-28","2等","11","28867900"
"447","2009-05-28","3等","616","618500"
"447","2009-05-28","4等","27727","12100"
"447","2009-05-28","5等","455019","1000"
"448","2009-06-04","1等","0","0"
"448","2009-06-04","2等","7","44068800"
"448","2009-06-04","3等","554","668100"
"448","2009-06-04","4等","29409","11100"
"448","2009-06-04","5等","483768","1000"
"449","2009-06-11","1等","3","267032600"
"449","2009-06-11","2等","16","25781200"
"449","2009-06-11","3等","683","724700"
"449","2009-06-11","4等","36443","11900"
"449","2009-06-11","5等","601680","1000"
"450","2009-06-18","1等","2","187581700"
"450","2009-06-18","2等","14","24117400"
"450","2009-06-18","3等","396","1023100"
"450","2009-06-18","4等","23306","15300"
"450","2009-06-18","5等","414549","1000"
"451","2009-06-25","1等","3","115968300"
"451","2009-06-25","2等","16","19569400"
"451","2009-06-25","3等","672","559100"
"451","2009-06-25","4等","33718","9800"
"451","2009-06-25","5等","534015","1000"
"452","2009-07-02","1等","1","200000000"
"452","2009-07-02","2等","15","21293200"
"452","2009-07-02","3等","585","655100"
"452","2009-07-02","4等","29210","11500"
"452","2009-07-02","5等","506996","1000"
"453","2009-07-09","1等","4","139198600"
"453","2009-07-09","2等","25","14468400"
"453","2009-07-09","3等","931","466200"
"453","2009-07-09","4等","44299","8600"
"453","2009-07-09","5等","651172","1000"
"454","2009-07-16","1等","2","172374800"
"454","2009-07-16","2等","20","15513500"
"454","2009-07-16","3等","647","575400"
"454","2009-07-16","4等","31999","10200"
"454","2009-07-16","5等","500547","1000"
"455","2009-07-23","1等","0","0"
"455","2009-07-23","2等","5","62079200"
"455","2009-07-23","3等","437","852300"
"455","2009-07-23","4等","24797","13200"
"455","2009-07-23","5等","452045","1000"
"456","2009-07-30","1等","6","124171600"
"456","2009-07-30","2等","24","15005200"
"456","2009-07-30","3等","1314","328800"
"456","2009-07-30","4等","55534","6800"
"456","2009-07-30","5等","792400","1000"
"457","2009-08-06","1等","0","0"
"457","2009-08-06","2等","8","40109000"
"457","2009-08-06","3等","489","787400"
"457","2009-08-06","4等","24966","13600"
"457","2009-08-06","5等","428542","1000"
"458","2009-08-13","1等","2","389430700"
"458","2009-08-13","2等","20","19004800"
"458","2009-08-13","3等","685","665800"
"458","2009-08-13","4等","34662","11600"
"458","2009-08-13","5等","582183","1000"
"459","2009-08-20","1等","5","66346300"
"459","2009-08-20","2等","42","7108400"
"459","2009-08-20","3等","780","459300"
"459","2009-08-20","4等","36390","8600"
"459","2009-08-20","5等","568589","1000"
"460","2009-08-27","1等","2","181193700"
"460","2009-08-27","2等","21","15530700"
"460","2009-08-27","3等","527","742600"
"460","2009-08-27","4等","29732","11600"
"460","2009-08-27","5等","489513","1000"
"461","2009-09-03","1等","1","200000000"
"461","2009-09-03","2等","23","13910200"
"461","2009-09-03","3等","523","734000"
"461","2009-09-03","4等","28639","11800"
"461","2009-09-03","5等","479736","1000"
"462","2009-09-10","1等","1","400000000"
"462","2009-09-10","2等","17","21944700"
"462","2009-09-10","3等","773","579100"
"462","2009-09-10","4等","38897","10100"
"462","2009-09-10","5等","647761","1000"
"463","2009-09-17","1等","2","302909200"
"463","2009-09-17","2等","14","28016500"
"463","2009-09-17","3等","818","575400"
"463","2009-09-17","4等","41645","9900"
"463","2009-09-17","5等","635813","1000"
"464","2009-09-24","1等","3","115943100"
"464","2009-09-24","2等","21","14906800"
"464","2009-09-24","3等","915","410500"
"464","2009-09-24","4等","28852","11400"
"464","2009-09-24","5等","488662","1000"
"465","2009-10-01","1等","1","200000000"
"465","2009-10-01","2等","32","9949200"
"465","2009-10-01","3等","630","606400"
"465","2009-10-01","4等","30298","11100"
"465","2009-10-01","5等","522761","1000"
"466","2009-10-08","1等","2","282223000"
"466","2009-10-08","2等","18","20534400"
"466","2009-10-08","3等","535","829000"
"466","2009-10-08","4等","29725","13100"
"466","2009-10-08","5等","500368","1000"
"467","2009-10-15","1等","1","200000000"
"467","2009-10-15","2等","15","21702200"
"467","2009-10-15","3等","460","849200"
"467","2009-10-15","4等","25724","13300"
"467","2009-10-15","5等","445377","1000"
"468","2009-10-22","1等","6","96632000"
"468","2009-10-22","2等","20","18813600"
"468","2009-10-22","3等","781","578100"
"468","2009-10-22","4等","35937","11000"
"468","2009-10-22","5等","589401","1000"
"469","2009-10-29","1等","1","200000000"
"469","2009-10-29","2等","22","14546600"
"469","2009-10-29","3等","606","633700"
"469","2009-10-29","4等","33186","10200"
"469","2009-10-29","5等","502816","1000"
"470","2009-11-05","1等","3","190687700"
"470","2009-11-05","2等","18","20823600"
"470","2009-11-05","3等","1011","444800"
"470","2009-11-05","4等","41797","9400"
"470","2009-11-05","5等","653213","1000"
"471","2009-11-12","1等","1","200000000"
"471","2009-11-12","2等","29","10804300"
"471","2009-11-12","3等","778","483200"
"471","2009-11-12","4等","33456","9900"
"471","2009-11-12","5等","528544","1000"
"472","2009-11-19","1等","5","108556500"
"472","2009-11-19","2等","33","10762700"
"472","2009-11-19","3等","1041","409400"
"472","2009-11-19","4等","39885","9400"
"472","2009-11-19","5等","619200","1000"
"473","2009-11-26","1等","4","86978400"
"473","2009-11-26","2等","13","24086100"
"473","2009-11-26","3等","695","540600"
"473","2009-11-26","4等","33576","9800"
"473","2009-11-26","5等","524208","1000"
"474","2009-12-03","1等","4","84734500"
"474","2009-12-03","2等","10","30504100"
"474","2009-12-03","3等","637","574600"
"474","2009-12-03","4等","31955","10100"
"474","2009-12-03","5等","547231","1000"
"475","2009-12-10","1等","5","66677900"
"475","2009-12-10","2等","19","15792000"
"475","2009-12-10","3等","705","510700"
"475","2009-12-10","4等","36640","8600"
"475","2009-12-10","5等","588651","1000"
"476","2009-12-17","1等","5","69405900"
"476","2009-12-17","2等","21","14872500"
"476","2009-12-17","3等","795","471400"
"476","2009-12-17","4等","37257","8800"
"476","2009-12-17","5等","561557","1000"
"477","2009-12-24","1等","2","185142100"
"477","2009-12-24","2等","10","33325200"
"477","2009-12-24","3等","540","740500"
"477","2009-12-24","4等","28238","12400"
"477","2009-12-24","5等","511958","1000"
"478","2010-01-07","1等","4","97985600"
"478","2010-01-07","2等","22","16033800"
"478","2010-01-07","3等","767","551800"
"478","2010-01-07","4等","37199","10000"
"478","2010-01-07","5等","609892","1000"
"479","2010-01-14","1等","0","0"
"479","2010-01-14","2等","23","13073000"
"479","2010-01-14","3等","687","525200"
"479","2010-01-14","4等","36853","8600"
"479","2010-01-14","5等","581499","1000"
"480","2010-01-21","1等","5","162529400"
"480","2010-01-21","2等","26","16565200"
"480","2010-01-21","3等","1076","480300"
"480","2010-01-21","4等","48210","9400"
"480","2010-01-21","5等","740131","1000"
"481","2010-01-28","1等","7","52528600"
"481","2010-01-28","2等","24","13788600"
"481","2010-01-28","3等","860","461700"
"481","2010-01-28","4等","38137","9100"
"481","2010-01-28","5等","580328","1000"
"482","2010-02-04","1等","1","200000000"
"482","2010-02-04","2等","13","26667800"
"482","2010-02-04","3等","513","810900"
"482","2010-02-04","4等","29910","12200"
"482","2010-02-04","5等","463710","1000"
"483","2010-02-11","1等","5","117617400"
"483","2010-02-11","2等","20","18129500"
"483","2010-02-11","3等","1010","430800"
"483","2010-02-11","4等","44288","8600"
"483","2010-02-11","5等","663426","1000"
"484","2010-02-18","1等","0","0"
"484","2010-02-18","2等","15","22009400"
"484","2010-02-18","3等","609","650500"
"484","2010-02-18","4等","30517","11400"
"484","2010-02-18","5等","508117","1000"
"485","2010-02-25","1等","5","169451600"
"485","2010-02-25","2等","19","22757000"
"485","2010-02-25","3等","903","574500"
"485","2010-02-25","4等","47248","9600"
"485","2010-02-25","5等","691301","1000"
"486","2010-03-04","1等","2","183823800"
"486","2010-03-04","2等","18","18382200"
"486","2010-03-04","3等","523","759100"
"486","2010-03-04","4等","31618","11000"
"486","2010-03-04","5等","514756","1000"
"487","2010-03-11","1等","1","200000000"
"487","2010-03-11","2等","20","15434000"
"487","2010-03-11","3等","727","509500"
"487","2010-03-11","4等","36659","8900"
"487","2010-03-11","5等","554497","1000"
"488","2010-03-18","1等","6","95637700"
"488","2010-03-18","2等","10","38775600"
"488","2010-03-18","3等","635","732700"
"488","2010-03-18","4等","34446","11900"
"488","2010-03-18","5等","555668","1000"
"489","2010-03-25","1等","2","165569500"
"489","2010-03-25","2等","14","21287300"
"489","2010-03-25","3等","831","430300"
"489","2010-03-25","4等","34674","9000"
"489","2010-03-25","5等","560792","1000"
"490","2010-04-01","1等","9","38002200"
"490","2010-04-01","2等","21","14657800"
"490","2010-04-01","3等","1040","355100"
"490","2010-04-01","4等","39290","8200"
"490","2010-04-01","5等","548251","1000"
"491","2010-04-08","1等","2","175121000"
"491","2010-04-08","2等","10","31521500"
"491","2010-04-08","3等","623","607100"
"491","2010-04-08","4等","31498","10500"
"491","2010-04-08","5等","520813","1000"
"492","2010-04-15","1等","3","112832800"
"492","2010-04-15","2等","31","9827200"
"492","2010-04-15","3等","1475","247800"
"492","2010-04-15","4等","40740","7900"
"492","2010-04-15","5等","595137","1000"
"493","2010-04-22","1等","1","200000000"
"493","2010-04-22","2等","11","29693400"
"493","2010-04-22","3等","453","865200"
"493","2010-04-22","4等","25351","13600"
"493","2010-04-22","5等","459941","1000"
"494","2010-04-29","1等","2","275247400"
"494","2010-04-29","2等","31","11251900"
"494","2010-04-29","3等","825","507300"
"494","2010-04-29","4等","39322","9300"
"494","2010-04-29","5等","629143","1000"
"495","2010-05-06","1等","2","172205100"
"495","2010-05-06","2等","15","20664400"
"495","2010-05-06","3等","646","575700"
"495","2010-05-06","4等","30663","10700"
"495","2010-05-06","5等","492484","1000"
"496","2010-05-13","1等","2","174851300"
"496","2010-05-13","2等","15","20981900"
"496","2010-05-13","3等","605","624200"
"496","2010-05-13","4等","29750","11100"
"496","2010-05-13","5等","501377","1000"
"497","2010-05-20","1等","2","168004700"
"497","2010-05-20","2等","13","23261900"
"497","2010-05-20","3等","611","593900"
"497","2010-05-20","4等","29930","10600"
"497","2010-05-20","5等","503318","1000"
"498","2010-05-27","1等","3","122945500"
"498","2010-05-27","2等","6","55324900"
"498","2010-05-27","3等","452","881200"
"498","2010-05-27","4等","26401","13300"
"498","2010-05-27","5等","384562","1000"
"499","2010-06-03","1等","5","61831300"
"499","2010-06-03","2等","15","18549200"
"499","2010-06-03","3等","1206","276800"
"499","2010-06-03","4等","44506","6600"
"499","2010-06-03","5等","590564","1000"
"500","2010-06-10","1等","0","0"
"500","2010-06-10","2等","21","14132000"
"500","2010-06-10","3等","548","649800"
"500","2010-06-10","4等","29351","10700"
"500","2010-06-10","5等","481031","1000"
"501","2010-06-17","1等","3","250666200"
"501","2010-06-17","2等","36","10556000"
"501","2010-06-17","3等","1010","451500"
"501","2010-06-17","4等","46799","8500"
"501","2010-06-17","5等","705028","1000"
"502","2010-06-24","1等","3","112499300"
"502","2010-06-24","2等","20","15187200"
"502","2010-06-24","3等","659","553100"
"502","2010-06-24","4等","32333","9900"
"502","2010-06-24","5等","525645","1000"
"503","2010-07-01","1等","0","0"
"503","2010-07-01","2等","11","27705600"
"503","2010-07-01","3等","436","838700"
"503","2010-07-01","4等","28103","11400"
"503","2010-07-01","5等","507607","1000"
"504","2010-07-08","1等","2","389247400"
"504","2010-07-08","2等","10","39587600"
"504","2010-07-08","3等","751","632500"
"504","2010-07-08","4等","38256","10900"
"504","2010-07-08","5等","615282","1000"
"505","2010-07-15","1等","2","173454100"
"505","2010-07-15","2等","9","34690500"
"505","2010-07-15","3等","557","672600"
"505","2010-07-15","4等","26879","12200"
"505","2010-07-15","5等","456954","1000"
"506","2010-07-22","1等","1","200000000"
"506","2010-07-22","2等","14","19621900"
"506","2010-07-22","3等","784","420400"
"506","2010-07-22","4等","34034","8500"
"506","2010-07-22","5等","533818","1000"
"507","2010-07-29","1等","5","94246300"
"507","2010-07-29","2等","26","12669000"
"507","2010-07-29","3等","1054","375000"
"507","2010-07-29","4等","34848","10000"
"507","2010-07-29","5等","542243","1000"
"508","2010-08-05","1等","2","160256700"
"508","2010-08-05","2等","18","16025500"
"508","2010-08-05","3等","614","563700"
"508","2010-08-05","4等","28377","10700"
"508","2010-08-05","5等","460344","1000"
"509","2010-08-12","1等","8","33283400"
"509","2010-08-12","2等","21","11411300"
"509","2010-08-12","3等","902","318800"
"509","2010-08-12","4等","40130","6300"
"509","2010-08-12","5等","593453","1000"
"510","2010-08-19","1等","2","165406800"
"510","2010-08-19","2等","9","33081000"
"510","2010-08-19","3等","461","775000"
"510","2010-08-19","4等","24763","12700"
"510","2010-08-19","5等","419750","1000"
"511","2010-08-26","1等","1","200000000"
"511","2010-08-26","2等","16","18535400"
"511","2010-08-26","3等","592","601100"
"511","2010-08-26","4等","28539","11000"
"511","2010-08-26","5等","472151","1000"
"512","2010-09-02","1等","0","0"
"512","2010-09-02","2等","15","23500600"
"512","2010-09-02","3等","582","726800"
"512","2010-09-02","4等","30689","12100"
"512","2010-09-02","5等","538848","1000"
"513","2010-09-09","1等","2","400000000"
"513","2010-09-09","2等","22","20622800"
"513","2010-09-09","3等","976","557800"
"513","2010-09-09","4等","46255","10300"
"513","2010-09-09","5等","770956","1000"
"514","2010-09-16","1等","4","162511800"
"514","2010-09-16","2等","16","23890600"
"514","2010-09-16","3等","640","716700"
"514","2010-09-16","4等","47295","8500"
"514","2010-09-16","5等","673230","1000"
"515","2010-09-23","1等","2","158927600"
"515","2010-09-23","2等","10","28606700"
"515","2010-09-23","3等","661","519300"
"515","2010-09-23","4等","29270","10300"
"515","2010-09-23","5等","505092","1000"
"516","2010-09-30","1等","7","47592700"
"516","2010-09-30","2等","17","17637100"
"516","2010-09-30","3等","762","472100"
"516","2010-09-30","4等","33029","9600"
"516","2010-09-30","5等","503159","1000"
"517","2010-10-07","1等","5","63548100"
"517","2010-10-07","2等","21","13617300"
"517","2010-10-07","3等","737","465600"
"517","2010-10-07","4等","37626","8000"
"517","2010-10-07","5等","557666","1000"
"518","2010-10-14","1等","0","0"
"518","2010-10-14","2等","330","955500"
"518","2010-10-14","3等","486","778500"
"518","2010-10-14","4等","20963","15900"
"518","2010-10-14","5等","373291","1000"
"519","2010-10-21","1等","1","400000000"
"519","2010-10-21","2等","13","29071700"
"519","2010-10-21","3等","856","529800"
"519","2010-10-21","4等","40120","9900"
"519","2010-10-21","5等","644369","1000"
"520","2010-10-28","1等","2","390605500"
"520","2010-10-28","2等","13","28448700"
"520","2010-10-28","3等","792","560300"
"520","2010-10-28","4等","43020","9100"
"520","2010-10-28","5等","684805","1000"
"521","2010-11-04","1等","3","108565700"
"521","2010-11-04","2等","15","19541600"
"521","2010-11-04","3等","854","411800"
"521","2010-11-04","4等","36284","8500"
"521","2010-11-04","5等","551976","1000"
"522","2010-11-11","1等","1","200000000"
"522","2010-11-11","2等","26","10922600"
"522","2010-11-11","3等","779","437400"
"522","2010-11-11","4等","40635","7300"
"522","2010-11-11","5等","597221","1000"
"523","2010-11-18","1等","2","254076500"
"523","2010-11-18","2等","10","35334200"
"523","2010-11-18","3等","582","728500"
"523","2010-11-18","4等","31665","11800"
"523","2010-11-18","5等","565950","1000"
"524","2010-11-25","1等","3","111882600"
"524","2010-11-25","2等","17","17769400"
"524","2010-11-25","3等","599","605100"
"524","2010-11-25","4等","29855","10700"
"524","2010-11-25","5等","501421","1000"
"525","2010-12-02","1等","2","164193200"
"525","2010-12-02","2等","12","24628700"
"525","2010-12-02","3等","708","500900"
"525","2010-12-02","4等","34702","9000"
"525","2010-12-02","5等","529471","1000"
"526","2010-12-09","1等","6","50949600"
"526","2010-12-09","2等","23","11961900"
"526","2010-12-09","3等","722","457200"
"526","2010-12-09","4等","38359","7500"
"526","2010-12-09","5等","605650","1000"
"527","2010-12-16","1等","12","26477800"
"527","2010-12-16","2等","21","13617000"
"527","2010-12-16","3等","978","350800"
"527","2010-12-16","4等","41474","7200"
"527","2010-12-16","5等","608545","1000"
"528","2010-12-23","1等","3","108386000"
"528","2010-12-23","2等","23","12723400"
"528","2010-12-23","3等","728","482300"
"528","2010-12-23","4等","36119","8500"
"528","2010-12-23","5等","550831","1000"
"529","2010-12-30","1等","3","113263900"
"529","2010-12-30","2等","12","25484100"
"529","2010-12-30","3等","518","708400"
"529","2010-12-30","4等","28120","11500"
"529","2010-12-30","5等","468235","1000"
"530","2011-01-06","1等","2","147676000"
"530","2011-01-06","2等","5","53162900"
"530","2011-01-06","3等","476","670100"
"530","2011-01-06","4等","24189","11600"
"530","2011-01-06","5等","418573","1000"
"531","2011-01-13","1等","4","78364400"
"531","2011-01-13","2等","39","7233500"
"531","2011-01-13","3等","936","361600"
"531","2011-01-13","4等","38907","7600"
"531","2011-01-13","5等","552027","1000"
"532","2011-01-20","1等","4","84134600"
"532","2011-01-20","2等","10","30288200"
"532","2011-01-20","3等","430","845200"
"532","2011-01-20","4等","24751","12900"
"532","2011-01-20","5等","454581","1000"
"533","2011-01-27","1等","0","0"
"533","2011-01-27","2等","15","20285000"
"533","2011-01-27","3等","587","622000"
"533","2011-01-27","4等","27959","11500"
"533","2011-01-27","5等","471181","1000"
"534","2011-02-03","1等","3","260126800"
"534","2011-02-03","2等","24","16585800"
"534","2011-02-03","3等","813","587500"
"534","2011-02-03","4等","40087","10500"
"534","2011-02-03","5等","653340","1000"
"535","2011-02-10","1等","2","158577900"
"535","2011-02-10","2等","27","10571700"
"535","2011-02-10","3等","858","399200"
"535","2011-02-10","4等","42184","7100"
"535","2011-02-10","5等","599533","1000"
"536","2011-02-17","1等","3","106394100"
"536","2011-02-17","2等","19","15119000"
"536","2011-02-17","3等","718","480100"
"536","2011-02-17","4等","37350","8100"
"536","2011-02-17","5等","583978","1000"
"537","2011-02-24","1等","4","82263100"
"537","2011-02-24","2等","30","9871400"
"537","2011-02-24","3等","686","518000"
"537","2011-02-24","4等","33260","9400"
"537","2011-02-24","5等","523468","1000"
"538","2011-03-03","1等","6","47501800"
"538","2011-03-03","2等","23","11152500"
"538","2011-03-03","3等","1427","215700"
"538","2011-03-03","4等","52245","5100"
"538","2011-03-03","5等","670870","1000"
"539","2011-03-10","1等","3","100041200"
"539","2011-03-10","2等","25","10804300"
"539","2011-03-10","3等","721","449500"
"539","2011-03-10","4等","35375","8000"
"539","2011-03-10","5等","573008","1000"
"540","2011-03-17","1等","2","135523300"
"540","2011-03-17","2等","20","12196900"
"540","2011-03-17","3等","611","479000"
"540","2011-03-17","4等","25408","10100"
"540","2011-03-17","5等","397689","1000"
"541","2011-03-24","1等","2","147042700"
"541","2011-03-24","2等","15","17644900"
"541","2011-03-24","3等","558","569100"
"541","2011-03-24","4等","24726","11300"
"541","2011-03-24","5等","421564","1000"
"542","2011-03-31","1等","2","148400100"
"542","2011-03-31","2等","19","14058800"
"542","2011-03-31","3等","706","454000"
"542","2011-03-31","4等","33515","8400"
"542","2011-03-31","5等","486715","1000"
"543","2011-04-04","1等","1","200000000"
"543","2011-04-04","2等","6","32479200"
"543","2011-04-04","3等","284","823400"
"543","2011-04-04","4等","16246","12600"
"543","2011-04-04","5等","286262","1000"
"544","2011-04-07","1等","1","291430300"
"544","2011-04-07","2等","10","24740800"
"544","2011-04-07","3等","362","820100"
"544","2011-04-07","4等","21022","12400"
"544","2011-04-07","5等","349804","1000"
"545","2011-04-11","1等","5","43344900"
"545","2011-04-11","2等","8","24381300"
"545","2011-04-11","3等","644","363400"
"545","2011-04-11","4等","21390","9600"
"545","2011-04-11","5等","296841","1000"
"546","2011-04-14","1等","0","0"
"546","2011-04-14","2等","12","18929700"
"546","2011-04-14","3等","300","908600"
"546","2011-04-14","4等","17838","13400"
"546","2011-04-14","5等","292576","1000"
"547","2011-04-18","1等","1","400000000"
"547","2011-04-18","2等","21","11836000"
"547","2011-04-18","3等","493","605000"
"547","2011-04-18","4等","24120","10900"
"547","2011-04-18","5等","406685","1000"
"548","2011-04-21","1等","3","131851000"
"548","2011-04-21","2等","23","10446800"
"548","2011-04-21","3等","686","420300"
"548","2011-04-21","4等","30040","8400"
"548","2011-04-21","5等","453404","1000"
"549","2011-04-25","1等","2","103276900"
"549","2011-04-25","2等","16","11618500"
"549","2011-04-25","3等","521","428100"
"549","2011-04-25","4等","25412","7700"
"549","2011-04-25","5等","367194","1000"
"550","2011-04-28","1等","2","123179400"
"550","2011-04-28","2等","7","31674400"
"550","2011-04-28","3等","371","717100"
"550","2011-04-28","4等","19442","12000"
"550","2011-04-28","5等","334639","1000"
"551","2011-05-02","1等","2","111725000"
"551","2011-05-02","2等","8","25137900"
"551","2011-05-02","3等","258","935300"
"551","2011-05-02","4等","15142","14000"
"551","2011-05-02","5等","282252","1000"
"552","2011-05-05","1等","3","71653900"
"552","2011-05-05","2等","11","17587600"
"552","2011-05-05","3等","266","872700"
"552","2011-05-05","4等","14804","13800"
"552","2011-05-05","5等","262941","1000"
"553","2011-05-09","1等","0","0"
"553","2011-05-09","2等","16","10542800"
"553","2011-05-09","3等","729","277600"
"553","2011-05-09","4等","29564","6000"
"553","2011-05-09","5等","395440","1000"
"554","2011-05-12","1等","2","228838200"
"554","2011-05-12","2等","7","34745600"
"554","2011-05-12","3等","381","766000"
"554","2011-05-12","4等","21745","11800"
"554","2011-05-12","5等","374276","1000"
"555","2011-05-16","1等","2","104317600"
"555","2011-05-16","2等","10","18777000"
"555","2011-05-16","3等","263","856700"
"555","2011-05-16","4等","18339","10800"
"555","2011-05-16","5等","316443","1000"
"556","2011-05-19","1等","3","70910400"
"556","2011-05-19","2等","23","8324100"
"556","2011-05-19","3等","667","344400"
"556","2011-05-19","4等","26187","7700"
"556","2011-05-19","5等","370865","1000"
"557","2011-05-23","1等","4","49388600"
"557","2011-05-23","2等","7","25399600"
"557","2011-05-23","3等","453","470900"
"557","2011-05-23","4等","18740","10000"
"557","2011-05-23","5等","291498","1000"
"558","2011-05-26","1等","2","120430500"
"558","2011-05-26","2等","6","36128800"
"558","2011-05-26","3等","266","977900"
"558","2011-05-26","4等","14000","16300"
"558","2011-05-26","5等","261299","1000"
"559","2011-05-30","1等","1","196540700"
"559","2011-05-30","2等","7","25269300"
"559","2011-05-30","3等","449","472700"
"559","2011-05-30","4等","20192","9200"
"559","2011-05-30","5等","284616","1000"
"560","2011-06-02","1等","1","200000000"
"560","2011-06-02","2等","12","16641300"
"560","2011-06-02","3等","415","577400"
"560","2011-06-02","4等","19158","11000"
"560","2011-06-02","5等","310543","1000"
"561","2011-06-06","1等","2","127969000"
"561","2011-06-06","2等","13","16203300"
"561","2011-06-06","3等","330","765900"
"561","2011-06-06","4等","16911","13100"
"561","2011-06-06","5等","289532","1000"
"562","2011-06-09","1等","3","67477800"
"562","2011-06-09","2等","11","16562600"
"562","2011-06-09","3等","651","335800"
"562","2011-06-09","4等","27057","7100"
"562","2011-06-09","5等","377390","1000"
"563","2011-06-13","1等","2","97738500"
"563","2011-06-13","2等","9","19547500"
"563","2011-06-13","3等","265","796600"
"563","2011-06-13","4等","16392","11300"
"563","2011-06-13","5等","281145","1000"
"564","2011-06-16","1等","4","52001000"
"564","2011-06-16","2等","16","11700100"
"564","2011-06-16","3等","632","355400"
"564","2011-06-16","4等","25207","7800"
"564","2011-06-16","5等","365051","1000"
"565","2011-06-20","1等","3","63900800"
"565","2011-06-20","2等","8","21566300"
"565","2011-06-20","3等","381","543400"
"565","2011-06-20","4等","20021","9100"
"565","2011-06-20","5等","325544","1000"
"566","2011-06-23","1等","1","200000000"
"566","2011-06-23","2等","13","14792600"
"566","2011-06-23","3等","480","480700"
"566","2011-06-23","4等","20450","9900"
"566","2011-06-23","5等","316480","1000"
"567","2011-06-27","1等","0","0"
"567","2011-06-27","2等","10","19073800"
"567","2011-06-27","3等","478","478800"
"567","2011-06-27","4等","24006","8400"
"567","2011-06-27","5等","373462","1000"
"568","2011-06-30","1等","2","258596800"
"568","2011-06-30","2等","7","37489300"
"568","2011-06-30","3等","397","793200"
"568","2011-06-30","4等","21753","12700"
"568","2011-06-30","5等","371942","1000"
"569","2011-07-04","1等","0","0"
"569","2011-07-04","2等","11","16713100"
"569","2011-07-04","3等","352","626700"
"569","2011-07-04","4等","17418","11100"
"569","2011-07-04","5等","284885","1000"
"570","2011-07-07","1等","2","239144300"
"570","2011-07-07","2等","8","30826300"
"570","2011-07-07","3等","468","632300"
"570","2011-07-07","4等","24134","10800"
"570","2011-07-07","5等","400893","1000"
"571","2011-07-11","1等","5","39891900"
"571","2011-07-11","2等","14","12822300"
"571","2011-07-11","3等","340","633500"
"571","2011-07-11","4等","17605","10700"
"571","2011-07-11","5等","288081","1000"
"572","2011-07-14","1等","3","71561100"
"572","2011-07-14","2等","15","12880800"
"572","2011-07-14","3等","315","736000"
"572","2011-07-14","4等","17514","11600"
"572","2011-07-14","5等","300750","1000"
"573","2011-07-18","1等","0","0"
"573","2011-07-18","2等","8","20106900"
"573","2011-07-18","3等","234","824800"
"573","2011-07-18","4等","14588","11600"
"573","2011-07-18","5等","248440","1000"
"574","2011-07-21","1等","1","400000000"
"574","2011-07-21","2等","13","17276400"
"574","2011-07-21","3等","402","670400"
"574","2011-07-21","4等","21123","11200"
"574","2011-07-21","5等","358572","1000"
"575","2011-07-25","1等","2","112039700"
"575","2011-07-25","2等","23","7661600"
"575","2011-07-25","3等","643","328800"
"575","2011-07-25","4等","28881","6400"
"575","2011-07-25","5等","407575","1000"
"576","2011-07-28","1等","1","200000000"
"576","2011-07-28","2等","8","24225700"
"576","2011-07-28","3等","368","631900"
"576","2011-07-28","4等","19121","10700"
"576","2011-07-28","5等","307743","1000"
"577","2011-08-01","1等","1","231169700"
"577","2011-08-01","2等","3","64747600"
"577","2011-08-01","3等","351","664000"
"577","2011-08-01","4等","19404","10500"
"577","2011-08-01","5等","318599","1000"
"578","2011-08-04","1等","0","0"
"578","2011-08-04","2等","6","30323900"
"578","2011-08-04","3等","355","615000"
"578","2011-08-04","4等","19300","9900"
"578","2011-08-04","5等","321664","1000"
"579","2011-08-08","1等","2","213388800"
"579","2011-08-08","2等","20","10107600"
"579","2011-08-08","3等","658","368600"
"579","2011-08-08","4等","28300","7500"
"579","2011-08-08","5等","425962","1000"
"580","2011-08-11","1等","1","200000000"
"580","2011-08-11","2等","9","20105100"
"580","2011-08-11","3等","339","640500"
"580","2011-08-11","4等","17370","11000"
"580","2011-08-11","5等","290242","1000"
"581","2011-08-15","1等","3","66884900"
"581","2011-08-15","2等","12","14969900"
"581","2011-08-15","3等","326","661200"
"581","2011-08-15","4等","16710","11300"
"581","2011-08-15","5等","277643","1000"
"582","2011-08-18","1等","4","50665600"
"582","2011-08-18","2等","21","8685400"
"582","2011-08-18","3等","589","371600"
"582","2011-08-18","4等","24301","7900"
"582","2011-08-18","5等","344143","1000"
"583","2011-08-22","1等","0","0"
"583","2011-08-22","2等","3","59157700"
"583","2011-08-22","3等","285","747200"
"583","2011-08-22","4等","14998","12500"
"583","2011-08-22","5等","278447","1000"
"584","2011-08-25","1等","6","74482300"
"584","2011-08-25","2等","19","11827700"
"584","2011-08-25","3等","709","380300"
"584","2011-08-25","4等","29191","8100"
"584","2011-08-25","5等","435520","1000"
"585","2011-08-29","1等","0","0"
"585","2011-08-29","2等","4","47882300"
"585","2011-08-29","3等","210","1094400"
"585","2011-08-29","4等","13380","15100"
"585","2011-08-29","5等","252122","1000"
"586","2011-09-01","1等","3","160511600"
"586","2011-09-01","2等","32","7557700"
"586","2011-09-01","3等","530","547500"
"586","2011-09-01","4等","26689","9500"
"586","2011-09-01","5等","434041","1000"
"587","2011-09-05","1等","2","94929700"
"587","2011-09-05","2等","10","17087200"
"587","2011-09-05","3等","554","370100"
"587","2011-09-05","4等","22141","8100"
"587","2011-09-05","5等","327508","1000"
"588","2011-09-08","1等","1","200000000"
"588","2011-09-08","2等","6","33147500"
"588","2011-09-08","3等","326","732000"
"588","2011-09-08","4等","18222","11500"
"588","2011-09-08","5等","310738","1000"
"589","2011-09-12","1等","2","122477600"
"589","2011-09-12","2等","6","33595100"
"589","2011-09-12","3等","384","629900"
"589","2011-09-12","4等","20031","10600"
"589","2011-09-12","5等","326899","1000"
"590","2011-09-15","1等","1","200000000"
"590","2011-09-15","2等","9","22473900"
"590","2011-09-15","3等","221","1098200"
"590","2011-09-15","4等","14443","14800"
"590","2011-09-15","5等","275109","1000"
"591","2011-09-19","1等","2","114611500"
"591","2011-09-19","2等","18","10223900"
"591","2011-09-19","3等","406","543900"
"591","2011-09-19","4等","19869","9800"
"591","2011-09-19","5等","299067","1000"
"592","2011-09-22","1等","1","191762100"
"592","2011-09-22","2等","17","10152000"
"592","2011-09-22","3等","475","436000"
"592","2011-09-22","4等","22975","7900"
"592","2011-09-22","5等","339215","1000"
"593","2011-09-26","1等","1","197255100"
"593","2011-09-26","2等","12","14794000"
"593","2011-09-26","3等","329","647500"
"593","2011-09-26","4等","17830","10500"
"593","2011-09-26","5等","288808","1000"
"594","2011-09-29","1等","0","0"
"594","2011-09-29","2等","8","23892000"
"594","2011-09-29","3等","333","688700"
"594","2011-09-29","4等","17466","11500"
"594","2011-09-29","5等","298887","1000"
"595","2011-10-03","1等","5","93810400"
"595","2011-10-03","2等","14","16500400"
"595","2011-10-03","3等","426","650700"
"595","2011-10-03","4等","23236","10500"
"595","2011-10-03","5等","343604","1000"
"596","2011-10-06","1等","2","103166100"
"596","2011-10-06","2等","7","26528100"
"596","2011-10-06","3等","469","475100"
"596","2011-10-06","4等","21257","9200"
"596","2011-10-06","5等","304086","1000"
"597","2011-10-10","1等","3","54331900"
"597","2011-10-10","2等","14","10478200"
"597","2011-10-10","3等","425","414100"
"597","2011-10-10","4等","21785","7100"
"597","2011-10-10","5等","347248","1000"
"598","2011-10-13","1等","0","0"
"598","2011-10-13","2等","9","19910600"
"598","2011-10-13","3等","420","511900"
"598","2011-10-13","4等","19994","9400"
"598","2011-10-13","5等","313777","1000"
"599","2011-10-17","1等","2","216314000"
"599","2011-10-17","2等","12","17513800"
"599","2011-10-17","3等","574","439300"
"599","2011-10-17","4等","27515","8000"
"599","2011-10-17","5等","413034","1000"
"600","2011-10-20","1等","0","0"
"600","2011-10-20","2等","3","61554300"
"600","2011-10-20","3等","369","600500"
"600","2011-10-20","4等","18770","10400"
"600","2011-10-20","5等","313122","1000"
"601","2011-10-24","1等","0","0"
"601","2011-10-24","2等","13","17540800"
"601","2011-10-24","3等","383","714400"
"601","2011-10-24","4等","23207","10400"
"601","2011-10-24","5等","374024","1000"
"602","2011-10-27","1等","1","400000000"
"602","2011-10-27","2等","23","13042600"
"602","2011-10-27","3等","613","587200"
"602","2011-10-27","4等","34318","9200"
"602","2011-10-27","5等","536251","1000"
"603","2011-10-31","1等","3","226379100"
"603","2011-10-31","2等","15","17236000"
"603","2011-10-31","3等","618","502000"
"603","2011-10-31","4等","32360","8400"
"603","2011-10-31","5等","493929","1000"
"604","2011-11-03","1等","2","107591000"
"604","2011-11-03","2等","20","9683100"
"604","2011-11-03","3等","394","589800"
"604","2011-11-03","4等","19180","10600"
"604","2011-11-03","5等","308770","1000"
"605","2011-11-07","1等","5","41549700"
"605","2011-11-07","2等","7","26710300"
"605","2011-11-07","3等","530","423300"
"605","2011-11-07","4等","21275","9300"
"605","2011-11-07","5等","325676","1000"
"606","2011-11-10","1等","3","70446700"
"606","2011-11-10","2等","16","11887700"
"606","2011-11-10","3等","676","337600"
"606","2011-11-10","4等","24831","8100"
"606","2011-11-10","5等","349500","1000"
"607","2011-11-14","1等","3","63061400"
"607","2011-11-14","2等","27","6306000"
"607","2011-11-14","3等","729","280200"
"607","2011-11-14","4等","25683","7000"
"607","2011-11-14","5等","356009","1000"
"608","2011-11-17","1等","4","49879600"
"608","2011-11-17","2等","9","19951600"
"608","2011-11-17","3等","451","477700"
"608","2011-11-17","4等","22482","8400"
"608","2011-11-17","5等","351603","1000"
"609","2011-11-21","1等","0","0"
"609","2011-11-21","2等","6","29455200"
"609","2011-11-21","3等","365","581000"
"609","2011-11-21","4等","16988","11000"
"609","2011-11-21","5等","283630","1000"
"610","2011-11-24","1等","7","60543300"
"610","2011-11-24","2等","15","13645800"
"610","2011-11-24","3等","671","366000"
"610","2011-11-24","4等","29970","7200"
"610","2011-11-24","5等","443681","1000"
"611","2011-11-28","1等","2","99847700"
"611","2011-11-28","2等","8","22465500"
"611","2011-11-28","3等","308","700200"
"611","2011-11-28","4等","17249","11000"
"611","2011-11-28","5等","289498","1000"
"612","2011-12-01","1等","0","0"
"612","2011-12-01","2等","4","49212100"
"612","2011-12-01","3等","304","777000"
"612","2011-12-01","4等","16442","12600"
"612","2011-12-01","5等","272948","1000"
"613","2011-12-05","1等","7","66079000"
"613","2011-12-05","2等","11","19949600"
"613","2011-12-05","3等","1183","222500"
"613","2011-12-05","4等","27476","8400"
"613","2011-12-05","5等","401658","1000"
"614","2011-12-08","1等","2","102950100"
"614","2011-12-08","2等","11","16846200"
"614","2011-12-08","3等","366","607500"
"614","2011-12-08","4等","18779","10400"
"614","2011-12-08","5等","299443","1000"
"615","2011-12-12","1等","2","97869700"
"615","2011-12-12","2等","27","6524500"
"615","2011-12-12","3等","575","367600"
"615","2011-12-12","4等","23808","7800"
"615","2011-12-12","5等","322023","1000"
"616","2011-12-15","1等","1","200000000"
"616","2011-12-15","2等","9","20717700"
"616","2011-12-15","3等","534","419000"
"616","2011-12-15","4等","22908","8600"
"616","2011-12-15","5等","351260","1000"
"617","2011-12-19","1等","1","217255800"
"617","2011-12-19","2等","19","9950800"
"617","2011-12-19","3等","576","393800"
"617","2011-12-19","4等","25174","7900"
"617","2011-12-19","5等","377746","1000"
"618","2011-12-22","1等","2","115085500"
"618","2011-12-22","2等","5","41430400"
"618","2011-12-22","3等","311","799300"
"618","2011-12-22","4等","15653","14000"
"618","2011-12-22","5等","277694","1000"
"619","2011-12-26","1等","0","0"
"619","2011-12-26","2等","12","15358800"
"619","2011-12-26","3等","313","706600"
"619","2011-12-26","4等","18990","10200"
"619","2011-12-26","5等","294412","1000"
"620","2011-12-29","1等","1","400000000"
"620","2011-12-29","2等","14","18033500"
"620","2011-12-29","3等","709","427300"
"620","2011-12-29","4等","27367","9700"
"620","2011-12-29","5等","416383","1000"
"621","2012-01-05","1等","1","327545100"
"621","2012-01-05","2等","12","18167400"
"621","2012-01-05","3等","725","360800"
"621","2012-01-05","4等","27671","8300"
"621","2012-01-05","5等","396698","1000"
"622","2012-01-09","1等","5","38782000"
"622","2012-01-09","2等","10","17451700"
"622","2012-01-09","3等","542","386300"
"622","2012-01-09","4等","22907","8000"
"622","2012-01-09","5等","319195","1000"
"623","2012-01-12","1等","0","0"
"623","2012-01-12","2等","7","27061800"
"623","2012-01-12","3等","378","601300"
"623","2012-01-12","4等","19952","10000"
"623","2012-01-12","5等","336343","1000"
"624","2012-01-16","1等","3","155194100"
"624","2012-01-16","2等","23","9982000"
"624","2012-01-16","3等","943","292100"
"624","2012-01-16","4等","33619","7200"
"624","2012-01-16","5等","468721","1000"
"625","2012-01-19","1等","13","16095600"
"625","2012-01-19","2等","7","26902500"
"625","2012-01-19","3等","795","284200"
"625","2012-01-19","4等","24804","8000"
"625","2012-01-19","5等","332653","1000"
"626","2012-01-23","1等","1","190646100"
"626","2012-01-23","2等","11","15598100"
"626","2012-01-23","3等","511","402900"
"626","2012-01-23","4等","23174","7800"
"626","2012-01-23","5等","341824","1000"
"627","2012-01-26","1等","1","200000000"
"627","2012-01-26","2等","8","23672500"
"627","2012-01-26","3等","385","590200"
"627","2012-01-26","4等","19797","10100"
"627","2012-01-26","5等","316328","1000"
"628","2012-01-30","1等","4","56958800"
"628","2012-01-30","2等","16","12229200"
"628","2012-01-30","3等","560","419200"
"628","2012-01-30","4等","25191","8200"
"628","2012-01-30","5等","376882","1000"
"629","2012-02-02","1等","1","200000000"
"629","2012-02-02","2等","10","19279400"
"629","2012-02-02","3等","368","628600"
"629","2012-02-02","4等","17139","11900"
"629","2012-02-02","5等","285832","1000"
"630","2012-02-06","1等","1","223115200"
"630","2012-02-06","2等","23","8174100"
"630","2012-02-06","3等","436","517400"
"630","2012-02-06","4等","24093","8200"
"630","2012-02-06","5等","391762","1000"
"631","2012-02-09","1等","0","0"
"631","2012-02-09","2等","10","18697100"
"631","2012-02-09","3等","324","692400"
"631","2012-02-09","4等","18380","10700"
"631","2012-02-09","5等","311525","1000"
"632","2012-02-13","1等","3","154298100"
"632","2012-02-13","2等","16","14351800"
"632","2012-02-13","3等","439","627600"
"632","2012-02-13","4等","23110","10500"
"632","2012-02-13","5等","404680","1000"
"633","2012-02-16","1等","1","195269800"
"633","2012-02-16","2等","14","12552900"
"633","2012-02-16","3等","451","467600"
"633","2012-02-16","4等","22977","8000"
"633","2012-02-16","5等","366488","1000"
"634","2012-02-20","1等","2","100888700"
"634","2012-02-20","2等","19","9557700"
"634","2012-02-20","3等","426","511500"
"634","2012-02-20","4等","20246","9400"
"634","2012-02-20","5等","308373","1000"
"635","2012-02-23","1等","0","0"
"635","2012-02-23","2等","14","12513600"
"635","2012-02-23","3等","344","611100"
"635","2012-02-23","4等","18914","9800"
"635","2012-02-23","5等","327988","1000"
"636","2012-02-27","1等","0","0"
"636","2012-02-27","2等","17","12374900"
"636","2012-02-27","3等","586","430800"
"636","2012-02-27","4等","30232","7300"
"636","2012-02-27","5等","445457","1000"
"637","2012-03-01","1等","7","103124900"
"637","2012-03-01","2等","26","10158300"
"637","2012-03-01","3等","914","346700"
"637","2012-03-01","4等","37538","7400"
"637","2012-03-01","5等","537198","1000"
"638","2012-03-05","1等","3","64471000"
"638","2012-03-05","2等","27","6447000"
"638","2012-03-05","3等","541","386100"
"638","2012-03-05","4等","20996","8700"
"638","2012-03-05","5等","311594","1000"
"639","2012-03-08","1等","3","73500100"
"639","2012-03-08","2等","9","22049800"
"639","2012-03-08","3等","244","975900"
"639","2012-03-08","4等","13892","15100"
"639","2012-03-08","5等","257490","1000"
"640","2012-03-12","1等","4","45794500"
"640","2012-03-12","2等","13","12681400"
"640","2012-03-12","3等","554","357000"
"640","2012-03-12","4等","22316","7800"
"640","2012-03-12","5等","320161","1000"
"641","2012-03-15","1等","0","0"
"641","2012-03-15","2等","12","14969600"
"641","2012-03-15","3等","310","695300"
"641","2012-03-15","4等","17750","10700"
"641","2012-03-15","5等","292039","1000"
"642","2012-03-19","1等","2","217597800"
"642","2012-03-19","2等","16","13252300"
"642","2012-03-19","3等","524","485500"
"642","2012-03-19","4等","23662","9400"
"642","2012-03-19","5等","354763","1000"
"643","2012-03-22","1等","0","0"
"643","2012-03-22","2等","13","14083600"
"643","2012-03-22","3等","238","923100"
"643","2012-03-22","4等","15660","12300"
"643","2012-03-22","5等","257069","1000"
"644","2012-03-26","1等","3","145189300"
"644","2012-03-26","2等","12","17410000"
"644","2012-03-26","3等","550","455800"
"644","2012-03-26","4等","26231","8400"
"644","2012-03-26","5等","406187","1000"
"645","2012-03-29","1等","2","99339200"
"645","2012-03-29","2等","2","89404500"
"645","2012-03-29","3等","358","599300"
"645","2012-03-29","4等","18174","10400"
"645","2012-03-29","5等","302976","1000"
"646","2012-04-02","1等","2","91242400"
"646","2012-04-02","2等","19","8643900"
"646","2012-04-02","3等","465","423800"
"646","2012-04-02","4等","23268","7400"
"646","2012-04-02","5等","350110","1000"
"647","2012-04-05","1等","1","193138200"
"647","2012-04-05","2等","18","9656800"
"647","2012-04-05","3等","533","391300"
"647","2012-04-05","4等","21602","8500"
"647","2012-04-05","5等","309863","1000"
"648","2012-04-09","1等","0","0"
"648","2012-04-09","2等","2","92621600"
"648","2012-04-09","3等","205","1084300"
"648","2012-04-09","4等","11961","16300"
"648","2012-04-09","5等","239199","1000"
"649","2012-04-12","1等","0","0"
"649","2012-04-12","2等","25","9210600"
"649","2012-04-12","3等","508","543900"
"649","2012-04-12","4等","25727","9400"
"649","2012-04-12","5等","362512","1000"
"650","2012-04-16","1等","1","400000000"
"650","2012-04-16","2等","10","31073900"
"650","2012-04-16","3等","396","941600"
"650","2012-04-16","4等","22211","14800"
"650","2012-04-16","5等","403488","1000"
"651","2012-04-19","1等","2","356844900"
"651","2012-04-19","2等","13","21235700"
"651","2012-04-19","3等","477","694500"
"651","2012-04-19","4等","24738","11800"
"651","2012-04-19","5等","405707","1000"
"652","2012-04-23","1等","2","105070900"
"652","2012-04-23","2等","9","21014000"
"652","2012-04-23","3等","335","677400"
"652","2012-04-23","4等","17568","11300"
"652","2012-04-23","5等","280702","1000"
"653","2012-04-26","1等","1","200000000"
"653","2012-04-26","2等","5","37971600"
"653","2012-04-26","3等","348","654600"
"653","2012-04-26","4等","18742","10700"
"653","2012-04-26","5等","309775","1000"
"654","2012-04-30","1等","1","220075400"
"654","2012-04-30","2等","8","23525700"
"654","2012-04-30","3等","444","508600"
"654","2012-04-30","4等","18923","10500"
"654","2012-04-30","5等","305974","1000"
"655","2012-05-03","1等","2","91563400"
"655","2012-05-03","2等","8","20601600"
"655","2012-05-03","3等","350","565000"
"655","2012-05-03","4等","18401","9400"
"655","2012-05-03","5等","303684","1000"
"656","2012-05-07","1等","6","29744700"
"656","2012-05-07","2等","36","4461600"
"656","2012-05-07","3等","872","221000"
"656","2012-05-07","4等","28592","5900"
"656","2012-05-07","5等","360905","1000"
"657","2012-05-10","1等","1","200000000"
"657","2012-05-10","2等","5","38412600"
"657","2012-05-10","3等","258","893300"
"657","2012-05-10","4等","13261","15300"
"657","2012-05-10","5等","239577","1000"
"658","2012-05-14","1等","0","0"
"658","2012-05-14","2等","8","24882600"
"658","2012-05-14","3等","373","640400"
"658","2012-05-14","4等","16803","12500"
"658","2012-05-14","5等","273719","1000"
"659","2012-05-17","1等","1","400000000"
"659","2012-05-17","2等","4","61223200"
"659","2012-05-17","3等","312","941800"
"659","2012-05-17","4等","17058","15100"
"659","2012-05-17","5等","309135","1000"
"660","2012-05-21","1等","3","115495200"
"660","2012-05-21","2等","7","30830300"
"660","2012-05-21","3等","324","799300"
"660","2012-05-21","4等","19540","11600"
"660","2012-05-21","5等","308731","1000"
"661","2012-05-24","1等","2","100065600"
"661","2012-05-24","2等","7","25730900"
"661","2012-05-24","3等","305","708600"
"661","2012-05-24","4等","16138","11800"
"661","2012-05-24","5等","277321","1000"
"662","2012-05-28","1等","3","67698400"
"662","2012-05-28","2等","4","45696000"
"662","2012-05-28","3等","307","714400"
"662","2012-05-28","4等","14300","13500"
"662","2012-05-28","5等","237603","1000"
"663","2012-05-31","1等","3","65429200"
"663","2012-05-31","2等","17","10391600"
"663","2012-05-31","3等","456","464800"
"663","2012-05-31","4等","19565","9500"
"663","2012-05-31","5等","298950","1000"
"664","2012-06-04","1等","3","54823400"
"664","2012-06-04","2等","22","6728200"
"664","2012-06-04","3等","841","211200"
"664","2012-06-04","4等","29594","5200"
"664","2012-06-04","5等","380371","1000"
"665","2012-06-07","1等","2","94049700"
"665","2012-06-07","2等","6","28214600"
"665","2012-06-07","3等","355","572200"
"665","2012-06-07","4等","18252","9800"
"665","2012-06-07","5等","291580","1000"
"666","2012-06-11","1等","0","0"
"666","2012-06-11","2等","7","24140100"
"666","2012-06-11","3等","344","589400"
"666","2012-06-11","4等","15807","11300"
"666","2012-06-11","5等","268246","1000"
"667","2012-06-14","1等","2","217956200"
"667","2012-06-14","2等","8","27917000"
"667","2012-06-14","3等","395","678400"
"667","2012-06-14","4等","17335","13600"
"667","2012-06-14","5等","291285","1000"
"668","2012-06-18","1等","5","39100200"
"668","2012-06-18","2等","10","17594900"
"668","2012-06-18","3等","473","446300"
"668","2012-06-18","4等","18285","10100"
"668","2012-06-18","5等","278021","1000"
"669","2012-06-21","1等","0","0"
"669","2012-06-21","2等","9","18037100"
"669","2012-06-21","3等","552","352900"
"669","2012-06-21","4等","23855","7200"
"669","2012-06-21","5等","339322","1000"
"670","2012-06-25","1等","2","215544800"
"670","2012-06-25","2等","22","10256500"
"670","2012-06-25","3等","414","654000"
"670","2012-06-25","4等","21940","10800"
"670","2012-06-25","5等","360096","1000"
"671","2012-06-28","1等","2","94581700"
"671","2012-06-28","2等","21","8106900"
"671","2012-06-28","3等","1407","145100"
"671","2012-06-28","4等","32335","5500"
"671","2012-06-28","5等","357452","1000"
"672","2012-07-02","1等","0","0"
"672","2012-07-02","2等","15","11997800"
"672","2012-07-02","3等","365","591600"
"672","2012-07-02","4等","17986","10500"
"672","2012-07-02","5等","277841","1000"
"673","2012-07-05","1等","2","215521300"
"673","2012-07-05","2等","19","10945600"
"673","2012-07-05","3等","605","412400"
"673","2012-07-05","4等","28726","7600"
"673","2012-07-05","5等","418501","1000"
"674","2012-07-09","1等","3","61634400"
"674","2012-07-09","2等","15","11094000"
"674","2012-07-09","3等","460","434100"
"674","2012-07-09","4等","20719","8500"
"674","2012-07-09","5等","314137","1000"
"675","2012-07-12","1等","3","62855400"
"675","2012-07-12","2等","3","56569400"
"675","2012-07-12","3等","364","559400"
"675","2012-07-12","4等","17630","10100"
"675","2012-07-12","5等","284305","1000"
"676","2012-07-16","1等","3","57166200"
"676","2012-07-16","2等","18","8574800"
"676","2012-07-16","3等","328","564600"
"676","2012-07-16","4等","15169","10700"
"676","2012-07-16","5等","252692","1000"
"677","2012-07-19","1等","1","189220100"
"677","2012-07-19","2等","10","17029600"
"677","2012-07-19","3等","263","777000"
"677","2012-07-19","4等","15158","11800"
"677","2012-07-19","5等","257737","1000"
"678","2012-07-23","1等","0","0"
"678","2012-07-23","2等","9","18312100"
"678","2012-07-23","3等","365","541800"
"678","2012-07-23","4等","16330","10600"
"678","2012-07-23","5等","247743","1000"
"679","2012-07-26","1等","1","400000000"
"679","2012-07-26","2等","14","15063900"
"679","2012-07-26","3等","308","821600"
"679","2012-07-26","4等","17156","13000"
"679","2012-07-26","5等","312307","1000"
"680","2012-07-30","1等","1","212106800"
"680","2012-07-30","2等","9","19465100"
"680","2012-07-30","3等","350","600600"
"680","2012-07-30","4等","18032","10200"
"680","2012-07-30","5等","299244","1000"
"681","2012-08-02","1等","0","0"
"681","2012-08-02","2等","11","15261400"
"681","2012-08-02","3等","268","751600"
"681","2012-08-02","4等","15062","11700"
"681","2012-08-02","5等","254431","1000"
"682","2012-08-06","1等","1","393430300"
"682","2012-08-06","2等","15","12413900"
"682","2012-08-06","3等","758","294700"
"682","2012-08-06","4等","25151","7800"
"682","2012-08-06","5等","374782","1000"
"683","2012-08-09","1等","1","185848300"
"683","2012-08-09","2等","8","20907700"
"683","2012-08-09","3等","440","456100"
"683","2012-08-09","4等","16563","10600"
"683","2012-08-09","5等","240641","1000"
"684","2012-08-13","1等","2","74642000"
"684","2012-08-13","2等","7","19193400"
"684","2012-08-13","3等","506","318600"
"684","2012-08-13","4等","22145","6400"
"684","2012-08-13","5等","315789","1000"
"685","2012-08-16","1等","2","87878800"
"685","2012-08-16","2等","9","17575600"
"685","2012-08-16","3等","373","508800"
"685","2012-08-16","4等","19174","8700"
"685","2012-08-16","5等","291374","1000"
"686","2012-08-20","1等","2","94737500"
"686","2012-08-20","2等","7","24360800"
"686","2012-08-20","3等","283","723000"
"686","2012-08-20","4等","13946","12900"
"686","2012-08-20","5等","244043","1000"
"687","2012-08-23","1等","2","94843400"
"687","2012-08-23","2等","15","11381100"
"687","2012-08-23","3等","300","682800"
"687","2012-08-23","4等","15659","11500"
"687","2012-08-23","5等","251692","1000"
"688","2012-08-27","1等","2","92819300"
"688","2012-08-27","2等","4","41768300"
"688","2012-08-27","3等","297","675000"
"688","2012-08-27","4等","15117","11600"
"688","2012-08-27","5等","258936","1000"
"689","2012-08-30","1等","8","20094300"
"689","2012-08-30","2等","34","4255200"
"689","2012-08-30","3等","753","230500"
"689","2012-08-30","4等","28797","5300"
"689","2012-08-30","5等","381008","1000"
"690","2012-09-03","1等","0","0"
"690","2012-09-03","2等","10","16397300"
"690","2012-09-03","3等","337","583800"
"690","2012-09-03","4等","17612","9800"
"690","2012-09-03","5等","286212","1000"
"691","2012-09-06","1等","3","134131500"
"691","2012-09-06","2等","3470","57100"
"691","2012-09-06","3等","702","338700"
"691","2012-09-06","4等","25913","8000"
"691","2012-09-06","5等","407943","1000"
"692","2012-09-10","1等","2","90732700"
"692","2012-09-10","2等","8","20414600"
"692","2012-09-10","3等","370","529600"
"692","2012-09-10","4等","18692","9200"
"692","2012-09-10","5等","293557","1000"
"693","2012-09-13","1等","0","0"
"693","2012-09-13","2等","4","43118000"
"693","2012-09-13","3等","338","612300"
"693","2012-09-13","4等","16304","11100"
"693","2012-09-13","5等","263624","1000"
"694","2012-09-17","1等","2","199696300"
"694","2012-09-17","2等","11","16997900"
"694","2012-09-17","3等","528","424900"
"694","2012-09-17","4等","23904","8200"
"694","2012-09-17","5等","361757","1000"
"695","2012-09-20","1等","5","33044600"
"695","2012-09-20","2等","20","7434900"
"695","2012-09-20","3等","658","271100"
"695","2012-09-20","4等","27156","5700"
"695","2012-09-20","5等","370176","1000"
"696","2012-09-24","1等","1","182624000"
"696","2012-09-24","2等","12","13696600"
"696","2012-09-24","3等","301","655200"
"696","2012-09-24","4等","15491","11200"
"696","2012-09-24","5等","256073","1000"
"697","2012-09-27","1等","1","188870600"
"697","2012-09-27","2等","11","15452900"
"697","2012-09-27","3等","309","660100"
"697","2012-09-27","4等","15611","11500"
"697","2012-09-27","5等","271554","1000"
"698","2012-10-01","1等","2","93065900"
"698","2012-10-01","2等","2","83758600"
"698","2012-10-01","3等","365","550700"
"698","2012-10-01","4等","16185","10900"
"698","2012-10-01","5等","249508","1000"
"699","2012-10-04","1等","1","178163800"
"699","2012-10-04","2等","6","26724300"
"699","2012-10-04","3等","355","542000"
"699","2012-10-04","4等","18314","9200"
"699","2012-10-04","5等","284386","1000"
"700","2012-10-08","1等","3","54372900"
"700","2012-10-08","2等","14","10486100"
"700","2012-10-08","3等","418","421400"
"700","2012-10-08","4等","18018","8600"
"700","2012-10-08","5等","269090","1000"
"701","2012-10-11","1等","0","0"
"701","2012-10-11","2等","3","58329700"
"701","2012-10-11","3等","215","976600"
"701","2012-10-11","4等","11908","15500"
"701","2012-10-11","5等","215751","1000"
"702","2012-10-15","1等","1","400000000"
"702","2012-10-15","2等","11","19778400"
"702","2012-10-15","3等","393","664300"
"702","2012-10-15","4等","20261","11300"
"702","2012-10-15","5等","332742","1000"
"703","2012-10-18","1等","1","245034100"
"703","2012-10-18","2等","8","23496700"
"703","2012-10-18","3等","341","661400"
"703","2012-10-18","4等","17531","11300"
"703","2012-10-18","5等","293198","1000"
"704","2012-10-22","1等","1","177385500"
"704","2012-10-22","2等","7","22806500"
"704","2012-10-22","3等","298","642800"
"704","2012-10-22","4等","18353","9200"
"704","2012-10-22","5等","302583","1000"
"705","2012-10-25","1等","0","0"
"705","2012-10-25","2等","4","44427900"
"705","2012-10-25","3等","298","715600"
"705","2012-10-25","4等","14174","13200"
"705","2012-10-25","5等","250174","1000"
"706","2012-10-29","1等","4","111096500"
"706","2012-10-29","2等","13","17094700"
"706","2012-10-29","3等","458","582200"
"706","2012-10-29","4等","20325","11500"
"706","2012-10-29","5等","337649","1000"
"707","2012-11-01","1等","2","95335600"
"707","2012-11-01","2等","13","13200200"
"707","2012-11-01","3等","477","431700"
"707","2012-11-01","4等","19514","9300"
"707","2012-11-01","5等","281767","1000"
"708","2012-11-05","1等","1","184591000"
"708","2012-11-05","2等","7","23732900"
"708","2012-11-05","3等","391","509800"
"708","2012-11-05","4等","18348","9500"
"708","2012-11-05","5等","283635","1000"
"709","2012-11-08","1等","0","0"
"709","2012-11-08","2等","7","24578400"
"709","2012-11-08","3等","298","692800"
"709","2012-11-08","4等","15241","11900"
"709","2012-11-08","5等","257460","1000"
"710","2012-11-12","1等","0","0"
"710","2012-11-12","2等","6","35796100"
"710","2012-11-12","3等","366","704100"
"710","2012-11-12","4等","20280","11200"
"710","2012-11-12","5等","344207","1000"
"711","2012-11-15","1等","1","400000000"
"711","2012-11-15","2等","17","15549400"
"711","2012-11-15","3等","628","505100"
"711","2012-11-15","4等","30018","9300"
"711","2012-11-15","5等","464018","1000"
"712","2012-11-19","1等","4","141654300"
"712","2012-11-19","2等","17","12869400"
"712","2012-11-19","3等","782","335700"
"712","2012-11-19","4等","33054","7000"
"712","2012-11-19","5等","453835","1000"
"713","2012-11-22","1等","8","25401100"
"713","2012-11-22","2等","8","22860800"
"713","2012-11-22","3等","352","623400"
"713","2012-11-22","4等","14884","13000"
"713","2012-11-22","5等","251853","1000"
"714","2012-11-26","1等","2","91019900"
"714","2012-11-26","2等","17","9637300"
"714","2012-11-26","3等","362","543000"
"714","2012-11-26","4等","17681","9800"
"714","2012-11-26","5等","266872","1000"
"715","2012-11-29","1等","4","43239100"
"715","2012-11-29","2等","14","11118500"
"715","2012-11-29","3等","758","246400"
"715","2012-11-29","4等","25011","6500"
"715","2012-11-29","5等","337181","1000"
"716","2012-12-03","1等","2","86824800"
"716","2012-12-03","2等","10","15628300"
"716","2012-12-03","3等","482","389000"
"716","2012-12-03","4等","21318","7700"
"716","2012-12-03","5等","315835","1000"
"717","2012-12-06","1等","3","63669600"
"717","2012-12-06","2等","5","34381300"
"717","2012-12-06","3等","241","855900"
"717","2012-12-06","4等","14288","12700"
"717","2012-12-06","5等","248490","1000"
"718","2012-12-10","1等","0","0"
"718","2012-12-10","2等","5","33759500"
"718","2012-12-10","3等","282","718200"
"718","2012-12-10","4等","14671","12100"
"718","2012-12-10","5等","248339","1000"
"719","2012-12-13","1等","5","84563100"
"719","2012-12-13","2等","15","14115500"
"719","2012-12-13","3等","494","514300"
"719","2012-12-13","4等","22053","10100"
"719","2012-12-13","5等","341062","1000"
"720","2012-12-17","1等","0","0"
"720","2012-12-17","2等","2","87731700"
"720","2012-12-17","3等","297","708900"
"720","2012-12-17","4等","14890","12400"
"720","2012-12-17","5等","262465","1000"
"721","2012-12-20","1等","0","0"
"721","2012-12-20","2等","12","18688100"
"721","2012-12-20","3等","359","749600"
"721","2012-12-20","4等","20142","11700"
"721","2012-12-20","5等","356463","1000"
"722","2012-12-24","1等","2","374402800"
"722","2012-12-24","2等","20","13709900"
"722","2012-12-24","3等","462","712200"
"722","2012-12-24","4等","24101","12000"
"722","2012-12-24","5等","394838","1000"
"723","2012-12-27","1等","0","0"
"723","2012-12-27","2等","16","11826100"
"723","2012-12-27","3等","397","571900"
"723","2012-12-27","4等","20634","9700"
"723","2012-12-27","5等","316570","1000"
"724","2013-01-07","1等","1","400000000"
"724","2013-01-07","2等","11","26093600"
"724","2013-01-07","3等","450","765400"
"724","2013-01-07","4等","24340","12400"
"724","2013-01-07","5等","418023","1000"
"725","2013-01-10","1等","1","380475100"
"725","2013-01-10","2等","8","28271700"
"725","2013-01-10","3等","429","632600"
"725","2013-01-10","4等","21324","11200"
"725","2013-01-10","5等","359060","1000"
"726","2013-01-14","1等","0","0"
"726","2013-01-14","2等","7","23991100"
"726","2013-01-14","3等","277","727500"
"726","2013-01-14","4等","15468","11400"
"726","2013-01-14","5等","245799","1000"
"727","2013-01-17","1等","3","143332300"
"727","2013-01-17","2等","19","11529200"
"727","2013-01-17","3等","490","536400"
"727","2013-01-17","4等","25828","8900"
"727","2013-01-17","5等","392446","1000"
"728","2013-01-21","1等","3","63530800"
"728","2013-01-21","2等","10","17153100"
"728","2013-01-21","3等","535","384700"
"728","2013-01-21","4等","22776","7900"
"728","2013-01-21","5等","325069","1000"
"729","2013-01-24","1等","2","98685000"
"729","2013-01-24","2等","17","10448900"
"729","2013-01-24","3等","418","509900"
"729","2013-01-24","4等","18377","10200"
"729","2013-01-24","5等","300980","1000"
"730","2013-01-28","1等","3","66314100"
"730","2013-01-28","2等","6","29841100"
"730","2013-01-28","3等","381","563900"
"730","2013-01-28","4等","18093","10400"
"730","2013-01-28","5等","283480","1000"
"731","2013-01-31","1等","2","98599200"
"731","2013-01-31","2等","6","29579500"
"731","2013-01-31","3等","436","488400"
"731","2013-01-31","4等","20143","9300"
"731","2013-01-31","5等","320236","1000"
"732","2013-02-04","1等","2","105133100"
"732","2013-02-04","2等","6","31539600"
"732","2013-02-04","3等","617","368000"
"732","2013-02-04","4等","16624","12000"
"732","2013-02-04","5等","249338","1000"
"733","2013-02-07","1等","6","31134100"
"733","2013-02-07","2等","20","8406100"
"733","2013-02-07","3等","785","257000"
"733","2013-02-07","4等","23909","7400"
"733","2013-02-07","5等","321170","1000"
"734","2013-02-11","1等","2","90878300"
"734","2013-02-11","2等","8","20447400"
"734","2013-02-11","3等","300","654300"
"734","2013-02-11","4等","17638","9800"
"734","2013-02-11","5等","280109","1000"
"735","2013-02-14","1等","1","191947900"
"735","2013-02-14","2等","10","17275100"
"735","2013-02-14","3等","341","607900"
"735","2013-02-14","4等","16562","11000"
"735","2013-02-14","5等","280926","1000"
"736","2013-02-18","1等","1","195249400"
"736","2013-02-18","2等","7","25103200"
"736","2013-02-18","3等","281","750400"
"736","2013-02-18","4等","15306","12100"
"736","2013-02-18","5等","258371","1000"
"737","2013-02-21","1等","5","35534000"
"737","2013-02-21","2等","12","13325100"
"737","2013-02-21","3等","570","336600"
"737","2013-02-21","4等","22915","7300"
"737","2013-02-21","5等","339048","1000"
"738","2013-02-25","1等","3","63074300"
"738","2013-02-25","2等","10","17029900"
"738","2013-02-25","3等","453","451100"
"738","2013-02-25","4等","19251","9300"
"738","2013-02-25","5等","280872","1000"
"739","2013-02-28","1等","1","189795600"
"739","2013-02-28","2等","5","34162900"
"739","2013-02-28","3等","403","508600"
"739","2013-02-28","4等","18674","9600"
"739","2013-02-28","5等","304231","1000"
"740","2013-03-04","1等","8","22908400"
"740","2013-03-04","2等","16","10308700"
"740","2013-03-04","3等","480","412300"
"740","2013-03-04","4等","20561","8400"
"740","2013-03-04","5等","301477","1000"
"741","2013-03-07","1等","3","62963200"
"741","2013-03-07","2等","12","14166600"
"741","2013-03-07","3等","558","365500"
"741","2013-03-07","4等","18270","9800"
"741","2013-03-07","5等","271536","1000"
"742","2013-03-11","1等","5","34263800"
"742","2013-03-11","2等","10","15418600"
"742","2013-03-11","3等","397","466000"
"742","2013-03-11","4等","20820","7800"
"742","2013-03-11","5等","314071","1000"
"743","2013-03-14","1等","1","166674600"
"743","2013-03-14","2等","8","18750700"
"743","2013-03-14","3等","367","490400"
"743","2013-03-14","4等","19543","8100"
"743","2013-03-14","5等","317038","1000"
"744","2013-03-18","1等","2","85021400"
"744","2013-03-18","2等","9","17004100"
"744","2013-03-18","3等","341","538500"
"744","2013-03-18","4等","16828","9600"
"744","2013-03-18","5等","279874","1000"
"745","2013-03-21","1等","2","81805900"
"745","2013-03-21","2等","14","10517800"
"745","2013-03-21","3等","540","327200"
"745","2013-03-21","4等","24091","6400"
"745","2013-03-21","5等","321033","1000"
"746","2013-03-25","1等","2","89450700"
"746","2013-03-25","2等","6","26834900"
"746","2013-03-25","3等","300","644000"
"746","2013-03-25","4等","15515","10900"
"746","2013-03-25","5等","260934","1000"
"747","2013-03-28","1等","5","35339700"
"747","2013-03-28","2等","9","17669700"
"747","2013-03-28","3等","400","477000"
"747","2013-03-28","4等","18197","9200"
"747","2013-03-28","5等","276521","1000"
"748","2013-04-01","1等","3","54555200"
"748","2013-04-01","2等","6","18412200"
"748","2013-04-01","3等","457","386700"
"748","2013-04-01","4等","19632","7900"
"748","2013-04-01","5等","285522","1000"
"749","2013-04-04","1等","1","147338200"
"749","2013-04-04","2等","6","22100500"
"749","2013-04-04","3等","335","474900"
"749","2013-04-04","4等","17898","7800"
"749","2013-04-04","5等","284239","1000"
"750","2013-04-08","1等","0","0"
"750","2013-04-08","2等","16","8372700"
"750","2013-04-08","3等","269","597600"
"750","2013-04-08","4等","16247","8700"
"750","2013-04-08","5等","265152","1000"
"751","2013-04-11","1等","2","170811100"
"751","2013-04-11","2等","6","28915500"
"751","2013-04-11","3等","358","581500"
"751","2013-04-11","4等","17659","10300"
"751","2013-04-11","5等","288732","1000"
"752","2013-04-15","1等","1","148264300"
"752","2013-04-15","2等","17","7849200"
"752","2013-04-15","3等","446","359000"
"752","2013-04-15","4等","20510","6800"
"752","2013-04-15","5等","292278","1000"
"753","2013-04-18","1等","1","153360100"
"753","2013-04-18","2等","8","17252800"
"753","2013-04-18","3等","379","437000"
"753","2013-04-18","4等","20046","7200"
"753","2013-04-18","5等","271662","1000"
"754","2013-04-22","1等","0","0"
"754","2013-04-22","2等","7","20351800"
"754","2013-04-22","3等","327","522800"
"754","2013-04-22","4等","14828","10100"
"754","2013-04-22","5等","231556","1000"
"755","2013-04-25","1等","1","357433900"
"755","2013-04-25","2等","4","44806100"
"755","2013-04-25","3等","291","739000"
"755","2013-04-25","4等","14962","12600"
"755","2013-04-25","5等","260639","1000"
"756","2013-04-29","1等","1","135304800"
"756","2013-04-29","2等","5","24354600"
"756","2013-04-29","3等","363","402500"
"756","2013-04-29","4等","16820","7600"
"756","2013-04-29","5等","258021","1000"
"757","2013-05-02","1等","1","158786500"
"757","2013-05-02","2等","8","17863300"
"757","2013-05-02","3等","302","567800"
"757","2013-05-02","4等","15047","10000"
"757","2013-05-02","5等","242963","1000"
"758","2013-05-06","1等","3","48205400"
"758","2013-05-06","2等","6","21692200"
"758","2013-05-06","3等","250","624700"
"758","2013-05-06","4等","12672","10800"
"758","2013-05-06","5等","203849","1000"
"759","2013-05-09","1等","1","150508300"
"759","2013-05-09","2等","9","15050700"
"759","2013-05-09","3等","367","442900"
"759","2013-05-09","4等","15858","9000"
"759","2013-05-09","5等","236736","1000"
"760","2013-05-13","1等","2","76066200"
"760","2013-05-13","2等","6","22819600"
"760","2013-05-13","3等","180","912700"
"760","2013-05-13","4等","11245","12800"
"760","2013-05-13","5等","210799","1000"
"761","2013-05-16","1等","3","45384700"
"761","2013-05-16","2等","4","30634400"
"761","2013-05-16","3等","473","310800"
"761","2013-05-16","4等","20431","6300"
"761","2013-05-16","5等","273910","1000"
"762","2013-05-20","1等","2","66848900"
"762","2013-05-20","2等","9","13369600"
"762","2013-05-20","3等","441","327400"
"762","2013-05-20","4等","17785","7100"
"762","2013-05-20","5等","264693","1000"
"763","2013-05-23","1等","4","36232500"
"763","2013-05-23","2等","8","16304500"
"763","2013-05-23","3等","280","559000"
"763","2013-05-23","4等","14976","9200"
"763","2013-05-23","5等","239671","1000"
"764","2013-05-27","1等","1","152476300"
"764","2013-05-27","2等","11","12475200"
"764","2013-05-27","3等","219","751900"
"764","2013-05-27","4等","11401","12700"
"764","2013-05-27","5等","192624","1000"
"765","2013-05-30","1等","1","143790100"
"765","2013-05-30","2等","5","25882000"
"765","2013-05-30","3等","297","522800"
"765","2013-05-30","4等","15081","9000"
"765","2013-05-30","5等","224874","1000"
"766","2013-06-03","1等","0","0"
"766","2013-06-03","2等","7","18355800"
"766","2013-06-03","3等","268","575300"
"766","2013-06-03","4等","14143","9600"
"766","2013-06-03","5等","228235","1000"
"767","2013-06-06","1等","0","0"
"767","2013-06-06","2等","18","8132500"
"767","2013-06-06","3等","456","385200"
"767","2013-06-06","4等","21215","7300"
"767","2013-06-06","5等","310443","1000"
"768","2013-06-10","1等","3","166626300"
"768","2013-06-10","2等","12","14584100"
"768","2013-06-10","3等","456","460500"
"768","2013-06-10","4等","19047","9700"
"768","2013-06-10","5等","294754","1000"
"769","2013-06-13","1等","2","71650300"
"769","2013-06-13","2等","12","10747400"
"769","2013-06-13","3等","288","537300"
"769","2013-06-13","4等","13603","10000"
"769","2013-06-13","5等","226626","1000"
"770","2013-06-17","1等","1","154692500"
"770","2013-06-17","2等","6","23203600"
"770","2013-06-17","3等","259","645000"
"770","2013-06-17","4等","13098","11200"
"770","2013-06-17","5等","207838","1000"
"771","2013-06-20","1等","0","0"
"771","2013-06-20","2等","4","35009600"
"771","2013-06-20","3等","189","889100"
"771","2013-06-20","4等","10927","13500"
"771","2013-06-20","5等","175199","1000"
"772","2013-06-24","1等","0","0"
"772","2013-06-24","2等","11","13398900"
"772","2013-06-24","3等","417","424100"
"772","2013-06-24","4等","20648","7500"
"772","2013-06-24","5等","316860","1000"
"773","2013-06-27","1等","3","168064100"
"773","2013-06-27","2等","25","6653600"
"773","2013-06-27","3等","695","287200"
"773","2013-06-27","4等","30895","5600"
"773","2013-06-27","5等","406952","1000"
"774","2013-07-01","1等","0","0"
"774","2013-07-01","2等","10","13294400"
"774","2013-07-01","3等","354","450600"
"774","2013-07-01","4等","18464","7600"
"774","2013-07-01","5等","276663","1000"
"775","2013-07-04","1等","6","56139200"
"775","2013-07-04","2等","18","9455800"
"775","2013-07-04","3等","429","476000"
"775","2013-07-04","4等","18043","9900"
"775","2013-07-04","5等","262328","1000"
"776","2013-07-08","1等","3","45776400"
"776","2013-07-08","2等","7","17656400"
"776","2013-07-08","3等","478","310200"
"776","2013-07-08","4等","19209","6800"
"776","2013-07-08","5等","270926","1000"
"777","2013-07-11","1等","1","146823800"
"777","2013-07-11","2等","4","33035000"
"777","2013-07-11","3等","328","483400"
"777","2013-07-11","4等","15483","9000"
"777","2013-07-11","5等","235592","1000"
"778","2013-07-15","1等","4","32229100"
"778","2013-07-15","2等","20","5801200"
"778","2013-07-15","3等","431","323000"
"778","2013-07-15","4等","16324","7500"
"778","2013-07-15","5等","230087","1000"
"779","2013-07-18","1等","2","72998900"
"779","2013-07-18","2等","3","43799000"
"779","2013-07-18","3等","279","565100"
"779","2013-07-18","4等","13568","10200"
"779","2013-07-18","5等","221111","1000"
"780","2013-07-22","1等","1","134329400"
"780","2013-07-22","2等","12","10074600"
"780","2013-07-22","3等","336","431700"
"780","2013-07-22","4等","15789","8100"
"780","2013-07-22","5等","242050","1000"
"781","2013-07-25","1等","1","147350400"
"781","2013-07-25","2等","4","33153500"
"781","2013-07-25","3等","216","736700"
"781","2013-07-25","4等","11587","12100"
"781","2013-07-25","5等","205268","1000"
"782","2013-07-29","1等","3","48647800"
"782","2013-07-29","2等","5","26269500"
"782","2013-07-29","3等","208","757700"
"782","2013-07-29","4等","10631","13000"
"782","2013-07-29","5等","179835","1000"
"783","2013-08-01","1等","1","140608100"
"783","2013-08-01","2等","5","25309200"
"783","2013-08-01","3等","229","663100"
"783","2013-08-01","4等","12913","10300"
"783","2013-08-01","5等","222023","1000"
"784","2013-08-05","1等","1","142822100"
"784","2013-08-05","2等","7","18362600"
"784","2013-08-05","3等","327","471700"
"784","2013-08-05","4等","11559","11700"
"784","2013-08-05","5等","185822","1000"
"785","2013-08-08","1等","0","0"
"785","2013-08-08","2等","11","11447700"
"785","2013-08-08","3等","236","640200"
"785","2013-08-08","4等","12531","10600"
"785","2013-08-08","5等","200326","1000"
"786","2013-08-12","1等","3","97530200"
"786","2013-08-12","2等","17","8082500"
"786","2013-08-12","3等","382","431600"
"786","2013-08-12","4等","16063","9000"
"786","2013-08-12","5等","243073","1000"
"787","2013-08-15","1等","1","130770500"
"787","2013-08-15","2等","4","29423100"
"787","2013-08-15","3等","297","475500"
"787","2013-08-15","4等","13391","9300"
"787","2013-08-15","5等","205498","1000"
"788","2013-08-19","1等","2","65271100"
"788","2013-08-19","2等","17","6910900"
"788","2013-08-19","3等","371","380000"
"788","2013-08-19","4等","16765","7400"
"788","2013-08-19","5等","239031","1000"
"789","2013-08-22","1等","0","0"
"789","2013-08-22","2等","7","18719500"
"789","2013-08-22","3等","229","686600"
"789","2013-08-22","4等","10958","12600"
"789","2013-08-22","5等","182429","1000"
"790","2013-08-26","1等","3","102876700"
"790","2013-08-26","2等","12","12227300"
"790","2013-08-26","3等","469","375400"
"790","2013-08-26","4等","17888","8600"
"790","2013-08-26","5等","261649","1000"
"791","2013-08-29","1等","1","149634700"
"791","2013-08-29","2等","5","26934000"
"791","2013-08-29","3等","202","800000"
"791","2013-08-29","4等","11282","12600"
"791","2013-08-29","5等","202821","1000"
"792","2013-09-02","1等","2","70622000"
"792","2013-09-02","2等","10","12711800"
"792","2013-09-02","3等","329","463600"
"792","2013-09-02","4等","13858","9700"
"792","2013-09-02","5等","209152","1000"
"793","2013-09-05","1等","0","0"
"793","2013-09-05","2等","2","63997200"
"793","2013-09-05","3等","238","645300"
"793","2013-09-05","4等","11941","11300"
"793","2013-09-05","5等","202293","1000"
"794","2013-09-09","1等","0","0"
"794","2013-09-09","2等","5","31753300"
"794","2013-09-09","3等","255","747100"
"794","2013-09-09","4等","13384","12500"
"794","2013-09-09","5等","227616","1000"
"795","2013-09-12","1等","7","73305200"
"795","2013-09-12","2等","10","17505800"
"795","2013-09-12","3等","476","441300"
"795","2013-09-12","4等","19683","9400"
"795","2013-09-12","5等","313263","1000"
"796","2013-09-16","1等","1","121870200"
"796","2013-09-16","2等","7","15668800"
"796","2013-09-16","3等","326","403700"
"796","2013-09-16","4等","15750","7300"
"796","2013-09-16","5等","227649","1000"
"797","2013-09-19","1等","2","68765900"
"797","2013-09-19","2等","12","10314800"
"797","2013-09-19","3等","293","506900"
"797","2013-09-19","4等","15527","8400"
"797","2013-09-19","5等","244497","1000"
"798","2013-09-23","1等","0","0"
"798","2013-09-23","2等","0","0"
"798","2013-09-23","3等","262","539000"
"798","2013-09-23","4等","12041","10300"
"798","2013-09-23","5等","206367","1000"
"799","2013-09-26","1等","7","58921400"
"799","2013-09-26","2等","24","6149400"
"799","2013-09-26","3等","839","211000"
"799","2013-09-26","4等","30477","5100"
"799","2013-09-26","5等","375012","1000"
"800","2013-09-30","1等","1","131166300"
"800","2013-09-30","2等","4","29512100"
"800","2013-09-30","3等","320","442600"
"800","2013-09-30","4等","16389","7600"
"800","2013-09-30","5等","258728","1000"
"801","2013-10-03","1等","1","145320600"
"801","2013-10-03","2等","4","32696800"
"801","2013-10-03","3等","257","610600"
"801","2013-10-03","4等","13546","10200"
"801","2013-10-03","5等","204656","1000"
"802","2013-10-07","1等","1","128449300"
"802","2013-10-07","2等","6","19267200"
"802","2013-10-07","3等","323","429400"
"802","2013-10-07","4等","15139","8000"
"802","2013-10-07","5等","238887","1000"
"803","2013-10-10","1等","0","0"
"803","2013-10-10","2等","4","33518100"
"803","2013-10-10","3等","198","812500"
"803","2013-10-10","4等","9338","15100"
"803","2013-10-10","5等","166329","1000"
"804","2013-10-14","1等","2","150886900"
"804","2013-10-14","2等","3","45840500"
"804","2013-10-14","3等","208","793300"
"804","2013-10-14","4等","12377","11700"
"804","2013-10-14","5等","218646","1000"
"805","2013-10-17","1等","1","140183100"
"805","2013-10-17","2等","8","15770400"
"805","2013-10-17","3等","226","669800"
"805","2013-10-17","4等","12925","10300"
"805","2013-10-17","5等","211614","1000"
"806","2013-10-21","1等","0","0"
"806","2013-10-21","2等","1","124949100"
"806","2013-10-21","3等","259","578900"
"806","2013-10-21","4等","12126","10900"
"806","2013-10-21","5等","202005","1000"
"807","2013-10-24","1等","1","291477000"
"807","2013-10-24","2等","14","9812700"
"807","2013-10-24","3等","479","344100"
"807","2013-10-24","4等","20517","7000"
"807","2013-10-24","5等","301302","1000"
"808","2013-10-28","1等","0","0"
"808","2013-10-28","2等","8","16455200"
"808","2013-10-28","3等","226","698900"
"808","2013-10-28","4等","10820","12800"
"808","2013-10-28","5等","192526","1000"
"809","2013-10-31","1等","3","107746800"
"809","2013-10-31","2等","5","31854300"
"809","2013-10-31","3等","284","672900"
"809","2013-10-31","4等","13367","12600"
"809","2013-10-31","5等","238791","1000"
"810","2013-11-04","1等","4","36263600"
"810","2013-11-04","2等","5","26109600"
"810","2013-11-04","3等","151","1037400"
"810","2013-11-04","4等","7629","18100"
"810","2013-11-04","5等","146835","1000"
"811","2013-11-07","1等","1","140999500"
"811","2013-11-07","2等","8","15862300"
"811","2013-11-07","3等","239","637100"
"811","2013-11-07","4等","12516","10700"
"811","2013-11-07","5等","204148","1000"
"812","2013-11-11","1等","0","0"
"812","2013-11-11","2等","4","31866100"
"812","2013-11-11","3等","225","679800"
"812","2013-11-11","4等","11537","11600"
"812","2013-11-11","5等","185757","1000"
"813","2013-11-14","1等","3","98109100"
"813","2013-11-14","2等","7","19632500"
"813","2013-11-14","3等","410","402200"
"813","2013-11-14","4等","18210","7900"
"813","2013-11-14","5等","287401","1000"
"814","2013-11-18","1等","5","26254400"
"814","2013-11-18","2等","18","6563500"
"814","2013-11-18","3等","472","300300"
"814","2013-11-18","4等","18446","6700"
"814","2013-11-18","5等","229387","1000"
"815","2013-11-21","1等","1","127087500"
"815","2013-11-21","2等","9","12708600"
"815","2013-11-21","3等","313","438500"
"815","2013-11-21","4等","14743","8200"
"815","2013-11-21","5等","240467","1000"
"816","2013-11-25","1等","2","62452100"
"816","2013-11-25","2等","10","11241200"
"816","2013-11-25","3等","327","412500"
"816","2013-11-25","4等","14949","7900"
"816","2013-11-25","5等","225174","1000"
"817","2013-11-29","1等","1","145727200"
"817","2013-11-29","2等","1","131153300"
"817","2013-11-29","3等","273","576400"
"817","2013-11-29","4等","10628","13000"
"817","2013-11-29","5等","169749","1000"
"818","2013-12-02","1等","0","0"
"818","2013-12-02","2等","7","17948400"
"818","2013-12-02","3等","179","842200"
"818","2013-12-02","4等","10437","12700"
"818","2013-12-02","5等","178498","1000"
"819","2013-12-05","1等","2","150045900"
"819","2013-12-05","2等","4","36110300"
"819","2013-12-05","3等","230","753600"
"819","2013-12-05","4等","13766","11100"
"819","2013-12-05","5等","236112","1000"
"820","2013-12-09","1等","1","137493800"
"820","2013-12-09","2等","4","30935800"
"820","2013-12-09","3等","216","687400"
"820","2013-12-09","4等","11136","11700"
"820","2013-12-09","5等","189176","1000"
"821","2013-12-12","1等","1","141089200"
"821","2013-12-12","2等","6","21163100"
"821","2013-12-12","3等","199","765700"
"821","2013-12-12","4等","11493","11600"
"821","2013-12-12","5等","194366","1000"
"822","2013-12-16","1等","5","24735100"
"822","2013-12-16","2等","12","9275600"
"822","2013-12-16","3等","879","151900"
"822","2013-12-16","4等","22235","5200"
"822","2013-12-16","5等","265093","1000"
"823","2013-12-19","1等","2","66918700"
"823","2013-12-19","2等","5","24090500"
"823","2013-12-19","3等","263","549500"
"823","2013-12-19","4等","15701","8100"
"823","2013-12-19","5等","218600","1000"
"824","2013-12-23","1等","0","0"
"824","2013-12-23","2等","5","24452600"
"824","2013-12-23","3等","191","768100"
"824","2013-12-23","4等","9642","13400"
"824","2013-12-23","5等","173719","1000"
"825","2013-12-26","1等","4","73795200"
"825","2013-12-26","2等","14","10242600"
"825","2013-12-26","3等","457","376500"
"825","2013-12-26","4等","19063","7900"
"825","2013-12-26","5等","285713","1000"
"826","2013-12-30","1等","3","45122000"
"826","2013-12-30","2等","12","10152300"
"826","2013-12-30","3等","279","523900"
"826","2013-12-30","4等","15073","8500"
"826","2013-12-30","5等","220594","1000"
"827","2014-01-06","1等","0","0"
"827","2014-01-06","2等","7","17356200"
"827","2014-01-06","3等","240","607400"
"827","2014-01-06","4等","13690","9300"
"827","2014-01-06","5等","221352","1000"
"828","2014-01-09","1等","1","293783400"
"828","2014-01-09","2等","22","6495800"
"828","2014-01-09","3等","415","413200"
"828","2014-01-09","4等","17662","8500"
"828","2014-01-09","5等","268714","1000"
"829","2014-01-13","1等","1","136213400"
"829","2014-01-13","2等","1","122590900"
"829","2014-01-13","3等","239","615500"
"829","2014-01-13","4等","11598","11100"
"829","2014-01-13","5等","188628","1000"
"830","2014-01-16","1等","4","34145100"
"830","2014-01-16","2等","8","15365200"
"830","2014-01-16","3等","272","542300"
"830","2014-01-16","4等","14411","9000"
"830","2014-01-16","5等","232226","1000"
"831","2014-01-20","1等","3","42071400"
"831","2014-01-20","2等","18","6310600"
"831","2014-01-20","3等","466","292500"
"831","2014-01-20","4等","18647","6400"
"831","2014-01-20","5等","251782","1000"
"832","2014-01-23","1等","2","70326900"
"832","2014-01-23","2等","2","63293600"
"832","2014-01-23","3等","214","709800"
"832","2014-01-23","4等","10849","12300"
"832","2014-01-23","5等","187952","1000"
"833","2014-01-27","1等","1","129867100"
"833","2014-01-27","2等","13","8990700"
"833","2014-01-27","3等","327","428900"
"833","2014-01-27","4等","16073","7600"
"833","2014-01-27","5等","244601","1000"
"834","2014-01-30","1等","0","0"
"834","2014-01-30","2等","6","21514700"
"834","2014-01-30","3等","218","710500"
"834","2014-01-30","4等","11359","12000"
"834","2014-01-30","5等","191647","1000"
"835","2014-02-03","1等","4","76167200"
"835","2014-02-03","2等","19","7637400"
"835","2014-02-03","3等","467","372800"
"835","2014-02-03","4等","19997","7600"
"835","2014-02-03","5等","279209","1000"
"836","2014-02-06","1等","2","69974600"
"836","2014-02-06","2等","3","41984400"
"836","2014-02-06","3等","176","858700"
"836","2014-02-06","4等","10893","12200"
"836","2014-02-06","5等","189934","1000"
"837","2014-02-10","1等","0","0"
"837","2014-02-10","2等","14","8679700"
"837","2014-02-10","3等","304","479600"
"837","2014-02-10","4等","10891","11800"
"837","2014-02-10","5等","170404","1000"
"838","2014-02-13","1等","1","302484800"
"838","2014-02-13","2等","3","50239200"
"838","2014-02-13","3等","207","873700"
"838","2014-02-13","4等","11321","14000"
"838","2014-02-13","5等","202036","1000"
"839","2014-02-17","1等","2","58819200"
"839","2014-02-17","2等","6","17645600"
"839","2014-02-17","3等","314","404600"
"839","2014-02-17","4等","16653","6700"
"839","2014-02-17","5等","247517","1000"
"840","2014-02-20","1等","2","62492100"
"840","2014-02-20","2等","13","8652600"
"840","2014-02-20","3等","384","351500"
"840","2014-02-20","4等","15097","7800"
"840","2014-02-20","5等","229602","1000"
"841","2014-02-24","1等","0","0"
"841","2014-02-24","2等","3","39133100"
"841","2014-02-24","3等","278","506700"
"841","2014-02-24","4等","12710","9700"
"841","2014-02-24","5等","208703","1000"
"842","2014-02-27","1等","2","142963400"
"842","2014-02-27","2等","12","11661000"
"842","2014-02-27","3等","338","496800"
"842","2014-02-27","4等","15410","9600"
"842","2014-02-27","5等","236424","1000"
"843","2014-03-03","1等","1","132563500"
"843","2014-03-03","2等","9","13256200"
"843","2014-03-03","3等","232","617100"
"843","2014-03-03","4等","12643","9900"
"843","2014-03-03","5等","212024","1000"
"844","2014-03-06","1等","0","0"
"844","2014-03-06","2等","12","9473800"
"844","2014-03-06","3等","362","376800"
"844","2014-03-06","4等","15405","7800"
"844","2014-03-06","5等","229370","1000"
"845","2014-03-10","1等","1","270730000"
"845","2014-03-10","2等","9","14440900"
"845","2014-03-10","3等","497","313800"
"845","2014-03-10","4等","20003","6800"
"845","2014-03-10","5等","281828","1000"
"846","2014-03-13","1等","0","0"
"846","2014-03-13","2等","10","11883200"
"846","2014-03-13","3等","218","654100"
"846","2014-03-13","4等","11698","10700"
"846","2014-03-13","5等","193837","1000"
"847","2014-03-17","1等","0","0"
"847","2014-03-17","2等","4","36614400"
"847","2014-03-17","3等","252","697400"
"847","2014-03-17","4等","13351","11600"
"847","2014-03-17","5等","227156","1000"
"848","2014-03-20","1等","2","232909500"
"848","2014-03-20","2等","7","21991800"
"848","2014-03-20","3等","308","599700"
"848","2014-03-20","4等","17312","9400"
"848","2014-03-20","5等","282009","1000"
"849","2014-03-24","1等","2","64046100"
"849","2014-03-24","2等","6","19213600"
"849","2014-03-24","3等","318","435000"
"849","2014-03-24","4等","15195","8000"
"849","2014-03-24","5等","231075","1000"
"850","2014-03-27","1等","0","0"
"850","2014-03-27","2等","2","63132700"
"850","2014-03-27","3等","309","490300"
"850","2014-03-27","4等","10333","12900"
"850","2014-03-27","5等","182677","1000"
"851","2014-03-31","1等","3","96122100"
"851","2014-03-31","2等","11","12114700"
"851","2014-03-31","3等","548","291800"
"851","2014-03-31","4等","22620","6200"
"851","2014-03-31","5等","298615","1000"
"852","2014-04-03","1等","1","129224400"
"852","2014-04-03","2等","4","29075200"
"852","2014-04-03","3等","217","643100"
"852","2014-04-03","4等","12279","10000"
"852","2014-04-03","5等","205933","1000"
"853","2014-04-07","1等","0","0"
"853","2014-04-07","2等","3","39881400"
"853","2014-04-07","3等","245","586000"
"853","2014-04-07","4等","11444","11000"
"853","2014-04-07","5等","193734","1000"
"854","2014-04-10","1等","1","280741900"
"854","2014-04-10","2等","33","4030900"
"854","2014-04-10","3等","586","272300"
"854","2014-04-10","4等","21049","6600"
"854","2014-04-10","5等","287638","1000"
"855","2014-04-14","1等","0","0"
"855","2014-04-14","2等","5","24191300"
"855","2014-04-14","3等","329","441100"
"855","2014-04-14","4等","12644","10100"
"855","2014-04-14","5等","201206","1000"
"856","2014-04-17","1等","2","155268000"
"856","2014-04-17","2等","9","17613600"
"856","2014-04-17","3等","255","745900"
"856","2014-04-17","4等","12954","12900"
"856","2014-04-17","5等","220199","1000"
"857","2014-04-21","1等","1","128078300"
"857","2014-04-21","2等","5","23053900"
"857","2014-04-21","3等","291","475300"
"857","2014-04-21","4等","14162","8600"
"857","2014-04-21","5等","226093","1000"
"858","2014-04-24","1等","2","71353500"
"858","2014-04-24","2等","4","32108800"
"858","2014-04-24","3等","199","774400"
"858","2014-04-24","4等","10157","13300"
"858","2014-04-24","5等","171855","1000"
"859","2014-04-28","1等","0","0"
"859","2014-04-28","2等","4","30692700"
"859","2014-04-28","3等","213","691600"
"859","2014-04-28","4等","11239","11500"
"859","2014-04-28","5等","197400","1000"
"860","2014-05-01","1等","3","101556000"
"860","2014-05-01","2等","5","30285500"
"860","2014-05-01","3等","259","701500"
"860","2014-05-01","4等","14422","11100"
"860","2014-05-01","5等","220507","1000"
"861","2014-05-05","1等","3","41471000"
"861","2014-05-05","2等","13","8613100"
"861","2014-05-05","3等","329","408400"
"861","2014-05-05","4等","13241","8900"
"861","2014-05-05","5等","173693","1000"
"862","2014-05-08","1等","0","0"
"862","2014-05-08","2等","2","60909600"
"862","2014-05-08","3等","262","557900"
"862","2014-05-08","4等","11911","10800"
"862","2014-05-08","5等","198149","1000"
"863","2014-05-12","1等","2","145531400"
"863","2014-05-12","2等","12","11677900"
"863","2014-05-12","3等","295","570000"
"863","2014-05-12","4等","15027","9800"
"863","2014-05-12","5等","235339","1000"
"864","2014-05-15","1等","2","68694900"
"864","2014-05-15","2等","15","8243300"
"864","2014-05-15","3等","162","915900"
"864","2014-05-15","4等","10051","13000"
"864","2014-05-15","5等","169634","1000"
"865","2014-05-19","1等","6","16727400"
"865","2014-05-19","2等","18","5018200"
"865","2014-05-19","3等","683","158700"
"865","2014-05-19","4等","24693","3800"
"865","2014-05-19","5等","302771","1000"
"866","2014-05-22","1等","0","0"
"866","2014-05-22","2等","3","38572500"
"866","2014-05-22","3等","199","697700"
"866","2014-05-22","4等","11462","10600"
"866","2014-05-22","5等","187301","1000"
"867","2014-05-26","1等","0","0"
"867","2014-05-26","2等","19","6870700"
"867","2014-05-26","3等","476","329100"
"867","2014-05-26","4等","18410","7500"
"867","2014-05-26","5等","241477","1000"
"868","2014-05-29","1等","0","0"
"868","2014-05-29","2等","9","17432300"
"868","2014-05-29","3等","325","579200"
"868","2014-05-29","4等","14921","11100"
"868","2014-05-29","5等","235048","1000"
"869","2014-06-02","1等","7","89021500"
"869","2014-06-02","2等","8","19709700"
"869","2014-06-02","3等","568","333100"
"869","2014-06-02","4等","24054","6900"
"869","2014-06-02","5等","339050","1000"
"870","2014-06-05","1等","1","129034400"
"870","2014-06-05","2等","4","29032400"
"870","2014-06-05","3等","248","561900"
"870","2014-06-05","4等","12547","9700"
"870","2014-06-05","5等","210166","1000"
"871","2014-06-09","1等","3","38178300"
"871","2014-06-09","2等","16","6442500"
"871","2014-06-09","3等","423","292400"
"871","2014-06-09","4等","16767","6500"
"871","2014-06-09","5等","243854","1000"
"872","2014-06-12","1等","1","117975100"
"872","2014-06-12","2等","12","8848000"
"872","2014-06-12","3等","326","39800"
"872","2014-06-12","4等","15540","7200"
"872","2014-06-12","5等","235912","1000"
"873","2014-06-16","1等","1","136319400"
"873","2014-06-16","2等","9","13631800"
"873","2014-06-16","3等","175","841200"
"873","2014-06-16","4等","10278","12600"
"873","2014-06-16","5等","181091","1000"
"874","2014-06-19","1等","0","0"
"874","2014-06-19","2等","14","8032700"
"874","2014-06-19","3等","271","497900"
"874","2014-06-19","4等","13808","8600"
"874","2014-06-19","5等","215928","1000"
"875","2014-06-23","1等","2","129788300"
"875","2014-06-23","2等","13","9319800"
"875","2014-06-23","3等","548","265300"
"875","2014-06-23","4等","22358","5700"
"875","2014-06-23","5等","316117","1000"
"876","2014-06-26","1等","1","128626000"
"876","2014-06-26","2等","6","19293700"
"876","2014-06-26","3等","251","553400"
"876","2014-06-26","4等","14155","8600"
"876","2014-06-26","5等","217060","1000"
"877","2014-06-30","1等","0","0"
"877","2014-06-30","2等","9","13837700"
"877","2014-06-30","3等","266","561800"
"877","2014-06-30","4等","11736","11200"
"877","2014-06-30","5等","181484","1000"
"878","2014-07-03","1等","1","290609800"
"878","2014-07-03","2等","3","45669000"
"878","2014-07-03","3等","287","572800"
"878","2014-07-03","4等","14504","9900"
"878","2014-07-03","5等","239784","1000"
"879","2014-07-07","1等","0","0"
"879","2014-07-07","2等","3","41643400"
"879","2014-07-07","3等","139","1078500"
"879","2014-07-07","4等","8393","15700"
"879","2014-07-07","5等","155070","1000"
"880","2014-07-10","1等","2","140523000"
"880","2014-07-10","2等","5","25601700"
"880","2014-07-10","3等","373","411800"
"880","2014-07-10","4等","17420","7700"
"880","2014-07-10","5等","258518","1000"
"881","2014-07-14","1等","0","0"
"881","2014-07-14","2等","12","8741200"
"881","2014-07-14","3等","364","345800"
"881","2014-07-14","4等","15752","7000"
"881","2014-07-14","5等","232486","1000"
"882","2014-07-17","1等","1","262268600"
"882","2014-07-17","2等","5","26228900"
"882","2014-07-17","3等","281","560000"
"882","2014-07-17","4等","14937","9200"
"882","2014-07-17","5等","239827","1000"
"883","2014-07-21","1等","1","118297900"
"883","2014-07-21","2等","8","13308300"
"883","2014-07-21","3等","211","605500"
"883","2014-07-21","4等","10798","10400"
"883","2014-07-21","5等","171941","1000"
"884","2014-07-24","1等","0","0"
"884","2014-07-24","2等","17","6344300"
"884","2014-07-24","3等","334","387400"
"884","2014-07-24","4等","13789","8200"
"884","2014-07-24","5等","201260","1000"
"885","2014-07-28","1等","1","269046500"
"885","2014-07-28","2等","7","19183700"
"885","2014-07-28","3等","187","861700"
"885","2014-07-28","4等","10551","13400"
"885","2014-07-28","5等","182621","1000"
"886","2014-07-31","1等","1","120138400"
"886","2014-07-31","2等","14","7723100"
"886","2014-07-31","3等","259","500900"
"886","2014-07-31","4等","12508","9100"
"886","2014-07-31","5等","201571","1000"
"887","2014-08-04","1等","1","114992600"
"887","2014-08-04","2等","7","14784600"
"887","2014-08-04","3等","230","539900"
"887","2014-08-04","4等","12502","8700"
"887","2014-08-04","5等","201406","1000"
"888","2014-08-07","1等","1","122981400"
"888","2014-08-07","2等","2","55341100"
"888","2014-08-07","3等","167","795300"
"888","2014-08-07","4等","9658","12100"
"888","2014-08-07","5等","169698","1000"
"889","2014-08-11","1等","0","0"
"889","2014-08-11","2等","5","22008100"
"889","2014-08-11","3等","191","691300"
"889","2014-08-11","4等","9635","12000"
"889","2014-08-11","5等","163652","1000"
"890","2014-08-14","1等","0","0"
"890","2014-08-14","2等","7","16806600"
"890","2014-08-14","3等","340","415200"
"890","2014-08-14","4等","15425","8000"
"890","2014-08-14","5等","233681","1000"
"891","2014-08-18","1等","2","213055100"
"891","2014-08-18","2等","7","22258300"
"891","2014-08-18","3等","182","1027300"
"891","2014-08-18","4等","11872","13800"
"891","2014-08-18","5等","212299","1000"
"892","2014-08-21","1等","0","0"
"892","2014-08-21","2等","4","31507900"
"892","2014-08-21","3等","142","1065000"
"892","2014-08-21","4等","7580","17600"
"892","2014-08-21","5等","139518","1000"
"893","2014-08-25","1等","0","0"
"893","2014-08-25","2等","15","8852200"
"893","2014-08-25","3等","305","522400"
"893","2014-08-25","4等","16380","8500"
"893","2014-08-25","5等","248566","1000"
"894","2014-08-28","1等","2","229891000"
"894","2014-08-28","2等","5","30996800"
"894","2014-08-28","3等","372","499900"
"894","2014-08-28","4等","16692","9800"
"894","2014-08-28","5等","265248","1000"
"895","2014-09-01","1等","6","19453800"
"895","2014-09-01","2等","14","7503500"
"895","2014-09-01","3等","705","178800"
"895","2014-09-01","4等","21098","5200"
"895","2014-09-01","5等","255673","1000"
"896","2014-09-04","1等","0","0"
"896","2014-09-04","2等","1","113976600"
"896","2014-09-04","3等","297","460500"
"896","2014-09-04","4等","13292","9000"
"896","2014-09-04","5等","210128","1000"
"897","2014-09-08","1等","3","89071400"
"897","2014-09-08","2等","12","10542800"
"897","2014-09-08","3等","429","353800"
"897","2014-09-08","4等","18476","7200"
"897","2014-09-08","5等","273801","1000"
"898","2014-09-11","1等","4","31560700"
"898","2014-09-11","2等","6","18936200"
"898","2014-09-11","3等","557","244700"
"898","2014-09-11","4等","15052","7900"
"898","2014-09-11","5等","201693","1000"
"899","2014-09-15","1等","1","115363100"
"899","2014-09-15","2等","7","14832200"
"899","2014-09-15","3等","300","415300"
"899","2014-09-15","4等","13786","7900"
"899","2014-09-15","5等","206827","1000"
"900","2014-09-18","1等","2","63211900"
"900","2014-09-18","2等","8","14222500"
"900","2014-09-18","3等","223","612200"
"900","2014-09-18","4等","12238","9800"
"900","2014-09-18","5等","195769","1000"
"901","2014-09-22","1等","0","0"
"901","2014-09-22","2等","25","4297800"
"901","2014-09-22","3等","424","304000"
"901","2014-09-22","4等","16008","7100"
"901","2014-09-22","5等","214267","1000"
"902","2014-09-25","1等","1","269162200"
"902","2014-09-25","2等","13","10368900"
"902","2014-09-25","3等","217","745400"
"902","2014-09-25","4等","11407","12500"
"902","2014-09-25","5等","198066","1000"
"903","2014-09-29","1等","1","113300900"
"903","2014-09-29","2等","19","5366800"
"903","2014-09-29","3等","444","275500"
"903","2014-09-29","4等","18382","5800"
"903","2014-09-29","5等","244707","1000"
"904","2014-10-02","1等","0","0"
"904","2014-10-02","2等","9","11858300"
"904","2014-10-02","3等","269","476000"
"904","2014-10-02","4等","13620","8200"
"904","2014-10-02","5等","214264","1000"
"905","2014-10-06","1等","2","131284900"
"905","2014-10-06","2等","5","25907100"
"905","2014-10-06","3等","267","582400"
"905","2014-10-06","4等","11293","12100"
"905","2014-10-06","5等","181831","1000"
"906","2014-10-09","1等","0","0"
"906","2014-10-09","2等","13","8407800"
"906","2014-10-09","3等","274","478600"
"906","2014-10-09","4等","12621","9100"
"906","2014-10-09","5等","201409","1000"
"907","2014-10-13","1等","5","49352900"
"907","2014-10-13","2等","12","9398700"
"907","2014-10-13","3等","389","347900"
"907","2014-10-13","4等","15657","7600"
"907","2014-10-13","5等","217235","1000"
"908","2014-10-16","1等","1","119933000"
"908","2014-10-16","2等","3","35979500"
"908","2014-10-16","3等","297","436100"
"908","2014-10-16","4等","14214","8000"
"908","2014-10-16","5等","216638","1000"
"909","2014-10-20","1等","1","121772100"
"909","2014-10-20","2等","7","15656200"
"909","2014-10-20","3等","252","521800"
"909","2014-10-20","4等","12431","9300"
"909","2014-10-20","5等","196128","1000"
"910","2014-10-23","1等","1","109769800"
"910","2014-10-23","2等","5","19758400"
"910","2014-10-23","3等","343","345600"
"910","2014-10-23","4等","16285","6400"
"910","2014-10-23","5等","231738","1000"
"911","2014-10-27","1等","1","118690300"
"911","2014-10-27","2等","20","5341000"
"911","2014-10-27","3等","346","370400"
"911","2014-10-27","4等","15055","7500"
"911","2014-10-27","5等","217732","1000"
"912","2014-10-30","1等","2","64620500"
"912","2014-10-30","2等","8","14539500"
"912","2014-10-30","3等","172","811500"
"912","2014-10-30","4等","9577","12800"
"912","2014-10-30","5等","167641","1000"
"913","2014-11-03","1等","2","60952200"
"913","2014-11-03","2等","6","18285500"
"913","2014-11-03","3等","168","783600"
"913","2014-11-03","4等","8689","13300"
"913","2014-11-03","5等","152654","1000"
"914","2014-11-06","1等","0","0"
"914","2014-11-06","2等","0","0"
"914","2014-11-06","3等","165","842700"
"914","2014-11-06","4等","8486","14400"
"914","2014-11-06","5等","155451","1000"
"915","2014-11-10","1等","4","100782800"
"915","2014-11-10","2等","3","47549200"
"915","2014-11-10","3等","287","596400"
"915","2014-11-10","4等","14367","10500"
"915","2014-11-10","5等","228507","1000"
"916","2014-11-13","1等","1","115937100"
"916","2014-11-13","2等","13","8026300"
"916","2014-11-13","3等","386","324300"
"916","2014-11-13","4等","15017","7300"
"916","2014-11-13","5等","208560","1000"
"917","2014-11-17","1等","0","0"
"917","2014-11-17","2等","12","9120500"
"917","2014-11-17","3等","278","472400"
"917","2014-11-17","4等","11490","10000"
"917","2014-11-17","5等","178259","1000"
"918","2014-11-20","1等","0","0"
"918","2014-11-20","2等","0","0"
"918","2014-11-20","3等","195","814100"
"918","2014-11-20","4等","10594","13200"
"918","2014-11-20","5等","187326","1000"
"919","2014-11-24","1等","0","0"
"919","2014-11-24","2等","43","3238800"
"919","2014-11-24","3等","344","485800"
"919","2014-11-24","4等","15753","9300"
"919","2014-11-24","5等","252416","1000"
"920","2014-11-27","1等","0","0"
"920","2014-11-27","2等","10","16202200"
"920","2014-11-27","3等","262","742000"
"920","2014-11-27","4等","14058","12200"
"920","2014-11-27","5等","243139","1000"
"921","2014-12-01","1等","1","400000000"
"921","2014-12-01","2等","6","28136100"
"921","2014-12-01","3等","325","623300"
"921","2014-12-01","4等","16475","10800"
"921","2014-12-01","5等","283036","1000"
"922","2014-12-04","1等","2","342422300"
"922","2014-12-04","2等","7","20772900"
"922","2014-12-04","3等","321","543500"
"922","2014-12-04","4等","15039","10200"
"922","2014-12-04","5等","248204","1000"
"923","2014-12-08","1等","2","68159800"
"923","2014-12-08","2等","6","20447700"
"923","2014-12-08","3等","178","827100"
"923","2014-12-08","4等","10399","12400"
"923","2014-12-08","5等","1739587","1000"
"924","2014-12-11","1等","0","0"
"924","2014-12-11","2等","4","30925200"
"924","2014-12-11","3等","153","970200"
"924","2014-12-11","4等","8805","14800"
"924","2014-12-11","5等","154962","1000"
"925","2014-12-15","1等","3","97251100"
"925","2014-12-15","2等","6","23145800"
"925","2014-12-15","3等","207","805000"
"925","2014-12-15","4等","11700","12500"
"925","2014-12-15","5等","207803","1000"
"926","2014-12-18","1等","0","0"
"926","2014-12-18","2等","3","40151000"
"926","2014-12-18","3等","173","835500"
"926","2014-12-18","4等","9177","13800"
"926","2014-12-18","5等","158847","1000"
"927","2014-12-22","1等","0","0"
"927","2014-12-22","2等","6","24430000"
"927","2014-12-22","3等","295","596200"
"927","2014-12-22","4等","11031","14000"
"927","2014-12-22","5等","181052","1000"
"928","2014-12-25","1等","1","400000000"
"928","2014-12-25","2等","5","31265300"
"928","2014-12-25","3等","220","852600"
"928","2014-12-25","4等","11639","14200"
"928","2014-12-25","5等","217849","1000"
"929","2014-12-29","1等","5","43471100"
"929","2014-12-29","2等","10","13225400"
"929","2014-12-29","3等","277","572900"
"929","2014-12-29","4等","14585","9500"
"929","2014-12-29","5等","235620","1000"
"930","2015-01-05","1等","1","137750200"
"930","2015-01-05","2等","12","10331100"
"930","2015-01-05","3等","180","826400"
"930","2015-01-05","4等","9395","13900"
"930","2015-01-05","5等","161776","1000"
"931","2015-01-08","1等","0","0"
"931","2015-01-08","2等","3","37457700"
"931","2015-01-08","3等","229","588800"
"931","2015-01-08","4等","11113","10700"
"931","2015-01-08","5等","189205","1000"
"932","2015-01-12","1等","1","276721400"
"932","2015-01-12","2等","3","45557900"
"932","2015-01-12","3等","174","942500"
"932","2015-01-12","4等","9816","14700"
"932","2015-01-12","5等","173684","1000"
"933","2015-01-15","1等","2","62693000"
"933","2015-01-15","2等","6","18807700"
"933","2015-01-15","3等","369","366900"
"933","2015-01-15","4等","13930","8500"
"933","2015-01-15","5等","183824","1000"
"934","2015-01-19","1等","1","125978000"
"934","2015-01-19","2等","11","10307200"
"934","2015-01-19","3等","203","670200"
"934","2015-01-19","4等","11659","10200"
"934","2015-01-19","5等","193783","1000"
"935","2015-01-22","1等","2","58012000"
"935","2015-01-22","2等","28","3729300"
"935","2015-01-22","3等","513","244200"
"935","2015-01-22","4等","14979","7300"
"935","2015-01-22","5等","198231","1000"
"936","2015-01-26","1等","0","0"
"936","2015-01-26","2等","7","16162200"
"936","2015-01-26","3等","276","491800"
"936","2015-01-26","4等","12217","9800"
"936","2015-01-26","5等","201739","1000"
"937","2015-01-29","1等","3","89474500"
"937","2015-01-29","2等","12","10703500"
"937","2015-01-29","3等","276","558400"
"937","2015-01-29","4等","13258","10200"
"937","2015-01-29","5等","213583","1000"
"938","2015-02-02","1等","3","40465900"
"938","2015-02-02","2等","14","7804000"
"938","2015-02-02","3等","307","427000"
"938","2015-02-02","4等","14299","8000"
"938","2015-02-02","5等","211349","1000"
"939","2015-02-05","1等","0","0"
"939","2015-02-05","2等","8","13413400"
"939","2015-02-05","3等","336","383200"
"939","2015-02-05","4等","13458","8400"
"939","2015-02-05","5等","206628","1000"
"940","2015-02-09","1等","1","272046600"
"940","2015-02-09","2等","4","34383000"
"940","2015-02-09","3等","192","859500"
"940","2015-02-09","4等","9486","15300"
"940","2015-02-09","5等","178345","1000"
"941","2015-02-12","1等","1","121390700"
"941","2015-02-12","2等","8","13656300"
"941","2015-02-12","3等","252","520200"
"941","2015-02-12","4等","12677","9100"
"941","2015-02-12","5等","203463","1000"
"942","2015-02-16","1等","0","0"
"942","2015-02-16","2等","9","11636500"
"942","2015-02-16","3等","415","302800"
"942","2015-02-16","4等","17589","6300"
"942","2015-02-16","5等","244572","1000"
"943","2015-02-19","1等","3","87917000"
"943","2015-02-19","2等","6","22107500"
"943","2015-02-19","3等","232","686000"
"943","2015-02-19","4等","11718","11900"
"943","2015-02-19","5等","200206","1000"
"944","2015-02-23","1等","1","129554500"
"944","2015-02-23","2等","5","23319600"
"944","2015-02-23","3等","275","508700"
"944","2015-02-23","4等","12046","10200"
"944","2015-02-23","5等","185838","1000"
"945","2015-02-26","1等","2","59488300"
"945","2015-02-26","2等","3","35692600"
"945","2015-02-26","3等","265","484800"
"945","2015-02-26","4等","13957","8100"
"945","2015-02-26","5等","207406","1000"
"946","2015-03-02","1等","4","29998800"
"946","2015-03-02","2等","8","13499300"
"946","2015-03-02","3等","256","506200"
"946","2015-03-02","4等","13640","8300"
"946","2015-03-02","5等","212313","1000"
"947","2015-03-05","1等","2","61398000"
"947","2015-03-05","2等","5","22103000"
"947","2015-03-05","3等","204","650000"
"947","2015-03-05","4等","11507","10100"
"947","2015-03-05","5等","190634","1000"
"948","2015-03-09","1等","0","0"
"948","2015-03-09","2等","7","15672300"
"948","2015-03-09","3等","243","541700"
"948","2015-03-09","4等","11228","10300"
"948","2015-03-09","5等","177668","1000"
"949","2015-03-12","1等","0","0"
"949","2015-03-12","2等","7","18622600"
"949","2015-03-12","3等","206","759300"
"949","2015-03-12","4等","11264","12200"
"949","2015-03-12","5等","185515","1000"
"950","2015-03-16","1等","1","400000000"
"950","2015-03-16","2等","9","15288100"
"950","2015-03-16","3等","301","548500"
"950","2015-03-16","4等","15091","9600"
"950","2015-03-16","5等","237241","1000"
"951","2015-03-19","1等","0","0"
"951","2015-03-19","2等","3","37349300"
"951","2015-03-19","3等","289","465200"
"951","2015-03-19","4等","12726","9300"
"951","2015-03-19","5等","205751","1000"
"952","2015-03-23","1等","2","143126900"
"952","2015-03-23","2等","13","9839700"
"952","2015-03-23","3等","332","462300"
"952","2015-03-23","4等","14747","9100"
"952","2015-03-23","5等","224937","1000"
"953","2015-03-26","1等","4","30379200"
"953","2015-03-26","2等","5","21872800"
"953","2015-03-26","3等","330","397600"
"953","2015-03-26","4等","12594","9100"
"953","2015-03-26","5等","190896","1000"
"954","2015-03-30","1等","0","0"
"954","2015-03-30","2等","3","37315300"
"954","2015-03-30","3等","212","633600"
"954","2015-03-30","4等","10939","10800"
"954","2015-03-30","5等","188407","1000"
"955","2015-04-02","1等","1","267084300"
"955","2015-04-02","2等","4","32106900"
"955","2015-04-02","3等","236","653000"
"955","2015-04-02","4等","12689","10700"
"955","2015-04-02","5等","211286","1000"
"956","2015-04-06","1等","0","0"
"956","2015-04-06","2等","4","26079900"
"956","2015-04-06","3等","273","458500"
"956","2015-04-06","4等","13477","8100"
"956","2015-04-06","5等","215206","1000"
"957","2015-04-09","1等","3","86595800"
"957","2015-04-09","2等","5","25897300"
"957","2015-04-09","3等","307","506100"
"957","2015-04-09","4等","13427","10200"
"957","2015-04-09","5等","190103","1000"
"958","2015-04-13","1等","2","59353800"
"958","2015-04-13","2等","6","17805900"
"958","2015-04-13","3等","235","545500"
"958","2015-04-13","4等","11307","10000"
"958","2015-04-13","5等","188815","1000"
"959","2015-04-16","1等","1","135036000"
"959","2015-04-16","2等","7","17361600"
"959","2015-04-16","3等","218","668900"
"959","2015-04-16","4等","10689","12000"
"959","2015-04-16","5等","175599","1000"
"960","2015-04-20","1等","2","61430200"
"960","2015-04-20","2等","11","10052100"
"960","2015-04-20","3等","339","391400"
"960","2015-04-20","4等","13311","8700"
"960","2015-04-20","5等","190151","1000"
"961","2015-04-23","1等","1","115013400"
"961","2015-04-23","2等","7","14787300"
"961","2015-04-23","3等","345","360000"
"961","2015-04-23","4等","16266","6700"
"961","2015-04-23","5等","235668","1000"
"962","2015-04-27","1等","4","29602900"
"962","2015-04-27","2等","7","15224200"
"962","2015-04-27","3等","323","395900"
"962","2015-04-27","4等","14995","7500"
"962","2015-04-27","5等","219474","1000"
"963","2015-04-30","1等","2","64350000"
"963","2015-04-30","2等","10","11582900"
"963","2015-04-30","3等","171","812800"
"963","2015-04-30","4等","9483","12900"
"963","2015-04-30","5等","164088","1000"
"964","2015-05-04","1等","0","0"
"964","2015-05-04","2等","3","35650400"
"964","2015-05-04","3等","129","994800"
"964","2015-05-04","4等","7811","14400"
"964","2015-05-04","5等","142167","1000"
"965","2015-05-07","1等","2","126654500"
"965","2015-05-07","2等","6","20170800"
"965","2015-05-07","3等","401","362100"
"965","2015-05-07","4等","14299","8900"
"965","2015-05-07","5等","216098","1000"
"966","2015-05-11","1等","1","133072000"
"966","2015-05-11","2等","1","119763800"
"966","2015-05-11","3等","134","1072500"
"966","2015-05-11","4等","7613","16600"
"966","2015-05-11","5等","140833","1000"
"967","2015-05-14","1等","1","123100400"
"967","2015-05-14","2等","4","27697300"
"967","2015-05-14","3等","141","942800"
"967","2015-05-14","4等","8608","13600"
"967","2015-05-14","5等","150296","1000"
"968","2015-05-18","1等","1","110911400"
"968","2015-05-18","2等","9","11091000"
"968","2015-05-18","3等","260","460700"
"968","2015-05-18","4等","12620","8300"
"968","2015-05-18","5等","203581","1000"
"969","2015-05-21","1等","1","113134300"
"969","2015-05-21","2等","13","7832300"
"969","2015-05-21","3等","237","515500"
"969","2015-05-21","4等","11689","9200"
"969","2015-05-21","5等","188835","1000"
"970","2015-05-25","1等","2","55926200"
"970","2015-05-25","2等","6","16777700"
"970","2015-05-25","3等","288","419400"
"970","2015-05-25","4等","14684","7200"
"970","2015-05-25","5等","199148","1000"
"971","2015-05-28","1等","4","25715300"
"971","2015-05-28","2等","18","5143000"
"971","2015-05-28","3等","367","302600"
"971","2015-05-28","4等","15860","6100"
"971","2015-05-28","5等","225769","1000"
"972","2015-06-01","1等","1","117796500"
"972","2015-06-01","2等","13","8155000"
"972","2015-06-01","3等","184","691400"
"972","2015-06-01","4等","10071","11100"
"972","2015-06-01","5等","167141","1000"
"973","2015-06-04","1等","2","49737200"
"973","2015-06-04","2等","13","6886600"
"973","2015-06-04","3等","494","217400"
"973","2015-06-04","4等","17816","5300"
"973","2015-06-04","5等","227173","1000"
"974","2015-06-08","1等","0","0"
"974","2015-06-08","2等","5","21359800"
"974","2015-06-08","3等","189","678000"
"974","2015-06-08","4等","8868","12700"
"974","2015-06-08","5等","149283","1000"
"975","2015-06-11","1等","0","0"
"975","2015-06-11","2等","9","12306900"
"975","2015-06-11","3等","313","424600"
"975","2015-06-11","4等","14571","8000"
"975","2015-06-11","5等","220424","1000"
"976","2015-06-15","1等","0","0"
"976","2015-06-15","2等","8","16874200"
"976","2015-06-15","3等","285","568300"
"976","2015-06-15","4等","13533","10500"
"976","2015-06-15","5等","216001","1000"
"977","2015-06-18","1等","0","0"
"977","2015-06-18","2等","6","25241100"
"977","2015-06-18","3等","234","776600"
"977","2015-06-18","4等","12198","13100"
"977","2015-06-18","5等","214139","1000"
"978","2015-06-22","1等","1","400000000"
"978","2015-06-22","2等","8","20054800"
"978","2015-06-22","3等","292","659300"
"978","2015-06-22","4等","15030","11200"
"978","2015-06-22","5等","245252","1000"
"979","2015-06-25","1等","1","400000000"
"979","2015-06-25","2等","13","9727000"
"979","2015-06-25","3等","422","359500"
"979","2015-06-25","4等","19760","6700"
"979","2015-06-25","5等","282042","1000"
"980","2015-06-29","1等","3","75206100"
"980","2015-06-29","2等","6","22026100"
"980","2015-06-29","3等","240","660700"
"980","2015-06-29","4等","13412","10400"
"980","2015-06-29","5等","184617","1000"
"981","2015-07-02","1等","1","120197200"
"981","2015-07-02","2等","5","21635300"
"981","2015-07-02","3等","333","389800"
"981","2015-07-02","4等","14279","8000"
"981","2015-07-02","5等","199325","1000"
"982","2015-07-06","1等","0","0"
"982","2015-07-06","2等","3","38465000"
"982","2015-07-06","3等","170","814500"
"982","2015-07-06","4等","9155","13300"
"982","2015-07-06","5等","163901","1000"
"983","2015-07-09","1等","1","271689400"
"983","2015-07-09","2等","6","21520500"
"983","2015-07-09","3等","181","856000"
"983","2015-07-09","4等","9903","13800"
"983","2015-07-09","5等","171870","1000"
"984","2015-07-13","1等","0","0"
"984","2015-07-13","2等","5","20823000"
"984","2015-07-13","3等","288","433800"
"984","2015-07-13","4等","13647","8000"
"984","2015-07-13","5等","200372","1000"
"985","2015-07-16","1等","4","60289500"
"985","2015-07-16","2等","6","18820800"
"985","2015-07-16","3等","370","366200"
"985","2015-07-16","4等","15579","7600"
"985","2015-07-16","5等","226551","1000"
"986","2015-07-20","1等","2","56736900"
"986","2015-07-20","2等","4","25531400"
"986","2015-07-20","3等","228","537500"
"986","2015-07-20","4等","10314","10400"
"986","2015-07-20","5等","156759","1000"
"987","2015-07-23","1等","4","27898400"
"987","2015-07-23","2等","32","3138500"
"987","2015-07-23","3等","354","340400"
"987","2015-07-23","4等","14334","7400"
"987","2015-07-23","5等","188227","1000"
"988","2015-07-27","1等","0","0"
"988","2015-07-27","2等","7","14713900"
"988","2015-07-27","3等","225","549300"
"988","2015-07-27","4等","11100","9800"
"988","2015-07-27","5等","179699","1000"
"989","2015-07-30","1等","1","246688200"
"989","2015-07-30","2等","6","19836500"
"989","2015-07-30","3等","170","840100"
"989","2015-07-30","4等","9865","12700"
"989","2015-07-30","5等","177905","1000"
"990","2015-08-03","1等","4","26701800"
"990","2015-08-03","2等","8","12015700"
"990","2015-08-03","3等","344","335300"
"990","2015-08-03","4等","14295","7100"
"990","2015-08-03","5等","200336","1000"
"991","2015-08-06","1等","3","35920900"
"991","2015-08-06","2等","2","48492800"
"991","2015-08-06","3等","349","333400"
"991","2015-08-06","4等","12022","8500"
"991","2015-08-06","5等","179954","1000"
"992","2015-08-10","1等","0","0"
"992","2015-08-10","2等","7","12311000"
"992","2015-08-10","3等","320","323100"
"992","2015-08-10","4等","16012","5600"
"992","2015-08-10","5等","227018","1000"
"993","2015-08-13","1等","0","0"
"993","2015-08-13","2等","0","0"
"993","2015-08-13","3等","192","694400"
"993","2015-08-13","4等","9449","12400"
"993","2015-08-13","5等","165736","1000"
"994","2015-08-17","1等","0","0"
"994","2015-08-17","2等","5","27679100"
"994","2015-08-17","3等","176","943600"
"994","2015-08-17","4等","9959","14700"
"994","2015-08-17","5等","181812","1000"
"995","2015-08-20","1等","1","400000000"
"995","2015-08-20","2等","18","7496200"
"995","2015-08-20","3等","363","446000"
"995","2015-08-20","4等","16692","8500"
"995","2015-08-20","5等","251599","1000"
"996","2015-08-24","1等","0","0"
"996","2015-08-24","2等","10","12282100"
"996","2015-08-24","3等","290","508200"
"996","2015-08-24","4等","14260","9100"
"996","2015-08-24","5等","221547","1000"
"997","2015-08-27","1等","1","400000000"
"997","2015-08-27","2等","16","7763100"
"997","2015-08-27","3等","373","399600"
"997","2015-08-27","4等","18067","7200"
"997","2015-08-27","5等","267313","1000"
"998","2015-08-31","1等","2","120240500"
"998","2015-08-31","2等","6","19795000"
"998","2015-08-31","3等","355","401400"
"998","2015-08-31","4等","16312","7700"
"998","2015-08-31","5等","239891","1000"
"999","2015-09-03","1等","0","0"
"999","2015-09-03","2等","5","22610600"
"999","2015-09-03","3等","245","553700"
"999","2015-09-03","4等","11484","10400"
"999","2015-09-03","5等","181305","1000"
"1000","2015-09-07","1等","0","0"
"1000","2015-09-07","2等","8","16056900"
"1000","2015-09-07","3等","303","508700"
"1000","2015-09-07","4等","13791","9800"
"1000","2015-09-07","5等","211620","1000"
"1001","2015-09-10","1等","1","400000000"
"1001","2015-09-10","2等","5","24985100"
"1001","2015-09-10","3等","256","585500"
"1001","2015-09-10","4等","14036","9400"
"1001","2015-09-10","5等","231019","1000"
"1002","2015-09-14","1等","0","0"
"1002","2015-09-14","2等","11","10121900"
"1002","2015-09-14","3等","317","421400"
"1002","2015-09-14","4等","14901","7900"
"1002","2015-09-14","5等","222179","1000"
"1003","2015-09-17","1等","2","136053200"
"1003","2015-09-17","2等","6","21185800"
"1003","2015-09-17","3等","261","584400"
"1003","2015-09-17","4等","12914","10400"
"1003","2015-09-17","5等","200783","1000"
"1004","2015-09-21","1等","1","108151300"
"1004","2015-09-21","2等","7","13905000"
"1004","2015-09-21","3等","245","476700"
"1004","2015-09-21","4等","11895","8600"
"1004","2015-09-21","5等","191147","1000"
"1005","2015-09-24","1等","1","111149300"
"1005","2015-09-24","2等","5","20006700"
"1005","2015-09-24","3等","267","449500"
"1005","2015-09-24","4等","13211","8000"
"1005","2015-09-24","5等","205891","1000"
"1006","2015-09-28","1等","1","124749700"
"1006","2015-09-28","2等","3","37424500"
"1006","2015-09-28","3等","275","489900"
"1006","2015-09-28","4等","11417","10400"
"1006","2015-09-28","5等","182588","1000"
"1007","2015-10-01","1等","1","113492400"
"1007","2015-10-01","2等","5","20428400"
"1007","2015-10-01","3等","349","351200"
"1007","2015-10-01","4等","14109","7600"
"1007","2015-10-01","5等","209079","1000"
"1008","2015-10-05","1等","0","0"
"1008","2015-10-05","2等","3","37173200"
"1008","2015-10-05","3等","184","727300"
"1008","2015-10-05","4等","9773","12000"
"1008","2015-10-05","5等","171520","1000"
"1009","2015-10-08","1等","0","0"
"1009","2015-10-08","2等","4","33118900"
"1009","2015-10-08","3等","124","1282000"
"1009","2015-10-08","4等","8302","16800"
"1009","2015-10-08","5等","152322","1000"
"1010","2015-10-12","1等","2","196662400"
"1010","2015-10-12","2等","11","9999400"
"1010","2015-10-12","3等","517","255300"
"1010","2015-10-12","4等","20647","5600"
"1010","2015-10-12","5等","275657","1000"
"1011","2015-10-15","1等","1","129960800"
"1011","2015-10-15","2等","4","29240900"
"1011","2015-10-15","3等","172","816000"
"1011","2015-10-15","4等","8546","14400"
"1011","2015-10-15","5等","155577","1000"
"1012","2015-10-19","1等","1","108211900"
"1012","2015-10-19","2等","14","6956400"
"1012","2015-10-19","3等","361","323700"
"1012","2015-10-19","4等","16548","6200"
"1012","2015-10-19","5等","229783","1000"
"1013","2015-10-22","1等","0","0"
"1013","2015-10-22","2等","3","38731600"
"1013","2015-10-22","3等","105","1327900"
"1013","2015-10-22","4等","7587","16200"
"1013","2015-10-22","5等","143472","1000"
"1014","2015-10-26","1等","0","0"
"1014","2015-10-26","2等","2","62646500"
"1014","2015-10-26","3等","193","779000"
"1014","2015-10-26","4等","11694","11300"
"1014","2015-10-26","5等","205037","1000"
"1015","2015-10-29","1等","1","400000000"
"1015","2015-10-29","2等","2","67680500"
"1015","2015-10-29","3等","318","510700"
"1015","2015-10-29","4等","14713","9700"
"1015","2015-10-29","5等","229339","1000"
"1016","2015-11-02","1等","0","0"
"1016","2015-11-02","2等","1","127248600"
"1016","2015-11-02","3等","134","1139500"
"1016","2015-11-02","4等","7989","16800"
"1016","2015-11-02","5等","147595","1000"
"1017","2015-11-05","1等","3","103756100"
"1017","2015-11-05","2等","8","17004700"
"1017","2015-11-05","3等","215","759200"
"1017","2015-11-05","4等","10104","14200"
"1017","2015-11-05","5等","181801","1000"
"1018","2015-11-09","1等","0","0"
"1018","2015-11-09","2等","4","26215400"
"1018","2015-11-09","3等","203","619800"
"1018","2015-11-09","4等","11545","9600"
"1018","2015-11-09","5等","187395","1000"
"1019","2015-11-12","1等","0","0"
"1019","2015-11-12","2等","4","30280400"
"1019","2015-11-12","3等","298","487700"
"1019","2015-11-12","4等","13339","9600"
"1019","2015-11-12","5等","213949","1000"
"1020","2015-11-16","1等","3","133486700"
"1020","2015-11-16","2等","6","22404500"
"1020","2015-11-16","3等","261","618000"
"1020","2015-11-16","4等","12672","11200"
"1020","2015-11-16","5等","216588","1000"
"1021","2015-11-19","1等","0","0"
"1021","2015-11-19","2等","1","113040300"
"1021","2015-11-19","3等","177","766300"
"1021","2015-11-19","4等","8144","14600"
"1021","2015-11-19","5等","146052","1000"
"1022","2015-11-23","1等","2","128119200"
"1022","2015-11-23","2等","6","19595300"
"1022","2015-11-23","3等","221","638400"
"1022","2015-11-23","4等","10288","12000"
"1022","2015-11-23","5等","174458","1000"
"1023","2015-11-26","1等","2","58344500"
"1023","2015-11-26","2等","3","35006400"
"1023","2015-11-26","3等","308","409100"
"1023","2015-11-26","4等","12105","9100"
"1023","2015-11-26","5等","172886","1000"
"1024","2015-11-30","1等","0","0"
"1024","2015-11-30","2等","6","18321300"
"1024","2015-11-30","3等","160","824400"
"1024","2015-11-30","4等","8734","13300"
"1024","2015-11-30","5等","158788","1000"
"1025","2015-12-03","1等","1","260943800"
"1025","2015-12-03","2等","5","24983800"
"1025","2015-12-03","3等","146","1026700"
"1025","2015-12-03","4等","9129","14400"
"1025","2015-12-03","5等","157394","1000"
"1026","2015-12-07","1等","2","52917100"
"1026","2015-12-07","2等","11","8659000"
"1026","2015-12-07","3等","400","285700"
"1026","2015-12-07","4等","16724","6000"
"1026","2015-12-07","5等","228080","1000"
"1027","2015-12-10","1等","0","0"
"1027","2015-12-10","2等","5","21773700"
"1027","2015-12-10","3等","165","791700"
"1027","2015-12-10","4等","8349","13800"
"1027","2015-12-10","5等","151310","1000"
"1028","2015-12-14","1等","4","62660500"
"1028","2015-12-14","2等","6","19451200"
"1028","2015-12-14","3等","306","457600"
"1028","2015-12-14","4等","14237","8600"
"1028","2015-12-14","5等","216466","1000"
"1029","2015-12-17","1等","1","119024800"
"1029","2015-12-17","2等","16","6695000"
"1029","2015-12-17","3等","305","421400"
"1029","2015-12-17","4等","13102","8600"
"1029","2015-12-17","5等","188473","1000"
"1030","2015-12-21","1等","0","0"
"1030","2015-12-21","2等","7","15109300"
"1030","2015-12-21","3等","272","466600"
"1030","2015-12-21","4等","12278","9100"
"1030","2015-12-21","5等","189165","1000"
"1031","2015-12-24","1等","0","0"
"1031","2015-12-24","2等","4","30377500"
"1031","2015-12-24","3等","198","736400"
"1031","2015-12-24","4等","11909","10800"
"1031","2015-12-24","5等","201973","1000"
"1032","2015-12-28","1等","0","0"
"1032","2015-12-28","2等","15","9625100"
"1032","2015-12-28","3等","211","821100"
"1032","2015-12-28","4等","12124","12600"
"1032","2015-12-28","5等","197770","1000"
"1033","2016-01-04","1等","2","282753200"
"1033","2016-01-04","2等","12","11441400"
"1033","2016-01-04","3等","275","599100"
"1033","2016-01-04","4等","12533","11500"
"1033","2016-01-04","5等","213441","1000"
"1034","2016-01-07","1等","1","127300500"
"1034","2016-01-07","2等","6","19094900"
"1034","2016-01-07","3等","185","743100"
"1034","2016-01-07","4等","9540","12700"
"1034","2016-01-07","5等","165368","1000"
"1035","2016-01-11","1等","0","0"
"1035","2016-01-11","2等","7","14638400"
"1035","2016-01-11","3等","243","506000"
"1035","2016-01-11","4等","12436","8700"
"1035","2016-01-11","5等","198214","1000"
"1036","2016-01-14","1等","4","61726800"
"1036","2016-01-14","2等","11","10885900"
"1036","2016-01-14","3等","325","442100"
"1036","2016-01-14","4等","14581","8600"
"1036","2016-01-14","5等","216644","1000"
"1037","2016-01-18","1等","1","113813400"
"1037","2016-01-18","2等","21","4877600"
"1037","2016-01-18","3等","272","451900"
"1037","2016-01-18","4等","13238","8100"
"1037","2016-01-18","5等","202034","1000"
"1038","2016-01-21","1等","2","52512600"
"1038","2016-01-21","2等","17","5560100"
"1038","2016-01-21","3等","514","220600"
"1038","2016-01-21","4等","17217","5800"
"1038","2016-01-21","5等","234727","1000"
"1039","2016-01-25","1等","0","0"
"1039","2016-01-25","2等","5","22509000"
"1039","2016-01-25","3等","144","937800"
"1039","2016-01-25","4等","8495","14000"
"1039","2016-01-25","5等","147378","1000"
"1040","2016-01-28","1等","4","65169100"
"1040","2016-01-28","2等","4","30515400"
"1040","2016-01-28","3等","284","515700"
"1040","2016-01-28","4等","13495","9500"
"1040","2016-01-28","5等","211732","1000"
"1041","2016-02-01","1等","3","39365300"
"1041","2016-02-01","2等","4","26571400"
"1041","2016-02-01","3等","268","475900"
"1041","2016-02-01","4等","13351","8400"
"1041","2016-02-01","5等","201271","1000"
"1042","2016-02-04","1等","12","8291100"
"1042","2016-02-04","2等","17","5267200"
"1042","2016-02-04","3等","663","162000"
"1042","2016-02-04","4等","22031","4300"
"1042","2016-02-04","5等","257868","1000"
"1043","2016-02-08","1等","1","132237700"
"1043","2016-02-08","2等","2","59506400"
"1043","2016-02-08","3等","135","1057800"
"1043","2016-02-08","4等","7237","17400"
"1043","2016-02-08","5等","135837","1000"
"1044","2016-02-11","1等","1","111439200"
"1044","2016-02-11","2等","11","9117600"
"1044","2016-02-11","3等","260","462800"
"1044","2016-02-11","4等","11750","9000"
"1044","2016-02-11","5等","183459","1000"
"1045","2016-02-15","1等","2","64732900"
"1045","2016-02-15","2等","4","29129500"
"1045","2016-02-15","3等","193","724400"
"1045","2016-02-15","4等","9072","13500"
"1045","2016-02-15","5等","150132","1000"
"1046","2016-02-18","1等","0","0"
"1046","2016-02-18","2等","4","26537100"
"1046","2016-02-18","3等","223","571200"
"1046","2016-02-18","4等","11877","9400"
"1046","2016-02-18","5等","196801","1000"
"1047","2016-02-22","1等","1","254367900"
"1047","2016-02-22","2等","18","6821100"
"1047","2016-02-22","3等","287","513300"
"1047","2016-02-22","4等","12092","10700"
"1047","2016-02-22","5等","197142","1000"
"1048","2016-02-25","1等","0","0"
"1048","2016-02-25","2等","3","39578100"
"1048","2016-02-25","3等","149","956200"
"1048","2016-02-25","4等","7164","17500"
"1048","2016-02-25","5等","135576","1000"
"1049","2016-02-29","1等","1","254007900"
"1049","2016-02-29","2等","12","9155800"
"1049","2016-02-29","3等","451","292300"
"1049","2016-02-29","4等","18708","6200"
"1049","2016-02-29","5等","258068","1000"
"1050","2016-03-03","1等","3","38678500"
"1050","2016-03-03","2等","9","11603400"
"1050","2016-03-03","3等","325","385500"
"1050","2016-03-03","4等","13239","8300"
"1050","2016-03-03","5等","200585","1000"
"1051","2016-03-07","1等","1","119160600"
"1051","2016-03-07","2等","1","107243600"
"1051","2016-03-07","3等","247","521000"
"1051","2016-03-07","4等","11351","10000"
"1051","2016-03-07","5等","180178","1000"
"1052","2016-03-10","1等","0","0"
"1052","2016-03-10","2等","10","11211500"
"1052","2016-03-10","3等","130","1034900"
"1052","2016-03-10","4等","8010","14800"
"1052","2016-03-10","5等","142007","1000"
"1053","2016-03-14","1等","3","82239100"
"1053","2016-03-14","2等","23","4779400"
"1053","2016-03-14","3等","412","320100"
"1053","2016-03-14","4等","1593","7500"
"1053","2016-03-14","5等","216691","1000"
"1054","2016-03-17","1等","1","107805100"
"1054","2016-03-17","2等","9","10780400"
"1054","2016-03-17","3等","329","353800"
"1054","2016-03-17","4等","13690","7500"
"1054","2016-03-17","5等","206139","1000"
"1055","2016-03-21","1等","0","0"
"1055","2016-03-21","2等","10","9432500"
"1055","2016-03-21","3等","254","445600"
"1055","2016-03-21","4等","12223","8100"
"1055","2016-03-21","5等","184437","1000"
"1056","2016-03-24","1等","0","0"
"1056","2016-03-24","2等","7","17268200"
"1056","2016-03-24","3等","197","736300"
"1056","2016-03-24","4等","10229","12500"
"1056","2016-03-24","5等","168887","1000"
"1057","2016-03-28","1等","1","376797400"
"1057","2016-03-28","2等","10","12391100"
"1057","2016-03-28","3等","304","489100"
"1057","2016-03-28","4等","14181","9200"
"1057","2016-03-28","5等","230885","1000"
"1058","2016-03-31","1等","1","115484500"
"1058","2016-03-31","2等","8","12991900"
"1058","2016-03-31","3等","250","498800"
"1058","2016-03-31","4等","12891","8500"
"1058","2016-03-31","5等","196365","1000"
"1059","2016-04-04","1等","2","61718600"
"1059","2016-04-04","2等","5","22218500"
"1059","2016-04-04","3等","179","744700"
"1059","2016-04-04","4等","9556","12300"
"1059","2016-04-04","5等","160376","1000"
"1060","2016-04-07","1等","1","112704100"
"1060","2016-04-07","2等","4","25358200"
"1060","2016-04-07","3等","256","475400"
"1060","2016-04-07","4等","10719","10000"
"1060","2016-04-07","5等","176459","1000"
"1061","2016-04-11","1等","1","121147800"
"1061","2016-04-11","2等","7","15576000"
"1061","2016-04-11","3等","200","654100"
"1061","2016-04-11","4等","10082","11400"
"1061","2016-04-11","5等","170517","1000"
"1062","2016-04-14","1等","0","0"
"1062","2016-04-14","2等","1","107383400"
"1062","2016-04-14","3等","155","831300"
"1062","2016-04-14","4等","9107","12400"
"1062","2016-04-14","5等","163002","1000"
"1063","2016-04-18","1等","2","127447200"
"1063","2016-04-18","2等","3","40673100"
"1063","2016-04-18","3等","311","470800"
"1063","2016-04-18","4等","13335","9600"
"1063","2016-04-18","5等","210535","1000"
"1064","2016-04-21","1等","1","112756900"
"1064","2016-04-21","2等","11","9225400"
"1064","2016-04-21","3等","337","361300"
"1064","2016-04-21","4等","13852","7700"
"1064","2016-04-21","5等","197217","1000"
"1065","2016-04-25","1等","2","61590200"
"1065","2016-04-25","2等","1","110861400"
"1065","2016-04-25","3等","220","604600"
"1065","2016-04-25","4等","10286","11400"
"1065","2016-04-25","5等","174906","1000"
"1066","2016-04-28","1等","2","62523100"
"1066","2016-04-28","2等","9","12504500"
"1066","2016-04-28","3等","150","900300"
"1066","2016-04-28","4等","8782","13500"
"1066","2016-04-28","5等","152781","1000"
"1067","2016-05-02","1等","1","108258500"
"1067","2016-05-02","2等","11","8857400"
"1067","2016-05-02","3等","287","407300"
"1067","2016-05-02","4等","14127","7300"
"1067","2016-05-02","5等","218639","1000"
"1068","2016-05-05","1等","1","110869000"
"1068","2016-05-05","2等","3","33260400"
"1068","2016-05-05","3等","166","721300"
"1068","2016-05-05","4等","8710","12100"
"1068","2016-05-05","5等","145310","1000"
"1069","2016-05-09","1等","4","30234500"
"1069","2016-05-09","2等","9","12093700"
"1069","2016-05-09","3等","184","709800"
"1069","2016-05-09","4等","9501","12100"
"1069","2016-05-09","5等","157175","1000"
"1070","2016-05-12","1等","0","0"
"1070","2016-05-12","2等","5","21929900"
"1070","2016-05-12","3等","173","760500"
"1070","2016-05-12","4等","7986","14500"
"1070","2016-05-12","5等","144986","1000"
"1071","2016-05-16","1等","2","126632600"
"1071","2016-05-16","2等","10","11828700"
"1071","2016-05-16","3等","286","496300"
"1071","2016-05-16","4等","11483","10900"
"1071","2016-05-16","5等","188142","1000"
"1072","2016-05-19","1等","2","59091100"
"1072","2016-05-19","2等","6","17727100"
"1072","2016-05-19","3等","302","422600"
"1072","2016-05-19","4等","10227","11000"
"1072","2016-05-19","5等","152410","1000"
"1073","2016-05-23","1等","0","0"
"1073","2016-05-23","2等","6","16236800"
"1073","2016-05-23","3等","255","458400"
"1073","2016-05-23","4等","12971","7900"
"1073","2016-05-23","5等","196338","1000"
"1074","2016-05-26","1等","2","115607900"
"1074","2016-05-26","2等","13","8513100"
"1074","2016-05-26","3等","295","450100"
"1074","2016-05-26","4等","13570","8600"
"1074","2016-05-26","5等","212559","1000"
"1075","2016-05-30","1等","0","0"
"1075","2016-05-30","2等","5","20547500"
"1075","2016-05-30","3等","181","681100"
"1075","2016-05-30","4等","9771","11100"
"1075","2016-05-30","5等","168233","1000"
"1076","2016-06-02","1等","0","0"
"1076","2016-06-02","2等","2","63286300"
"1076","2016-06-02","3等","189","803600"
"1076","2016-06-02","4等","8612","15500"
"1076","2016-06-02","5等","157572","1000"
"1077","2016-06-06","1等","2","197901400"
"1077","2016-06-06","2等","13","9762200"
"1077","2016-06-06","3等","321","474400"
"1077","2016-06-06","4等","15244","8800"
"1077","2016-06-06","5等","231542","1000"
"1078","2016-06-09","1等","1","115777800"
"1078","2016-06-09","2等","3","34733000"
"1078","2016-06-09","3等","199","628300"
"1078","2016-06-09","4等","9609","11400"
"1078","2016-06-09","5等","157806","1000"
"1079","2016-06-13","1等","4","26765200"
"1079","2016-06-13","2等","9","10706000"
"1079","2016-06-13","3等","393","294200"
"1079","2016-06-13","4等","14781","6900"
"1079","2016-06-13","5等","193542","1000"
"1080","2016-06-16","1等","1","118773200"
"1080","2016-06-16","2等","12","8907900"
"1080","2016-06-16","3等","215","596600"
"1080","2016-06-16","4等","10966","10300"
"1080","2016-06-16","5等","172913","1000"
"1081","2016-06-20","1等","0","0"
"1081","2016-06-20","2等","6","16932600"
"1081","2016-06-20","3等","240","507900"
"1081","2016-06-20","4等","12616","8500"
"1081","2016-06-20","5等","202671","1000"
"1082","2016-06-23","1等","2","121707300"
"1082","2016-06-23","2等","5","23495000"
"1082","2016-06-23","3等","309","456200"
"1082","2016-06-23","4等","13159","9400"
"1082","2016-06-23","5等","202405","1000"
"1083","2016-06-27","1等","3","38342600"
"1083","2016-06-27","2等","2","51762100"
"1083","2016-06-27","3等","280","443600"
"1083","2016-06-27","4等","12477","8700"
"1083","2016-06-27","5等","191647","1000"
"1084","2016-06-30","1等","2","62278200"
"1084","2016-06-30","2等","9","12455500"
"1084","2016-06-30","3等","170","791200"
"1084","2016-06-30","4等","8315","14200"
"1084","2016-06-30","5等","152233","1000"
"1085","2016-07-04","1等","1","120330700"
"1085","2016-07-04","2等","4","27074100"
"1085","2016-07-04","3等","264","492200"
"1085","2016-07-04","4等","10882","10500"
"1085","2016-07-04","5等","158671","1000"
"1086","2016-07-07","1等","0","0"
"1086","2016-07-07","2等","5","20635100"
"1086","2016-07-07","3等","176","703400"
"1086","2016-07-07","4等","10120","10700"
"1086","2016-07-07","5等","177784","1000"
"1087","2016-07-11","1等","1","245458400"
"1087","2016-07-11","2等","6","19622400"
"1087","2016-07-11","3等","214","660100"
"1087","2016-07-11","4等","12149","10200"
"1087","2016-07-11","5等","199421","1000"
"1088","2016-07-14","1等","2","52484700"
"1088","2016-07-14","2等","13","7267000"
"1088","2016-07-14","3等","514","220500"
"1088","2016-07-14","4等","16121","6200"
"1088","2016-07-14","5等","193377","1000"
"1089","2016-07-18","1等","1","110844700"
"1089","2016-07-18","2等","8","12469900"
"1089","2016-07-18","3等","198","604600"
"1089","2016-07-18","4等","9164","11500"
"1089","2016-07-18","5等","150369","1000"
"1090","2016-07-21","1等","2","52371900"
"1090","2016-07-21","2等","9","10474300"
"1090","2016-07-21","3等","374","302400"
"1090","2016-07-21","4等","13630","7300"
"1090","2016-07-21","5等","191289","1000"
"1091","2016-07-25","1等","15","8046100"
"1091","2016-07-25","2等","2","54310800"
"1091","2016-07-25","3等","347","375600"
"1091","2016-07-25","4等","8833","13000"
"1091","2016-07-25","5等","139155","1000"
"1092","2016-07-28","1等","1","104835100"
"1092","2016-07-28","2等","11","8577300"
"1092","2016-07-28","3等","257","440500"
"1092","2016-07-28","4等","13016","7600"
"1092","2016-07-28","5等","195486","1000"
"1093","2016-08-01","1等","0","0"
"1093","2016-08-01","2等","3","35760000"
"1093","2016-08-01","3等","146","881700"
"1093","2016-08-01","4等","8073","14000"
"1093","2016-08-01","5等","136131","1000"
"1094","2016-08-04","1等","1","243901900"
"1094","2016-08-04","2等","7","16032800"
"1094","2016-08-04","3等","245","549600"
"1094","2016-08-04","4等","11565","10200"
"1094","2016-08-04","5等","190507","1000"
"1095","2016-08-08","1等","2","46378400"
"1095","2016-08-08","2等","18","4637800"
"1095","2016-08-08","3等","471","212600"
"1095","2016-08-08","4等","17901","4900"
"1095","2016-08-08","5等","226412","1000"
"1096","2016-08-11","1等","0","0"
"1096","2016-08-11","2等","3","32235500"
"1096","2016-08-11","3等","256","453300"
"1096","2016-08-11","4等","8542","11900"
"1096","2016-08-11","5等","140731","1000"
"1097","2016-08-15","1等","1","220816300"
"1097","2016-08-15","2等","11","9275100"
"1097","2016-08-15","3等","309","396200"
"1097","2016-08-15","4等","14524","7400"
"1097","2016-08-15","5等","217395","1000"
"1098","2016-08-18","1等","0","0"
"1098","2016-08-18","2等","5","22216900"
"1098","2016-08-18","3等","109","1222900"
"1098","2016-08-18","4等","6443","18200"
"1098","2016-08-18","5等","121343","1000"
"1099","2016-08-22","1等","5","45971700"
"1099","2016-08-22","2等","6","15964400"
"1099","2016-08-22","3等","495","232200"
"1099","2016-08-22","4等","20738","4800"
"1099","2016-08-22","5等","259629","1000"
"1100","2016-08-25","1等","3","37958600"
"1100","2016-08-25","2等","7","14641000"
"1100","2016-08-25","3等","316","389100"
"1100","2016-08-25","4等","12108","8900"
"1100","2016-08-25","5等","183363","1000"
"1101","2016-08-29","1等","1","104501300"
"1101","2016-08-29","2等","18","5225000"
"1101","2016-08-29","3等","352","320600"
"1101","2016-08-29","4等","14895","6600"
"1101","2016-08-29","5等","215598","1000"
"1102","2016-09-01","1等","2","53346000"
"1102","2016-09-01","2等","5","19204400"
"1102","2016-09-01","3等","334","344900"
"1102","2016-09-01","4等","14321","7000"
"1102","2016-09-01","5等","207390","1000"
"1103","2016-09-05","1等","0","0"
"1103","2016-09-05","2等","8","12223700"
"1103","2016-09-05","3等","256","458300"
"1103","2016-09-05","4等","13401","7700"
"1103","2016-09-05","5等","199579","1000"
"1104","2016-09-08","1等","1","240488900"
"1104","2016-09-08","2等","8","14831000"
"1104","2016-09-08","3等","147","968500"
"1104","2016-09-08","4等","9710","12900"
"1104","2016-09-08","5等","166967","1000"
"1105","2016-09-12","1等","3","39244000"
"1105","2016-09-12","2等","4","26489500"
"1105","2016-09-12","3等","176","722400"
"1105","2016-09-12","4等","10118","11000"
"1105","2016-09-12","5等","165330","1000"
"1106","2016-09-15","1等","3","35491900"
"1106","2016-09-15","2等","7","13689600"
"1106","2016-09-15","3等","285","403400"
"1106","2016-09-15","4等","13184","7600"
"1106","2016-09-15","5等","193826","1000"
"1107","2016-09-19","1等","1","99931500"
"1107","2016-09-19","2等","5","17987500"
"1107","2016-09-19","3等","233","463100"
"1107","2016-09-19","4等","11718","8100"
"1107","2016-09-19","5等","184362","1000"
"1108","2016-09-22","1等","0","0"
"1108","2016-09-22","2等","2","49302700"
"1108","2016-09-22","3等","217","545200"
"1108","2016-09-22","4等","8895","11700"
"1108","2016-09-22","5等","144072","1000"
"1109","2016-09-26","1等","2","116339700"
"1109","2016-09-26","2等","12","9233600"
"1109","2016-09-26","3等","355","374500"
"1109","2016-09-26","4等","15025","7800"
"1109","2016-09-26","5等","223291","1000"
"1110","2016-09-29","1等","1","119660300"
"1110","2016-09-29","2等","3","35897700"
"1110","2016-09-29","3等","138","936400"
"1110","2016-09-29","4等","7404","15300"
"1110","2016-09-29","5等","139014","1000"
"1111","2016-10-03","1等","2","56059200"
"1111","2016-10-03","2等","5","20181100"
"1111","2016-10-03","3等","249","486200"
"1111","2016-10-03","4等","10910","9700"
"1111","2016-10-03","5等","173574","1000"
"1112","2016-10-06","1等","0","0"
"1112","2016-10-06","2等","1","98295100"
"1112","2016-10-06","3等","218","541000"
"1112","2016-10-06","4等","10804","9600"
"1112","2016-10-06","5等","171416","1000"
"1113","2016-10-10","1等","1","232610100"
"1113","2016-10-10","2等","15","7403400"
"1113","2016-10-10","3等","216","616900"
"1113","2016-10-10","4等","10805","10800"
"1113","2016-10-10","5等","172551","1000"
"1114","2016-10-13","1等","0","0"
"1114","2016-10-13","2等","8","11980300"
"1114","2016-10-13","3等","190","605300"
"1114","2016-10-13","4等","10923","9200"
"1114","2016-10-13","5等","174790","1000"
"1115","2016-10-17","1等","4","56683600"
"1115","2016-10-17","2等","11","9837800"
"1115","2016-10-17","3等","417","311400"
"1115","2016-10-17","4等","16046","7100"
"1115","2016-10-17","5等","232595","1000"
"1116","2016-10-20","1等","0","0"
"1116","2016-10-20","2等","0","0"
"1116","2016-10-20","3等","168","764000"
"1116","2016-10-20","4等","7807","14500"
"1116","2016-10-20","5等","138057","1000"
"1117","2016-10-24","1等","2","174617600"
"1117","2016-10-24","2等","8","13883700"
"1117","2016-10-24","3等","567","235000"
"1117","2016-10-24","4等","21364","5500"
"1117","2016-10-24","5等","282219","1000"
"1118","2016-10-27","1等","0","0"
"1118","2016-10-27","2等","6","17537400"
"1118","2016-10-27","3等","281","449300"
"1118","2016-10-27","4等","9877","11200"
"1118","2016-10-27","5等","164430","1000"
"1119","2016-10-31","1等","3","81465700"
"1119","2016-10-31","2等","7","16390000"
"1119","2016-10-31","3等","324","424900"
"1119","2016-10-31","4等","13580","8900"
"1119","2016-10-31","5等","211017","1000"
"1120","2016-11-03","1等","0","0"
"1120","2016-11-03","2等","4","25024400"
"1120","2016-11-03","3等","178","674800"
"1120","2016-11-03","4等","9105","11600"
"1120","2016-11-03","5等","156071","1000"
"1121","2016-11-07","1等","0","0"
"1121","2016-11-07","2等","3","41424200"
"1121","2016-11-07","3等","164","909300"
"1121","2016-11-07","4等","9921","13200"
"1121","2016-11-07","5等","178687","1000"
"1122","2016-11-10","1等","0","0"
"1122","2016-11-10","2等","1","135292500"
"1122","2016-11-10","3等","182","892000"
"1122","2016-11-10","4等","8596","16600"
"1122","2016-11-10","5等","159494","1000"
"1123","2016-11-14","1等","3","184681300"
"1123","2016-11-14","2等","15","9264800"
"1123","2016-11-14","3等","246","677900"
"1123","2016-11-14","4等","14227","10300"
"1123","2016-11-14","5等","231821","1000"
"1124","2016-11-17","1等","1","120119000"
"1124","2016-11-17","2等","2","54053100"
"1124","2016-11-17","3等","192","675600"
"1124","2016-11-17","4等","88801","12800"
"1124","2016-11-17","5等","146276","1000"
"1125","2016-11-21","1等","0","0"
"1125","2016-11-21","2等","7","14989700"
"1125","2016-11-21","3等","201","626400"
"1125","2016-11-21","4等","10191","10800"
"1125","2016-11-21","5等","165665","1000"
"1126","2016-11-24","1等","2","121776000"
"1126","2016-11-24","2等","6","19044400"
"1126","2016-11-24","3等","163","841200"
"1126","2016-11-24","4等","9404","12800"
"1126","2016-11-24","5等","166812","1000"
"1127","2016-11-28","1等","0","0"
"1127","2016-11-28","2等","3","34377200"
"1127","2016-11-28","3等","235","526600"
"1127","2016-11-28","4等","10996","9900"
"1127","2016-11-28","5等","177119","1000"
"1128","2016-12-01","1等","0","0"
"1128","2016-12-01","2等","8","14655600"
"1128","2016-12-01","3等","318","442400"
"1128","2016-12-01","4等","13056","9500"
"1128","2016-12-01","5等","196830","1000"
"1129","2016-12-05","1等","2","193235600"
"1129","2016-12-05","2等","13","9803300"
"1129","2016-12-05","3等","350","436900"
"1129","2016-12-05","4等","15340","8700"
"1129","2016-12-05","5等","233083","1000"
"1130","2016-12-08","1等","1","121251200"
"1130","2016-12-08","2等","5","21825000"
"1130","2016-12-08","3等","214","611900"
"1130","2016-12-08","4等","9379","12300"
"1130","2016-12-08","5等","152854","1000"
"1131","2016-12-12","1等","2","54306800"
"1131","2016-12-12","2等","15","6516700"
"1131","2016-12-12","3等","474","247400"
"1131","2016-12-12","4等","15952","6400"
"1131","2016-12-12","5等","210055","1000"
"1132","2016-12-15","1等","1","116000500"
"1132","2016-12-15","2等","2","52199700"
"1132","2016-12-15","3等","200","626300"
"1132","2016-12-15","4等","10015","11000"
"1132","2016-12-15","5等","174763","1000"
"1133","2016-12-19","1等","0","0"
"1133","2016-12-19","2等","9","12135900"
"1133","2016-12-19","3等","218","601200"
"1133","2016-12-19","4等","10331","11100"
"1133","2016-12-19","5等","172860","1000"
"1134","2016-12-22","1等","0","0"
"1134","2016-12-22","2等","15","7264000"
"1134","2016-12-22","3等","318","411100"
"1134","2016-12-22","4等","15140","7600"
"1134","2016-12-22","5等","242773","1000"
"1135","2016-12-26","1等","0","0"
"1135","2016-12-26","2等","4","36650300"
"1135","2016-12-26","3等","163","1079200"
"1135","2016-12-26","4等","9168","16900"
"1135","2016-12-26","5等","171912","1000"
"1136","2016-12-29","1等","1","400000000"
"1136","2016-12-29","2等","17","7754200"
"1136","2016-12-29","3等","451","350700"
"1136","2016-12-29","4等","20985","6600"
"1136","2016-12-29","5等","304439","1000"
"1137","2017-01-05","1等","0","0"
"1137","2017-01-05","2等","4","33328600"
"1137","2017-01-05","3等","279","573300"
"1137","2017-01-05","4等","13786","10200"
"1137","2017-01-05","5等","175278","1000"
"1138","2017-01-09","1等","0","0"
"1138","2017-01-09","2等","6","21156000"
"1138","2017-01-09","3等","367","415000"
"1138","2017-01-09","4等","16193","8200"
"1138","2017-01-09","5等","237752","1000"
"1139","2017-01-12","1等","1","400000000"
"1139","2017-01-12","2等","9","14843800"
"1139","2017-01-12","3等","337","475700"
"1139","2017-01-12","4等","17517","8000"
"1139","2017-01-12","5等","272459","1000"
"1140","2017-01-16","1等","1","331666000"
"1140","2017-01-16","2等","8","16004500"
"1140","2017-01-16","3等","204","753100"
"1140","2017-01-16","4等","11492","11700"
"1140","2017-01-16","5等","182252","1000"
"1141","2017-01-19","1等","3","37793100"
"1141","2017-01-19","2等","4","25510100"
"1141","2017-01-19","3等","334","366600"
"1141","2017-01-19","4等","14334","7500"
"1141","2017-01-19","5等","203639","1000"
"1142","2017-01-23","1等","1","112869100"
"1142","2017-01-23","2等","7","14511600"
"1142","2017-01-23","3等","250","487500"
"1142","2017-01-23","4等","12927","8300"
"1142","2017-01-23","5等","196772","1000"
"1143","2017-01-26","1等","1","126349600"
"1143","2017-01-26","2等","5","22742700"
"1143","2017-01-26","3等","141","967700"
"1143","2017-01-26","4等","7737","15500"
"1143","2017-01-26","5等","138227","1000"
"1144","2017-01-30","1等","1","124530000"
"1144","2017-01-30","2等","3","37358600"
"1144","2017-01-30","3等","208","646500"
"1144","2017-01-30","4等","10199","11600"
"1144","2017-01-30","5等","164448","1000"
"1145","2017-02-02","1等","0","0"
"1145","2017-02-02","2等","3","33835800"
"1145","2017-02-02","3等","269","452800"
"1145","2017-02-02","4等","12030","8900"
"1145","2017-02-02","5等","192292","1000"
"1146","2017-02-06","1等","2","124691200"
"1146","2017-02-06","2等","5","24586900"
"1146","2017-02-06","3等","275","536400"
"1146","2017-02-06","4等","11920","10900"
"1146","2017-02-06","5等","197804","1000"
"1147","2017-02-09","1等","2","102768800"
"1147","2017-02-09","2等","13","4743300"
"1147","2017-02-09","3等","484","137500"
"1147","2017-02-09","4等","15880","4400"
"1147","2017-02-09","5等","221368","1000"
"1148","2017-02-13","1等","0","0"
"1148","2017-02-13","2等","9","7745500"
"1148","2017-02-13","3等","286","263200"
"1148","2017-02-13","4等","12463","6300"
"1148","2017-02-13","5等","192732","1000"
"1149","2017-02-16","1等","0","0"
"1149","2017-02-16","2等","9","9621000"
"1149","2017-02-16","3等","315","296800"
"1149","2017-02-16","4等","13606","7200"
"1149","2017-02-16","5等","207026","1000"
"1150","2017-02-20","1等","4","210763700"
"1150","2017-02-20","2等","13","7432700"
"1150","2017-02-20","3等","421","247800"
"1150","2017-02-20","4等","17894","6100"
"1150","2017-02-20","5等","254987","1000"
"1151","2017-02-23","1等","1","200000000"
"1151","2017-02-23","2等","6","11877700"
"1151","2017-02-23","3等","227","339000"
"1151","2017-02-23","4等","11400","7100"
"1151","2017-02-23","5等","188551","1000"
"1152","2017-02-27","1等","0","0"
"1152","2017-02-27","2等","7","11649000"
"1152","2017-02-27","3等","183","481200"
"1152","2017-02-27","4等","10419","8900"
"1152","2017-02-27","5等","188674","1000"
"1153","2017-03-02","1等","0","0"
"1153","2017-03-02","2等","7","12513200"
"1153","2017-03-02","3等","265","356900"
"1153","2017-03-02","4等","14004","7100"
"1153","2017-03-02","5等","223686","1000"
"1154","2017-03-06","1等","2","472134000"
"1154","2017-03-06","2等","11","9353500"
"1154","2017-03-06","3等","329","337700"
"1154","2017-03-06","4等","14813","7900"
"1154","2017-03-06","5等","237756","1000"
"1155","2017-03-09","1等","0","0"
"1155","2017-03-09","2等","2","35719700"
"1155","2017-03-09","3等","222","347500"
"1155","2017-03-09","4等","11858","6800"
"1155","2017-03-09","5等","185830","1000"
"1156","2017-03-13","1等","0","0"
"1156","2017-03-13","2等","5","17651700"
"1156","2017-03-13","3等","257","370800"
"1156","2017-03-13","4等","13099","7600"
"1156","2017-03-13","5等","214518","1000"
"1157","2017-03-16","1等","1","600000000"
"1157","2017-03-16","2等","6","16203700"
"1157","2017-03-16","3等","361","290800"
"1157","2017-03-16","4等","14908","7400"
"1157","2017-03-16","5等","225173","1000"
"1158","2017-03-20","1等","2","273100900"
"1158","2017-03-20","2等","4","21737800"
"1158","2017-03-20","3等","153","613700"
"1158","2017-03-20","4等","8610","11500"
"1158","2017-03-20","5等","159064","1000"
"1159","2017-03-23","1等","1","200000000"
"1159","2017-03-23","2等","8","8073900"
"1159","2017-03-23","3等","322","216600"
"1159","2017-03-23","4等","15157","4800"
"1159","2017-03-23","5等","202033","1000"
"1160","2017-03-27","1等","1","281850900"
"1160","2017-03-27","2等","5","15993600"
"1160","2017-03-27","3等","140","616800"
"1160","2017-03-27","4等","8006","11300"
"1160","2017-03-27","5等","148235","1000"
"1161","2017-03-30","1等","1","200000000"
"1161","2017-03-30","2等","4","17683000"
"1161","2017-03-30","3等","169","452000"
"1161","2017-03-30","4等","9989","8000"
"1161","2017-03-30","5等","173373","1000"
"1162","2017-04-03","1等","0","0"
"1162","2017-04-03","2等","15","4228500"
"1162","2017-04-03","3等","533","128500"
"1162","2017-04-03","4等","20365","3500"
"1162","2017-04-03","5等","265661","1000"
"1163","2017-04-06","1等","1","522072300"
"1163","2017-04-06","2等","8","10308500"
"1163","2017-04-06","3等","293","303900"
"1163","2017-04-06","4等","13538","6900"
"1163","2017-04-06","5等","211028","1000"
"1164","2017-04-10","1等","1","200000000"
"1164","2017-04-10","2等","12","5738000"
"1164","2017-04-10","3等","254","292700"
"1164","2017-04-10","4等","12054","6500"
"1164","2017-04-10","5等","186238","1000"
"1165","2017-04-13","1等","1","285641000"
"1165","2017-04-13","2等","7","10977200"
"1165","2017-04-13","3等","182","455900"
"1165","2017-04-13","4等","8533","10200"
"1165","2017-04-13","5等","149378","1000"
"1166","2017-04-17","1等","1","200000000"
"1166","2017-04-17","2等","12","5951900"
"1166","2017-04-17","3等","334","230900"
"1166","2017-04-17","4等","12886","6300"
"1166","2017-04-17","5等","185092","1000"
"1167","2017-04-20","1等","3","97676200"
"1167","2017-04-20","2等","12","6374100"
"1167","2017-04-20","3等","285","289800"
"1167","2017-04-20","4等","12469","7000"
"1167","2017-04-20","5等","186704","1000"
"1168","2017-04-24","1等","0","0"
"1168","2017-04-24","2等","5","14103000"
"1168","2017-04-24","3等","200","380700"
"1168","2017-04-24","4等","11809","6800"
"1168","2017-04-24","5等","195791","1000"
"1169","2017-04-27","1等","1","525593200"
"1169","2017-04-27","2等","2","43584000"
"1169","2017-04-27","3等","300","313700"
"1169","2017-04-27","4等","12042","8200"
"1169","2017-04-27","5等","197378","1000"
"1170","2017-05-01","1等","2","112794200"
"1170","2017-05-01","2等","5","13535700"
"1170","2017-05-01","3等","324","225500"
"1170","2017-05-01","4等","14195","5400"
"1170","2017-05-01","5等","215673","1000"
"1171","2017-05-04","1等","3","75591500"
"1171","2017-05-04","2等","8","8504300"
"1171","2017-05-04","3等","196","374800"
"1171","2017-05-04","4等","9078","8500"
"1171","2017-05-04","5等","153236","1000"
"1172","2017-05-08","1等","0","0"
"1172","2017-05-08","2等","6","12203400"
"1172","2017-05-08","3等","187","422800"
"1172","2017-05-08","4等","8950","9300"
"1172","2017-05-08","5等","156242","1000"
"1173","2017-05-11","1等","2","245503400"
"1173","2017-05-11","2等","17","4358000"
"1173","2017-05-11","3等","379","211100"
"1173","2017-05-11","4等","16837","5000"
"1173","2017-05-11","5等","246227","1000"
"1174","2017-05-15","1等","0","0"
"1174","2017-05-15","2等","10","6684500"
"1174","2017-05-15","3等","268","269300"
"1174","2017-05-15","4等","12582","6000"
"1174","2017-05-15","5等","195563","1000"
"1175","2017-05-18","1等","1","469005400"
"1175","2017-05-18","2等","13","5681500"
"1175","2017-05-18","3等","357","223400"
"1175","2017-05-18","4等","16235","5100"
"1175","2017-05-18","5等","244460","1000"
"1176","2017-05-22","1等","2","113683200"
"1176","2017-05-22","2等","5","13642400"
"1176","2017-05-22","3等","343","214700"
"1176","2017-05-22","4等","12329","6300"
"1176","2017-05-22","5等","178351","1000"
"1177","2017-05-25","1等","1","200000000"
"1177","2017-05-25","2等","7","9195400"
"1177","2017-05-25","3等","267","260300"
"1177","2017-05-25","4等","12979","5600"
"1177","2017-05-25","5等","196818","1000"
"1178","2017-05-29","1等","0","0"
"1178","2017-05-29","2等","2","38521200"
"1178","2017-05-29","3等","145","573800"
"1178","2017-05-29","4等","8921","9800"
"1178","2017-05-29","5等","153552","1000"
"1179","2017-06-01","1等","0","0"
"1179","2017-06-01","2等","9","8965800"
"1179","2017-06-01","3等","272","320300"
"1179","2017-06-01","4等","13286","6900"
"1179","2017-06-01","5等","204998","1000"
"1180","2017-06-05","1等","0","0"
"1180","2017-06-05","2等","7","12405500"
"1180","2017-06-05","3等","380","246700"
"1180","2017-06-05","4等","17354","5700"
"1180","2017-06-05","5等","271903","1000"
"1181","2017-06-08","1等","2","589180700"
"1181","2017-06-08","2等","4","26144900"
"1181","2017-06-08","3等","376","300300"
"1181","2017-06-08","4等","15734","7500"
"1181","2017-06-08","5等","240752","1000"
"1182","2017-06-12","1等","4","52790500"
"1182","2017-06-12","2等","7","9050100"
"1182","2017-06-12","3等","308","222100"
"1182","2017-06-12","4等","14460","4900"
"1182","2017-06-12","5等","220368","1000"
"1183","2017-06-15","1等","0","0"
"1183","2017-06-15","2等","4","17969600"
"1183","2017-06-15","3等","172","451300"
"1183","2017-06-15","4等","9751","8400"
"1183","2017-06-15","5等","166975","1000"
"1184","2017-06-19","1等","0","0"
"1184","2017-06-19","2等","4","21252700"
"1184","2017-06-19","3等","325","282400"
"1184","2017-06-19","4等","13247","7300"
"1184","2017-06-19","5等","213823","1000"
"1185","2017-06-22","1等","1","600000000"
"1185","2017-06-22","2等","10","9011000"
"1185","2017-06-22","3等","377","258100"
"1185","2017-06-22","4等","17174","5900"
"1185","2017-06-22","5等","263353","1000"
"1186","2017-06-26","1等","0","0"
"1186","2017-06-26","2等","5","17591100"
"1186","2017-06-26","3等","228","416600"
"1186","2017-06-26","4等","12386","8100"
"1186","2017-06-26","5等","206464","1000"
"1187","2017-06-29","1等","1","600000000"
"1187","2017-06-29","2等","8","11730300"
"1187","2017-06-29","3等","301","336700"
"1187","2017-06-29","4等","15090","7000"
"1187","2017-06-29","5等","244160","1000"
"1188","2017-07-03","1等","4","123969400"
"1188","2017-07-03","2等","8","9997700"
"1188","2017-07-03","3等","402","214800"
"1188","2017-07-03","4等","17431","5200"
"1188","2017-07-03","5等","244764","1000"
"1189","2017-07-06","1等","1","200000000"
"1189","2017-07-06","2等","3","25063900"
"1189","2017-07-06","3等","160","507500"
"1189","2017-07-06","4等","9950","8600"
"1189","2017-07-06","5等","167540","1000"
"1190","2017-07-10","1等","0","0"
"1190","2017-07-10","2等","7","11250700"
"1190","2017-07-10","3等","191","445300"
"1190","2017-07-10","4等","10987","8100"
"1190","2017-07-10","5等","185154","1000"
"1191","2017-07-13","1等","2","291801500"
"1191","2017-07-13","2等","5","16228300"
"1191","2017-07-13","3等","438","200000"
"1191","2017-07-13","4等","16621","5500"
"1191","2017-07-13","5等","247922","1000"
"1192","2017-07-17","1等","0","0"
"1192","2017-07-17","2等","5","13824500"
"1192","2017-07-17","3等","238","313600"
"1192","2017-07-17","4等","9826","8000"
"1192","2017-07-17","5等","153499","1000"
"1193","2017-07-20","1等","0","0"
"1193","2017-07-20","2等","5","15062800"
"1193","2017-07-20","3等","327","248700"
"1193","2017-07-20","4等","16158","5300"
"1193","2017-07-20","5等","239004","1000"
"1194","2017-07-24","1等","2","394326500"
"1194","2017-07-24","2等","7","13166600"
"1194","2017-07-24","3等","228","436500"
"1194","2017-07-24","4等","12111","8600"
"1194","2017-07-24","5等","209436","1000"
"1195","2017-07-27","1等","5","46954900"
"1195","2017-07-27","2等","4","17608600"
"1195","2017-07-27","3等","255","298300"
"1195","2017-07-27","4等","10543","7600"
"1195","2017-07-27","5等","165130","1000"
"1196","2017-07-31","1等","1","200000000"
"1196","2017-07-31","2等","3","22883700"
"1196","2017-07-31","3等","216","343200"
"1196","2017-07-31","4等","11028","7100"
"1196","2017-07-31","5等","180023","1000"
"1197","2017-08-03","1等","2","133476300"
"1197","2017-08-03","2等","2","35719500"
"1197","2017-08-03","3等","189","408200"
"1197","2017-08-03","4等","10904","7400"
"1197","2017-08-03","5等","181310","1000"
"1198","2017-08-07","1等","1","200000000"
"1198","2017-08-07","2等","4","16698100"
"1198","2017-08-07","3等","200","360600"
"1198","2017-08-07","4等","10211","7400"
"1198","2017-08-07","5等","155594","1000"
"1199","2017-08-10","1等","2","124149600"
"1199","2017-08-10","2等","7","9671600"
"1199","2017-08-10","3等","279","262000"
"1199","2017-08-10","4等","12758","6000"
"1199","2017-08-10","5等","187608","1000"
"1200","2017-08-14","1等","1","186945300"
"1200","2017-08-14","2等","5","11217000"
"1200","2017-08-14","3等","272","222600"
"1200","2017-08-14","4等","13393","4700"
"1200","2017-08-14","5等","192619","1000"
"1201","2017-08-17","1等","1","200000000"
"1201","2017-08-17","2等","8","8344300"
"1201","2017-08-17","3等","190","379400"
"1201","2017-08-17","4等","11053","6800"
"1201","2017-08-17","5等","169391","1000"
"1202","2017-08-21","1等","0","0"
"1202","2017-08-21","2等","15","4580200"
"1202","2017-08-21","3等","287","258500"
"1202","2017-08-21","4等","12981","6000"
"1202","2017-08-21","5等","197977","1000"
"1203","2017-08-24","1等","0","0"
"1203","2017-08-24","2等","3","26755000"
"1203","2017-08-24","3等","218","397600"
"1203","2017-08-24","4等","11542","7900"
"1203","2017-08-24","5等","193197","1000"
"1204","2017-08-28","1等","1","600000000"
"1204","2017-08-28","2等","11","9295200"
"1204","2017-08-28","3等","239","462000"
"1204","2017-08-28","4等","13330","8700"
"1204","2017-08-28","5等","222051","1000"
"1205","2017-08-31","1等","0","0"
"1205","2017-08-31","2等","12","7372300"
"1205","2017-08-31","3等","229","417200"
"1205","2017-08-31","4等","10902","9200"
"1205","2017-08-31","5等","186995","1000"
"1206","2017-09-04","1等","3","298063900"
"1206","2017-09-04","2等","9","11314800"
"1206","2017-09-04","3等","328","335200"
"1206","2017-09-04","4等","15141","7600"
"1206","2017-09-04","5等","236909","1000"
"1207","2017-09-07","1等","0","0"
"1207","2017-09-07","2等","6","12518700"
"1207","2017-09-07","3等","142","571200"
"1207","2017-09-07","4等","9054","9400"
"1207","2017-09-07","5等","161484","1000"
"1208","2017-09-11","1等","2","278697200"
"1208","2017-09-11","2等","10","9211100"
"1208","2017-09-11","3等","245","406000"
"1208","2017-09-11","4等","12613","8300"
"1208","2017-09-11","5等","202770","1000"
"1209","2017-09-14","1等","0","0"
"1209","2017-09-14","2等","5","14124200"
"1209","2017-09-14","3等","227","335900"
"1209","2017-09-14","4等","11198","7100"
"1209","2017-09-14","5等","174254","1000"
"1210","2017-09-18","1等","1","474683600"
"1210","2017-09-18","2等","18","3988200"
"1210","2017-09-18","3等","379","204500"
"1210","2017-09-18","4等","18056","4500"
"1210","2017-09-18","5等","257079","1000"
"1211","2017-09-21","1等","4","51872600"
"1211","2017-09-21","2等","9","6916500"
"1211","2017-09-21","3等","354","189900"
"1211","2017-09-21","4等","15478","4500"
"1211","2017-09-21","5等","225683","1000"
"1212","2017-09-25","1等","1","200000000"
"1212","2017-09-25","2等","4","18797200"
"1212","2017-09-25","3等","179","453600"
"1212","2017-09-25","4等","9293","9200"
"1212","2017-09-25","5等","153659","1000"
"1213","2017-09-28","1等","1","287589500"
"1213","2017-09-28","2等","10","7109200"
"1213","2017-09-28","3等","286","268400"
"1213","2017-09-28","4等","11979","6700"
"1213","2017-09-28","5等","191061","1000"
"1214","2017-10-02","1等","4","60794100"
"1214","2017-10-02","2等","2","36477700"
"1214","2017-10-02","3等","170","463400"
"1214","2017-10-02","4等","9319","8900"
"1214","2017-10-02","5等","163858","1000"
"1215","2017-10-05","1等","2","106367500"
"1215","2017-10-05","2等","5","12764500"
"1215","2017-10-05","3等","446","154500"
"1215","2017-10-05","4等","15810","4600"
"1215","2017-10-05","5等","210838","1000"
"1216","2017-10-09","1等","1","200000000"
"1216","2017-10-09","2等","2","33513500"
"1216","2017-10-09","3等","188","385000"
"1216","2017-10-09","4等","9313","8200"
"1216","2017-10-09","5等","152203","1000"
"1217","2017-10-12","1等","2","137428500"
"1217","2017-10-12","2等","5","15086900"
"1217","2017-10-12","3等","164","496700"
"1217","2017-10-12","4等","8190","10500"
"1217","2017-10-12","5等","144960","1000"
"1218","2017-10-16","1等","2","108143100"
"1218","2017-10-16","2等","12","5407300"
"1218","2017-10-16","3等","263","266400"
"1218","2017-10-16","4等","12597","5800"
"1218","2017-10-16","5等","187026","1000"
"1219","2017-10-19","1等","1","200000000"
"1219","2017-10-19","2等","1","67618600"
"1219","2017-10-19","3等","209","349400"
"1219","2017-10-19","4等","9559","8000"
"1219","2017-10-19","5等","153497","1000"
"1220","2017-10-23","1等","2","127209100"
"1220","2017-10-23","2等","8","8588900"
"1220","2017-10-23","3等","288","257600"
"1220","2017-10-23","4等","11290","6900"
"1220","2017-10-23","5等","171252","1000"
"1221","2017-10-26","1等","2","108912600"
"1221","2017-10-26","2等","10","6534900"
"1221","2017-10-26","3等","261","270400"
"1221","2017-10-26","4等","11642","6400"
"1221","2017-10-26","5等","189890","1000"
"1222","2017-10-30","1等","2","102038900"
"1222","2017-10-30","2等","9","6802800"
"1222","2017-10-30","3等","363","182100"
"1222","2017-10-30","4等","14916","4600"
"1222","2017-10-30","5等","211400","1000"
"1223","2017-11-02","1等","1","200000000"
"1223","2017-11-02","2等","3","22912700"
"1223","2017-11-02","3等","146","508400"
"1223","2017-11-02","4等","9084","8600"
"1223","2017-11-02","5等","156754","1000"
"1224","2017-11-06","1等","0","0"
"1224","2017-11-06","2等","6","12802700"
"1224","2017-11-06","3等","150","553000"
"1224","2017-11-06","4等","9148","9500"
"1224","2017-11-06","5等","156712","1000"
"1225","2017-11-09","1等","0","0"
"1225","2017-11-09","2等","6","14357700"
"1225","2017-11-09","3等","169","550500"
"1225","2017-11-09","4等","9751","10000"
"1225","2017-11-09","5等","17343","1000"
"1226","2017-11-13","1等","1","600000000"
"1226","2017-11-13","2等","6","16576700"
"1226","2017-11-13","3等","230","467000"
"1226","2017-11-13","4等","13000","8700"
"1226","2017-11-13","5等","224552","1000"
"1227","2017-11-16","1等","3","198251700"
"1227","2017-11-16","2等","7","12468300"
"1227","2017-11-16","3等","240","392700"
"1227","2017-11-16","4等","11979","8300"
"1227","2017-11-16","5等","194037","1000"
"1228","2017-11-20","1等","0","0"
"1228","2017-11-20","2等","9","7774200"
"1228","2017-11-20","3等","212","356400"
"1228","2017-11-20","4等","10724","7400"
"1228","2017-11-20","5等","175934","1000"
"1229","2017-11-23","1等","0","0"
"1229","2017-11-23","2等","5","16861300"
"1229","2017-11-23","3等","149","611000"
"1229","2017-11-23","4等","9112","10500"
"1229","2017-11-23","5等","158194","1000"
"1230","2017-11-27","1等","1","600000000"
"1230","2017-11-27","2等","6","15095000"
"1230","2017-11-27","3等","329","297300"
"1230","2017-11-27","4等","18623","5500"
"1230","2017-11-27","5等","285605","1000"
"1231","2017-11-30","1等","1","494240100"
"1231","2017-11-30","2等","9","9270800"
"1231","2017-11-30","3等","209","431100"
"1231","2017-11-30","4等","11103","8500"
"1231","2017-11-30","5等","185932","1000"
"1232","2017-12-04","1等","1","200000000"
"1232","2017-12-04","2等","3","24468400"
"1232","2017-12-04","3等","210","377500"
"1232","2017-12-04","4等","9833","8500"
"1232","2017-12-04","5等","166380","1000"
"1233","2017-12-07","1等","1","269539600"
"1233","2017-12-07","2等","14","4818600"
"1233","2017-12-07","3等","373","195300"
"1233","2017-12-07","4等","15786","4800"
"1233","2017-12-07","5等","218994","1000"
"1234","2017-12-11","1等","0","0"
"1234","2017-12-11","2等","2","35404500"
"1234","2017-12-11","3等","205","373000"
"1234","2017-12-11","4等","10704","7500"
"1234","2017-12-11","5等","168854","1000"
"1235","2017-12-14","1等","0","0"
"1235","2017-12-14","2等","5","15723000"
"1235","2017-12-14","3等","323","262800"
"1235","2017-12-14","4等","13818","6400"
"1235","2017-12-14","5等","203612","1000"
"1236","2017-12-18","1等","2","403855000"
"1236","2017-12-18","2等","8","11612000"
"1236","2017-12-18","3等","420","238800"
"1236","2017-12-18","4等","18048","5800"
"1236","2017-12-18","5等","268471","1000"
"1237","2017-12-21","1等","0","0"
"1237","2017-12-21","2等","4","18740800"
"1237","2017-12-21","3等","167","484700"
"1237","2017-12-21","4等","8606","9900"
"1237","2017-12-21","5等","161338","1000"
"1238","2017-12-25","1等","2","277207200"
"1238","2017-12-25","2等","11","8306000"
"1238","2017-12-25","3等","432","228400"
"1238","2017-12-25","4等","15721","6600"
"1238","2017-12-25","5等","228310","1000"
"1239","2017-12-28","1等","1","200000000"
"1239","2017-12-28","2等","8","9538300"
"1239","2017-12-28","3等","191","431400"
"1239","2017-12-28","4等","10944","7900"
"1239","2017-12-28","5等","189837","1000"
"1240","2018-01-04","1等","0","0"
"1240","2018-01-04","2等","6","12293800"
"1240","2018-01-04","3等","262","304000"
"1240","2018-01-04","4等","11847","7100"
"1240","2018-01-04","5等","183858","1000"
"1241","2018-01-08","1等","1","573175500"
"1241","2018-01-08","2等","15","5459300"
"1241","2018-01-08","3等","364","242900"
"1241","2018-01-08","4等","18667","5000"
"1241","2018-01-08","5等","277009","1000"
"1242","2018-01-11","1等","1","200000000"
"1242","2018-01-11","2等","3","24857500"
"1242","2018-01-11","3等","173","465500"
"1242","2018-01-11","4等","10255","8200"
"1242","2018-01-11","5等","167282","1000"
"1243","2018-01-15","1等","1","322894600"
"1243","2018-01-15","2等","7","11757200"
"1243","2018-01-15","3等","187","475300"
"1243","2018-01-15","4等","9881","9500"
"1243","2018-01-15","5等","173164","1000"
"1244","2018-01-18","1等","0","0"
"1244","2018-01-18","2等","2","36995000"
"1244","2018-01-18","3等","147","543500"
"1244","2018-01-18","4等","7776","10800"
"1244","2018-01-18","5等","146526","1000"
"1245","2018-01-22","1等","0","0"
"1245","2018-01-22","2等","11","7719600"
"1245","2018-01-22","3等","320","286500"
"1245","2018-01-22","4等","14731","6500"
"1245","2018-01-22","5等","220599","1000"
"1246","2018-01-25","1等","4","208129200"
"1246","2018-01-25","2等","11","8259700"
"1246","2018-01-25","3等","338","290300"
"1246","2018-01-25","4等","17606","5800"
"1246","2018-01-25","5等","259457","1000"
"1247","2018-01-29","1等","3","78487100"
"1247","2018-01-29","2等","5","14128100"
"1247","2018-01-29","3等","265","287800"
"1247","2018-01-29","4等","12698","6300"
"1247","2018-01-29","5等","194401","1000"
"1248","2018-02-01","1等","1","200000000"
"1248","2018-02-01","2等","10","6616600"
"1248","2018-02-01","3等","339","210700"
"1248","2018-02-01","4等","14017","5300"
"1248","2018-02-01","5等","193443","1000"
"1249","2018-02-05","1等","3","82418700"
"1249","2018-02-05","2等","7","9716400"
"1249","2018-02-05","3等","341","215400"
"1249","2018-02-05","4等","17409","4400"
"1249","2018-02-05","5等","236417","1000"
"1250","2018-02-08","1等","1","200000000"
"1250","2018-02-08","2等","17","3846400"
"1250","2018-02-08","3等","282","250400"
"1250","2018-02-08","4等","130765","5700"
"1250","2018-02-08","5等","186681","1000"
"1251","2018-02-12","1等","0","0"
"1251","2018-02-12","2等","2","37898500"
"1251","2018-02-12","3等","142","576400"
"1251","2018-02-12","4等","7296","11800"
"1251","2018-02-12","5等","131873","1000"
"1252","2018-02-15","1等","0","0"
"1252","2018-02-15","2等","14","5893600"
"1252","2018-02-15","3等","295","302000"
"1252","2018-02-15","4等","14690","6400"
"1252","2018-02-15","5等","234933","1000"
"1253","2018-02-19","1等","1","600000000"
"1253","2018-02-19","2等","5","19848100"
"1253","2018-02-19","3等","275","389700"
"1253","2018-02-19","4等","15566","7200"
"1253","2018-02-19","5等","254671","1000"
"1254","2018-02-22","1等","2","266505100"
"1254","2018-02-22","2等","7","10996800"
"1254","2018-02-22","3等","347","239500"
"1254","2018-02-22","4等","16244","5400"
"1254","2018-02-22","5等","249210","1000"
"1255","2018-02-26","1等","1","200000000"
"1255","2018-02-26","2等","9","8373700"
"1255","2018-02-26","3等","216","376800"
"1255","2018-02-26","4等","11043","7700"
"1255","2018-02-26","5等","173151","1000"
"1256","2018-03-01","1等","0","0"
"1256","2018-03-01","2等","9","8648600"
"1256","2018-03-01","3等","218","385600"
"1256","2018-03-01","4等","11671","7600"
"1256","2018-03-01","5等","178256","1000"
"1257","2018-03-05","1等","2","303281400"
"1257","2018-03-05","2等","13","6828800"
"1257","2018-03-05","3等","299","320600"
"1257","2018-03-05","4等","14077","7100"
"1257","2018-03-05","5等","222893","1000"
"1258","2018-03-08","1等","1","200000000"
"1258","2018-03-08","2等","5","13728100"
"1258","2018-03-08","3等","215","344700"
"1258","2018-03-08","4等","9770","8000"
"1258","2018-03-08","5等","156882","1000"
"1259","2018-03-12","1等","0","0"
"1259","2018-03-12","2等","7","11575700"
"1259","2018-03-12","3等","214","408900"
"1259","2018-03-12","4等","10048","9200"
"1259","2018-03-12","5等","163850","1000"
"1260","2018-03-15","1等","2","281942000"
"1260","2018-03-15","2等","22","3613600"
"1260","2018-03-15","3等","398","215700"
"1260","2018-03-15","4等","18024","5000"
"1260","2018-03-15","5等","259415","1000"
"1261","2018-03-19","1等","0","0"
"1261","2018-03-19","2等","3","24827700"
"1261","2018-03-19","3等","143","562500"
"1261","2018-03-19","4等","8652","9800"
"1261","2018-03-19","5等","153917","1000"
"1262","2018-03-22","1等","0","0"
"1262","2018-03-22","2等","5","16225100"
"1262","2018-03-22","3等","243","360500"
"1262","2018-03-22","4等","12230","7500"
"1262","2018-03-22","5等","205652","1000"
"1263","2018-03-26","1等","1","600000000"
"1263","2018-03-26","2等","5","19231500"
"1263","2018-03-26","3等","352","295000"
"1263","2018-03-26","4等","19174","5700"
"1263","2018-03-26","5等","291858","1000"
"1264","2018-03-29","1等","0","0"
"1264","2018-03-29","2等","10","8745300"
"1264","2018-03-29","3等","205","460700"
"1264","2018-03-29","4等","11081","9000"
"1264","2018-03-29","5等","189627","1000"
"1265","2018-04-02","1等","1","600000000"
"1265","2018-04-02","2等","17","5789300"
"1265","2018-04-02","3等","303","350700"
"1265","2018-04-02","4等","15212","7300"
"1265","2018-04-02","5等","252506","1000"
"1266","2018-04-05","1等","3","168675400"
"1266","2018-04-05","2等","13","5706600"
"1266","2018-04-05","3等","504","158900"
"1266","2018-04-05","4等","22019","3800"
"1266","2018-04-05","5等","274000","1000"
"1267","2018-04-09","1等","1","200000000"
"1267","2018-04-09","2等","8","9610300"
"1267","2018-04-09","3等","174","477100"
"1267","2018-04-09","4等","9289","9400"
"1267","2018-04-09","5等","158285","1000"
"1268","2018-04-12","1等","0","0"
"1268","2018-04-12","2等","6","11633900"
"1268","2018-04-12","3等","372","202600"
"1268","2018-04-12","4等","16294","4800"
"1268","2018-04-12","5等","223237","1000"
"1269","2018-04-16","1等","0","0"
"1269","2018-04-16","2等","11","8442300"
"1269","2018-04-16","3等","259","387200"
"1269","2018-04-16","4等","13658","7700"
"1269","2018-04-16","5等","227667","1000"
"1270","2018-04-20","1等","0","0"
"1270","2018-04-20","2等","6","17602100"
"1270","2018-04-20","3等","230","495900"
"1270","2018-04-20","4等","12847","9300"
"1270","2018-04-20","5等","220595","1000"
"1271","2018-04-23","1等","1","600000000"
"1271","2018-04-23","2等","12","9956600"
"1271","2018-04-23","3等","463","278600"
"1271","2018-04-23","4等","20219","6700"
"1271","2018-04-23","5等","309541","1000"
"1272","2018-04-26","1等","0","0"
"1272","2018-04-26","2等","9","11430000"
"1272","2018-04-26","3等","411","270300"
"1272","2018-04-26","4等","17361","6700"
"1272","2018-04-26","5等","266492","1000"
"1273","2018-04-30","1等","0","0"
"1273","2018-04-30","2等","13","9101500"
"1273","2018-04-30","3等","356","358900"
"1273","2018-04-30","4等","15759","8500"
"1273","2018-04-30","5等","253524","1000"
"1274","2018-05-03","1等","9","206748000"
"1274","2018-05-03","2等","2","5352800"
"1274","2018-05-03","3等","739","164200"
"1274","2018-05-03","4等","26657","4800"
"1274","2018-05-03","5等","354582","1000"
"1275","2018-05-07","1等","1","200000000"
"1275","2018-05-07","2等","9","8181300"
"1275","2018-05-07","3等","309","257300"
"1275","2018-05-07","4等","11991","7000"
"1275","2018-05-07","5等","179635","1000"
"1276","2018-05-10","1等","1","276629800"
"1276","2018-05-10","2等","14","4954300"
"1276","2018-05-10","3等","277","270400"
"1276","2018-05-10","4等","15622","5000"
"1276","2018-05-10","5等","233320","1000"
"1277","2018-05-14","1等","1","200000000"
"1277","2018-05-14","2等","1","7602400"
"1277","2018-05-14","3等","176","466500"
"1277","2018-05-14","4等","8578","10100"
"1277","2018-05-14","5等","155018","1000"
"1278","2018-05-17","1等","0","0"
"1278","2018-05-17","2等","11","6614700"
"1278","2018-05-17","3等","229","343100"
"1278","2018-05-17","4等","12020","6900"
"1278","2018-05-17","5等","203075","1000"
"1279","2018-05-21","1等","0","0"
"1279","2018-05-21","2等","8","10614400"
"1279","2018-05-21","3等","270","339600"
"1279","2018-05-21","4等","15008","6400"
"1279","2018-05-21","5等","232650","1000"
"1280","2018-05-24","1等","1","600000000"
"1280","2018-05-24","2等","12","7665100"
"1280","2018-05-24","3等","453","219200"
"1280","2018-05-24","4等","16973","6100"
"1280","2018-05-24","5等","263528","1000"
"1281","2018-05-28","1等","1","571521400"
"1281","2018-05-28","2等","4","21445800"
"1281","2018-05-28","3等","346","267700"
"1281","2018-05-28","4等","16452","5900"
"1281","2018-05-28","5等","249985","1000"
"1282","2018-05-31","1等","4","51367400"
"1282","2018-05-31","2等","15","4109500"
"1282","2018-05-31","3等","632","105300"
"1282","2018-05-31","4等","20253","3400"
"1282","2018-05-31","5等","246442","1000"
"1283","2018-06-04","1等","0","0"
"1283","2018-06-04","2等","5","15490600"
"1283","2018-06-04","3等","140","597400"
"1283","2018-06-04","4等","8184","10800"
"1283","2018-06-04","5等","159189","1000"
"1284","2018-06-07","1等","0","0"
"1284","2018-06-07","2等","7","11765900"
"1284","2018-06-07","3等","277","321100"
"1284","2018-06-07","4等","13809","6800"
"1284","2018-06-07","5等","216404","1000"
"1285","2018-06-11","1等","3","280267300"
"1285","2018-06-11","2等","3","30811300"
"1285","2018-06-11","3等","298","334900"
"1285","2018-06-11","4等","14645","7200"
"1285","2018-06-11","5等","242303","1000"
"1286","2018-06-14","1等","1","200000000"
"1286","2018-06-14","2等","5","15152000"
"1286","2018-06-14","3等","223","366800"
"1286","2018-06-14","4等","9653","8900"
"1286","2018-06-14","5等","151359","1000"
"1287","2018-06-18","1等","2","161407700"
"1287","2018-06-18","2等","5","16217900"
"1287","2018-06-18","3等","207","423000"
"1287","2018-06-18","4等","11588","7900"
"1287","2018-06-18","5等","193422","1000"
"1288","2018-06-21","1等","0","0"
"1288","2018-06-21","2等","9","8119400"
"1288","2018-06-21","3等","197","400600"
"1288","2018-06-21","4等","10900","7600"
"1288","2018-06-21","5等","181785","1000"
"1289","2018-06-25","1等","1","522362900"
"1289","2018-06-25","2等","27","3097700"
"1289","2018-06-25","3等","399","226300"
"1289","2018-06-25","4等","16548","5700"
"1289","2018-06-25","5等","250180","1000"
"1290","2018-06-28","1等","0","0"
"1290","2018-06-28","2等","5","14982100"
"1290","2018-06-28","3等","209","387000"
"1290","2018-06-28","4等","10206","8300"
"1290","2018-06-28","5等","161049","1000"
"1291","2018-07-02","1等","1","506881500"
"1291","2018-07-02","2等","14","5511300"
"1291","2018-07-02","3等","514","162100"
"1291","2018-07-02","4等","20846","4200"
"1291","2018-07-02","5等","290663","1000"
"1292","2018-07-05","1等","3","78782500"
"1292","2018-07-05","2等","3","23635500"
"1292","2018-07-05","3等","185","413900"
"1292","2018-07-05","4等","9215","8700"
"1292","2018-07-05","5等","152991","1000"
"1293","2018-07-09","1等","1","200000000"
"1293","2018-07-09","2等","13","5268800"
"1293","2018-07-09","3等","280","264100"
"1293","2018-07-09","4等","13415","5800"
"1293","2018-07-09","5等","193522","1000"
"1294","2018-07-12","1等","1","258113600"
"1294","2018-07-12","2等","12","5745200"
"1294","2018-07-12","3等","331","224900"
"1294","2018-07-12","4等","14692","5300"
"1294","2018-07-12","5等","205387","1000"
"1295","2018-07-16","1等","1","200000000"
"1295","2018-07-16","2等","3","23040400"
"1295","2018-07-16","3等","161","463600"
"1295","2018-07-16","4等","9057","8700"
"1295","2018-07-16","5等","142032","1000"
"1296","2018-07-19","1等","3","84258400"
"1296","2018-07-19","2等","9","7412800"
"1296","2018-07-19","3等","355","202900"
"1296","2018-07-19","4等","15301","4900"
"1296","2018-07-19","5等","212444","1000"
"1297","2018-07-23","1等","1","200000000"
"1297","2018-07-23","2等","1","69787900"
"1297","2018-07-23","3等","123","612700"
"1297","2018-07-23","4等","8865","8900"
"1297","2018-07-23","5等","158700","1000"
"1298","2018-07-26","1等","0","0"
"1298","2018-07-26","2等","5","14020200"
"1298","2018-07-26","3等","225","336400"
"1298","2018-07-26","4等","11493","6900"
"1298","2018-07-26","5等","188659","1000"
"1299","2018-07-30","1等","2","259380200"
"1299","2018-07-30","2等","17","4455600"
"1299","2018-07-30","3等","424","192900"
"1299","2018-07-30","4等","17776","4800"
"1299","2018-07-30","5等","252669","1000"
"1300","2018-08-02","1等","1","200000000"
"1300","2018-08-02","2等","5","13105000"
"1300","2018-08-02","3等","300","235800"
"1300","2018-08-02","4等","13090","5700"
"1300","2018-08-02","5等","183347","1000"
"1301","2018-08-06","1等","0","0"
"1301","2018-08-06","2等","3","23477200"
"1301","2018-08-06","3等","199","382200"
"1301","2018-08-06","4等","11338","7000"
"1301","2018-08-06","5等","189255","1000"
"1302","2018-08-09","1等","0","0"
"1302","2018-08-09","2等","3","27331800"
"1302","2018-08-09","3等","274","323100"
"1302","2018-08-09","4等","11765","7900"
"1302","2018-08-09","5等","175049","1000"
"1303","2018-08-13","1等","0","0"
"1303","2018-08-13","2等","6","14727200"
"1303","2018-08-13","3等","255","374200"
"1303","2018-08-13","4等","13263","7600"
"1303","2018-08-13","5等","218284","1000"
"1304","2018-08-16","1等","1","600000000"
"1304","2018-08-16","2等","12","8887600"
"1304","2018-08-16","3等","247","466300"
"1304","2018-08-16","4等","13787","8800"
"1304","2018-08-16","5等","229519","1000"
"1305","2018-08-20","1等","0","0"
"1305","2018-08-20","2等","10","9931800"
"1305","2018-08-20","3等","256","418900"
"1305","2018-08-20","4等","13785","8200"
"1305","2018-08-20","5等","224118","1000"
"1306","2018-08-23","1等","1","600000000"
"1306","2018-08-23","2等","13","7710200"
"1306","2018-08-23","3等","446","242700"
"1306","2018-08-23","4等","18676","6100"
"1306","2018-08-23","5等","280525","1000"
"1307","2018-08-27","1等","1","600000000"
"1307","2018-08-27","2等","7","14158900"
"1307","2018-08-27","3等","255","419700"
"1307","2018-08-27","4等","15399","7300"
"1307","2018-08-27","5等","247462","1000"
"1308","2018-08-30","1等","0","0"
"1308","2018-08-30","2等","9","9668100"
"1308","2018-08-30","3等","256","367000"
"1308","2018-08-30","4等","14009","7000"
"1308","2018-08-30","5等","230628","1000"
"1309","2018-09-03","1等","1","600000000"
"1309","2018-09-03","2等","10","10762100"
"1309","2018-09-03","3等","252","461200"
"1309","2018-09-03","4等","11693","10500"
"1309","2018-09-03","5等","195021","1000"
"1310","2018-09-06","1等","0","0"
"1310","2018-09-06","2等","11","7524800"
"1310","2018-09-06","3等","286","312500"
"1310","2018-09-06","4等","14822","6300"
"1310","2018-09-06","5等","227796","1000"
"1311","2018-09-10","1等","3","335970100"
"1311","2018-09-10","2等","11","8488000"
"1311","2018-09-10","3等","325","310200"
"1311","2018-09-10","4等","15349","6900"
"1311","2018-09-10","5等","244472","1000"
"1312","2018-09-13","1等","2","120471500"
"1312","2018-09-13","2等","14","5163200"
"1312","2018-09-13","3等","309","252600"
"1312","2018-09-13","4等","13016","6300"
"1312","2018-09-13","5等","193425","1000"
"1313","2018-09-17","1等","1","200000000"
"1313","2018-09-17","2等","6","11915800"
"1313","2018-09-17","3等","181","426500"
"1313","2018-09-17","4等","9087","8900"
"1313","2018-09-17","5等","154134","1000"
"1314","2018-09-20","1等","3","91653600"
"1314","2018-09-20","2等","7","10142500"
"1314","2018-09-20","3等","305","251300"
"1314","2018-09-20","4等","13248","6100"
"1314","2018-09-20","5等","194740","1000"
"1315","2018-09-24","1等","1","200000000"
"1315","2018-09-24","2等","4","17043400"
"1315","2018-09-24","3等","190","387500"
"1315","2018-09-24","4等","9841","7900"
"1315","2018-09-24","5等","168580","1000"
"1316","2018-09-27","1等","3","92137600"
"1316","2018-09-27","2等","8","9344300"
"1316","2018-09-27","3等","403","200300"
"1316","2018-09-27","4等","11715","7200"
"1316","2018-09-27","5等","167824","1000"
"1317","2018-10-01","1等","0","0"
"1317","2018-10-01","2等","11","6410700"
"1317","2018-10-01","3等","182","418400"
"1317","2018-10-01","4等","9855","8100"
"1317","2018-10-01","5等","160730","1000"
"1318","2018-10-04","1等","2","242181400"
"1318","2018-10-04","2等","4","18698700"
"1318","2018-10-04","3等","295","273800"
"1318","2018-10-04","4等","13591","6200"
"1318","2018-10-04","5等","216022","1000"
"1319","2018-10-08","1等","0","0"
"1319","2018-10-08","2等","2","31876300"
"1319","2018-10-08","3等","284","242400"
"1319","2018-10-08","4等","11520","6300"
"1319","2018-10-08","5等","173918","1000"
"1320","2018-10-11","1等","2","227401800"
"1320","2018-10-11","2等","8","9086600"
"1320","2018-10-11","3等","275","285400"
"1320","2018-10-11","4等","14280","5800"
"1320","2018-10-11","5等","223907","1000"
"1321","2018-10-15","1等","2","127197300"
"1321","2018-10-15","2等","2","38160400"
"1321","2018-10-15","3等","149","553100"
"1321","2018-10-15","4等","8502","10200"
"1321","2018-10-15","5等","140450","1000"
"1322","2018-10-18","1等","1","200000000"
"1322","2018-10-18","2等","6","11355900"
"1322","2018-10-18","3等","197","373500"
"1322","2018-10-18","4等","10662","7200"
"1322","2018-10-18","5等","174193","1000"
"1323","2018-10-22","1等","0","0"
"1323","2018-10-22","2等","5","13773400"
"1323","2018-10-22","3等","252","295100"
"1323","2018-10-22","4等","13424","5800"
"1323","2018-10-22","5等","205184","1000"
"1324","2018-10-25","1等","3","168286300"
"1324","2018-10-25","2等","10","7446100"
"1324","2018-10-25","3等","376","213800"
"1324","2018-10-25","4等","17682","4800"
"1324","2018-10-25","5等","246469","1000"
"1325","2018-10-29","1等","0","0"
"1325","2018-10-29","2等","8","8549000"
"1325","2018-10-29","3等","320","230800"
"1325","2018-10-29","4等","14327","5400"
"1325","2018-10-29","5等","207614","1000"
"1326","2018-11-01","1等","2","238587500"
"1326","2018-11-01","2等","14","5340300"
"1326","2018-11-01","3等","370","218200"
"1326","2018-11-01","4等","16046","5300"
"1326","2018-11-01","5等","239516","1000"
"1327","2018-11-05","1等","2","115034500"
"1327","2018-11-05","2等","6","11503800"
"1327","2018-11-05","3等","298","250100"
"1327","2018-11-05","4等","13371","5800"
"1327","2018-11-05","5等","194287","1000"
"1328","2018-11-08","1等","2","115973100"
"1328","2018-11-08","2等","5","13917200"
"1328","2018-11-08","3等","184","408400"
"1328","2018-11-08","4等","9976","7900"
"1328","2018-11-08","5等","168341","1000"
"1329","2018-11-12","1等","1","200000000"
"1329","2018-11-12","2等","9","7695100"
"1329","2018-11-12","3等","270","277000"
"1329","2018-11-12","4等","11969","6600"
"1329","2018-11-12","5等","181089","1000"
"1330","2018-11-15","1等","1","276653200"
"1330","2018-11-15","2等","4","18436100"
"1330","2018-11-15","3等","255","312300"
"1330","2018-11-15","4等","11455","7300"
"1330","2018-11-15","5等","170913","1000"
"1331","2018-11-19","1等","0","0"
"1331","2018-11-19","2等","2","36138000"
"1331","2018-11-19","3等","132","591300"
"1331","2018-11-19","4等","8849","9300"
"1331","2018-11-19","5等","150446","1000"
"1332","2018-11-22","1等","2","249251400"
"1332","2018-11-22","2等","8","9659900"
"1332","2018-11-22","3等","313","266600"
"1332","2018-11-22","4等","13027","6700"
"1332","2018-11-22","5等","196694","1000"
"1333","2018-11-26","1等","1","200000000"
"1333","2018-11-26","2等","3","22413900"
"1333","2018-11-26","3等","285","254800"
"1333","2018-11-26","4等","12504","6100"
"1333","2018-11-26","5等","184902","1000"
"1334","2018-11-29","1等","1","259569200"
"1334","2018-11-29","2等","3","23544400"
"1334","2018-11-29","3等","238","320500"
"1334","2018-11-29","4等","11893","6700"
"1334","2018-11-29","5等","186002","1000"
"1335","2018-12-03","1等","4","62235400"
"1335","2018-12-03","2等","3","24894900"
"1335","2018-12-03","3等","151","534100"
"1335","2018-12-03","4等","8255","10300"
"1335","2018-12-03","5等","146445","1000"
"1336","2018-12-06","1等","2","108017300"
"1336","2018-12-06","2等","7","9258900"
"1336","2018-12-06","3等","219","319600"
"1336","2018-12-06","4等","11013","6700"
"1336","2018-12-06","5等","179513","1000"
"1337","2018-12-10","1等","4","55161000"
"1337","2018-12-10","2等","7","9456400"
"1337","2018-12-10","3等","242","295400"
"1337","2018-12-10","4等","12290","6100"
"1337","2018-12-10","5等","192483","1000"
"1338","2018-12-13","1等","1","200000000"
"1338","2018-12-13","2等","8","7908400"
"1338","2018-12-13","3等","281","243100"
"1338","2018-12-13","4等","12597","5700"
"1338","2018-12-13","5等","195164","1000"
"1339","2018-12-17","1等","1","265958300"
"1339","2018-12-17","2等","2","38262000"
"1339","2018-12-17","3等","181","456500"
"1339","2018-12-17","4等","9806","8900"
"1339","2018-12-17","5等","164196","1000"
"1340","2018-12-20","1等","0","0"
"1340","2018-12-20","2等","7","9991200"
"1340","2018-12-20","3等","232","325500"
"1340","2018-12-20","4等","10872","7300"
"1340","2018-12-20","5等","176900","1000"
"1341","2018-12-24","1等","2","243666700"
"1341","2018-12-24","2等","9","8474000"
"1341","2018-12-24","3等","313","263100"
"1341","2018-12-24","4等","14275","6000"
"1341","2018-12-24","5等","221101","1000"
"1342","2018-12-27","1等","1","200000000"
"1342","2018-12-27","2等","5","14089200"
"1342","2018-12-27","3等","394","193000"
"1342","2018-12-27","4等","15573","5100"
"1342","2018-12-27","5等","219088","1000"
"1343","2019-01-07","1等","2","149831600"
"1343","2019-01-07","2等","22","3611700"
"1343","2019-01-07","3等","755","113600"
"1343","2019-01-07","4等","26068","2400"
"1343","2019-01-07","5等","328489","1000"
"1344","2019-01-10","1等","1","200000000"
"1344","2019-01-10","2等","4","18371500"
"1344","2019-01-10","3等","194","409000"
"1344","2019-01-10","4等","9991","8300"
"1344","2019-01-10","5等","159732","1000"
"1345","2019-01-14","1等","0","0"
"1345","2019-01-14","2等","5","14260400"
"1345","2019-01-14","3等","239","322100"
"1345","2019-01-14","4等","11606","7000"
"1345","2019-01-14","5等","184888","1000"
"1346","2019-01-17","1等","3","184111400"
"1346","2019-01-17","2等","8","10114800"
"1346","2019-01-17","3等","341","256200"
"1346","2019-01-17","4等","13469","6800"
"1346","2019-01-17","5等","207387","1000"
"1347","2019-01-21","1等","2","116194600"
"1347","2019-01-21","2等","8","8714800"
"1347","2019-01-21","3等","214","351800"
"1347","2019-01-21","4等","11399","6900"
"1347","2019-01-21","5等","187011","1000"
"1348","2019-01-24","1等","2","113126700"
"1348","2019-01-24","2等","5","13575600"
"1348","2019-01-24","3等","208","352400"
"1348","2019-01-24","4等","10746","7200"
"1348","2019-01-24","5等","169796","1000"
"1349","2019-01-28","1等","0","0"
"1349","2019-01-28","2等","3","24312300"
"1349","2019-01-28","3等","189","416700"
"1349","2019-01-28","4等","9216","9000"
"1349","2019-01-28","5等","156759","1000"
"1350","2019-01-31","1等","1","490945100"
"1350","2019-01-31","2等","5","14870200"
"1350","2019-01-31","3等","266","301800"
"1350","2019-01-31","4等","14247","5900"
"1350","2019-01-31","5等","218833","1000"
"1351","2019-02-04","1等","1","200000000"
"1351","2019-02-04","2等","15","4482000"
"1351","2019-02-04","3等","262","277100"
"1351","2019-02-04","4等","12969","5900"
"1351","2019-02-04","5等","196665","1000"
"1352","2019-02-07","1等","0","0"
"1352","2019-02-07","2等","6","10431100"
"1352","2019-02-07","3等","276","244800"
"1352","2019-02-07","4等","14885","4700"
"1352","2019-02-07","5等","224193","1000"
"1353","2019-02-11","1等","3","151274200"
"1353","2019-02-11","2等","5","13267000"
"1353","2019-02-11","3等","444","161300"
"1353","2019-02-11","4等","16918","4400"
"1353","2019-02-11","5等","242167","1000"
"1354","2019-02-14","1等","1","200000000"
"1354","2019-02-14","2等","4","16938700"
"1354","2019-02-14","3等","164","446100"
"1354","2019-02-14","4等","9423","8200"
"1354","2019-02-14","5等","153600","1000"
"1355","2019-02-18","1等","1","270445900"
"1355","2019-02-18","2等","13","5644800"
"1355","2019-02-18","3等","269","294600"
"1355","2019-02-18","4等","12215","6800"
"1355","2019-02-18","5等","189030","1000"
"1356","2019-02-21","1等","2","104132300"
"1356","2019-02-21","2等","12","5206700"
"1356","2019-02-21","3等","329","205000"
"1356","2019-02-21","4等","13826","5100"
"1356","2019-02-21","5等","202692","1000"
"1357","2019-02-25","1等","5","37305200"
"1357","2019-02-25","2等","13","4304500"
"1357","2019-02-25","3等","552","109400"
"1357","2019-02-25","4等","21182","3000"
"1357","2019-02-25","5等","263356","1000"
"1358","2019-02-28","1等","2","107316100"
"1358","2019-02-28","2等","5","12878300"
"1358","2019-02-28","3等","260","267400"
"1358","2019-02-28","4等","12385","5900"
"1358","2019-02-28","5等","181777","1000"
"1359","2019-03-04","1等","0","0"
"1359","2019-03-04","2等","5","12900800"
"1359","2019-03-04","3等","222","313700"
"1359","2019-03-04","4等","12333","5900"
"1359","2019-03-04","5等","190707","1000"
"1360","2019-03-07","1等","2","227332200"
"1360","2019-03-07","2等","14","5135600"
"1360","2019-03-07","3等","258","300900"
"1360","2019-03-07","4等","14060","5800"
"1360","2019-03-07","5等","223629","1000"
"1361","2019-03-11","1等","0","0"
"1361","2019-03-11","2等","10","6340500"
"1361","2019-03-11","3等","421","162600"
"1361","2019-03-11","4等","15412","4600"
"1361","2019-03-11","5等","217530","1000"
"1362","2019-03-14","1等","3","152305300"
"1362","2019-03-14","2等","4","18418400"
"1362","2019-03-14","3等","288","205000"
"1362","2019-03-14","4等","15998","5200"
"1362","2019-03-14","5等","220340","1000"
"1363","2019-03-18","1等","0","0"
"1363","2019-03-18","2等","6","11742300"
"1363","2019-03-18","3等","236","322400"
"1363","2019-03-18","4等","11466","7000"
"1363","2019-03-18","5等","181252","1000"
"1364","2019-03-21","1等","0","0"
"1364","2019-03-21","2等","12","5981300"
"1364","2019-03-21","3等","315","246000"
"1364","2019-03-21","4等","14046","5800"
"1364","2019-03-21","5等","211352","1000"
"1365","2019-03-25","1等","0","0"
"1365","2019-03-25","2等","7","12615000"
"1365","2019-03-25","3等","247","386000"
"1365","2019-03-25","4等","12322","8100"
"1365","2019-03-25","5等","204590","1000"
"1366","2019-03-28","1等","1","600000000"
"1366","2019-03-28","2等","6","15806100"
"1366","2019-03-28","3等","231","443300"
"1366","2019-03-28","4等","11848","9100"
"1366","2019-03-28","5等","206149","1000"
"1367","2019-04-01","1等","1","600000000"
"1367","2019-04-01","2等","15","5298400"
"1367","2019-04-01","3等","495","173300"
"1367","2019-04-01","4等","18166","4900"
"1367","2019-04-01","5等","256988","1000"
"1368","2019-04-04","1等","1","416288200"
"1368","2019-04-04","2等","0","0"
"1368","2019-04-04","3等","337","256500"
"1368","2019-04-04","4等","11256","8100"
"1368","2019-04-04","5等","182061","1000"
"1369","2019-04-08","1等","0","0"
"1369","2019-04-08","2等","4","19909400"
"1369","2019-04-08","3等","167","515000"
"1369","2019-04-08","4等","9797","9200"
"1369","2019-04-08","5等","167043","1000"
"1370","2019-04-11","1等","0","0"
"1370","2019-04-11","2等","4","21354700"
"1370","2019-04-11","3等","167","552300"
"1370","2019-04-11","4等","9985","9700"
"1370","2019-04-11","5等","181674","1000"
"1371","2019-04-15","1等","2","452218500"
"1371","2019-04-15","2等","16","5141600"
"1371","2019-04-15","3等","422","210500"
"1371","2019-04-15","4等","21478","4300"
"1371","2019-04-15","5等","308457","1000"
"1372","2019-04-18","1等","0","0"
"1372","2019-04-18","2等","6","11361200"
"1372","2019-04-18","3等","267","275700"
"1372","2019-04-18","4等","12534","6200"
"1372","2019-04-18","5等","197109","1000"
"1373","2019-04-22","1等","2","256094200"
"1373","2019-04-22","2等","5","17098700"
"1373","2019-04-22","3等","181","510100"
"1373","2019-04-22","4等","11130","8700"
"1373","2019-04-22","5等","195255","1000"
"1374","2019-04-25","1等","1","200000000"
"1374","2019-04-25","2等","2","32868500"
"1374","2019-04-25","3等","337","210600"
"1374","2019-04-25","4等","13816","5400"
"1374","2019-04-25","5等","206320","1000"
"1375","2019-04-29","1等","0","0"
"1375","2019-04-29","2等","11","6275100"
"1375","2019-04-29","3等","253","294600"
"1375","2019-04-29","4等","11021","7100"
"1375","2019-04-29","5等","179333","1000"
"1376","2019-05-02","1等","0","0"
"1376","2019-05-02","2等","6","12929700"
"1376","2019-05-02","3等","227","369000"
"1376","2019-05-02","4等","11845","7400"
"1376","2019-05-02","5等","176893","1000"
"1377","2019-05-06","1等","2","401809500"
"1377","2019-05-06","2等","2","44376800"
"1377","2019-05-06","3等","249","384900"
"1377","2019-05-06","4等","11683","8600"
"1377","2019-05-06","5等","196190","1000"
"1378","2019-05-09","1等","2","117942400"
"1378","2019-05-09","2等","9","7863000"
"1378","2019-05-09","3等","236","323800"
"1378","2019-05-09","4等","10563","7600"
"1378","2019-05-09","5等","166435","1000"
"1379","2019-05-13","1等","1","200000000"
"1379","2019-05-13","2等","1","70287000"
"1379","2019-05-13","3等","227","334300"
"1379","2019-05-13","4等","11153","7100"
"1379","2019-05-13","5等","178505","1000"
"1380","2019-05-16","1等","3","90915700"
"1380","2019-05-16","2等","4","17885400"
"1380","2019-05-16","3等","240","321900"
"1380","2019-05-16","4等","11283","7200"
"1380","2019-05-16","5等","190198","1000"
"1381","2019-05-20","1等","1","200000000"
"1381","2019-05-20","2等","13","4792800"
"1381","2019-05-20","3等","293","229600"
"1381","2019-05-20","4等","14524","4800"
"1381","2019-05-20","5等","223635","1000"
"1382","2019-05-23","1等","4","52124100"
"1382","2019-05-23","2等","3","20081800"
"1382","2019-05-23","3等","398","163400"
"1382","2019-05-23","4等","17191","3900"
"1382","2019-05-23","5等","231593","1000"
"1383","2019-05-27","1等","1","200000000"
"1383","2019-05-27","2等","10","6320000"
"1383","2019-05-27","3等","260","262500"
"1383","2019-05-27","4等","13944","5100"
"1383","2019-05-27","5等","211631","1000"
"1384","2019-05-30","1等","1","251413100"
"1384","2019-05-30","2等","5","14445500"
"1384","2019-05-30","3等","208","375000"
"1384","2019-05-30","4等","10761","7600"
"1384","2019-05-30","5等","174116","1000"
"1385","2019-06-03","1等","2","128087300"
"1385","2019-06-03","2等","3","25618300"
"1385","2019-06-03","3等","136","610200"
"1385","2019-06-03","4等","7458","11700"
"1385","2019-06-03","5等","134863","1000"
"1386","2019-06-06","1等","0","0"
"1386","2019-06-06","2等","8","8291400"
"1386","2019-06-06","3等","217","330100"
"1386","2019-06-06","4等","10289","7300"
"1386","2019-06-06","5等","173335","1000"
"1387","2019-06-10","1等","1","490835000"
"1387","2019-06-10","2等","3","26974500"
"1387","2019-06-10","3等","304","287400"
"1387","2019-06-10","4等","10283","8900"
"1387","2019-06-10","5等","181090","1000"
"1388","2019-06-13","1等","4","52668900"
"1388","2019-06-13","2等","8","7900500"
"1388","2019-06-13","3等","289","236100"
"1388","2019-06-13","4等","13504","5300"
"1388","2019-06-13","5等","202523","1000"
"1389","2019-06-17","1等","0","0"
"1389","2019-06-17","2等","6","12012400"
"1389","2019-06-17","3等","222","350600"
"1389","2019-06-17","4等","11404","7200"
"1389","2019-06-17","5等","181209","1000"
"1390","2019-06-20","1等","0","0"
"1390","2019-06-20","2等","5","15977000"
"1390","2019-06-20","3等","255","338300"
"1390","2019-06-20","4等","12573","7200"
"1390","2019-06-20","5等","200791","1000"
"1391","2019-06-24","1等","2","403380500"
"1391","2019-06-24","2等","10","9007600"
"1391","2019-06-24","3等","347","280300"
"1391","2019-06-24","4等","15723","6500"
"1391","2019-06-24","5等","246490","1000"
"1392","2019-06-27","1等","0","0"
"1392","2019-06-27","2等","10","7036900"
"1392","2019-06-27","3等","213","356700"
"1392","2019-06-27","4等","12206","6500"
"1392","2019-06-27","5等","191383","1000"
"1393","2019-07-01","1等","0","0"
"1393","2019-07-01","2等","5","17473900"
"1393","2019-07-01","3等","196","481400"
"1393","2019-07-01","4等","11336","8700"
"1393","2019-07-01","5等","196898","1000"
"1394","2019-07-04","1等","2","421482700"
"1394","2019-07-04","2等","5","19031600"
"1394","2019-07-04","3等","230","446800"
"1394","2019-07-04","4等","11780","9200"
"1394","2019-07-04","5等","199755","1000"
"1395","2019-07-08","1等","1","200000000"
"1395","2019-07-08","2等","6","12351500"
"1395","2019-07-08","3等","180","444600"
"1395","2019-07-08","4等","10104","8300"
"1395","2019-07-08","5等","171744","1000"
"1396","2019-07-11","1等","2","128244100"
"1396","2019-07-11","2等","5","12568300"
"1396","2019-07-11","3等","521","130200"
"1396","2019-07-11","4等","18851","3800"
"1396","2019-07-11","5等","245971","1000"
"1397","2019-07-15","1等","1","200000000"
"1397","2019-07-15","2等","8","8096300"
"1397","2019-07-15","3等","194","360500"
"1397","2019-07-15","4等","9903","7400"
"1397","2019-07-15","5等","168920","1000"
"1398","2019-07-18","1等","1","270589100"
"1398","2019-07-18","2等","2","38205100"
"1398","2019-07-18","3等","98","842000"
"1398","2019-07-18","4等","6521","13300"
"1398","2019-07-18","5等","124263","1000"
"1399","2019-07-22","1等","0","0"
"1399","2019-07-22","2等","6","11780500"
"1399","2019-07-22","3等","197","387400"
"1399","2019-07-22","4等","8780","9100"
"1399","2019-07-22","5等","145496","1000"
"1400","2019-07-25","1等","0","0"
"1400","2019-07-25","2等","5","15859700"
"1400","2019-07-25","3等","224","382300"
"1400","2019-07-25","4等","11315","7900"
"1400","2019-07-25","5等","186315","1000"
"1401","2019-07-29","1等","2","392579300"
"1401","2019-07-29","2等","9","9508100"
"1401","2019-07-29","3等","369","250400"
"1401","2019-07-29","4等","15582","6200"
"1401","2019-07-29","5等","238611","1000"
"1402","2019-08-01","1等","0","0"
"1402","2019-08-01","2等","4","17535600"
"1402","2019-08-01","3等","162","467600"
"1402","2019-08-01","4等","8840","9000"
"1402","2019-08-01","5等","152987","1000"
"1403","2019-08-05","1等","0","0"
"1403","2019-08-05","2等","4","19917000"
"1403","2019-08-05","3等","254","338700"
"1403","2019-08-05","4等","12939","7000"
"1403","2019-08-05","5等","214360","1000"
"1404","2019-08-08","1等","1","600000000"
"1404","2019-08-08","2等","9","9733600"
"1404","2019-08-08","3等","241","392500"
"1404","2019-08-08","4等","12999","7600"
"1404","2019-08-08","5等","209324","1000"
"1405","2019-08-12","1等","2","198313700"
"1405","2019-08-12","2等","4","15396100"
"1405","2019-08-12","3等","433","153600"
"1405","2019-08-12","4等","18918","3700"
"1405","2019-08-12","5等","258033","1000"
"1406","2019-08-15","1等","0","0"
"1406","2019-08-15","2等","5","13512800"
"1406","2019-08-15","3等","115","634400"
"1406","2019-08-15","4等","6489","11800"
"1406","2019-08-15","5等","120439","1000"
"1407","2019-08-19","1等","0","0"
"1407","2019-08-19","2等","6","13604700"
"1407","2019-08-19","3等","282","312600"
"1407","2019-08-19","4等","13905","6600"
"1407","2019-08-19","5等","213240","1000"
"1408","2019-08-22","1等","0","0"
"1408","2019-08-22","2等","3","30636200"
"1408","2019-08-22","3等","341","291000"
"1408","2019-08-22","4等","14807","7000"
"1408","2019-08-22","5等","219067","1000"
"1409","2019-08-26","1等","3","378412300"
"1409","2019-08-26","2等","19","5235800"
"1409","2019-08-26","3等","548","196000"
"1409","2019-08-26","4等","22618","5000"
"1409","2019-08-26","5等","322026","1000"
"1410","2019-08-29","1等","2","116189400"
"1410","2019-08-29","2等","14","4979700"
"1410","2019-08-29","3等","354","212600"
"1410","2019-08-29","4等","12317","6400"
"1410","2019-08-29","5等","174950","1000"
"1411","2019-09-02","1等","3","73919900"
"1411","2019-09-02","2等","14","4752100"
"1411","2019-09-02","3等","428","167800"
"1411","2019-09-02","4等","16007","4700"
"1411","2019-09-02","5等","223818","1000"
"1412","2019-09-05","1等","2","111720100"
"1412","2019-09-05","2等","9","7448200"
"1412","2019-09-05","3等","248","291900"
"1412","2019-09-05","4等","11836","6400"
"1412","2019-09-05","5等","176426","1000"
"1413","2019-09-09","1等","0","0"
"1413","2019-09-09","2等","6","11301700"
"1413","2019-09-09","3等","237","308900"
"1413","2019-09-09","4等","12881","6000"
"1413","2019-09-09","5等","192008","1000"
"1414","2019-09-12","1等","1","497554300"
"1414","2019-09-12","2等","6","13576800"
"1414","2019-09-12","3等","185","475500"
"1414","2019-09-12","4等","10171","9100"
"1414","2019-09-12","5等","169878","1000"
"1415","2019-09-16","1等","0","0"
"1415","2019-09-16","2等","26","2610100"
"1415","2019-09-16","3等","142","516100"
"1415","2019-09-16","4等","8491","9100"
"1415","2019-09-16","5等","153636","1000"
"1416","2019-09-19","1等","4","114223800"
"1416","2019-09-19","2等","9","7690000"
"1416","2019-09-19","3等","540","138400"
"1416","2019-09-19","4等","18930","4100"
"1416","2019-09-19","5等","250672","1000"
"1417","2019-09-23","1等","3","67394900"
"1417","2019-09-23","2等","5","12131400"
"1417","2019-09-23","3等","262","250000"
"1417","2019-09-23","4等","12800","5400"
"1417","2019-09-23","5等","194714","1000"
"1418","2019-09-26","1等","0","0"
"1418","2019-09-26","2等","4","18158100"
"1418","2019-09-26","3等","119","659100"
"1418","2019-09-26","4等","7208","11400"
"1418","2019-09-26","5等","132052","1000"
"1419","2019-09-30","1等","1","475191400"
"1419","2019-09-30","2等","7","9989900"
"1419","2019-09-30","3等","414","182400"
"1419","2019-09-30","4等","17696","4500"
"1419","2019-09-30","5等","256745","1000"
"1420","2019-10-03","1等","0","0"
"1420","2019-10-03","2等","7","8963300"
"1420","2019-10-03","3等","263","257600"
"1420","2019-10-03","4等","11978","5900"
"1420","2019-10-03","5等","183291","1000"
"1421","2019-10-07","1等","2","237822500"
"1421","2019-10-07","2等","3","26651500"
"1421","2019-10-07","3等","224","385400"
"1421","2019-10-07","4等","10954","8300"
"1421","2019-10-07","5等","177542","1000"
"1422","2019-10-10","1等","3","73241900"
"1422","2019-10-10","2等","20","3295900"
"1422","2019-10-10","3等","189","376600"
"1422","2019-10-10","4等","9008","8300"
"1422","2019-10-10","5等","158350","1000"
"1423","2019-10-14","1等","1","200000000"
"1423","2019-10-14","2等","3","20474900"
"1423","2019-10-14","3等","188","352800"
"1423","2019-10-14","4等","9194","7600"
"1423","2019-10-14","5等","144451","1000"
"1424","2019-10-17","1等","1","224539100"
"1424","2019-10-17","2等","8","8242600"
"1424","2019-10-17","3等","238","299200"
"1424","2019-10-17","4等","11699","6400"
"1424","2019-10-17","5等","185152","1000"
"1425","2019-10-21","1等","0","0"
"1425","2019-10-21","2等","3","23333300"
"1425","2019-10-21","3等","132","572700"
"1425","2019-10-21","4等","8250","9600"
"1425","2019-10-21","5等","146503","1000"
"1426","2019-10-24","1等","2","243874100"
"1426","2019-10-24","2等","4","19082200"
"1426","2019-10-24","3等","181","455400"
"1426","2019-10-24","4等","10185","8500"
"1426","2019-10-24","5等","170523","1000"
"1427","2019-10-28","1等","1","200000000"
"1427","2019-10-28","2等","3","22623200"
"1427","2019-10-28","3等","232","315900"
"1427","2019-10-28","4等","11149","6900"
"1427","2019-10-28","5等","172439","1000"
"1428","2019-10-31","1等","0","0"
"1428","2019-10-31","2等","6","12586800"
"1428","2019-10-31","3等","183","445600"
"1428","2019-10-31","4等","8318","10300"
"1428","2019-10-31","5等","142094","1000"
"1429","2019-11-04","1等","2","260708500"
"1429","2019-11-04","2等","9","8115700"
"1429","2019-11-04","3等","279","282700"
"1429","2019-11-04","4等","13994","5900"
"1429","2019-11-04","5等","217089","1000"
"1430","2019-11-07","1等","4","48503600"
"1430","2019-11-07","2等","31","1877600"
"1430","2019-11-07","3等","515","122000"
"1430","2019-11-07","4等","18724","3500"
"1430","2019-11-07","5等","233749","1000"
"1431","2019-11-11","1等","1","200000000"
"1431","2019-11-11","2等","5","14270800"
"1431","2019-11-11","3等","134","575000"
"1431","2019-11-11","4等","8834","9200"
"1431","2019-11-11","5等","155601","1000"
"1432","2019-11-14","1等","1","274604000"
"1432","2019-11-14","2等","4","17757800"
"1432","2019-11-14","3等","191","401600"
"1432","2019-11-14","4等","9254","8700"
"1432","2019-11-14","5等","155558","1000"
"1433","2019-11-18","1等","0","0"
"1433","2019-11-18","2等","7","8978700"
"1433","2019-11-18","3等","238","285100"
"1433","2019-11-18","4等","12422","5700"
"1433","2019-11-18","5等","192389","1000"
"1434","2019-11-21","1等","0","0"
"1434","2019-11-21","2等","5","16046000"
"1434","2019-11-21","3等","186","465800"
"1434","2019-11-21","4等","8590","10600"
"1434","2019-11-21","5等","144301","1000"
"1435","2019-11-25","1等","1","600000000"
"1435","2019-11-25","2等","4","20969700"
"1435","2019-11-25","3等","258","351100"
"1435","2019-11-25","4等","12594","7600"
"1435","2019-11-25","5等","205039","1000"
"1436","2019-11-28","1等","0","0"
"1436","2019-11-28","2等","7","9861300"
"1436","2019-11-28","3等","328","227200"
"1436","2019-11-28","4等","14293","5500"
"1436","2019-11-28","5等","204684","1000"
"1437","2019-12-02","1等","0","0"
"1437","2019-12-02","2等","7","11106200"
"1437","2019-12-02","3等","423","198400"
"1437","2019-12-02","4等","15215","5800"
"1437","2019-12-02","5等","223791","1000"
"1438","2019-12-05","1等","2","458648600"
"1438","2019-12-05","2等","6","13578400"
"1438","2019-12-05","3等","286","307600"
"1438","2019-12-05","4等","15304","6000"
"1438","2019-12-05","5等","245132","1000"
"1439","2019-12-09","1等","3","77370500"
"1439","2019-12-09","2等","23","3027600"
"1439","2019-12-09","3等","269","279500"
"1439","2019-12-09","4等","11160","7100"
"1439","2019-12-09","5等","169673","1000"
"1440","2019-12-12","1等","0","0"
"1440","2019-12-12","2等","7","10081600"
"1440","2019-12-12","3等","160","476300"
"1440","2019-12-12","4等","8784","9100"
"1440","2019-12-12","5等","146797","1000"
"1441","2019-12-16","1等","1","515887800"
"1441","2019-12-16","2等","6","14033300"
"1441","2019-12-16","3等","265","343100"
"1441","2019-12-16","4等","12851","7400"
"1441","2019-12-16","5等","203573","1000"
"1442","2019-12-19","1等","2","122984000"
"1442","2019-12-19","2等","3","24597600"
"1442","2019-12-19","3等","195","408600"
"1442","2019-12-19","4等","8320","10100"
"1442","2019-12-19","5等","139848","1000"
"1443","2019-12-23","1等","2","106577600"
"1443","2019-12-23","2等","12","5329000"
"1443","2019-12-23","3等","322","214400"
"1443","2019-12-23","4等","16570","4400"
"1443","2019-12-23","5等","234330","1000"
"1444","2019-12-26","1等","0","0"
"1444","2019-12-26","2等","8","8796000"
"1444","2019-12-26","3等","319","238200"
"1444","2019-12-26","4等","11985","6700"
"1444","2019-12-26","5等","185765","1000"
"1445","2019-12-30","1等","1","507733800"
"1445","2019-12-30","2等","8","10244500"
"1445","2019-12-30","3等","219","404100"
"1445","2019-12-30","4等","11964","7800"
"1445","2019-12-30","5等","199939","1000"
"1446","2020-01-09","1等","3","95828100"
"1446","2020-01-09","2等","14","6160500"
"1446","2020-01-09","3等","420","221700"
"1446","2020-01-09","4等","18033","5400"
"1446","2020-01-09","5等","261954","1000"
"1447","2020-01-13","1等","3","70389900"
"1447","2020-01-13","2等","12","5279400"
"1447","2020-01-13","3等","358","191100"
"1447","2020-01-13","4等","14934","4800"
"1447","2020-01-13","5等","220287","1000"
"1448","2020-01-16","1等","4","57688600"
"1448","2020-01-16","2等","8","8653500"
"1448","2020-01-16","3等","208","359400"
"1448","2020-01-16","4等","9879","7900"
"1448","2020-01-16","5等","165774","1000"
"1449","2020-01-20","1等","3","78635800"
"1449","2020-01-20","2等","11","6434000"
"1449","2020-01-20","3等","298","256400"
"1449","2020-01-20","4等","11826","6800"
"1449","2020-01-20","5等","170543","1000"
"1450","2020-01-23","1等","2","121327500"
"1450","2020-01-23","2等","6","12133100"
"1450","2020-01-23","3等","278","282800"
"1450","2020-01-23","4等","9421","8800"
"1450","2020-01-23","5等","156580","1000"
"1451","2020-01-27","1等","10","21232800"
"1451","2020-01-27","2等","19","3352600"
"1451","2020-01-27","3等","1033","66500"
"1451","2020-01-27","4等","19806","3600"
"1451","2020-01-27","5等","223595","1000"
"1452","2020-01-30","1等","1","200000000"
"1452","2020-01-30","2等","6","12012500"
"1452","2020-01-30","3等","249","312600"
"1452","2020-01-30","4等","8697","9400"
"1452","2020-01-30","5等","144177","1000"
"1453","2020-02-03","1等","2","148241900"
"1453","2020-02-03","2等","6","12812400"
"1453","2020-02-03","3等","211","393400"
"1453","2020-02-03","4等","10288","8500"
"1453","2020-02-03","5等","181129","1000"
"1454","2020-02-06","1等","1","200000000"
"1454","2020-02-06","2等","7","10189700"
"1454","2020-02-06","3等","205","375700"
"1454","2020-02-06","4等","9095","8900"
"1454","2020-02-06","5等","149738","1000"
"1455","2020-02-10","1等","2","139607700"
"1455","2020-02-10","2等","19","3812600"
"1455","2020-02-10","3等","250","312900"
"1455","2020-02-10","4等","11947","6900"
"1455","2020-02-10","5等","186627","1000"
"1456","2020-02-13","1等","0","0"
"1456","2020-02-13","2等","3","20920900"
"1456","2020-02-13","3等","179","378600"
"1456","2020-02-13","4等","11032","6400"
"1456","2020-02-13","5等","180866","1000"
"1457","2020-02-17","1等","2","230610700"
"1457","2020-02-17","2等","6","12601300"
"1457","2020-02-17","3等","394","207200"
"1457","2020-02-17","4等","15070","5700"
"1457","2020-02-17","5等","230253","1000"
"1458","2020-02-20","1等","0","0"
"1458","2020-02-20","2等","6","11002400"
"1458","2020-02-20","3等","227","314000"
"1458","2020-02-20","4等","11489","6500"
"1458","2020-02-20","5等","179086","1000"
"1459","2020-02-24","1等","3","152341800"
"1459","2020-02-24","2等","13","5469000"
"1459","2020-02-24","3等","327","234800"
"1459","2020-02-24","4等","16663","4800"
"1459","2020-02-24","5等","234569","1000"
"1460","2020-02-27","1等","3","67943900"
"1460","2020-02-27","2等","22","2779600"
"1460","2020-02-27","3等","447","147700"
"1460","2020-02-27","4等","16563","4200"
"1460","2020-02-27","5等","221261","1000"
"1461","2020-03-02","1等","0","0"
"1461","2020-03-02","2等","39","1573000"
"1461","2020-03-02","3等","386","171600"
"1461","2020-03-02","4等","15398","4500"
"1461","2020-03-02","5等","222280","1000"
"1462","2020-03-05","1等","1","453585500"
"1462","2020-03-05","2等","7","10675800"
"1462","2020-03-05","3等","282","286100"
"1462","2020-03-05","4等","12642","6700"
"1462","2020-03-05","5等","200604","1000"
"1463","2020-03-09","1等","0","0"
"1463","2020-03-09","2等","3","24833100"
"1463","2020-03-09","3等","161","499700"
"1463","2020-03-09","4等","7543","11200"
"1463","2020-03-09","5等","130905","1000"
"1464","2020-03-12","1等","1","504639300"
"1464","2020-03-12","2等","8","9612100"
"1464","2020-03-12","3等","293","283400"
"1464","2020-03-12","4等","13297","6500"
"1464","2020-03-12","5等","204099","1000"
"1465","2020-03-16","1等","3","72464300"
"1465","2020-03-16","2等","7","9317100"
"1465","2020-03-16","3等","239","294700"
"1465","2020-03-16","4等","12502","5900"
"1465","2020-03-16","5等","197476","1000"
"1466","2020-03-19","1等","0","0"
"1466","2020-03-19","2等","3","22915200"
"1466","2020-03-19","3等","181","410100"
"1466","2020-03-19","4等","9044","8600"
"1466","2020-03-19","5等","157669","1000"
"1467","2020-03-23","1等","2","240980700"
"1467","2020-03-23","2等","18","4213700"
"1467","2020-03-23","3等","399","205200"
"1467","2020-03-23","4等","15865","5400"
"1467","2020-03-23","5等","219840","1000"
"1468","2020-03-26","1等","1","200000000"
"1468","2020-03-26","2等","5","12164100"
"1468","2020-03-26","3等","408","160900"
"1468","2020-03-26","4等","15347","4500"
"1468","2020-03-26","5等","215839","1000"
"1469","2020-03-30","1等","2","102077800"
"1469","2020-03-30","2等","12","5035800"
"1469","2020-03-30","3等","464","140600"
"1469","2020-03-30","4等","16985","4000"
"1469","2020-03-30","5等","228774","1000"
"1470","2020-04-02","1等","0","0"
"1470","2020-04-02","2等","2","33401700"
"1470","2020-04-02","3等","181","398500"
"1470","2020-04-02","4等","9724","7800"
"1470","2020-04-02","5等","161360","1000"
"1471","2020-04-06","1等","1","495652700"
"1471","2020-04-06","2等","7","11699500"
"1471","2020-04-06","3等","155","570600"
"1471","2020-04-06","4等","9810","9500"
"1471","2020-04-06","5等","184708","1000"
"1472","2020-04-09","1等","1","197820500"
"1472","2020-04-09","2等","7","8478300"
"1472","2020-04-09","3等","266","240900"
"1472","2020-04-09","4等","12982","5200"
"1472","2020-04-09","5等","185354","1000"
"1473","2020-04-13","1等","1","181579500"
"1473","2020-04-13","2等","10","5447500"
"1473","2020-04-13","3等","205","286900"
"1473","2020-04-13","4等","9747","6300"
"1473","2020-04-13","5等","159683","1000"
"1474","2020-04-16","1等","1","182687800"
"1474","2020-04-16","2等","10","5480800"
"1474","2020-04-16","3等","262","225900"
"1474","2020-04-16","4等","12337","5000"
"1474","2020-04-16","5等","186340","1000"
"1475","2020-04-20","1等","3","55886900"
"1475","2020-04-20","2等","9","5588800"
"1475","2020-04-20","3等","264","205700"
"1475","2020-04-20","4等","12844","4400"
"1475","2020-04-20","5等","179177","1000"
"1476","2020-04-23","1等","0","0"
"1476","2020-04-23","2等","4","14063100"
"1476","2020-04-23","3等","73","832200"
"1476","2020-04-23","4等","6343","10100"
"1476","2020-04-23","5等","101900","1000"
"1477","2020-04-27","1等","2","177912200"
"1477","2020-04-27","2等","6","8416300"
"1477","2020-04-27","3等","279","195400"
"1477","2020-04-27","4等","9786","5800"
"1477","2020-04-27","5等","146064","1000"
"1478","2020-04-30","1等","0","0"
"1478","2020-04-30","2等","2","23360200"
"1478","2020-04-30","3等","132","382200"
"1478","2020-04-30","4等","6302","8400"
"1478","2020-04-30","5等","107783","1000"
"1479","2020-05-04","1等","1","334097800"
"1479","2020-05-04","2等","1","53512200"
"1479","2020-05-04","3等","84","687900"
"1479","2020-05-04","4等","4496","13500"
"1479","2020-05-04","5等","84196","1000"
"1480","2020-05-07","1等","0","0"
"1480","2020-05-07","2等","1","37922500"
"1480","2020-05-07","3等","217","188700"
"1480","2020-05-07","4等","12994","3300"
"1480","2020-05-07","5等","155185","1000"
"1481","2020-05-11","1等","1","319783400"
"1481","2020-05-11","2等","4","14503900"
"1481","2020-05-11","3等","178","351900"
"1481","2020-05-11","4等","8224","8000"
"1481","2020-05-11","5等","133376","1000"
"1482","2020-05-14","1等","0","0"
"1482","2020-05-14","2等","3","18220400"
"1482","2020-05-14","3等","119","496000"
"1482","2020-05-14","4等","6370","9700"
"1482","2020-05-14","5等","113798","1000"
"1483","2020-05-18","1等","0","0"
"1483","2020-05-18","2等","1","64859500"
"1483","2020-05-18","3等","188","372500"
"1483","2020-05-18","4等","10008","7300"
"1483","2020-05-18","5等","167670","1000"
"1484","2020-05-21","1等","0","0"
"1484","2020-05-21","2等","8","9131900"
"1484","2020-05-21","3等","265","297700"
"1484","2020-05-21","4等","13373","6200"
"1484","2020-05-21","5等","207773","1000"
"1485","2020-05-25","1等","2","466750300"
"1485","2020-05-25","2等","8","10935400"
"1485","2020-05-25","3等","370","255300"
"1485","2020-05-25","4等","15646","6300"
"1485","2020-05-25","5等","238116","1000"
"1486","2020-05-28","1等","1","200000000"
"1486","2020-05-28","2等","4","16841300"
"1486","2020-05-28","3等","172","422900"
"1486","2020-05-28","4等","9156","8300"
"1486","2020-05-28","5等","150614","1000"
"1487","2020-06-01","1等","1","246318900"
"1487","2020-06-01","2等","3","22178200"
"1487","2020-06-01","3等","299","240300"
"1487","2020-06-01","4等","14630","5100"
"1487","2020-06-01","5等","219068","1000"
"1488","2020-06-04","1等","0","0"
"1488","2020-06-04","2等","3","20712500"
"1488","2020-06-04","3等","284","236200"
"1488","2020-06-04","4等","12465","5600"
"1488","2020-06-04","5等","189787","1000"
"1489","2020-06-08","1等","0","0"
"1489","2020-06-08","2等","11","6594700"
"1489","2020-06-08","3等","369","212300"
"1489","2020-06-08","4等","16118","5100"
"1489","2020-06-08","5等","250353","1000"
"1490","2020-06-11","1等","2","364999800"
"1490","2020-06-11","2等","11","7666100"
"1490","2020-06-11","3等","220","413900"
"1490","2020-06-11","4等","12134","7900"
"1490","2020-06-11","5等","199045","1000"
"1491","2020-06-15","1等","1","200000000"
"1491","2020-06-15","2等","0","0"
"1491","2020-06-15","3等","259","291100"
"1491","2020-06-15","4等","11858","6700"
"1491","2020-06-15","5等","186570","1000"
"1492","2020-06-18","1等","2","181232600"
"1492","2020-06-18","2等","7","11136900"
"1492","2020-06-18","3等","222","379200"
"1492","2020-06-18","4等","11960","7400"
"1492","2020-06-18","5等","185658","1000"
"1493","2020-06-22","1等","1","200000000"
"1493","2020-06-22","2等","11","63864000"
"1493","2020-06-22","3等","307","247100"
"1493","2020-06-22","4等","14801","5400"
"1493","2020-06-22","5等","217042","1000"
"1494","2020-06-25","1等","1","262835300"
"1494","2020-06-25","2等","7","9800600"
"1494","2020-06-25","3等","369","200700"
"1494","2020-06-25","4等","15227","5100"
"1494","2020-06-25","5等","218029","1000"
"1495","2020-06-29","1等","0","0"
"1495","2020-06-29","2等","5","14732800"
"1495","2020-06-29","3等","269","295700"
"1495","2020-06-29","4等","12822","6500"
"1495","2020-06-29","5等","179188","1000"
"1496","2020-07-02","1等","2","256141800"
"1496","2020-07-02","2等","8","10003200"
"1496","2020-07-02","3等","253","3411600"
"1496","2020-07-02","4等","13646","6600"
"1496","2020-07-02","5等","216435","1000"
"1497","2020-07-06","1等","1","200000000"
"1497","2020-07-06","2等","3","24417100"
"1497","2020-07-06","3等","169","468000"
"1497","2020-07-06","4等","9249","9000"
"1497","2020-07-06","5等","158982","1000"
"1498","2020-07-09","1等","0","0"
"1498","2020-07-09","2等","6","11521200"
"1498","2020-07-09","3等","258","289300"
"1498","2020-07-09","4等","14027","5600"
"1498","2020-07-09","5等","213032","1000"
"1499","2020-07-13","1等","1","536585000"
"1499","2020-07-13","2等","13","6046400"
"1499","2020-07-13","3等","365","232500"
"1499","2020-07-13","4等","164800","5400"
"1499","2020-07-13","5等","243349","1000"
"1500","2020-07-16","1等","0","0"
"1500","2020-07-16","2等","1","75501700"
"1500","2020-07-16","3等","224","364000"
"1500","2020-07-16","4等","8677","9900"
"1500","2020-07-16","5等","152586","1000"
"1501","2020-07-20","1等","26","19933500"
"1501","2020-07-20","2等","10","7998500"
"1501","2020-07-20","3等","602","143400"
"1501","2020-07-20","4等","15538","5800"
"1501","2020-07-20","5等","230344","1000"
"1502","2020-07-23","1等","0","0"
"1502","2020-07-23","2等","7","10029300"
"1502","2020-07-23","3等","171","443300"
"1502","2020-07-23","4等","8230","9700"
"1502","2020-07-23","5等","142854","1000"
"1503","2020-07-27","1等","1","521514300"
"1503","2020-07-27","2等","4","21563400"
"1503","2020-07-27","3等","236","394700"
"1503","2020-07-27","4等","9751","10000"
"1503","2020-07-27","5等","165939","1000"
"1504","2020-07-30","1等","1","200000000"
"1504","2020-07-30","2等","4","16900100"
"1504","2020-07-30","3等","195","374300"
"1504","2020-07-30","4等","10088","7600"
"1504","2020-07-30","5等","171661","1000"
"1505","2020-08-03","1等","1","278421000"
"1505","2020-08-03","2等","3","25310100"
"1505","2020-08-03","3等","197","416200"
"1505","2020-08-03","4等","10296","8400"
"1505","2020-08-03","5等","175685","1000"
"1506","2020-08-06","1等","0","0"
"1506","2020-08-06","2等","3","22161500"
"1506","2020-08-06","3等","280","256400"
"1506","2020-08-06","4等","10501","72000"
"1506","2020-08-06","5等","166199","1000"
"1507","2020-08-10","1等","0","0"
"1507","2020-08-10","2等","5","16665500"
"1507","2020-08-10","3等","158","569500"
"1507","2020-08-10","4等","8351","11300"
"1507","2020-08-10","5等","150448","1000"
"1508","2020-08-13","1等","3","263028200"
"1508","2020-08-13","2等","11","7901800"
"1508","2020-08-13","3等","310","302800"
"1508","2020-08-13","4等","14237","6900"
"1508","2020-08-13","5等","216203","1000"
"1509","2020-08-17","1等","1","200000000"
"1509","2020-08-17","2等","3","23530700"
"1509","2020-08-17","3等","209","364700"
"1509","2020-08-17","4等","10936","7300"
"1509","2020-08-17","5等","181042","1000"
"1510","2020-08-20","1等","2","136105800"
"1510","2020-08-20","2等","9","7897300"
"1510","2020-08-20","3等","262","292900"
"1510","2020-08-20","4等","13361","6000"
"1510","2020-08-20","5等","200432","1000"
"1511","2020-08-24","1等","1","200000000"
"1511","2020-08-24","2等","5","14487400"
"1511","2020-08-24","3等","198","395000"
"1511","2020-08-24","4等","11001","7500"
"1511","2020-08-24","5等","173331","1000"
"1512","2020-08-27","1等","1","277445900"
"1512","2020-08-27","2等","10","7080100"
"1512","2020-08-27","3等","326","234500"
"1512","2020-08-27","4等","15409","5200"
"1512","2020-08-27","5等","224112","1000"
"1513","2020-08-31","1等","1","200000000"
"1513","2020-08-31","2等","4","18384000"
"1513","2020-08-31","3等","170","467100"
"1513","2020-08-31","4等","9710","8600"
"1513","2020-08-31","5等","172911","1000"
"1514","2020-09-03","1等","7","42779100"
"1514","2020-09-03","2等","3","25435000"
"1514","2020-09-03","3等","222","371200"
"1514","2020-09-03","4等","10893","7900"
"1514","2020-09-03","5等","178863","1000"
"1515","2020-09-07","1等","0","0"
"1515","2020-09-07","2等","7","9128400"
"1515","2020-09-07","3等","332","207800"
"1515","2020-09-07","4等","13667","5300"
"1515","2020-09-07","5等","202489","1000"
"1516","2020-09-10","1等","2","253136000"
"1516","2020-09-10","2等","3","29329100"
"1516","2020-09-10","3等","185","513600"
"1516","2020-09-10","4等","9643","10400"
"1516","2020-09-10","5等","157862","1000"
"1517","2020-09-14","1等","1","200000000"
"1517","2020-09-14","2等","4","18463300"
"1517","2020-09-14","3等","147","508000"
"1517","2020-09-14","4等","8661","9700"
"1517","2020-09-14","5等","153333","1000"
"1518","2020-09-17","1等","1","291679500"
"1518","2020-09-17","2等","2","36827500"
"1518","2020-09-17","3等","275","289200"
"1518","2020-09-17","4等","12082","6900"
"1518","2020-09-17","5等","178650","1000"
"1519","2020-09-21","1等","0","0"
"1519","2020-09-21","2等","8","8135500"
"1519","2020-09-21","3等","248","283400"
"1519","2020-09-21","4等","11615","6300"
"1519","2020-09-21","5等","178299","1000"
"1520","2020-09-24","1等","2","232863600"
"1520","2020-09-24","2等","4","18659600"
"1520","2020-09-24","3等","281","286800"
"1520","2020-09-24","4等","13811","6100"
"1520","2020-09-24","5等","212338","1000"
"1521","2020-09-28","1等","3","83344800"
"1521","2020-09-28","2等","6","12577100"
"1521","2020-09-28","3等","183","445300"
"1521","2020-09-28","4等","8464","10100"
"1521","2020-09-28","5等","139994","1000"
"1522","2020-10-01","1等","0","0"
"1522","2020-10-01","2等","3","23112200"
"1522","2020-10-01","3等","230","325500"
"1522","2020-10-01","4等","10129","7800"
"1522","2020-10-01","5等","159605","1000"
"1523","2020-10-05","1等","0","0"
"1523","2020-10-05","2等","14","5861500"
"1523","2020-10-05","3等","219","404600"
"1523","2020-10-05","4等","12080","7700"
"1523","2020-10-05","5等","197630","1000"
"1524","2020-10-08","1等","0","0"
"1524","2020-10-08","2等","6","13708300"
"1524","2020-10-08","3等","272","326500"
"1524","2020-10-08","4等","13785","6800"
"1524","2020-10-08","5等","219892","1000"
"1525","2020-10-12","1等","6","181609300"
"1525","2020-10-12","2等","16","5828600"
"1525","2020-10-12","3等","323","311800"
"1525","2020-10-12","4等","15861","6700"
"1525","2020-10-12","5等","241661","1000"
"1526","2020-10-15","1等","3","78738700"
"1526","2020-10-15","2等","4","17716700"
"1526","2020-10-15","3等","262","292100"
"1526","2020-10-15","4等","10885","7400"
"1526","2020-10-15","5等","174226","1000"
"1527","2020-10-19","1等","3","68377800"
"1527","2020-10-19","2等","9","6838000"
"1527","2020-10-19","3等","400","166100"
"1527","2020-10-19","4等","17653","3900"
"1527","2020-10-19","5等","236061","1000"
"1528","2020-10-22","1等","2","119727100"
"1528","2020-10-22","2等","4","17959600"
"1528","2020-10-22","3等","187","414800"
"1528","2020-10-22","4等","8633","9400"
"1528","2020-10-22","5等","147557","1000"
"1529","2020-10-26","1等","0","0"
"1529","2020-10-26","2等","5","14263300"
"1529","2020-10-26","3等","228","337800"
"1529","2020-10-26","4等","10932","7400"
"1529","2020-10-26","5等","171838","1000"
"1530","2020-10-29","1等","1","512112200"
"1530","2020-10-29","2等","4","20580500"
"1530","2020-10-29","3等","164","542100"
"1530","2020-10-29","4等","10015","9300"
"1530","2020-10-29","5等","178343","1000"
"1531","2020-11-02","1等","0","0"
"1531","2020-11-02","2等","5","13325500"
"1531","2020-11-02","3等","271","265500"
"1531","2020-11-02","4等","14114","5300"
"1531","2020-11-02","5等","213504","1000"
"1532","2020-11-05","1等","2","240046100"
"1532","2020-11-05","2等","7","11057700"
"1532","2020-11-05","3等","250","334300"
"1532","2020-11-05","4等","13610","6400"
"1532","2020-11-05","5等","224208","1000"
"1533","2020-11-09","1等","2","117494300"
"1533","2020-11-09","2等","11","6408900"
"1533","2020-11-09","3等","222","342900"
"1533","2020-11-09","4等","11570","6900"
"1533","2020-11-09","5等","180971","1000"
"1534","2020-11-12","1等","0","0"
"1534","2020-11-12","2等","5","13683900"
"1534","2020-11-12","3等","2112","348500"
"1534","2020-11-12","4等","10940","7100"
"1534","2020-11-12","5等","176794","1000"
"1535","2020-11-16","1等","2","259475600"
"1535","2020-11-16","2等","7","12467200"
"1535","2020-11-16","3等","176","535500"
"1535","2020-11-16","4等","9996","9900"
"1535","2020-11-16","5等","176633","1000"
"1536","2020-11-19","1等","1","200000000"
"1536","2020-11-19","2等","3","22309600"
"1536","2020-11-19","3等","254","284500"
"1536","2020-11-19","4等","11880","6400"
"1536","2020-11-19","5等","179760","1000"
"1537","2020-11-23","1等","1","261378200"
"1537","2020-11-23","2等","6","11914800"
"1537","2020-11-23","3等","242","319000"
"1537","2020-11-23","4等","10622","7600"
"1537","2020-11-23","5等","170970","1000"
"1538","2020-11-26","1等","0","0"
"1538","2020-11-26","2等","2","36008400"
"1538","2020-11-26","3等","171","454800"
"1538","2020-11-26","4等","8973","9100"
"1538","2020-11-26","5等","148552","1000"
"1539","2020-11-30","1等","1","530475300"
"1539","2020-11-30","2等","3","29043600"
"1539","2020-11-30","3等","246","382500"
"1539","2020-11-30","4等","11157","8900"
"1539","2020-11-30","5等","179457","1000"
"1540","2020-12-03","1等","2","118845000"
"1540","2020-12-03","2等","5","14261800"
"1540","2020-12-03","3等","143","538500"
"1540","2020-12-03","4等","8086","10000"
"1540","2020-12-03","5等","147506","1000"
"1541","2020-12-07","1等","0","0"
"1541","2020-12-07","2等","7","10348400"
"1541","2020-12-07","3等","178","439500"
"1541","2020-12-07","4等","9195","8900"
"1541","2020-12-07","5等","158890","1000"
"1542","2020-12-10","1等","0","0"
"1542","2020-12-10","2等","1","81408600"
"1542","2020-12-10","3等","203","433000"
"1542","2020-12-10","4等","11041","8400"
"1542","2020-12-10","5等","197546","1000"
"1543","2020-12-14","1等","0","0"
"1543","2020-12-14","2等","7","13559300"
"1543","2020-12-14","3等","253","405100"
"1543","2020-12-14","4等","12042","8900"
"1543","2020-12-14","5等","207503","1000"
"1544","2020-12-17","1等","1","600000000"
"1544","2020-12-17","2等","7","13607700"
"1544","2020-12-17","3等","447","230100"
"1544","2020-12-17","4等","17871","6000"
"1544","2020-12-17","5等","255915","1000"
"1545","2020-12-21","1等","1","600000000"
"1545","2020-12-21","2等","12","7720600"
"1545","2020-12-21","3等","403","248200"
"1545","2020-12-21","4等","15676","6700"
"1545","2020-12-21","5等","232251","1000"
"1546","2020-12-24","1等","2","275572000"
"1546","2020-12-24","2等","4","22173700"
"1546","2020-12-24","3等","273","350800"
"1546","2020-12-24","4等","12448","8100"
"1546","2020-12-24","5等","202658","1000"
"1547","2020-12-28","1等","1","200000000"
"1547","2020-12-28","2等","10","7516900"
"1547","2020-12-28","3等","362","224200"
"1547","2020-12-28","4等","15510","5500"
"1547","2020-12-28","5等","233230","1000"
"1548","2021-01-04","1等","0","0"
"1548","2021-01-04","2等","2","39785700"
"1548","2021-01-04","3等","227","378500"
"1548","2021-01-04","4等","10473","8600"
"1548","2021-01-04","5等","167576","1000"
"1549","2021-01-07","1等","0","0"
"1549","2021-01-07","2等","3","27345100"
"1549","2021-01-07","3等","244","363000"
"1549","2021-01-07","4等","13348","7000"
"1549","2021-01-07","5等","207970","1000"
"1550","2021-01-11","1等","1","600000000"
"1550","2021-01-11","2等","5","17320300"
"1550","2021-01-11","3等","268","348900"
"1550","2021-01-11","4等","14542","6700"
"1550","2021-01-11","5等","233369","1000"
"1551","2021-01-14","1等","3","180897400"
"1551","2021-01-14","2等","9","8826900"
"1551","2021-01-14","3等","302","284000"
"1551","2021-01-14","4等","14183","6300"
"1551","2021-01-14","5等","218705","1000"
"1552","2021-01-18","1等","1","200000000"
"1552","2021-01-18","2等","4","19264300"
"1552","2021-01-18","3等","214","388800"
"1552","2021-01-18","4等","11524","7600"
"1552","2021-01-18","5等","185083","1000"
"1553","2021-01-21","1等","4","77867100"
"1553","2021-01-21","2等","9","8487500"
"1553","2021-01-21","3等","209","394700"
"1553","2021-01-21","4等","10426","8300"
"1553","2021-01-21","5等","175449","1000"
"1554","2021-01-25","1等","2","124357100"
"1554","2021-01-25","2等","4","18654100"
"1554","2021-01-25","3等","191","421900"
"1554","2021-01-25","4等","9880","8600"
"1554","2021-01-25","5等","167174","1000"
"1555","2021-01-28","1等","2","101798900"
"1555","2021-01-28","2等","6","10180200"
"1555","2021-01-28","3等","338","195100"
"1555","2021-01-28","4等","15824","4400"
"1555","2021-01-28","5等","231076","1000"
"1556","2021-02-01","1等","0","0"
"1556","2021-02-01","2等","4","19282600"
"1556","2021-02-01","3等","171","487100"
"1556","2021-02-01","4等","9192","9500"
"1556","2021-02-01","5等","160550","1000"
"1557","2021-02-04","1等","0","0"
"1557","2021-02-04","2等","8","9945200"
"1557","2021-02-04","3等","184","466900"
"1557","2021-02-04","4等","11703","7700"
"1557","2021-02-04","5等","195810","1000"
"1558","2021-02-08","1等","1","600000000"
"1558","2021-02-08","2等","7","12490300"
"1558","2021-02-08","3等","329","287000"
"1558","2021-02-08","4等","14877","6700"
"1558","2021-02-08","5等","232071","1000"
"1559","2021-02-11","1等","1","480866800"
"1559","2021-02-11","2等","6","13357600"
"1559","2021-02-11","3等","243","356100"
"1559","2021-02-11","4等","12186","7500"
"1559","2021-02-11","5等","191409","1000"
"1560","2021-02-15","1等","1","200000000"
"1560","2021-02-15","2等","6","12175200"
"1560","2021-02-15","3等","265","297700"
"1560","2021-02-15","4等","11625","7100"
"1560","2021-02-15","5等","179639","1000"
"1561","2021-02-18","1等","2","149668200"
"1561","2021-02-18","2等","11","6977600"
"1561","2021-02-18","3等","216","383700"
"1561","2021-02-18","4等","10465","8300"
"1561","2021-02-18","5等","165668","1000"
"1562","2021-02-22","1等","0","0"
"1562","2021-02-22","2等","12","5888600"
"1562","2021-02-22","3等","293","260400"
"1562","2021-02-22","4等","13686","5800"
"1562","2021-02-22","5等","206126","1000"
"1563","2021-02-25","1等","0","0"
"1563","2021-02-25","2等","2","41506700"
"1563","2021-02-25","3等","232","386400"
"1563","2021-02-25","4等","10692","8800"
"1563","2021-02-25","5等","182066","1000"
"1564","2021-03-01","1等","3","268498000"
"1564","2021-03-01","2等","6","14663100"
"1564","2021-03-01","3等","277","343000"
"1564","2021-03-01","4等","15724","6300"
"1564","2021-03-01","5等","254101","1000"
"1565","2021-03-04","1等","1","200000000"
"1565","2021-03-04","2等","10","6611400"
"1565","2021-03-04","3等","345","206900"
"1565","2021-03-04","4等","13960","5400"
"1565","2021-03-04","5等","199839","1000"
"1566","2021-03-08","1等","2","139763500"
"1566","2021-03-08","2等","5","15549600"
"1566","2021-03-08","3等","194","432800"
"1566","2021-03-08","4等","10349","8500"
"1566","2021-03-08","5等","177380","1000"
"1567","2021-03-11","1等","2","111522300"
"1567","2021-03-11","2等","6","11152600"
"1567","2021-03-11","3等","286","252600"
"1567","2021-03-11","4等","12559","6000"
"1567","2021-03-11","5等","186887","1000"
"1568","2021-03-15","1等","0","0"
"1568","2021-03-15","2等","5","13305700"
"1568","2021-03-15","3等","261","275200"
"1568","2021-03-15","4等","13564","5500"
"1568","2021-03-15","5等","209052","1000"
"1569","2021-03-18","1等","0","0"
"1569","2021-03-18","2等","14","5765000"
"1569","2021-03-18","3等","214","407300"
"1569","2021-03-18","4等","10743","8500"
"1569","2021-03-18","5等","184879","1000"
"1570","2021-03-22","1等","1","600000000"
"1570","2021-03-22","2等","6","14617500"
"1570","2021-03-22","3等","239","396300"
"1570","2021-03-22","4等","11847","8400"
"1570","2021-03-22","5等","203824","1000"
"1571","2021-03-25","1等","1","447344100"
"1571","2021-03-25","2等","8","9908500"
"1571","2021-03-25","3等","227","377100"
"1571","2021-03-25","4等","11630","7700"
"1571","2021-03-25","5等","190160","1000"
"1572","2021-03-29","1等","4","54869000"
"1572","2021-03-29","2等","4","16461200"
"1572","2021-03-29","3等","432","164600"
"1572","2021-03-29","4等","17072","4400"
"1572","2021-03-29","5等","224595","1000"
"1573","2021-04-01","1等","1","200000000"
"1573","2021-04-01","2等","4","20173400"
"1573","2021-04-01","3等","206","423000"
"1573","2021-04-01","4等","10527","8700"
"1573","2021-04-01","5等","174037","1000"
"1574","2021-04-05","1等","1","321516000"
"1574","2021-04-05","2等","7","10823700"
"1574","2021-04-05","3等","282","290100"
"1574","2021-04-05","4等","10628","8100"
"1574","2021-04-05","5等","185386","1000"
"1575","2021-04-08","1等","5","42570000"
"1575","2021-04-08","2等","6","10642800"
"1575","2021-04-08","3等","509","135400"
"1575","2021-04-08","4等","15447","4700"
"1575","2021-04-08","5等","198290","1000"
"1576","2021-04-12","1等","1","200000000"
"1576","2021-04-12","2等","6","11038000"
"1576","2021-04-12","3等","296","241600"
"1576","2021-04-12","4等","13636","5500"
"1576","2021-04-12","5等","206274","1000"
"1577","2021-04-15","1等","0","0"
"1577","2021-04-15","2等","11","6768900"
"1577","2021-04-15","3等","224","358900"
"1577","2021-04-15","4等","11617","7300"
"1577","2021-04-15","5等","177471","1000"
"1578","2021-04-19","1等","2","273075900"
"1578","2021-04-19","2等","11","7560500"
"1578","2021-04-19","3等","265","338900"
"1578","2021-04-19","4等","13193","7100"
"1578","2021-04-19","5等","206455","1000"
"1579","2021-04-22","1等","0","0"
"1579","2021-04-22","2等","6","12516400"
"1579","2021-04-22","3等","155","523200"
"1579","2021-04-22","4等","9139","9300"
"1579","2021-04-22","5等","151537","1000"
"1580","2021-04-26","1等","9","54374500"
"1580","2021-04-26","2等","28","2561300"
"1580","2021-04-26","3等","756","102400"
"1580","2021-04-26","4等","24592","3300"
"1580","2021-04-26","5等","303210","1000"
"1581","2021-04-29","1等","0","0"
"1581","2021-04-29","2等","9","7678300"
"1581","2021-04-29","3等","210","355300"
"1581","2021-04-29","4等","9733","8100"
"1581","2021-04-29","5等","153376","1000"
"1582","2021-05-03","1等","0","0"
"1582","2021-05-03","2等","4","21594400"
"1582","2021-05-03","3等","196","475900"
"1582","2021-05-03","4等","8856","11100"
"1582","2021-05-03","5等","156476","1000"
"1583","2021-05-06","1等","0","0"
"1583","2021-05-06","2等","7","12722200"
"1583","2021-05-06","3等","272","353500"
"1583","2021-05-06","4等","13061","7700"
"1583","2021-05-06","5等","210487","1000"
"1584","2021-05-10","1等","1","600000000"
"1584","2021-05-10","2等","8","12945100"
"1584","2021-05-10","3等","262","426800"
"1584","2021-05-10","4等","12708","9200"
"1584","2021-05-10","5等","217627","1000"
"1585","2021-05-13","1等","0","0"
"1585","2021-05-13","2等","9","9272900"
"1585","2021-05-13","3等","329","273900"
"1585","2021-05-13","4等","15843","6000"
"1585","2021-05-13","5等","248969","1000"
"1586","2021-05-17","1等","0","0"
"1586","2021-05-17","2等","8","12268300"
"1586","2021-05-17","3等","303","349800"
"1586","2021-05-17","4等","14154","7900"
"1586","2021-05-17","5等","228239","1000"
"1587","2021-05-20","1等","0","0"
"1587","2021-05-20","2等","10","10609500"
"1587","2021-05-20","3等","265","432300"
"1587","2021-05-20","4等","12914","9300"
"1587","2021-05-20","5等","221825","1000"
"1588","2021-05-24","1等","0","0"
"1588","2021-05-24","2等","5","21922100"
"1588","2021-05-24","3等","319","371000"
"1588","2021-05-24","4等","16401","7600"
"1588","2021-05-24","5等","269544","1000"
"1589","2021-05-27","1等","1","600000000"
"1589","2021-05-27","2等","10","11702000"
"1589","2021-05-27","3等","274","461200"
"1589","2021-05-27","4等","16236","8200"
"1589","2021-05-27","5等","252875","1000"
"1590","2021-05-31","1等","1","600000000"
"1590","2021-05-31","2等","9","11966900"
"1590","2021-05-31","3等","374","311000"
"1590","2021-05-31","4等","16918","7200"
"1590","2021-05-31","5等","274415","1000"
"1591","2021-06-03","1等","1","600000000"
"1591","2021-06-03","2等","8","12619300"
"1591","2021-06-03","3等","335","325400"
"1591","2021-06-03","4等","16471","6900"
"1591","2021-06-03","5等","259810","1000"
"1592","2021-06-07","1等","1","600000000"
"1592","2021-06-07","2等","13","7959700"
"1592","2021-06-07","3等","292","382700"
"1592","2021-06-07","4等","13156","8900"
"1592","2021-06-07","5等","215757","1000"
"1593","2021-06-10","1等","0","0"
"1593","2021-06-10","2等","12","7639200"
"1593","2021-06-10","3等","290","341300"
"1593","2021-06-10","4等","15346","6800"
"1593","2021-06-10","5等","242461","1000"
"1594","2021-06-14","1等","1","600000000"
"1594","2021-06-14","2等","5","19837900"
"1594","2021-06-14","3等","415","258100"
"1594","2021-06-14","4等","15310","7300"
"1594","2021-06-14","5等","265783","1000"
"1595","2021-06-17","1等","1","600000000"
"1595","2021-06-17","2等","6","18539400"
"1595","2021-06-17","3等","205","586000"
"1595","2021-06-17","4等","12152","10400"
"1595","2021-06-17","5等","208449","1000"
"1596","2021-06-21","1等","0","0"
"1596","2021-06-21","2等","7","14727600"
"1596","2021-06-21","3等","244","456200"
"1596","2021-06-21","4等","12402","9400"
"1596","2021-06-21","5等","207286","1000"
"1597","2021-06-24","1等","3","454290200"
"1597","2021-06-24","2等","16","5572500"
"1597","2021-06-24","3等","678","142000"
"1597","2021-06-24","4等","23742","4200"
"1597","2021-06-24","5等","314289","1000"
"1598","2021-06-28","1等","1","200000000"
"1598","2021-06-28","2等","7","11321300"
"1598","2021-06-28","3等","233","367300"
"1598","2021-06-28","4等","12232","7300"
"1598","2021-06-28","5等","200172","1000"
"1599","2021-07-01","1等","1","337889600"
"1599","2021-07-01","2等","6","13687100"
"1599","2021-07-01","3等","222","399500"
"1599","2021-07-01","4等","9913","9400"
"1599","2021-07-01","5等","171486","1000"
"1600","2021-07-05","1等","1","200000000"
"1600","2021-07-05","2等","10","7587600"
"1600","2021-07-05","3等","261","313900"
"1600","2021-07-05","4等","11686","7400"
"1600","2021-07-05","5等","183089","1000"
"1601","2021-07-08","1等","0","0"
"1601","2021-07-08","2等","6","12277700"
"1601","2021-07-08","3等","279","285100"
"1601","2021-07-08","4等","12639","6600"
"1601","2021-07-08","5等","199644","1000"
"1602","2021-07-12","1等","0","0"
"1602","2021-07-12","2等","4","20933100"
"1602","2021-07-12","3等","282","320600"
"1602","2021-07-12","4等","14031","6800"
"1602","2021-07-12","5等","230385","1000"
"1603","2021-07-15","1等","0","0"
"1603","2021-07-15","2等","5","18857100"
"1603","2021-07-15","3等","196","519500"
"1603","2021-07-15","4等","11361","9400"
"1603","2021-07-15","5等","193113","1000"
"1604","2021-07-19","1等","4","303278000"
"1604","2021-07-19","2等","16","6024100"
"1604","2021-07-19","3等","306","340100"
"1604","2021-07-19","4等","14598","7500"
"1604","2021-07-19","5等","229118","1000"
"1605","2021-07-22","1等","0","0"
"1605","2021-07-22","2等","3","22472800"
"1605","2021-07-22","3等","232","313800"
"1605","2021-07-22","4等","12329","6200"
"1605","2021-07-22","5等","187754","1000"
"1606","2021-07-26","1等","1","505790600"
"1606","2021-07-26","2等","33","2555200"
"1606","2021-07-26","3等","239","381000"
"1606","2021-07-26","4等","11356","8400"
"1606","2021-07-26","5等","188067","1000"
"1607","2021-07-29","1等","0","0"
"1607","2021-07-29","2等","3","23159200"
"1607","2021-07-29","3等","159","471900"
"1607","2021-07-29","4等","9702","8100"
"1607","2021-07-29","5等","166900","1000"
"1608","2021-08-02","1等","1","509282000"
"1608","2021-08-02","2等","6","13885200"
"1608","2021-08-02","3等","232","387800"
"1608","2021-08-02","4等","12572","7500"
"1608","2021-08-02","5等","205473","1000"
"1609","2021-08-05","1等","1","200000000"
"1609","2021-08-05","2等","6","11578400"
"1609","2021-08-05","3等","191","392800"
"1609","2021-08-05","4等","9376","8400"
"1609","2021-08-05","5等","157972","1000"
"1610","2021-08-09","1等","0","0"
"1610","2021-08-09","2等","4","17643400"
"1610","2021-08-09","3等","194","392800"
"1610","2021-08-09","4等","10501","7600"
"1610","2021-08-09","5等","173671","1000"
"1611","2021-08-12","1等","2","259020800"
"1611","2021-08-12","2等","5","15074900"
"1611","2021-08-12","3等","314","259200"
"1611","2021-08-12","4等","14199","6000"
"1611","2021-08-12","5等","211211","1000"
"1612","2021-08-16","1等","8","25388800"
"1612","2021-08-16","2等","16","3808400"
"1612","2021-08-16","3等","529","124400"
"1612","2021-08-16","4等","19245","3600"
"1612","2021-08-16","5等","240064","1000"
"1613","2021-08-19","1等","0","0"
"1613","2021-08-19","2等","8","8568900"
"1613","2021-08-19","3等","212","349200"
"1613","2021-08-19","4等","10475","7400"
"1613","2021-08-19","5等","162397","1000"
"1614","2021-08-23","1等","0","0"
"1614","2021-08-23","2等","2","43923000"
"1614","2021-08-23","3等","201","471900"
"1614","2021-08-23","4等","10038","9900"
"1614","2021-08-23","5等","172594","1000"
"1615","2021-08-26","1等","1","600000000"
"1615","2021-08-26","2等","16","5080400"
"1615","2021-08-26","3等","431","203600"
"1615","2021-08-26","4等","18546","5000"
"1615","2021-08-26","5等","280761","1000"
"1616","2021-08-30","1等","1","478273700"
"1616","2021-08-30","2等","9","9534100"
"1616","2021-08-30","3等","231","401100"
"1616","2021-08-30","4等","11883","8200"
"1616","2021-08-30","5等","207857","1000"
"1617","2021-09-02","1等","1","200000000"
"1617","2021-09-02","2等","7","10506500"
"1617","2021-09-02","3等","190","418000"
"1617","2021-09-02","4等","10156","8200"
"1617","2021-09-02","5等","173195","1000"
"1618","2021-09-06","1等","0","0"
"1618","2021-09-06","2等","6","13240100"
"1618","2021-09-06","3等","295","290800"
"1618","2021-09-06","4等","12782","7000"
"1618","2021-09-06","5等","205625","1000"
"1619","2021-09-09","1等","1","582585000"
"1619","2021-09-09","2等","12","6816300"
"1619","2021-09-09","3等","380","232400"
"1619","2021-09-09","4等","16998","5400"
"1619","2021-09-09","5等","243682","1000"
"1620","2021-09-13","1等","0","0"
"1620","2021-09-13","2等","6","11811700"
"1620","2021-09-13","3等","262","292100"
"1620","2021-09-13","4等","13224","6100"
"1620","2021-09-13","5等","212875","1000"
"1621","2021-09-16","1等","1","512063000"
"1621","2021-09-16","2等","10","8275300"
"1621","2021-09-16","3等","305","293000"
"1621","2021-09-16","4等","15040","6200"
"1621","2021-09-16","5等","233592","1000"
"1622","2021-09-20","1等","0","0"
"1622","2021-09-20","2等","4","19032000"
"1622","2021-09-20","3等","144","570900"
"1622","2021-09-20","4等","8811","9800"
"1622","2021-09-20","5等","140530","1000"
"1623","2021-09-23","1等","2","260837600"
"1623","2021-09-23","2等","10","8037900"
"1623","2021-09-23","3等","290","299300"
"1623","2021-09-23","4等","14225","6400"
"1623","2021-09-23","5等","229953","1000"
"1624","2021-09-27","1等","4","57625000"
"1624","2021-09-27","2等","15","4610100"
"1624","2021-09-27","3等","451","165500"
"1624","2021-09-27","4等","16407","4800"
"1624","2021-09-27","5等","217094","1000"
"1625","2021-09-30","1等","0","0"
"1625","2021-09-30","2等","11","6022500"
"1625","2021-09-30","3等","348","205500"
"1625","2021-09-30","4等","16268","4600"
"1625","2021-09-30","5等","224954","1000"
"1626","2021-10-04","1等","0","0"
"1626","2021-10-04","2等","5","16850200"
"1626","2021-10-04","3等","274","332000"
"1626","2021-10-04","4等","14435","6600"
"1626","2021-10-04","5等","226053","1000"
"1627","2021-10-07","1等","0","0"
"1627","2021-10-07","2等","4","23683300"
"1627","2021-10-07","3等","226","452600"
"1627","2021-10-07","4等","11606","9300"
"1627","2021-10-07","5等","199656","1000"
"1628","2021-10-11","1等","2","563845400"
"1628","2021-10-11","2等","8","11635700"
"1628","2021-10-11","3等","432","232700"
"1628","2021-10-11","4等","20482","5100"
"1628","2021-10-11","5等","297732","1000"
"1629","2021-10-14","1等","0","0"
"1629","2021-10-14","2等","7","10802500"
"1629","2021-10-14","3等","143","571000"
"1629","2021-10-14","4等","7879","10900"
"1629","2021-10-14","5等","142296","1000"
"1630","2021-10-18","1等","4","136548900"
"1630","2021-10-18","2等","5","17649200"
"1630","2021-10-18","3等","241","395400"
"1630","2021-10-18","4等","12433","8000"
"1630","2021-10-18","5等","209522","1000"
"1631","2021-10-21","1等","2","115123800"
"1631","2021-10-21","2等","5","13935300"
"1631","2021-10-21","3等","256","293900"
"1631","2021-10-21","4等","11377","6900"
"1631","2021-10-21","5等","179993","1000"
"1632","2021-10-25","1等","3","80875700"
"1632","2021-10-25","2等","8","9098800"
"1632","2021-10-25","3等","198","397000"
"1632","2021-10-25","4等","10176","8100"
"1632","2021-10-25","5等","172404","1000"
"1633","2021-10-28","1等","0","0"
"1633","2021-10-28","2等","5","13634300"
"1633","2021-10-28","3等","227","324300"
"1633","2021-10-28","4等","11250","6900"
"1633","2021-10-28","5等","188728","1000"
"1634","2021-11-01","1等","0","0"
"1634","2021-11-01","2等","5","17536000"
"1634","2021-11-01","3等","194","488100"
"1634","2021-11-01","4等","10330","9600"
"1634","2021-11-01","5等","183460","1000"
"1635","2021-11-04","1等","2","407945900"
"1635","2021-11-04","2等","8","11115400"
"1635","2021-11-04","3等","274","350400"
"1635","2021-11-04","4等","12950","7800"
"1635","2021-11-04","5等","209292","1000"
"1636","2021-11-08","1等","4","59738300"
"1636","2021-11-08","2等","8","8961000"
"1636","2021-11-08","3等","259","298900"
"1636","2021-11-08","4等","13857","5900"
"1636","2021-11-08","5等","194786","1000"
"1637","2021-11-11","1等","2","103420200"
"1637","2021-11-11","2等","10","6205400"
"1637","2021-11-11","3等","326","205500"
"1637","2021-11-11","4等","14495","4800"
"1637","2021-11-11","5等","220052","1000"
"1638","2021-11-15","1等","0","0"
"1638","2021-11-15","2等","5","15784300"
"1638","2021-11-15","3等","116","734700"
"1638","2021-11-15","4等","7532","11900"
"1638","2021-11-15","5等","140514","1000"
"1639","2021-11-18","1等","0","0"
"1639","2021-11-18","2等","15","5235100"
"1639","2021-11-18","3等","365","232300"
"1639","2021-11-18","4等","14117","6300"
"1639","2021-11-18","5等","211547","1000"
"1640","2021-11-22","1等","2","401018100"
"1640","2021-11-22","2等","10","8316900"
"1640","2021-11-22","3等","378","237600"
"1640","2021-11-22","4等","16800","5600"
"1640","2021-11-22","5等","254068","1000"
"1641","2021-11-25","1等","7","29018900"
"1641","2021-11-25","2等","3","20313900"
"1641","2021-11-25","3等","475","138500"
"1641","2021-11-25","4等","17450","3900"
"1641","2021-11-25","5等","230494","1000"
"1642","2021-11-29","1等","1","200000000"
"1642","2021-11-29","2等","5","14325400"
"1642","2021-11-29","3等","258","299800"
"1642","2021-11-29","4等","10761","7500"
"1642","2021-11-29","5等","172029","1000"
"1643","2021-12-02","1等","2","140904800"
"1643","2021-12-02","2等","6","12153300"
"1643","2021-12-02","3等","182","432600"
"1643","2021-12-02","4等","10892","7600"
"1643","2021-12-02","5等","184844","1000"
"1644","2021-12-06","1等","1","200000000"
"1644","2021-12-06","2等","4","18598900"
"1644","2021-12-06","3等","240","334700"
"1644","2021-12-06","4等","10030","8400"
"1644","2021-12-06","5等","162899","1000"
"1645","2021-12-09","1等","3","93784600"
"1645","2021-12-09","2等","7","10002100"
"1645","2021-12-09","3等","431","175400"
"1645","2021-12-09","4等","14167","5600"
"1645","2021-12-09","5等","191024","1000"
"1646","2021-12-13","1等","0","0"
"1646","2021-12-13","2等","2","37005900"
"1646","2021-12-13","3等","179","446500"
"1646","2021-12-13","4等","9827","8500"
"1646","2021-12-13","5等","165594","1000"
"1647","2021-12-16","1等","0","0"
"1647","2021-12-16","2等","10","8045800"
"1647","2021-12-16","3等","300","289600"
"1647","2021-12-16","4等","14999","6100"
"1647","2021-12-16","5等","229171","1000"
"1648","2021-12-20","1等","3","275607500"
"1648","2021-12-20","2等","7","13369200"
"1648","2021-12-20","3等","260","388700"
"1648","2021-12-20","4等","14628","7300"
"1648","2021-12-20","5等","244002","1000"
"1649","2021-12-23","1等","0","0"
"1649","2021-12-23","2等","5","14179300"
"1649","2021-12-23","3等","291","263100"
"1649","2021-12-23","4等","12649","6300"
"1649","2021-12-23","5等","194130","1000"
"1650","2021-12-27","1等","4","132929600"
"1650","2021-12-27","2等","5","17724700"
"1650","2021-12-27","3等","258","370900"
"1650","2021-12-27","4等","13849","7300"
"1650","2021-12-27","5等","221232","1000"
"1651","2021-12-30","1等","2","119491000"
"1651","2021-12-30","2等","6","11949400"
"1651","2021-12-30","3等","357","216800"
"1651","2021-12-30","4等","14745","5500"
"1651","2021-12-30","5等","216560","1000"
"1652","2022-01-06","1等","2","119844100"
"1652","2022-01-06","2等","8","8988600"
"1652","2022-01-06","3等","334","232500"
"1652","2022-01-06","4等","15134","5400"
"1652","2022-01-06","5等","198935","1000"
"1653","2022-01-10","1等","1","200000000"
"1653","2022-01-10","2等","8","8373400"
"1653","2022-01-10","3等","389","185900"
"1653","2022-01-10","4等","16118","4700"
"1653","2022-01-10","5等","227195","1000"
"1654","2022-01-13","1等","0","0"
"1654","2022-01-13","2等","4","19692900"
"1654","2022-01-13","3等","256","332300"
"1654","2022-01-13","4等","13504","6600"
"1654","2022-01-13","5等","208882","1000"
"1655","2022-01-17","1等","0","0"
"1655","2022-01-17","2等","5","19268900"
"1655","2022-01-17","3等","185","562400"
"1655","2022-01-17","4等","9924","11000"
"1655","2022-01-17","5等","180169","1000"
"1656","2022-01-20","1等","2","462303000"
"1656","2022-01-20","2等","5","19057700"
"1656","2022-01-20","3等","303","339600"
"1656","2022-01-20","4等","14723","7300"
"1656","2022-01-20","5等","240889","1000"
"1657","2022-01-24","1等","1","200000000"
"1657","2022-01-24","2等","7","11051700"
"1657","2022-01-24","3等","229","364800"
"1657","2022-01-24","4等","10017","8800"
"1657","2022-01-24","5等","168876","1000"
"1658","2022-01-27","1等","2","160290900"
"1658","2022-01-27","2等","11","7165200"
"1658","2022-01-27","3等","281","302900"
"1658","2022-01-27","4等","13573","6600"
"1658","2022-01-27","5等","210222","1000"
"1659","2022-01-31","1等","1","200000000"
"1659","2022-01-31","2等","15","4981600"
"1659","2022-01-31","3等","236","341900"
"1659","2022-01-31","4等","11924","7100"
"1659","2022-01-31","5等","189368","1000"
"1660","2022-02-03","1等","1","321050200"
"1660","2022-02-03","2等","5","16319100"
"1660","2022-02-03","3等","175","503500"
"1660","2022-02-03","4等","9686","9600"
"1660","2022-02-03","5等","170616","1000"
"1661","2022-02-07","1等","0","0"
"1661","2022-02-07","2等","7","11143800"
"1661","2022-02-07","3等","147","573000"
"1661","2022-02-07","4等","8470","10500"
"1661","2022-02-07","5等","152410","1000"
"1662","2022-02-10","1等","1","518825300"
"1662","2022-02-10","2等","7","11092200"
"1662","2022-02-10","3等","322","260400"
"1662","2022-02-10","4等","14880","5900"
"1662","2022-02-10","5等","223911","1000"
"1663","2022-02-14","1等","0","0"
"1663","2022-02-14","2等","3","22810400"
"1663","2022-02-14","3等","265","278800"
"1663","2022-02-14","4等","12383","6300"
"1663","2022-02-14","5等","190416","1000"
"1664","2022-02-17","1等","1","498086000"
"1664","2022-02-17","2等","11","7363500"
"1664","2022-02-17","3等","394","222000"
"1664","2022-02-17","4等","15377","6000"
"1664","2022-02-17","5等","230196","1000"
"1665","2022-02-21","1等","1","200000000"
"1665","2022-02-21","2等","5","14855900"
"1665","2022-02-21","3等","170","471800"
"1665","2022-02-21","4等","9511","8900"
"1665","2022-02-21","5等","160291","1000"
"1666","2022-02-24","1等","0","0"
"1666","2022-02-24","2等","3","26370100"
"1666","2022-02-24","3等","180","474600"
"1666","2022-02-24","4等","8781","10200"
"1666","2022-02-24","5等","154486","1000"
"1667","2022-02-28","1等","0","0"
"1667","2022-02-28","2等","9","9643600"
"1667","2022-02-28","3等","266","352300"
"1667","2022-02-28","4等","13878","7100"
"1667","2022-02-28","5等","224283","1000"
"1668","2022-03-03","1等","1","600000000"
"1668","2022-03-03","2等","7","14200400"
"1668","2022-03-03","3等","245","438100"
"1668","2022-03-03","4等","13351","8400"
"1668","2022-03-03","5等","225803","1000"
"1669","2022-03-07","1等","2","306391000"
"1669","2022-03-07","2等","2","42131200"
"1669","2022-03-07","3等","365","249300"
"1669","2022-03-07","4等","17300","5500"
"1669","2022-03-07","5等","254940","1000"
"1670","2022-03-10","1等","0","0"
"1670","2022-03-10","2等","7","10521000"
"1670","2022-03-10","3等","205","387900"
"1670","2022-03-10","4等","10177","8200"
"1670","2022-03-10","5等","168079","1000"
"1671","2022-03-14","1等","1","549305500"
"1671","2022-03-14","2等","5","18229800"
"1671","2022-03-14","3等","227","433600"
"1671","2022-03-14","4等","12215","8500"
"1671","2022-03-14","5等","198083","1000"
"1672","2022-03-17","1等","2","114360000"
"1672","2022-03-17","2等","3","22872700"
"1672","2022-03-17","3等","312","237500"
"1672","2022-03-17","4等","12599","6200"
"1672","2022-03-17","5等","190739","1000"
"1673","2022-03-21","1等","0","0"
"1673","2022-03-21","2等","2","36758800"
"1673","2022-03-21","3等","160","496200"
"1673","2022-03-21","4等","7928","10500"
"1673","2022-03-21","5等","139948","1000"
"1674","2022-03-24","1等","1","522554500"
"1674","2022-03-24","2等","5","16650700"
"1674","2022-03-24","3等","202","445100"
"1674","2022-03-24","4等","11443","8300"
"1674","2022-03-24","5等","189233","1000"
"1675","2022-03-28","1等","1","200000000"
"1675","2022-03-28","2等","5","15388500"
"1675","2022-03-28","3等","285","291500"
"1675","2022-03-28","4等","14311","6100"
"1675","2022-03-28","5等","225357","1000"
"1676","2022-03-31","1等","0","0"
"1676","2022-03-31","2等","6","12692400"
"1676","2022-03-31","3等","316","260200"
"1676","2022-03-31","4等","13050","6600"
"1676","2022-03-31","5等","196907","1000"
"1677","2022-04-04","1等","3","205631800"
"1677","2022-04-04","2等","6","15329800"
"1677","2022-04-04","3等","251","395700"
"1677","2022-04-04","4等","10701","9800"
"1677","2022-04-04","5等","185964","1000"
"1678","2022-04-07","1等","2","109880500"
"1678","2022-04-07","2等","6","10988400"
"1678","2022-04-07","3等","277","257000"
"1678","2022-04-07","4等","12978","5700"
"1678","2022-04-07","5等","200889","1000"
"1679","2022-04-11","1等","0","0"
"1679","2022-04-11","2等","3","24452600"
"1679","2022-04-11","3等","241","328700"
"1679","2022-04-11","4等","11038","7500"
"1679","2022-04-11","5等","177907","1000"
"1680","2022-04-14","1等","0","0"
"1680","2022-04-14","2等","4","20805300"
"1680","2022-04-14","3等","233","385700"
"1680","2022-04-14","4等","11332","8300"
"1680","2022-04-14","5等","188617","1000"
"1681","2022-04-18","1等","0","0"
"1681","2022-04-18","2等","5","19115200"
"1681","2022-04-18","3等","248","416200"
"1681","2022-04-18","4等","15630","6900"
"1681","2022-04-18","5等","261493","1000"
"1682","2022-04-21","1等","0","0"
"1682","2022-04-21","2等","11","9234200"
"1682","2022-04-21","3等","373","294000"
"1682","2022-04-21","4等","17452","6600"
"1682","2022-04-21","5等","278571","1000"
"1683","2022-04-25","1等","3","526693900"
"1683","2022-04-25","2等","7","17186800"
"1683","2022-04-25","3等","350","371200"
"1683","2022-04-25","4等","16464","8300"
"1683","2022-04-25","5等","269939","1000"
"1684","2022-04-28","1等","1","200000000"
"1684","2022-04-28","2等","3","25291800"
"1684","2022-04-28","3等","196","418000"
"1684","2022-04-28","4等","9927","8700"
"1684","2022-04-28","5等","165841","1000"
"1685","2022-05-02","1等","1","332065800"
"1685","2022-05-02","2等","7","11964200"
"1685","2022-05-02","3等","154","587300"
"1685","2022-05-02","4等","9785","9700"
"1685","2022-05-02","5等","180626","1000"
"1686","2022-05-05","1等","2","102693600"
"1686","2022-05-05","2等","8","7702200"
"1686","2022-05-05","3等","229","290500"
"1686","2022-05-05","4等","11876","5900"
"1686","2022-05-05","5等","189112","1000"
"1687","2022-05-09","1等","0","0"
"1687","2022-05-09","2等","8","9602900"
"1687","2022-05-09","3等","195","425400"
"1687","2022-05-09","4等","8438","10200"
"1687","2022-05-09","5等","149755","1000"
"1688","2022-05-12","1等","3","173844600"
"1688","2022-05-12","2等","28","2844300"
"1688","2022-05-12","3等","393","218800"
"1688","2022-05-12","4等","15975","5600"
"1688","2022-05-12","5等","224888","1000"
"1689","2022-05-16","1等","5","48329100"
"1689","2022-05-16","2等","5","14499200"
"1689","2022-05-16","3等","261","299900"
"1689","2022-05-16","4等","11145","7400"
"1689","2022-05-16","5等","178764","1000"
"1690","2022-05-19","1等","3","72360700"
"1690","2022-05-19","2等","6","10854400"
"1690","2022-05-19","3等","382","184100"
"1690","2022-05-19","4等","13050","5600"
"1690","2022-05-19","5等","188138","1000"
"1691","2022-05-23","1等","0","0"
"1691","2022-05-23","2等","2","36358400"
"1691","2022-05-23","3等","234","335600"
"1691","2022-05-23","4等","9859","8400"
"1691","2022-05-23","5等","163684","1000"
"1692","2022-05-26","1等","1","520778600"
"1692","2022-05-26","2等","6","13920200"
"1692","2022-05-26","3等","298","302600"
"1692","2022-05-26","4等","13542","7000"
"1692","2022-05-26","5等","214202","1000"
"1693","2022-05-30","1等","1","200000000"
"1693","2022-05-30","2等","7","9766000"
"1693","2022-05-30","3等","336","219700"
"1693","2022-05-30","4等","13770","5600"
"1693","2022-05-30","5等","196104","1000"
"1694","2022-06-02","1等","1","267868300"
"1694","2022-06-02","2等","4","18000600"
"1694","2022-06-02","3等","290","268100"
"1694","2022-06-02","4等","13521","6000"
"1694","2022-06-02","5等","199197","1000"
"1695","2022-06-06","1等","1","200000000"
"1695","2022-06-06","2等","3","21612900"
"1695","2022-06-06","3等","311","225100"
"1695","2022-06-06","4等","14464","5100"
"1695","2022-06-06","5等","202022","1000"
"1696","2022-06-09","1等","0","0"
"1696","2022-06-09","2等","4","17990800"
"1696","2022-06-09","3等","214","363100"
"1696","2022-06-09","4等","10627","7700"
"1696","2022-06-09","5等","174749","1000"
"1697","2022-06-13","1等","1","516523200"
"1697","2022-06-13","2等","16","4885100"
"1697","2022-06-13","3等","416","202900"
"1697","2022-06-13","4等","19347","4600"
"1697","2022-06-13","5等","267267","1000"
"1698","2022-06-16","1等","0","0"
"1698","2022-06-16","2等","6","11776700"
"1698","2022-06-16","3等","189","403700"
"1698","2022-06-16","4等","10027","8000"
"1698","2022-06-16","5等","161958","1000"
"1699","2022-06-20","1等","1","507202600"
"1699","2022-06-20","2等","10","8150500"
"1699","2022-06-20","3等","347","253600"
"1699","2022-06-20","4等","15571","5900"
"1699","2022-06-20","5等","235257","1000"
"1700","2022-06-23","1等","0","0"
"1700","2022-06-23","2等","5","14267000"
"1700","2022-06-23","3等","184","418600"
"1700","2022-06-23","4等","9726","8300"
"1700","2022-06-23","5等","158718","1000"
"1701","2022-06-27","1等","3","168435800"
"1701","2022-06-27","2等","10","8026100"
"1701","2022-06-27","3等","278","311700"
"1701","2022-06-27","4等","13957","6500"
"1701","2022-06-27","5等","219062","1000"
"1702","2022-06-30","1等","1","198347600"
"1702","2022-06-30","2等","11","5409600"
"1702","2022-06-30","3等","330","194700"
"1702","2022-06-30","4等","15967","4200"
"1702","2022-06-30","5等","220299","1000"
"1703","2022-07-04","1等","1","200000000"
"1703","2022-07-04","2等","7","10567800"
"1703","2022-07-04","3等","194","411800"
"1703","2022-07-04","4等","8986","9300"
"1703","2022-07-04","5等","151198","1000"
"1704","2022-07-07","1等","0","0"
"1704","2022-07-07","2等","11","6705900"
"1704","2022-07-07","3等","261","305200"
"1704","2022-07-07","4等","10994","7600"
"1704","2022-07-07","5等","172175","1000"
"1705","2022-07-11","1等","2","272161500"
"1705","2022-07-11","2等","6","12593900"
"1705","2022-07-11","3等","365","223500"
"1705","2022-07-11","4等","15628","5500"
"1705","2022-07-11","5等","236791","1000"
"1706","2022-07-14","1等","0","0"
"1706","2022-07-14","2等","3","22771900"
"1706","2022-07-14","3等","148","498500"
"1706","2022-07-14","4等","8095","9600"
"1706","2022-07-14","5等","136595","1000"
"1707","2022-07-18","1等","1","489691600"
"1707","2022-07-18","2等","9","8732900"
"1707","2022-07-18","3等","284","298800"
"1707","2022-07-18","4等","10901","8200"
"1707","2022-07-18","5等","172327","1000"
"1708","2022-07-21","1等","0","0"
"1708","2022-07-21","2等","1","72542400"
"1708","2022-07-21","3等","119","658300"
"1708","2022-07-21","4等","6683","12300"
"1708","2022-07-21","5等","117225","1000"
"1709","2022-07-25","1等","1","496248600"
"1709","2022-07-25","2等","6","12722800"
"1709","2022-07-25","3等","339","243100"
"1709","2022-07-25","4等","14145","6100"
"1709","2022-07-25","5等","214848","1000"
"1710","2022-07-28","1等","0","0"
"1710","2022-07-28","2等","11","5897300"
"1710","2022-07-28","3等","152","460900"
"1710","2022-07-28","4等","9877","7400"
"1710","2022-07-28","5等","165872","1000"
"1711","2022-08-01","1等","0","0"
"1711","2022-08-01","2等","2","43346600"
"1711","2022-08-01","3等","148","632600"
"1711","2022-08-01","4等","8686","11300"
"1711","2022-08-01","5等","150390","1000"
"1712","2022-08-04","1等","0","0"
"1712","2022-08-04","2等","10","7820500"
"1712","2022-08-04","3等","345","244800"
"1712","2022-08-04","4等","15785","5600"
"1712","2022-08-04","5等","235178","1000"
"1713","2022-08-08","1等","0","0"
"1713","2022-08-08","2等","9","10798600"
"1713","2022-08-08","3等","180","583100"
"1713","2022-08-08","4等","11550","9600"
"1713","2022-08-08","5等","186956","1000"
"1714","2022-08-11","1等","0","0"
"1714","2022-08-11","2等","7","13240100"
"1714","2022-08-11","3等","279","358700"
"1714","2022-08-11","4等","12313","8500"
"1714","2022-08-11","5等","205132","1000"
"1715","2022-08-15","1等","5","340516100"
"1715","2022-08-15","2等","12","7595900"
"1715","2022-08-15","3等","574","171400"
"1715","2022-08-15","4等","21046","4900"
"1715","2022-08-15","5等","286778","1000"
"1716","2022-08-18","1等","0","0"
"1716","2022-08-18","2等","5","13511100"
"1716","2022-08-18","3等","265","275300"
"1716","2022-08-18","4等","11403","6700"
"1716","2022-08-18","5等","174199","1000"
"1717","2022-08-22","1等","1","505268900"
"1717","2022-08-22","2等","9","9336600"
"1717","2022-08-22","3等","215","422000"
"1717","2022-08-22","4等","12251","7800"
"1717","2022-08-22","5等","202259","1000"
"1718","2022-08-25","1等","0","0"
"1718","2022-08-25","2等","6","10784200"
"1718","2022-08-25","3等","214","326500"
"1718","2022-08-25","4等","13129","5600"
"1718","2022-08-25","5等","202935","1000"
"1719","2022-08-29","1等","3","163593600"
"1719","2022-08-29","2等","6","13755500"
"1719","2022-08-29","3等","235","379200"
"1719","2022-08-29","4等","13216","7100"
"1719","2022-08-29","5等","220615","1000"
"1720","2022-09-01","1等","2","112190500"
"1720","2022-09-01","2等","7","9616600"
"1720","2022-09-01","3等","347","209500"
"1720","2022-09-01","4等","12497","6100"
"1720","2022-09-01","5等","182995","1000"
"1721","2022-09-05","1等","4","56371800"
"1721","2022-09-05","2等","5","13529600"
"1721","2022-09-05","3等","306","238700"
"1721","2022-09-05","4等","14160","5400"
"1721","2022-09-05","5等","209185","1000"
"1722","2022-09-08","1等","2","117408500"
"1722","2022-09-08","2等","3","23482400"
"1722","2022-09-08","3等","141","539500"
"1722","2022-09-08","4等","8419","9500"
"1722","2022-09-08","5等","148633","1000"
"1723","2022-09-12","1等","0","0"
"1723","2022-09-12","2等","10","6743000"
"1723","2022-09-12","3等","282","258200"
"1723","2022-09-12","4等","14304","5300"
"1723","2022-09-12","5等","208888","1000"
"1724","2022-09-15","1等","2","237946800"
"1724","2022-09-15","2等","6","12557000"
"1724","2022-09-15","3等","283","287500"
"1724","2022-09-15","4等","14027","6100"
"1724","2022-09-15","5等","226283","1000"
"1725","2022-09-19","1等","1","200000000"
"1725","2022-09-19","2等","10","6212700"
"1725","2022-09-19","3等","257","261000"
"1725","2022-09-19","4等","11045","6400"
"1725","2022-09-19","5等","171906","1000"
"1726","2022-09-22","1等","0","0"
"1726","2022-09-22","2等","4","17855400"
"1726","2022-09-22","3等","247","312200"
"1726","2022-09-22","4等","11534","7000"
"1726","2022-09-22","5等","178543","1000"
"1727","2022-09-26","1等","2","254648900"
"1727","2022-09-26","2等","8","9905800"
"1727","2022-09-26","3等","299","286200"
"1727","2022-09-26","4等","14002","6400"
"1727","2022-09-26","5等","217491","1000"
"1728","2022-09-29","1等","2","106579500"
"1728","2022-09-29","2等","10","6394900"
"1728","2022-09-29","3等","379","182200"
"1728","2022-09-29","4等","14880","4900"
"1728","2022-09-29","5等","201879","1000"
"1729","2022-10-03","1等","0","0"
"1729","2022-10-03","2等","7","9663200"
"1729","2022-10-03","3等","238","306900"
"1729","2022-10-03","4等","12410","6200"
"1729","2022-10-03","5等","190327","1000"
"1730","2022-10-06","1等","2","231356100"
"1730","2022-10-06","2等","7","10167900"
"1730","2022-10-06","3等","333","230800"
"1730","2022-10-06","4等","15681","5100"
"1730","2022-10-06","5等","231967","1000"
"1731","2022-10-10","1等","3","71117500"
"1731","2022-10-10","2等","8","8000900"
"1731","2022-10-10","3等","287","240800"
"1731","2022-10-10","4等","12152","6000"
"1731","2022-10-10","5等","179159","1000"
"1732","2022-10-13","1等","0","0"
"1732","2022-10-13","2等","8","8568100"
"1732","2022-10-13","3等","304","243500"
"1732","2022-10-13","4等","9264","8400"
"1732","2022-10-13","5等","149547","1000"
"1733","2022-10-17","1等","1","516755500"
"1733","2022-10-17","2等","5","17297200"
"1733","2022-10-17","3等","217","430400"
"1733","2022-10-17","4等","10142","9700"
"1733","2022-10-17","5等","180344","1000"
"1734","2022-10-20","1等","2","103129400"
"1734","2022-10-20","2等","11","5625400"
"1734","2022-10-20","3等","371","180100"
"1734","2022-10-20","4等","14867","4700"
"1734","2022-10-20","5等","209076","1000"
"1735","2022-10-24","1等","0","0"
"1735","2022-10-24","2等","6","12300800"
"1735","2022-10-24","3等","158","504400"
"1735","2022-10-24","4等","9053","9300"
"1735","2022-10-24","5等","149442","1000"
"1736","2022-10-27","1等","4","123702000"
"1736","2022-10-27","2等","14","5331500"
"1736","2022-10-27","3等","306","263400"
"1736","2022-10-27","4等","14522","5800"
"1736","2022-10-27","5等","223540","1000"
"1737","2022-10-31","1等","0","0"
"1737","2022-10-31","2等","12","5725000"
"1737","2022-10-31","3等","236","314300"
"1737","2022-10-31","4等","10954","7100"
"1737","2022-10-31","5等","181503","1000"
"1738","2022-11-03","1等","3","168079300"
"1738","2022-11-03","2等","5","16515200"
"1738","2022-11-03","3等","199","448100"
"1738","2022-11-03","4等","10832","8600"
"1738","2022-11-03","5等","181251","1000"
"1739","2022-11-07","1等","1","200000000"
"1739","2022-11-07","2等","11","6690100"
"1739","2022-11-07","3等","164","484600"
"1739","2022-11-07","4等","9844","8500"
"1739","2022-11-07","5等","173012","1000"
"1740","2022-11-10","1等","0","0"
"1740","2022-11-10","2等","5","14684000"
"1740","2022-11-10","3等","210","377500"
"1740","2022-11-10","4等","10768","7700"
"1740","2022-11-10","5等","180850","1000"
"1741","2022-11-14","1等","2","282134100"
"1741","2022-11-14","2等","12","6856300"
"1741","2022-11-14","3等","250","355400"
"1741","2022-11-14","4等","13897","6700"
"1741","2022-11-14","5等","219304","1000"
"1742","2022-11-17","1等","0","0"
"1742","2022-11-17","2等","4","18222900"
"1742","2022-11-17","3等","177","444700"
"1742","2022-11-17","4等","8623","9600"
"1742","2022-11-17","5等","143246","1000"
"1743","2022-11-21","1等","1","525681400"
"1743","2022-11-21","2等","7","12116800"
"1743","2022-11-21","3等","252","363400"
"1743","2022-11-21","4等","11987","8000"
"1743","2022-11-21","5等","194416","1000"
"1744","2022-11-24","1等","0","0"
"1744","2022-11-24","2等","9","7256700"
"1744","2022-11-24","3等","168","419800"
"1744","2022-11-24","4等","10207","7300"
"1744","2022-11-24","5等","171976","1000"
"1745","2022-11-28","1等","0","0"
"1745","2022-11-28","2等","5","16478300"
"1745","2022-11-28","3等","273","325900"
"1745","2022-11-28","4等","12451","7500"
"1745","2022-11-28","5等","202287","1000"
"1746","2022-12-01","1等","0","0"
"1746","2022-12-01","2等","9","8922700"
"1746","2022-12-01","3等","393","220600"
"1746","2022-12-01","4等","17779","5100"
"1746","2022-12-01","5等","266501","1000"
"1747","2022-12-05","1等","0","0"
"1747","2022-12-05","2等","7","13716500"
"1747","2022-12-05","3等","326","318000"
"1747","2022-12-05","4等","14944","7300"
"1747","2022-12-05","5等","241368","1000"
"1748","2022-12-08","1等","2","600000000"
"1748","2022-12-08","2等","17","5685600"
"1748","2022-12-08","3等","435","239900"
"1748","2022-12-08","4等","19062","5700"
"1748","2022-12-08","5等","280635","1000"
"1749","2022-12-12","1等","1","496122900"
"1749","2022-12-12","2等","7","12596300"
"1749","2022-12-12","3等","277","343700"
"1749","2022-12-12","4等","12676","7900"
"1749","2022-12-12","5等","208574","1000"
"1750","2022-12-15","1等","1","200000000"
"1750","2022-12-15","2等","6","12054600"
"1750","2022-12-15","3等","242","322700"
"1750","2022-12-15","4等","10233","8000"
"1750","2022-12-15","5等","162161","1000"
"1751","2022-12-19","1等","2","145793100"
"1751","2022-12-19","2等","6","12525500"
"1751","2022-12-19","3等","264","307400"
"1751","2022-12-19","4等","13184","6500"
"1751","2022-12-19","5等","208091","1000"
"1752","2022-12-22","1等","0","0"
"1752","2022-12-22","2等","8","8379700"
"1752","2022-12-22","3等","277","261300"
"1752","2022-12-22","4等","12088","6300"
"1752","2022-12-22","5等","190890","1000"
"1753","2022-12-26","1等","4","120198100"
"1753","2022-12-26","2等","7","11029200"
"1753","2022-12-26","3等","548","152100"
"1753","2022-12-26","4等","21289","4100"
"1753","2022-12-26","5等","281829","1000"
"1754","2022-12-29","1等","0","0"
"1754","2022-12-29","2等","15","4527300"
"1754","2022-12-29","3等","277","264700"
"1754","2022-12-29","4等","14117","5400"
"1754","2022-12-29","5等","215037","1000"
"1755","2023-01-05","1等","1","492706600"
"1755","2023-01-05","2等","7","11415200"
"1755","2023-01-05","3等","321","268800"
"1755","2023-01-05","4等","15302","5900"
"1755","2023-01-05","5等","232237","1000"
"1756","2023-01-09","1等","3","90288300"
"1756","2023-01-09","2等","8","10157700"
"1756","2023-01-09","3等","186","471800"
"1756","2023-01-09","4等","8873","10400"
"1756","2023-01-09","5等","154982","1000"
"1757","2023-01-12","1等","1","200000000"
"1757","2023-01-12","2等","2","34642100"
"1757","2023-01-12","3等","212","352900"
"1757","2023-01-12","4等","11043","7100"
"1757","2023-01-12","5等","177093","1000"
"1758","2023-01-16","1等","2","143786400"
"1758","2023-01-16","2等","9","8554700"
"1758","2023-01-16","3等","270","307900"
"1758","2023-01-16","4等","12191","7200"
"1758","2023-01-16","5等","175124","1000"
"1759","2023-01-19","1等","0","0"
"1759","2023-01-19","2等","9","7412500"
"1759","2023-01-19","3等","192","375200"
"1759","2023-01-19","4等","10474","7200"
"1759","2023-01-19","5等","175779","1000"
"1760","2023-01-23","1等","0","0"
"1760","2023-01-23","2等","4","20677700"
"1760","2023-01-23","3等","266","335800"
"1760","2023-01-23","4等","12546","7500"
"1760","2023-01-23","5等","198360","1000"
"1761","2023-01-26","1等","1","600000000"
"1761","2023-01-26","2等","8","9644700"
"1761","2023-01-26","3等","317","262800"
"1761","2023-01-26","4等","15702","5600"
"1761","2023-01-26","5等","234463","1000"
"1762","2023-01-30","1等","2","211296300"
"1762","2023-01-30","2等","10","8020600"
"1762","2023-01-30","3等","223","388400"
"1762","2023-01-30","4等","11560","7900"
"1762","2023-01-30","5等","191530","1000"
"1763","2023-02-02","1等","0","0"
"1763","2023-02-02","2等","6","11800400"
"1763","2023-02-02","3等","206","371100"
"1763","2023-02-02","4等","9616","8400"
"1763","2023-02-02","5等","160293","1000"
"1764","2023-02-06","1等","0","0"
"1764","2023-02-06","2等","6","14356700"
"1764","2023-02-06","3等","177","525500"
"1764","2023-02-06","4等","10495","9300"
"1764","2023-02-06","5等","183634","1000"
"1765","2023-02-09","1等","0","0"
"1765","2023-02-09","2等","8","10742600"
"1765","2023-02-09","3等","265","350200"
"1765","2023-02-09","4等","12807","7600"
"1765","2023-02-09","5等","212878","1000"
"1766","2023-02-13","1等","1","600000000"
"1766","2023-02-13","2等","5","19787000"
"1766","2023-02-13","3等","241","443300"
"1766","2023-02-13","4等","12399","9100"
"1766","2023-02-13","5等","201471","1000"
"1767","2023-02-16","1等","2","411168200"
"1767","2023-02-16","2等","5","16979000"
"1767","2023-02-16","3等","328","279500"
"1767","2023-02-16","4等","14379","6700"
"1767","2023-02-16","5等","223026","1000"
"1768","2023-02-20","1等","0","0"
"1768","2023-02-20","2等","3","25346400"
"1768","2023-02-20","3等","164","500700"
"1768","2023-02-20","4等","8552","10100"
"1768","2023-02-20","5等","150881","1000"
"1769","2023-02-23","1等","0","0"
"1769","2023-02-23","2等","7","10585400"
"1769","2023-02-23","3等","302","264900"
"1769","2023-02-23","4等","14387","5800"
"1769","2023-02-23","5等","217004","1000"
"1770","2023-02-27","1等","2","398402400"
"1770","2023-02-27","2等","9","9879000"
"1770","2023-02-27","3等","339","283200"
"1770","2023-02-27","4等","14554","6900"
"1770","2023-02-27","5等","225402","1000"
"1771","2023-03-02","1等","1","200000000"
"1771","2023-03-02","2等","8","8080900"
"1771","2023-03-02","3等","276","252900"
"1771","2023-03-02","4等","13180","5500"
"1771","2023-03-02","5等","205337","1000"
"1772","2023-03-06","1等","0","0"
"1772","2023-03-06","2等","9","8407600"
"1772","2023-03-06","3等","185","441700"
"1772","2023-03-06","4等","9844","8700"
"1772","2023-03-06","5等","174141","1000"
"1773","2023-03-09","1等","0","0"
"1773","2023-03-09","2等","2","40108500"
"1773","2023-03-09","3等","286","302900"
"1773","2023-03-09","4等","11383","8000"
"1773","2023-03-09","5等","196004","1000"
"1774","2023-03-13","1等","0","0"
"1774","2023-03-13","2等","11","8441600"
"1774","2023-03-13","3等","184","545000"
"1774","2023-03-13","4等","10167","10400"
"1774","2023-03-13","5等","174847","1000"
"1775","2023-03-16","1等","1","600000000"
"1775","2023-03-16","2等","5","16722400"
"1775","2023-03-16","3等","424","212900"
"1775","2023-03-16","4等","17819","5300"
"1775","2023-03-16","5等","267111","1000"
"1776","2023-03-20","1等","8","99346200"
"1776","2023-03-20","2等","17","4790700"
"1776","2023-03-20","3等","511","172100"
"1776","2023-03-20","4等","17514","5300"
"1776","2023-03-20","5等","237601","1000"
"1777","2023-03-23","1等","1","200000000"
"1777","2023-03-23","2等","7","10282300"
"1777","2023-03-23","3等","203","382900"
"1777","2023-03-23","4等","11354","7200"
"1777","2023-03-23","5等","180923","1000"
"1778","2023-03-27","1等","0","0"
"1778","2023-03-27","2等","6","12165300"
"1778","2023-03-27","3等","223","353400"
"1778","2023-03-27","4等","12239","6800"
"1778","2023-03-27","5等","193701","1000"
"1779","2023-03-30","1等","0","0"
"1779","2023-03-30","2等","6","14013600"
"1779","2023-03-30","3等","178","510100"
"1779","2023-03-30","4等","9678","9900"
"1779","2023-03-30","5等","165807","1000"
"1780","2023-04-03","1等","0","0"
"1780","2023-04-03","2等","13","6797500"
"1780","2023-04-03","3等","355","268800"
"1780","2023-04-03","4等","15712","6400"
"1780","2023-04-03","5等","235858","1000"
"1781","2023-04-06","1等","1","600000000"
"1781","2023-04-06","2等","5","19640100"
"1781","2023-04-06","3等","271","391300"
"1781","2023-04-06","4等","11543","9700"
"1781","2023-04-06","5等","199195","1000"
"1782","2023-04-10","1等","0","0"
"1782","2023-04-10","2等","6","15393600"
"1782","2023-04-10","3等","211","472700"
"1782","2023-04-10","4等","10577","9900"
"1782","2023-04-10","5等","182324","1000"
"1783","2023-04-13","1等","3","398379800"
"1783","2023-04-13","2等","9","10064400"
"1783","2023-04-13","3等","331","295500"
"1783","2023-04-13","4等","13849","7400"
"1783","2023-04-13","5等","225000","1000"
"1784","2023-04-17","1等","0","0"
"1784","2023-04-17","2等","12","6357500"
"1784","2023-04-17","3等","193","426800"
"1784","2023-04-17","4等","10005","8700"
"1784","2023-04-17","5等","162735","1000"
"1785","2023-04-20","1等","2","259104900"
"1785","2023-04-20","2等","8","9897100"
"1785","2023-04-20","3等","373","229200"
"1785","2023-04-20","4等","15143","5900"
"1785","2023-04-20","5等","214104","1000"
"1786","2023-04-24","1等","3","74854700"
"1786","2023-04-24","2等","1","67371500"
"1786","2023-04-24","3等","270","269400"
"1786","2023-04-24","4等","12831","5900"
"1786","2023-04-24","5等","209893","1000"
"1787","2023-04-27","1等","1","200000000"
"1787","2023-04-27","2等","4","18013500"
"1787","2023-04-27","3等","168","463100"
"1787","2023-04-27","4等","8461","9700"
"1787","2023-04-27","5等","149655","1000"
"1788","2023-05-01","1等","3","94568500"
"1788","2023-05-01","2等","6","12177000"
"1788","2023-05-01","3等","467","168900"
"1788","2023-05-01","4等","14438","5700"
"1788","2023-05-01","5等","212411","1000"
"1789","2023-05-04","1等","2","104929100"
"1789","2023-05-04","2等","22","2861700"
"1789","2023-05-04","3等","255","266600"
"1789","2023-05-04","4等","10987","6500"
"1789","2023-05-04","5等","169539","1000"
"1790","2023-05-08","1等","1","200000000"
"1790","2023-05-08","2等","17","3986900"
"1790","2023-05-08","3等","253","289300"
"1790","2023-05-08","4等","11445","6700"
"1790","2023-05-08","5等","172214","1000"
"1791","2023-05-11","1等","1","258224200"
"1791","2023-05-11","2等","7","9956100"
"1791","2023-05-11","3等","289","260400"
"1791","2023-05-11","4等","13895","5700"
"1791","2023-05-11","5等","204528","1000"
"1792","2023-05-15","1等","0","0"
"1792","2023-05-15","2等","4","17453500"
"1792","2023-05-15","3等","245","307700"
"1792","2023-05-15","4等","9198","8600"
"1792","2023-05-15","5等","157342","1000"
"1793","2023-05-18","1等","1","471004800"
"1793","2023-05-18","2等","5","14298300"
"1793","2023-05-18","3等","299","258200"
"1793","2023-05-18","4等","13877","5800"
"1793","2023-05-18","5等","215747","1000"
"1794","2023-05-22","1等","1","200000000"
"1794","2023-05-22","2等","0","0"
"1794","2023-05-22","3等","138","578700"
"1794","2023-05-22","4等","7407","11300"
"1794","2023-05-22","5等","134471","1000"
"1795","2023-05-25","1等","0","0"
"1795","2023-05-25","2等","3","26201400"
"1795","2023-05-25","3等","167","508300"
"1795","2023-05-25","4等","7801","11400"
"1795","2023-05-25","5等","135928","1000"
"1796","2023-05-29","1等","1","600000000"
"1796","2023-05-29","2等","25","2839300"
"1796","2023-05-29","3等","394","194500"
"1796","2023-05-29","4等","17769","4500"
"1796","2023-05-29","5等","253912","1000"
"1797","2023-06-01","1等","0","0"
"1797","2023-06-01","2等","10","7531100"
"1797","2023-06-01","3等","169","481200"
"1797","2023-06-01","4等","8977","9500"
"1797","2023-06-01","5等","146710","1000"
"1798","2023-06-05","1等","1","537761200"
"1798","2023-06-05","2等","7","11471200"
"1798","2023-06-05","3等","232","373700"
"1798","2023-06-05","4等","11820","7700"
"1798","2023-06-05","5等","206986","1000"
"1799","2023-06-08","1等","0","0"
"1799","2023-06-08","2等","3","23387300"
"1799","2023-06-08","3等","159","476500"
"1799","2023-06-08","4等","7285","10900"
"1799","2023-06-08","5等","129713","1000"
"1800","2023-06-12","1等","0","0"
"1800","2023-06-12","2等","4","19109900"
"1800","2023-06-12","3等","194","425500"
"1800","2023-06-12","4等","11398","7600"
"1800","2023-06-12","5等","197422","1000"
"1801","2023-06-15","1等","0","0"
"1801","2023-06-15","2等","3","28285700"
"1801","2023-06-15","3等","239","383400"
"1801","2023-06-15","4等","12156","7900"
"1801","2023-06-15","5等","192763","1000"
"1802","2023-06-19","1等","1","600000000"
"1802","2023-06-19","2等","8","12156000"
"1802","2023-06-19","3等","210","500100"
"1802","2023-06-19","4等","11367","9700"
"1802","2023-06-19","5等","197331","1000"
"1803","2023-06-22","1等","2","381595900"
"1803","2023-06-22","2等","14","5733100"
"1803","2023-06-22","3等","285","304100"
"1803","2023-06-22","4等","13688","6600"
"1803","2023-06-22","5等","206407","1000"
"1804","2023-06-26","1等","0","0"
"1804","2023-06-26","2等","7","10196400"
"1804","2023-06-26","3等","242","318500"
"1804","2023-06-26","4等","11685","6900"
"1804","2023-06-26","5等","171226","1000"
"1805","2023-06-29","1等","0","0"
"1805","2023-06-29","2等","3","27572800"
"1805","2023-06-29","3等","174","513400"
"1805","2023-06-29","4等","10011","9400"
"1805","2023-06-29","5等","168551","1000"
"1806","2023-07-03","1等","0","0"
"1806","2023-07-03","2等","6","15787100"
"1806","2023-07-03","3等","180","568300"
"1806","2023-07-03","4等","9382","11500"
"1806","2023-07-03","5等","169096","1000"
"1807","2023-07-06","1等","6","182247300"
"1807","2023-07-06","2等","27","2934800"
"1807","2023-07-06","3等","829","103200"
"1807","2023-07-06","4等","24548","3600"
"1807","2023-07-06","5等","283753","1000"
"1808","2023-07-10","1等","1","200000000"
"1808","2023-07-10","2等","7","10231100"
"1808","2023-07-10","3等","176","439400"
"1808","2023-07-10","4等","9544","8500"
"1808","2023-07-10","5等","154445","1000"
"1809","2023-07-13","1等","1","255706700"
"1809","2023-07-13","2等","11","5918000"
"1809","2023-07-13","3等","308","228200"
"1809","2023-07-13","4等","14494","5100"
"1809","2023-07-13","5等","205373","1000"
"1810","2023-07-17","1等","0","0"
"1810","2023-07-17","2等","6","11131300"
"1810","2023-07-17","3等","203","355300"
"1810","2023-07-17","4等","8916","8500"
"1810","2023-07-17","5等","144812","1000"
"1811","2023-07-20","1等","0","0"
"1811","2023-07-20","2等","10","7240800"
"1811","2023-07-20","3等","282","277200"
"1811","2023-07-20","4等","12980","6300"
"1811","2023-07-20","5等","205566","1000"
"1812","2023-07-24","1等","2","372892500"
"1812","2023-07-24","2等","10","8454600"
"1812","2023-07-24","3等","226","404000"
"1812","2023-07-24","4等","12342","7800"
"1812","2023-07-24","5等","200246","1000"
"1813","2023-07-27","1等","0","0"
"1813","2023-07-27","2等","4","16555000"
"1813","2023-07-27","3等","237","301700"
"1813","2023-07-27","4等","10887","6900"
"1813","2023-07-27","5等","160130","1000"
"1814","2023-07-31","1等","3","159510400"
"1814","2023-07-31","2等","9","8593700"
"1814","2023-07-31","3等","248","336800"
"1814","2023-07-31","4等","12018","7300"
"1814","2023-07-31","5等","195835","1000"
"1815","2023-08-03","1等","0","0"
"1815","2023-08-03","2等","5","11573500"
"1815","2023-08-03","3等","387","161400"
"1815","2023-08-03","4等","15411","4200"
"1815","2023-08-03","5等","209644","1000"
"1816","2023-08-07","1等","0","0"
"1816","2023-08-07","2等","1","85407600"
"1816","2023-08-07","3等","217","425000"
"1816","2023-08-07","4等","8684","11200"
"1816","2023-08-07","5等","156533","1000"
"1817","2023-08-10","1等","0","0"
"1817","2023-08-10","2等","4","20066800"
"1817","2023-08-10","3等","199","435600"
"1817","2023-08-10","4等","11704","7800"
"1817","2023-08-10","5等","193927","1000"
"1818","2023-08-14","1等","3","338006100"
"1818","2023-08-14","2等","5","16134500"
"1818","2023-08-14","3等","292","298300"
"1818","2023-08-14","4等","13468","6800"
"1818","2023-08-14","5等","212589","1000"
"1819","2023-08-17","1等","0","0"
"1819","2023-08-17","2等","5","12806100"
"1819","2023-08-17","3等","196","352800"
"1819","2023-08-17","4等","10713","6800"
"1819","2023-08-17","5等","175118","1000"
"1820","2023-08-21","1等","0","0"
"1820","2023-08-21","2等","3","27173000"
"1820","2023-08-21","3等","183","481000"
"1820","2023-08-21","4等","10318","9000"
"1820","2023-08-21","5等","174492","1000"
"1821","2023-08-24","1等","2","366131200"
"1821","2023-08-24","2等","5","14827200"
"1821","2023-08-24","3等","354","226100"
"1821","2023-08-24","4等","16487","5100"
"1821","2023-08-24","5等","240603","1000"
"1822","2023-08-28","1等","1","200000000"
"1822","2023-08-28","2等","12","5532400"
"1822","2023-08-28","3等","254","282200"
"1822","2023-08-28","4等","13028","5800"
"1822","2023-08-28","5等","191145","1000"
"1823","2023-08-31","1等","0","0"
"1823","2023-08-31","2等","12","5783800"
"1823","2023-08-31","3等","367","204200"
"1823","2023-08-31","4等","13594","5800"
"1823","2023-08-31","5等","191681","1000"
"1824","2023-09-04","1等","1","516962700"
"1824","2023-09-04","2等","9","8811100"
"1824","2023-09-04","3等","317","270100"
"1824","2023-09-04","4等","14658","6100"
"1824","2023-09-04","5等","224083","1000"
"1825","2023-09-07","1等","2","114153400"
"1825","2023-09-07","2等","6","11415700"
"1825","2023-09-07","3等","171","432500"
"1825","2023-09-07","4等","9096","8500"
"1825","2023-09-07","5等","154788","1000"
"1826","2023-09-11","1等","0","0"
"1826","2023-09-11","2等","9","7074700"
"1826","2023-09-11","3等","254","270700"
"1826","2023-09-11","4等","12145","5900"
"1826","2023-09-11","5等","192732","1000"
"1827","2023-09-14","1等","0","0"
"1827","2023-09-14","2等","7","10890100"
"1827","2023-09-14","3等","183","449800"
"1827","2023-09-14","4等","11036","7800"
"1827","2023-09-14","5等","179655","1000"
"1828","2023-09-18","1等","1","600000000"
"1828","2023-09-18","2等","32","2304300"
"1828","2023-09-18","3等","381","209000"
"1828","2023-09-18","4等","17596","4700"
"1828","2023-09-18","5等","248601","1000"
"1829","2023-09-21","1等","1","351361300"
"1829","2023-09-21","2等","6","11962200"
"1829","2023-09-21","3等","209","370800"
"1829","2023-09-21","4等","10978","7400"
"1829","2023-09-21","5等","182364","1000"
"1830","2023-09-25","1等","0","0"
"1830","2023-09-25","2等","10","6884600"
"1830","2023-09-25","3等","246","302200"
"1830","2023-09-25","4等","10774","7200"
"1830","2023-09-25","5等","166683","1000"
"1831","2023-09-28","1等","2","245962100"
"1831","2023-09-28","2等","4","19684000"
"1831","2023-09-28","3等","234","363300"
"1831","2023-09-28","4等","10395","8600"
"1831","2023-09-28","5等","169862","1000"
"1832","2023-10-02","1等","3","79450400"
"1832","2023-10-02","2等","1","71507700"
"1832","2023-10-02","3等","207","373000"
"1832","2023-10-02","4等","10163","8000"
"1832","2023-10-02","5等","161849","1000"
"1833","2023-10-05","1等","1","200000000"
"1833","2023-10-05","2等","2","34012200"
"1833","2023-10-05","3等","156","470900"
"1833","2023-10-05","4等","8188","9400"
"1833","2023-10-05","5等","139460","1000"
"1834","2023-10-09","1等","0","0"
"1834","2023-10-09","2等","7","10296000"
"1834","2023-10-09","3等","128","608000"
"1834","2023-10-09","4等","7299","11200"
"1834","2023-10-09","5等","129422","1000"
"1835","2023-10-12","1等","0","0"
"1835","2023-10-12","2等","9","8338900"
"1835","2023-10-12","3等","212","382300"
"1835","2023-10-12","4等","10914","7800"
"1835","2023-10-12","5等","185534","1000"
"1836","2023-10-16","1等","2","399234500"
"1836","2023-10-16","2等","7","12057500"
"1836","2023-10-16","3等","325","280400"
"1836","2023-10-16","4等","14141","6800"
"1836","2023-10-16","5等","220563","1000"
"1837","2023-10-19","1等","0","0"
"1837","2023-10-19","2等","5","13849600"
"1837","2023-10-19","3等","206","363000"
"1837","2023-10-19","4等","9848","8000"
"1837","2023-10-19","5等","156611","1000"
"1838","2023-10-23","1等","3","165067400"
"1838","2023-10-23","2等","3","23439000"
"1838","2023-10-23","3等","623","137400"
"1838","2023-10-23","4等","13401","6700"
"1838","2023-10-23","5等","188156","1000"
"1839","2023-10-26","1等","0","0"
"1839","2023-10-26","2等","6","10869100"
"1839","2023-10-26","3等","217","324500"
"1839","2023-10-26","4等","10134","7300"
"1839","2023-10-26","5等","158345","1000"
"1840","2023-10-30","1等","0","0"
"1840","2023-10-30","2等","6","12531700"
"1840","2023-10-30","3等","354","229300"
"1840","2023-10-30","4等","14922","5700"
"1840","2023-10-30","5等","215161","1000"
"1841","2023-11-02","1等","1","600000000"
"1841","2023-11-02","2等","5","16042900"
"1841","2023-11-02","3等","282","307100"
"1841","2023-11-02","4等","13287","6800"
"1841","2023-11-02","5等","215515","1000"
"1842","2023-11-06","1等","7","52614100"
"1842","2023-11-06","2等","6","11646400"
"1842","2023-11-06","3等","429","175900"
"1842","2023-11-06","4等","17538","4500"
"1842","2023-11-06","5等","236521","1000"
"1843","2023-11-09","1等","0","0"
"1843","2023-11-09","2等","4","15128200"
"1843","2023-11-09","3等","343","190500"
"1843","2023-11-09","4等","14791","4600"
"1843","2023-11-09","5等","201976","1000"
"1844","2023-11-13","1等","1","475066400"
"1844","2023-11-13","2等","15","5467400"
"1844","2023-11-13","3等","247","358500"
"1844","2023-11-13","4等","11122","8400"
"1844","2023-11-13","5等","170228","1000"
"1845","2023-11-16","1等","1","200000000"
"1845","2023-11-16","2等","3","22239800"
"1845","2023-11-16","3等","185","389400"
"1845","2023-11-16","4等","9157","8300"
"1845","2023-11-16","5等","150460","1000"
"1846","2023-11-20","1等","0","0"
"1846","2023-11-20","2等","3","22930400"
"1846","2023-11-20","3等","278","267200"
"1846","2023-11-20","4等","12611","6200"
"1846","2023-11-20","5等","195059","1000"
"1847","2023-11-23","1等","1","505533800"
"1847","2023-11-23","2等","3","25385400"
"1847","2023-11-23","3等","237","347000"
"1847","2023-11-23","4等","11233","7700"
"1847","2023-11-23","5等","177427","1000"
"1848","2023-11-27","1等","1","200000000"
"1848","2023-11-27","2等","2","34049500"
"1848","2023-11-27","3等","173","425100"
"1848","2023-11-27","4等","9904","7800"
"1848","2023-11-27","5等","169010","1000"
"1849","2023-11-30","1等","1","262837000"
"1849","2023-11-30","2等","6","11792700"
"1849","2023-11-30","3等","205","372700"
"1849","2023-11-30","4等","9585","8400"
"1849","2023-11-30","5等","165533","1000"
"1850","2023-12-04","1等","0","0"
"1850","2023-12-04","2等","2","35503500"
"1850","2023-12-04","3等","201","381500"
"1850","2023-12-04","4等","9540","8400"
"1850","2023-12-04","5等","159827","1000"
"1851","2023-12-07","1等","0","0"
"1851","2023-12-07","2等","8","9377800"
"1851","2023-12-07","3等","232","349200"
"1851","2023-12-07","4等","12986","6500"
"1851","2023-12-07","5等","215232","1000"
"1852","2023-12-11","1等","0","0"
"1852","2023-12-11","2等","6","15311900"
"1852","2023-12-11","3等","251","395200"
"1852","2023-12-11","4等","12819","8100"
"1852","2023-12-11","5等","210184","1000"
"1853","2023-12-14","1等","2","548747800"
"1853","2023-12-14","2等","4","22839400"
"1853","2023-12-14","3等","314","314200"
"1853","2023-12-14","4等","14733","7000"
"1853","2023-12-14","5等","243093","1000"
"1854","2023-12-18","1等","0","0"
"1854","2023-12-18","2等","7","9442700"
"1854","2023-12-18","3等","327","218300"
"1854","2023-12-18","4等","14206","5300"
"1854","2023-12-18","5等","210210","1000"
"1855","2023-12-21","1等","0","0"
"1855","2023-12-21","2等","7","12570800"
"1855","2023-12-21","3等","187","508100"
"1855","2023-12-21","4等","10003","10000"
"1855","2023-12-21","5等","181745","1000"
"1856","2023-12-25","1等","1","600000000"
"1856","2023-12-25","2等","13","7598500"
"1856","2023-12-25","3等","259","411800"
"1856","2023-12-25","4等","13102","8600"
"1856","2023-12-25","5等","219102","1000"
"1857","2023-12-28","1等","0","0"
"1857","2023-12-28","2等","7","12363500"
"1857","2023-12-28","3等","306","305400"
"1857","2023-12-28","4等","13047","7500"
"1857","2023-12-28","5等","206570","1000"
"1858","2024-01-04","1等","0","0"
"1858","2024-01-04","2等","9","9691800"
"1858","2024-01-04","3等","206","457200"
"1858","2024-01-04","4等","11798","8400"
"1858","2024-01-04","5等","199393","1000"
"1859","2024-01-08","1等","0","0"
"1859","2024-01-08","2等","15","6239300"
"1859","2024-01-08","3等","346","292100"
"1859","2024-01-08","4等","16258","6500"
"1859","2024-01-08","5等","258228","1000"
"1860","2024-01-11","1等","2","600000000"
"1860","2024-01-11","2等","6","17360400"
"1860","2024-01-11","3等","307","366400"
"1860","2024-01-11","4等","15308","7700"
"1860","2024-01-11","5等","246612","1000"
"1861","2024-01-15","1等","2","282827200"
"1861","2024-01-15","2等","6","14220000"
"1861","2024-01-15","3等","351","262500"
"1861","2024-01-15","4等","13602","7100"
"1861","2024-01-15","5等","208568","1000"
"1862","2024-01-18","1等","1","200000000"
"1862","2024-01-18","2等","1","72133000"
"1862","2024-01-18","3等","148","526300"
"1862","2024-01-18","4等","8046","10200"
"1862","2024-01-18","5等","150753","1000"
"1863","2024-01-22","1等","0","0"
"1863","2024-01-22","2等","3","25987200"
"1863","2024-01-22","3等","179","470300"
"1863","2024-01-22","4等","10298","8600"
"1863","2024-01-22","5等","175448","1000"
"1864","2024-01-25","1等","1","574191000"
"1864","2024-01-25","2等","4","20542500"
"1864","2024-01-25","3等","292","303900"
"1864","2024-01-25","4等","12679","7300"
"1864","2024-01-25","5等","189153","1000"
"1865","2024-01-29","1等","3","73761800"
"1865","2024-01-29","2等","5","13277500"
"1865","2024-01-29","3等","377","190100"
"1865","2024-01-29","4等","15703","4800"
"1865","2024-01-29","5等","214137","1000"
"1866","2024-02-01","1等","0","0"
"1866","2024-02-01","2等","9","7776000"
"1866","2024-02-01","3等","210","359900"
"1866","2024-02-01","4等","9262","8600"
"1866","2024-02-01","5等","155571","1000"
"1867","2024-02-05","1等","1","504004900"
"1867","2024-02-05","2等","4","20305500"
"1867","2024-02-05","3等","222","395100"
"1867","2024-02-05","4等","11102","8300"
"1867","2024-02-05","5等","184650","1000"
"1868","2024-02-08","1等","2","101919500"
"1868","2024-02-08","2等","9","6794800"
"1868","2024-02-08","3等","260","254000"
"1868","2024-02-08","4等","12979","5300"
"1868","2024-02-08","5等","197603","1000"
"1869","2024-02-12","1等","1","200000000"
"1869","2024-02-12","2等","5","12971000"
"1869","2024-02-12","3等","231","303200"
"1869","2024-02-12","4等","11680","6300"
"1869","2024-02-12","5等","177874","1000"
"1870","2024-02-15","1等","0","0"
"1870","2024-02-15","2等","8","8582900"
"1870","2024-02-15","3等","196","378300"
"1870","2024-02-15","4等","11444","6800"
"1870","2024-02-15","5等","191508","1000"
"1871","2024-02-19","1等","2","254066500"
"1871","2024-02-19","2等","12","6577300"
"1871","2024-02-19","3等","347","245600"
"1871","2024-02-19","4等","14440","6200"
"1871","2024-02-19","5等","213290","1000"
"1872","2024-02-22","1等","1","200000000"
"1872","2024-02-22","2等","5","13761100"
"1872","2024-02-22","3等","181","410500"
"1872","2024-02-22","4等","8384","9300"
"1872","2024-02-22","5等","146924","1000"
"1873","2024-02-26","1等","2","131721800"
"1873","2024-02-26","2等","7","10033000"
"1873","2024-02-26","3等","384","197500"
"1873","2024-02-26","4等","14774","5400"
"1873","2024-02-26","5等","196590","1000"
"1874","2024-02-29","1等","0","0"
"1874","2024-02-29","2等","1","71605600"
"1874","2024-02-29","3等","171","452200"
"1874","2024-02-29","4等","7384","11000"
"1874","2024-02-29","5等","125656","1000"
"1875","2024-03-04","1等","3","166298400"
"1875","2024-03-04","2等","7","11152500"
"1875","2024-03-04","3等","369","228400"
"1875","2024-03-04","4等","15220","5800"
"1875","2024-03-04","5等","221321","1000"
"1876","2024-03-07","1等","0","0"
"1876","2024-03-07","2等","4","16642400"
"1876","2024-03-07","3等","194","370500"
"1876","2024-03-07","4等","9108","8300"
"1876","2024-03-07","5等","154575","1000"
"1877","2024-03-11","1等","0","0"
"1877","2024-03-11","2等","112","6523700"
"1877","2024-03-11","3等","226","374000"
"1877","2024-03-11","4等","12403","7200"
"1877","2024-03-11","5等","208897","1000"
"1878","2024-03-14","1等","2","368908100"
"1878","2024-03-14","2等","8","9562100"
"1878","2024-03-14","3等","375","220300"
"1878","2024-03-14","4等","16295","5300"
"1878","2024-03-14","5等","244254","1000"
"1879","2024-03-18","1等","1","200000000"
"1879","2024-03-18","2等","4","17606700"
"1879","2024-03-18","3等","237","320900"
"1879","2024-03-18","4等","11861","6700"
"1879","2024-03-18","5等","186500","1000"
"1880","2024-03-21","1等","0","0"
"1880","2024-03-21","2等","5","14756900"
"1880","2024-03-21","3等","159","501100"
"1880","2024-03-21","4等","8391","10000"
"1880","2024-03-21","5等","147309","1000"
"1881","2024-03-25","1等","2","275084000"
"1881","2024-03-25","2等","7","11549400"
"1881","2024-03-25","3等","234","373100"
"1881","2024-03-25","4等","10559","8700"
"1881","2024-03-25","5等","186641","1000"
"1882","2024-03-28","1等","1","200000000"
"1882","2024-03-28","2等","8","7658700"
"1882","2024-03-28","3等","258","256400"
"1882","2024-03-28","4等","12873","5400"
"1882","2024-03-28","5等","187345","1000"
"1883","2024-04-01","1等","1","230077300"
"1883","2024-04-01","2等","11","6159700"
"1883","2024-04-01","3等","345","212100"
"1883","2024-04-01","4等","14484","5300"
"1883","2024-04-01","5等","213554","1000"
"1884","2024-04-04","1等","0","0"
"1884","2024-04-04","2等","2","35137900"
"1884","2024-04-04","3等","115","659900"
"1884","2024-04-04","4等","6648","12000"
"1884","2024-04-04","5等","119386","1000"
"1885","2024-04-08","1等","1","489806400"
"1885","2024-04-08","2等","5","15334100"
"1885","2024-04-08","3等","259","319600"
"1885","2024-04-08","4等","12940","6700"
"1885","2024-04-08","5等","211391","1000"
"1886","2024-04-11","1等","2","105659600"
"1886","2024-04-11","2等","4","15849400"
"1886","2024-04-11","3等","269","254500"
"1886","2024-04-11","4等","10737","6700"
"1886","2024-04-11","5等","169989","1000"
"1887","2024-04-15","1等","0","0"
"1887","2024-04-15","2等","5","12964400"
"1887","2024-04-15","3等","249","281100"
"1887","2024-04-15","4等","11669","6300"
"1887","2024-04-15","5等","187506","1000"
"1888","2024-04-18","1等","0","0"
"1888","2024-04-18","2等","8","9405100"
"1888","2024-04-18","3等","298","272600"
"1888","2024-04-18","4等","13312","6400"
"1888","2024-04-18","5等","215270","1000"
"1889","2024-04-22","1等","1","600000000"
"1889","2024-04-22","2等","8","10332900"
"1889","2024-04-22","3等","353","252900"
"1889","2024-04-22","4等","15300","6100"
"1889","2024-04-22","5等","229808","1000"
"1890","2024-04-25","1等","0","0"
"1890","2024-04-25","2等","15","5261000"
"1890","2024-04-25","3等","155","549800"
"1890","2024-04-25","4等","9264","9700"
"1890","2024-04-25","5等","153993","1000"
"1891","2024-04-29","1等","0","0"
"1891","2024-04-29","2等","3","27179500"
"1891","2024-04-29","3等","262","336100"
"1891","2024-04-29","4等","11701","7900"
"1891","2024-04-29","5等","185746","1000"
"1892","2024-05-02","1等","1","600000000"
"1892","2024-05-02","2等","10","8059700"
"1892","2024-05-02","3等","324","268600"
"1892","2024-05-02","4等","16844","5400"
"1892","2024-05-02","5等","257525","1000"
"1893","2024-05-06","1等","2","310731000"
"1893","2024-05-06","2等","2","41338600"
"1893","2024-05-06","3等","214","417200"
"1893","2024-05-06","4等","9289","10100"
"1893","2024-05-06","5等","159161","1000"
"1894","2024-05-09","1等","0","0"
"1894","2024-05-09","2等","7","10073100"
"1894","2024-05-09","3等","187","407200"
"1894","2024-05-09","4等","7375","10900"
"1894","2024-05-09","5等","131350","1000"
"1895","2024-05-13","1等","2","247410400"
"1895","2024-05-13","2等","6","12989800"
"1895","2024-05-13","3等","225","374000"
"1895","2024-05-13","4等","10976","8100"
"1895","2024-05-13","5等","175662","1000"
"1896","2024-05-16","1等","0","0"
"1896","2024-05-16","2等","13","4883400"
"1896","2024-05-16","3等","256","267800"
"1896","2024-05-16","4等","12217","5900"
"1896","2024-05-16","5等","180802","1000"
"1897","2024-05-20","1等","0","0"
"1897","2024-05-20","2等","4","19197300"
"1897","2024-05-20","3等","190","436400"
"1897","2024-05-20","4等","10691","8100"
"1897","2024-05-20","5等","177758","1000"
"1898","2024-05-23","1等","3","241813300"
"1898","2024-05-23","2等","8","9670600"
"1898","2024-05-23","3等","328","254700"
"1898","2024-05-23","4等","13386","6500"
"1898","2024-05-23","5等","201791","1000"
"1899","2024-05-27","1等","0","0"
"1899","2024-05-27","2等","6","10743400"
"1899","2024-05-27","3等","182","382500"
"1899","2024-05-27","4等","11060","6600"
"1899","2024-05-27","5等","179671","1000"
"1900","2024-05-30","1等","0","0"
"1900","2024-05-30","2等","3","24853600"
"1900","2024-05-30","3等","252","319500"
"1900","2024-05-30","4等","11853","7100"
"1900","2024-05-30","5等","180600","1000"
"1901","2024-06-03","1等","1","600000000"
"1901","2024-06-03","2等","12","6738400"
"1901","2024-06-03","3等","335","260600"
"1901","2024-06-03","4等","14591","6300"
"1901","2024-06-03","5等","206185","1000"
"1902","2024-06-06","1等","1","374961800"
"1902","2024-06-06","2等","6","12102400"
"1902","2024-06-06","3等","217","361300"
"1902","2024-06-06","4等","11086","7400"
"1902","2024-06-06","5等","178100","1000"
"1903","2024-06-10","1等","2","110005700"
"1903","2024-06-10","2等","7","9429300"
"1903","2024-06-10","3等","272","262000"
"1903","2024-06-10","4等","10176","7400"
"1903","2024-06-10","5等","169575","1000"
"1904","2024-06-13","1等","0","0"
"1904","2024-06-13","2等","10","6361800"
"1904","2024-06-13","3等","139","494200"
"1904","2024-06-13","4等","9390","7700"
"1904","2024-06-13","5等","150025","1000"
"1905","2024-06-17","1等","4","114995300"
"1905","2024-06-17","2等","6","12396700"
"1905","2024-06-17","3等","300","267700"
"1905","2024-06-17","4等","13294","6300"
"1905","2024-06-17","5等","200847","1000"
"1906","2024-06-20","1等","3","70838900"
"1906","2024-06-20","2等","6","10626100"
"1906","2024-06-20","3等","184","374200"
"1906","2024-06-20","4等","9802","7400"
"1906","2024-06-20","5等","155995","1000"
"1907","2024-06-24","1等","0","0"
"1907","2024-06-24","2等","10","6805200"
"1907","2024-06-24","3等","161","456400"
"1907","2024-06-24","4等","9247","8300"
"1907","2024-06-24","5等","153544","1000"
"1908","2024-06-27","1等","0","0"
"1908","2024-06-27","2等","7","10544900"
"1908","2024-06-27","3等","221","360700"
"1908","2024-06-27","4等","10942","7600"
"1908","2024-06-27","5等","180783","1000"
"1909","2024-07-01","1等","1","600000000"
"1909","2024-07-01","2等","12","5710900"
"1909","2024-07-01","3等","579","127800"
"1909","2024-07-01","4等","23201","3300"
"1909","2024-07-01","5等","290738","1000"
"1910","2024-07-04","1等","1","332909800"
"1910","2024-07-04","2等","5","13896500"
"1910","2024-07-04","3等","219","342600"
"1910","2024-07-04","4等","12224","6400"
"1910","2024-07-04","5等","190945","1000"
"1911","2024-07-08","1等","0","0"
"1911","2024-07-08","2等","5","12744300"
"1911","2024-07-08","3等","196","351100"
"1911","2024-07-08","4等","11681","6200"
"1911","2024-07-08","5等","190010","1000"
"1912","2024-07-11","1等","0","0"
"1912","2024-07-11","2等","7","10381600"
"1912","2024-07-11","3等","234","335300"
"1912","2024-07-11","4等","10923","7500"
"1912","2024-07-11","5等","180344","1000"
"1913","2024-07-15","1等","2","347186900"
"1913","2024-07-15","2等","10","7192500"
"1913","2024-07-15","3等","253","307000"
"1913","2024-07-15","4等","13362","6100"
"1913","2024-07-15","5等","212688","1000"
"1914","2024-07-18","1等","2","106724200"
"1914","2024-07-18","2等","11","5821500"
"1914","2024-07-18","3等","206","335700"
"1914","2024-07-18","4等","9894","7300"
"1914","2024-07-18","5等","164197","1000"
"1915","2024-07-22","1等","0","0"
"1915","2024-07-22","2等","4","15969200"
"1915","2024-07-22","3等","215","320800"
"1915","2024-07-22","4等","10894","6600"
"1915","2024-07-22","5等","163172","1000"
"1916","2024-07-25","1等","1","442499500"
"1916","2024-07-25","2等","12","5739700"
"1916","2024-07-25","3等","292","254700"
"1916","2024-07-25","4等","12724","6100"
"1916","2024-07-25","5等","190803","1000"
"1917","2024-07-29","1等","1","200000000"
"1917","2024-07-29","2等","7","9484800"
"1917","2024-07-29","3等","271","264500"
"1917","2024-07-29","4等","12663","5900"
"1917","2024-07-29","5等","192714","1000"
"1918","2024-08-01","1等","6","37642000"
"1918","2024-08-01","2等","23","2668000"
"1918","2024-08-01","3等","404","164000"
"1918","2024-08-01","4等","16771","4100"
"1918","2024-08-01","5等","211902","1000"
"1919","2024-08-05","1等","3","70987400"
"1919","2024-08-05","2等","7","9127200"
"1919","2024-08-05","3等","225","306600"
"1919","2024-08-05","4等","10185","7100"
"1919","2024-08-05","5等","158281","1000"
"1920","2024-08-08","1等","2","100599100"
"1920","2024-08-08","2等","5","12072200"
"1920","2024-08-08","3等","260","250700"
"1920","2024-08-08","4等","11452","6000"
"1920","2024-08-08","5等","172173","1000"
"1921","2024-08-12","1等","1","200000000"
"1921","2024-08-12","2等","4","15299900"
"1921","2024-08-12","3等","241","274200"
"1921","2024-08-12","4等","9700","7200"
"1921","2024-08-12","5等","149266","1000"
"1922","2024-08-15","1等","0","0"
"1922","2024-08-15","2等","10","6250300"
"1922","2024-08-15","3等","298","226500"
"1922","2024-08-15","4等","11489","6200"
"1922","2024-08-15","5等","170338","1000"
"1923","2024-08-19","1等","0","0"
"1923","2024-08-19","2等","5","14997600"
"1923","2024-08-19","3等","198","409000"
"1923","2024-08-19","4等","11074","7700"
"1923","2024-08-19","5等","182470","1000"
"1924","2024-08-22","1等","2","356524000"
"1924","2024-08-22","2等","20","3761600"
"1924","2024-08-22","3等","301","269900"
"1924","2024-08-22","4等","14489","5900"
"1924","2024-08-22","5等","213575","1000"
"1925","2024-08-26","1等","0","0"
"1925","2024-08-26","2等","15","4237200"
"1925","2024-08-26","3等","277","247700"
"1925","2024-08-26","4等","12133","5900"
"1925","2024-08-26","5等","185476","1000"
"1926","2024-08-29","1等","0","0"
"1926","2024-08-29","2等","3","24128600"
"1926","2024-08-29","3等","239","327000"
"1926","2024-08-29","4等","10993","7500"
"1926","2024-08-29","5等","175688","1000"
"1927","2024-09-02","1等","1","600000000"
"1927","2024-09-02","2等","7","11986700"
"1927","2024-09-02","3等","271","334300"
"1927","2024-09-02","4等","14045","6800"
"1927","2024-09-02","5等","219772","1000"
"1928","2024-09-05","1等","0","0"
"1928","2024-09-05","2等","6","12347500"
"1928","2024-09-05","3等","175","457100"
"1928","2024-09-05","4等","10554","8000"
"1928","2024-09-05","5等","180699","1000"
"1929","2024-09-09","1等","0","0"
"1929","2024-09-09","2等","10","8618100"
"1929","2024-09-09","3等","258","360700"
"1929","2024-09-09","4等","12018","8100"
"1929","2024-09-09","5等","192678","1000"
"1930","2024-09-12","1等","3","313326300"
"1930","2024-09-12","2等","15","5459300"
"1930","2024-09-12","3等","369","239600"
"1930","2024-09-12","4等","16755","5500"
"1930","2024-09-12","5等","249362","1000"
"1931","2024-09-16","1等","1","200000000"
"1931","2024-09-16","2等","8","8214700"
"1931","2024-09-16","3等","173","410200"
"1931","2024-09-16","4等","9168","8100"
"1931","2024-09-16","5等","154755","1000"
"1932","2024-09-19","1等","1","247212700"
"1932","2024-09-19","2等","10","6845000"
"1932","2024-09-19","3等","261","283200"
"1932","2024-09-19","4等","11617","6700"
"1932","2024-09-19","5等","178498","1000"
"1933","2024-09-23","1等","3","57055600"
"1933","2024-09-23","2等","18","2852800"
"1933","2024-09-23","3等","748","74100"
"1933","2024-09-23","4等","22295","2600"
"1933","2024-09-23","5等","240816","1000"
"1934","2024-09-26","1等","1","200000000"
"1934","2024-09-26","2等","3","22262000"
"1934","2024-09-26","3等","289","249500"
"1934","2024-09-26","4等","10151","7500"
"1934","2024-09-26","5等","156787","1000"
"1935","2024-09-30","1等","0","0"
"1935","2024-09-30","2等","7","9578300"
"1935","2024-09-30","3等","224","323200"
"1935","2024-09-30","4等","12312","6200"
"1935","2024-09-30","5等","2014270","1000"
"1936","2024-10-03","1等","0","0"
"1936","2024-10-03","2等","4","18792900"
"1936","2024-10-03","3等","189","429500"
"1936","2024-10-03","4等","10886","7800"
"1936","2024-10-03","5等","180864","1000"
"1937","2024-10-07","1等","2","391290900"
"1937","2024-10-07","2等","8","10722100"
"1937","2024-10-07","3等","208","445300"
"1937","2024-10-07","4等","11143","8700"
"1937","2024-10-07","5等","195350","1000"
"1938","2024-10-10","1等","1","200000000"
"1938","2024-10-10","2等","9","7298600"
"1938","2024-10-10","3等","234","303100"
"1938","2024-10-10","4等","10125","7400"
"1938","2024-10-10","5等","148890","1000"
"1939","2024-10-14","1等","2","122236300"
"1939","2024-10-14","2等","3","22552600"
"1939","2024-10-14","3等","193","378500"
"1939","2024-10-14","4等","9701","7900"
"1939","2024-10-14","5等","168638","1000"
"1940","2024-10-17","1等","1","200000000"
"1940","2024-10-17","2等","10","6508300"
"1940","2024-10-17","3等","309","227400"
"1940","2024-10-17","4等","11787","6300"
"1940","2024-10-17","5等","174482","1000"
"1941","2024-10-21","1等","1","245989400"
"1941","2024-10-21","2等","5","13743400"
"1941","2024-10-21","3等","262","283200"
"1941","2024-10-21","4等","11432","6800"
"1941","2024-10-21","5等","184315","1000"
"1942","2024-10-24","1等","0","0"
"1942","2024-10-24","2等","2","32582500"
"1942","2024-10-24","3等","160","439800"
"1942","2024-10-24","4等","9166","8100"
"1942","2024-10-24","5等","153660","1000"
"1943","2024-10-28","1等","2","231601500"
"1943","2024-10-28","2等","9","8200000"
"1943","2024-10-28","3等","358","222600"
"1943","2024-10-28","4等","14161","5900"
"1943","2024-10-28","5等","207875","1000"
"1944","2024-10-31","1等","2","105420000"
"1944","2024-10-31","2等","9","7028200"
"1944","2024-10-31","3等","232","284400"
"1944","2024-10-31","4等","10307","7000"
"1944","2024-10-31","5等","164246","1000"
"1945","2024-11-04","1等","2","104034300"
"1945","2024-11-04","2等","1","62422600"
"1945","2024-11-04","3等","256","263300"
"1945","2024-11-04","4等","11359","6200"
"1945","2024-11-04","5等","176670","1000"
"1946","2024-11-07","1等","0","0"
"1946","2024-11-07","2等","10","5893100"
"1946","2024-11-07","3等","251","253500"
"1946","2024-11-07","4等","11780","5700"
"1946","2024-11-07","5等","185328","1000"
"1947","2024-11-11","1等","0","0"
"1947","2024-11-11","2等","2","39957300"
"1947","2024-11-11","3等","198","435800"
"1947","2024-11-11","4等","9970","9100"
"1947","2024-11-11","5等","168794","1000"
"1948","2024-11-14","1等","2","377664000"
"1948","2024-11-14","2等","3","29253100"
"1948","2024-11-14","3等","242","391600"
"1948","2024-11-14","4等","9781","10200"
"1948","2024-11-14","5等","168091","1000"
"1949","2024-11-18","1等","1","200000000"
"1949","2024-11-18","2等","3","22391000"
"1949","2024-11-18","3等","176","412100"
"1949","2024-11-18","4等","9430","8100"
"1949","2024-11-18","5等","159992","1000"
"1950","2024-11-21","1等","0","0"
"1950","2024-11-21","2等","7","10008700"
"1950","2024-11-21","3等","144","525400"
"1950","2024-11-21","4等","7846","10100"
"1950","2024-11-21","5等","143282","1000"
"1951","2024-11-25","1等","1","500141700"
"1951","2024-11-25","2等","8","9101900"
"1951","2024-11-25","3等","280","280800"
"1951","2024-11-25","4等","14140","5800"
"1951","2024-11-25","5等","219313","1000"
"1952","2024-11-28","1等","1","200000000"
"1952","2024-11-28","2等","6","11369800"
"1952","2024-11-28","3等","151","487900"
"1952","2024-11-28","4等","7319","10600"
"1952","2024-11-28","5等","127375","1000"
"1953","2024-12-02","1等","1","279082400"
"1953","2024-12-02","2等","7","10787100"
"1953","2024-12-02","3等","204","399700"
"1953","2024-12-02","4等","10031","8500"
"1953","2024-12-02","5等","164497","1000"
"1954","2024-12-05","1等","0","0"
"1954","2024-12-05","2等","8","7871200"
"1954","2024-12-05","3等","198","343400"
"1954","2024-12-05","4等","10493","6800"
"1954","2024-12-05","5等","160003","1000"
"1955","2024-12-09","1等","0","0"
"1955","2024-12-09","2等","6","12670000"
"1955","2024-12-09","3等","235","349300"
"1955","2024-12-09","4等","11973","7200"
"1955","2024-12-09","5等","197905","1000"
"1956","2024-12-12","1等","0","0"
"1956","2024-12-12","2等","11","7567700"
"1956","2024-12-12","3等","322","279100"
"1956","2024-12-12","4等","13655","6900"
"1956","2024-12-12","5等","200037","1000"
"1957","2024-12-16","1等","1","600000000"
"1957","2024-12-16","2等","8","12233300"
"1957","2024-12-16","3等","221","478200"
"1957","2024-12-16","4等","15264","7300"
"1957","2024-12-16","5等","254422","1000"
"1958","2024-12-19","1等","1","600000000"
"1958","2024-12-19","2等","6","14708400"
"1958","2024-12-19","3等","261","365100"
"1958","2024-12-19","4等","11862","8400"
"1958","2024-12-19","5等","201654","1000"
"1959","2024-12-23","1等","1","453644600"
"1959","2024-12-23","2等","2","43878000"
"1959","2024-12-23","3等","178","532400"
"1959","2024-12-23","4等","8931","11200"
"1959","2024-12-23","5等","149682","1000"
"1960","2024-12-26","1等","1","200000000"
"1960","2024-12-26","2等","4","18899500"
"1960","2024-12-26","3等","181","451000"
"1960","2024-12-26","4等","9695","8800"
"1960","2024-12-26","5等","170170","1000"
"1961","2024-12-30","1等","3","99354600"
"1961","2024-12-30","2等","9","8202800"
"1961","2024-12-30","3等","263","303100"
"1961","2024-12-30","4等","12438","6700"
"1961","2024-12-30","5等","197407","1000"
"1962","2025-01-06","1等","0","0"
"1962","2025-01-06","2等","9","7369600"
"1962","2025-01-06","3等","262","273400"
"1962","2025-01-06","4等","11441","6600"
"1962","2025-01-06","5等","176426","1000"
"1963","2025-01-09","1等","0","0"
"1963","2025-01-09","2等","5","15889400"
"1963","2025-01-09","3等","161","532900"
"1963","2025-01-09","4等","9398","9600"
"1963","2025-01-09","5等","169569","1000"
"1964","2025-01-13","1等","2","380755400"
"1964","2025-01-13","2等","5","16537200"
"1964","2025-01-13","3等","281","317700"
"1964","2025-01-13","4等","12805","7300"
"1964","2025-01-13","5等","213836","1000"
"1965","2025-01-16","1等","0","0"
"1965","2025-01-16","2等","2","33951400"
"1965","2025-01-16","3等","135","543200"
"1965","2025-01-16","4等","7763","9900"
"1965","2025-01-16","5等","137810","1000"
"1966","2025-01-20","1等","2","245216100"
"1966","2025-01-20","2等","8","9903900"
"1966","2025-01-20","3等","246","347800"
"1966","2025-01-20","4等","12579","7100"
"1966","2025-01-20","5等","200098","1000"
"1967","2025-01-23","1等","0","0"
"1967","2025-01-23","2等","8","7820500"
"1967","2025-01-23","3等","204","331200"
"1967","2025-01-23","4等","10972","6500"
"1967","2025-01-23","5等","172592","1000"
"1968","2025-01-27","1等","1","467060300"
"1968","2025-01-27","2等","4","19389500"
"1968","2025-01-27","3等","259","323300"
"1968","2025-01-27","4等","11600","7600"
"1968","2025-01-27","5等","181112","1000"
"1969","2025-01-30","1等","0","0"
"1969","2025-01-30","2等","13","4642000"
"1969","2025-01-30","3等","215","303100"
"1969","2025-01-30","4等","10743","6400"
"1969","2025-01-30","5等","178223","1000"
"1970","2025-02-03","1等","1","473982200"
"1970","2025-02-03","2等","2","40926300"
"1970","2025-02-03","3等","220","401800"
"1970","2025-02-03","4等","11701","7900"
"1970","2025-02-03","5等","196648","1000"
"1971","2025-02-06","1等","0","0"
"1971","2025-02-06","2等","14","4379200"
"1971","2025-02-06","3等","271","244300"
"1971","2025-02-06","4等","12116","5700"
"1971","2025-02-06","5等","180000","1000"
"1972","2025-02-10","1等","2","232087100"
"1972","2025-02-10","2等","11","7086100"
"1972","2025-02-10","3等","336","250500"
"1972","2025-02-10","4等","14284","6200"
"1972","2025-02-10","5等","206312","1000"
"1973","2025-02-13","1等","0","0"
"1973","2025-02-13","2等","6","10257700"
"1973","2025-02-13","3等","292","227600"
"1973","2025-02-13","4等","13551","5100"
"1973","2025-02-13","5等","183516","1000"
"1974","2025-02-17","1等","0","0"
"1974","2025-02-17","2等","6","13214000"
"1974","2025-02-17","3等","313","273500"
"1974","2025-02-17","4等","15614","5700"
"1974","2025-02-17","5等","232116","1000"
"1975","2025-02-20","1等","3","254048800"
"1975","2025-02-20","2等","7","12545800"
"1975","2025-02-20","3等","210","451600"
"1975","2025-02-20","4等","10719","9300"
"1975","2025-02-20","5等","189919","1000"
"1976","2025-02-24","1等","1","200000000"
"1976","2025-02-24","2等","2","32344900"
"1976","2025-02-24","3等","222","314600"
"1976","2025-02-24","4等","10492","7000"
"1976","2025-02-24","5等","167538","1000"
"1977","2025-02-27","1等","7","37160000"
"1977","2025-02-27","2等","6","12225100"
"1977","2025-02-27","3等","210","377200"
"1977","2025-02-27","4等","10859","7700"
"1977","2025-02-27","5等","173020","1000"
"1978","2025-03-03","1等","1","200000000"
"1978","2025-03-03","2等","2","36927800"
"1978","2025-03-03","3等","160","498500"
"1978","2025-03-03","4等","7633","11000"
"1978","2025-03-03","5等","140461","1000"
"1979","2025-03-06","1等","0","0"
"1979","2025-03-06","2等","5","14252500"
"1979","2025-03-06","3等","167","460800"
"1979","2025-03-06","4等","9085","8900"
"1979","2025-03-06","5等","151824","1000"
"1980","2025-03-10","1等","2","288235400"
"1980","2025-03-10","2等","4","21957600"
"1980","2025-03-10","3等","239","396800"
"1980","2025-03-10","4等","11996","8300"
"1980","2025-03-10","5等","202581","1000"
"1981","2025-03-13","1等","0","0"
"1981","2025-03-13","2等","9","6953100"
"1981","2025-03-13","3等","171","395200"
"1981","2025-03-13","4等","10254","6900"
"1981","2025-03-13","5等","160545","1000"
"1982","2025-03-17","1等","0","0"
"1982","2025-03-17","2等","3","26913200"
"1982","2025-03-17","3等","167","522100"
"1982","2025-03-17","4等","9007","10200"
"1982","2025-03-17","5等","157954","1000"
"1983","2025-03-20","1等","0","0"
"1983","2025-03-20","2等","4","20259200"
"1983","2025-03-20","3等","179","488900"
"1983","2025-03-20","4等","10100","9100"
"1983","2025-03-20","5等","174041","1000"
"1984","2025-03-24","1等","1","600000000"
"1984","2025-03-24","2等","5","18522400"
"1984","2025-03-24","3等","310","322600"
"1984","2025-03-24","4等","13861","7600"
"1984","2025-03-24","5等","216030","1000"
"1985","2025-03-27","1等","0","0"
"1985","2025-03-27","2等","4","21698500"
"1985","2025-03-27","3等","155","604700"
"1985","2025-03-27","4等","8786","11200"
"1985","2025-03-27","5等","152020","1000"
"1986","2025-03-31","1等","0","0"
"1986","2025-03-31","2等","6","15588700"
"1986","2025-03-31","3等","211","478700"
"1986","2025-03-31","4等","10627","10000"
"1986","2025-03-31","5等","184279","1000"
"1987","2025-04-03","1等","1","600000000"
"1987","2025-04-03","2等","4","22204700"
"1987","2025-04-03","3等","349","274800"
"1987","2025-04-03","4等","16113","6200"
"1987","2025-04-03","5等","249001","1000"
"1988","2025-04-07","1等","1","600000000"
"1988","2025-04-07","2等","7","12610700"
"1988","2025-04-07","3等","233","409100"
"1988","2025-04-07","4等","13636","7300"
"1988","2025-04-07","5等","221858","1000"
"1989","2025-04-10","1等","0","0"
"1989","2025-04-10","2等","12","6836700"
"1989","2025-04-10","3等","262","338100"
"1989","2025-04-10","4等","11276","8300"
"1989","2025-04-10","5等","181594","1000"
"1990","2025-04-14","1等","1","600000000"
"1990","2025-04-14","2等","7","11973100"
"1990","2025-04-14","3等","309","292900"
"1990","2025-04-14","4等","14668","6500"
"1990","2025-04-14","5等","230369","1000"
"1991","2025-04-17","1等","2","333146900"
"1991","2025-04-17","2等","3","26559100"
"1991","2025-04-17","3等","278","309500"
"1991","2025-04-17","4等","12511","7200"
"1991","2025-04-17","5等","208004","1000"
"1992","2025-04-21","1等","2","107593400"
"1992","2025-04-21","2等","6","10759600"
"1992","2025-04-21","3等","290","240400"
"1992","2025-04-21","4等","13380","5500"
"1992","2025-04-21","5等","194321","1000"
"1993","2025-04-24","1等","1","200000000"
"1993","2025-04-24","2等","4","16096700"
"1993","2025-04-24","3等","205","339100"
"1993","2025-04-24","4等","9632","7600"
"1993","2025-04-24","5等","156719","1000"
"1994","2025-04-28","1等","1","243750300"
"1994","2025-04-28","2等","6","11457000"
"1994","2025-04-28","3等","243","305500"
"1994","2025-04-28","4等","11995","6500"
"1994","2025-04-28","5等","193990","1000"
"1995","2025-05-01","1等","3","66525400"
"1995","2025-05-01","2等","11","5443100"
"1995","2025-05-01","3等","294","219900"
"1995","2025-05-01","4等","13244","5100"
"1995","2025-05-01","5等","205361","1000"
"1996","2025-05-05","1等","2","105651300"
"1996","2025-05-05","2等","7","9056100"
"1996","2025-05-05","3等","215","318400"
"1996","2025-05-05","4等","10299","7000"
"1996","2025-05-05","5等","161024","1000"
"1997","2025-05-08","1等","0","0"
"1997","2025-05-08","2等","4","16234200"
"1997","2025-05-08","3等","243","288500"
"1997","2025-05-08","4等","10860","6800"
"1997","2025-05-08","5等","159161","1000"
"1998","2025-05-12","1等","0","0"
"1998","2025-05-12","2等","8","9467000"
"1998","2025-05-12","3等","339","241200"
"1998","2025-05-12","4等","15697","5500"
"1998","2025-05-12","5等","221407","1000"
"1999","2025-05-15","1等","0","0"
"1999","2025-05-15","2等","4","21589900"
"1999","2025-05-15","3等","164","568600"
"1999","2025-05-15","4等","8953","11000"
"1999","2025-05-15","5等","153346","1000"
"2000","2025-05-19","1等","0","0"
"2000","2025-05-19","2等","3","29635400"
"2000","2025-05-19","3等","251","382500"
"2000","2025-05-19","4等","12337","8200"
"2000","2025-05-19","5等","206276","1000"
"2001","2025-05-22","1等","1","600000000"
"2001","2025-05-22","2等","4","22686800"
"2001","2025-05-22","3等","264","371200"
"2001","2025-05-22","4等","13087","7900"
"2001","2025-05-22","5等","215342","1000"
"2002","2025-05-26","1等","0","0"
"2002","2025-05-26","2等","6","15189600"
"2002","2025-05-26","3等","296","332500"
"2002","2025-05-26","4等","12726","8100"
"2002","2025-05-26","5等","209910","1000"
"2003","2025-05-29","1等","5","272022200"
"2003","2025-05-29","2等","2","45113900"
"2003","2025-05-29","3等","277","351700"
"2003","2025-05-29","4等","13487","7600"
"2003","2025-05-29","5等","222715","1000"
"2004","2025-06-02","1等","0","0"
"2004","2025-06-02","2等","12","5928000"
"2004","2025-06-02","3等","194","396000"
"2004","2025-06-02","4等","10751","7500"
"2004","2025-06-02","5等","167295","1000"
"2005","2025-06-05","1等","0","0"
"2005","2025-06-05","2等","10","7290300"
"2005","2025-06-05","3等","403","195300"
"2005","2025-06-05","4等","16493","5000"
"2005","2025-06-05","5等","227754","1000"
"2006","2025-06-09","1等","2","366756500"
"2006","2025-06-09","2等","18","4223400"
"2006","2025-06-09","3等","423","194000"
"2006","2025-06-09","4等","18834","4600"
"2006","2025-06-09","5等","261834","1000"
"2007","2025-06-12","1等","1","200000000"
"2007","2025-06-12","2等","5","12137800"
"2007","2025-06-12","3等","305","214800"
"2007","2025-06-12","4等","12826","5400"
"2007","2025-06-12","5等","174837","1000"
"2008","2025-06-16","1等","1","212980400"
"2008","2025-06-16","2等","15","4213900"
"2008","2025-06-16","3等","403","169300"
"2008","2025-06-16","4等","16397","4300"
"2008","2025-06-16","5等","232774","1000"
"2009","2025-06-19","1等","2","110607700"
"2009","2025-06-19","2等","5","13273300"
"2009","2025-06-19","3等","173","414200"
"2009","2025-06-19","4等","9240","8100"
"2009","2025-06-19","5等","148204","1000"
"2010","2025-06-23","1等","0","0"
"2010","2025-06-23","2等","3","22850300"
"2010","2025-06-23","3等","208","355900"
"2010","2025-06-23","4等","9717","8000"
"2010","2025-06-23","5等","153689","1000"
"2011","2025-06-26","1等","1","482082100"
"2011","2025-06-26","2等","13","5852100"
"2011","2025-06-26","3等","292","281300"
"2011","2025-06-26","4等","12185","7100"
"2011","2025-06-26","5等","185280","1000"
"2012","2025-06-30","1等","1","200000000"
"2012","2025-06-30","2等","1","75217100"
"2012","2025-06-30","3等","118","688400"
"2012","2025-06-30","4等","7433","11500"
"2012","2025-06-30","5等","136879","1000"
"2013","2025-07-03","1等","2","144542500"
"2013","2025-07-03","2等","1","71513100"
"2013","2025-07-03","3等","170","454300"
"2013","2025-07-03","4等","9667","8400"
"2013","2025-07-03","5等","159724","1000"
"2014","2025-07-07","1等","1","200000000"
"2014","2025-07-07","2等","1","65549500"
"2014","2025-07-07","3等","226","313200"
"2014","2025-07-07","4等","12073","6100"
"2014","2025-07-07","5等","193672","1000"
"2015","2025-07-10","1等","4","55995600"
"2015","2025-07-10","2等","10","6164900"
"2015","2025-07-10","3等","480","138700"
"2015","2025-07-10","4等","12155","5700"
"2015","2025-07-10","5等","193300","1000"
"2016","2025-07-14","1等","0","0"
"2016","2025-07-14","2等","4","17191600"
"2016","2025-07-14","3等","163","455600"
"2016","2025-07-14","4等","8088","9700"
"2016","2025-07-14","5等","140198","1000"
"2017","2025-07-17","1等","3","148608000"
"2017","2025-07-17","2等","18","3610200"
"2017","2025-07-17","3等","384","182700"
"2017","2025-07-17","4等","15751","4700"
"2017","2025-07-17","5等","222132","1000"
"2018","2025-07-21","1等","2","102179200"
"2018","2025-07-21","2等","6","10218200"
"2018","2025-07-21","3等","227","291600"
"2018","2025-07-21","4等","10619","6500"
"2018","2025-07-21","5等","159437","1000"
"2019","2025-07-24","1等","2","109854100"
"2019","2025-07-24","2等","9","7323800"
"2019","2025-07-24","3等","248","287000"
"2019","2025-07-24","4等","11742","6400"
"2019","2025-07-24","5等","160438","1000"
"2020","2025-07-28","1等","0","0"
"2020","2025-07-28","2等","1","66651100"
"2020","2025-07-28","3等","176","408900"
"2020","2025-07-28","4等","9360","8100"
"2020","2025-07-28","5等","157824","1000"
"2021","2025-07-31","1等","0","0"
"2021","2025-07-31","2等","8","9434100"
"2021","2025-07-31","3等","216","377300"
"2021","2025-07-31","4等","10525","8100"
"2021","2025-07-31","5等","171200","1000"
"2022","2025-08-04","1等","2","370901400"
"2022","2025-08-04","2等","5","16084700"
"2022","2025-08-04","3等","261","332700"
"2022","2025-08-04","4等","13919","6500"
"2022","2025-08-04","5等","223217","1000"
"2023","2025-08-07","1等","1","2000000000"
"2023","2025-08-07","2等","1","67678000"
"2023","2025-08-07","3等","152","480800"
"2023","2025-08-07","4等","7976","9600"
"2023","2025-08-07","5等","132339","1000"
"2024","2025-08-11","1等","2","130661400"
"2024","2025-08-11","2等","8","8840400"
"2024","2025-08-11","3等","191","399800"
"2024","2025-08-11","4等","8973","8900"
"2024","2025-08-11","5等","149650","1000"
"2025","2025-08-14","1等","0","0"
"2025","2025-08-14","2等","2","31221400"
"2025","2025-08-14","3等","140","481600"
"2025","2025-08-14","4等","7663","9200"
"2025","2025-08-14","5等","135664","1000"
"2026","2025-08-18","1等","6","71626100"
"2026","2025-08-18","2等","20","3324400"
"2026","2025-08-18","3等","649","110600"
"2026","2025-08-18","4等","21880","3400"
"2026","2025-08-18","5等","265529","1000"
"2027","2025-08-21","1等","1","200000000"
"2027","2025-08-21","2等","7","8620600"
"2027","2025-08-21","3等","389","167500"
"2027","2025-08-21","4等","12260","5600"
"2027","2025-08-21","5等","169488","1000"
"2028","2025-08-25","1等","0","0"
"2028","2025-08-25","2等","6","10756700"
"2028","2025-08-25","3等","334","208600"
"2028","2025-08-25","4等","15152","4800"
"2028","2025-08-25","5等","208583","1000"
"2029","2025-08-28","1等","1","488049000"
"2029","2025-08-28","2等","0","0"
"2029","2025-08-28","3等","162","543500"
"2029","2025-08-28","4等","9379","9900"
"2029","2025-08-28","5等","164175","1000"
"2030","2025-09-01","1等","0","0"
"2030","2025-09-01","2等","4","18228100"
"2030","2025-09-01","3等","264","298200"
"2030","2025-09-01","4等","12618","6500"
"2030","2025-09-01","5等","198695","1000"
"2031","2025-09-04","1等","3","194184800"
"2031","2025-09-04","2等","6","12899600"
"2031","2025-09-04","3等","298","280400"
"2031","2025-09-04","4等","14158","6200"
"2031","2025-09-04","5等","218931","1000"
"2032","2025-09-08","1等","1","200000000"
"2032","2025-09-08","2等","7","9565500"
"2032","2025-09-08","3等","366","197500"
"2032","2025-09-08","4等","12928","5900"
"2032","2025-09-08","5等","182907","1000"
"2033","2025-09-11","1等","3","85086700"
"2033","2025-09-11","2等","7","9946200"
"2033","2025-09-11","3等","242","310700"
"2033","2025-09-11","4等","10699","7400"
"2033","2025-09-11","5等","167344","1000"
"2034","2025-09-15","1等","2","106154000"
"2034","2025-09-15","2等","9","7077100"
"2034","2025-09-15","3等","198","347400"
"2034","2025-09-15","4等","10984","6600"
"2034","2025-09-15","5等","163768","1000"
"2035","2025-09-18","1等","0","0"
"2035","2025-09-18","2等","9","6565600"
"2035","2025-09-18","3等","286","223100"
"2035","2025-09-18","4等","12973","5100"
"2035","2025-09-18","5等","187195","1000"
"2036","2025-09-22","1等","1","454612800"
"2036","2025-09-22","2等","7","11042500"
"2036","2025-09-22","3等","275","303500"
"2036","2025-09-22","4等","11927","7300"
"2036","2025-09-22","5等","193947","1000"
"2037","2025-09-25","1等","0","0"
"2037","2025-09-25","2等","3","19538100"
"2037","2025-09-25","3等","251","252100"
"2037","2025-09-25","4等","12515","5300"
"2037","2025-09-25","5等","188891","1000"
"2038","2025-09-29","1等","1","468137300"
"2038","2025-09-29","2等","10","8183100"
"2038","2025-09-29","3等","156","566500"
"2038","2025-09-29","4等","8779","10600"
"2038","2025-09-29","5等","152703","1000"
"2039","2025-10-02","1等","0","0"
"2039","2025-10-02","2等","11","5874600"
"2039","2025-10-02","3等","271","257500"
"2039","2025-10-02","4等","11331","6500"
"2039","2025-10-02","5等","169403","1000"
"2040","2025-10-06","1等","1","474998900"
"2040","2025-10-06","2等","8","9735400"
"2040","2025-10-06","3等","301","279400"
"2040","2025-10-06","4等","14739","6000"
"2040","2025-10-06","5等","229684","1000"
"2041","2025-10-09","1等","0","0"
"2041","2025-10-09","2等","13","4834800"
"2041","2025-10-09","3等","233","291300"
"2041","2025-10-09","4等","10452","6800"
"2041","2025-10-09","5等","156707","1000"
"2042","2025-10-13","1等","1","470308700"
"2042","2025-10-13","2等","5","15648900"
"2042","2025-10-13","3等","179","472000"
"2042","2025-10-13","4等","9622","9200"
"2042","2025-10-13","5等","157062","1000"
"2043","2025-10-16","1等","0","0"
"2043","2025-10-16","2等","5","13422300"
"2043","2025-10-16","3等","183","306000"
"2043","2025-10-16","4等","8573","8900"
"2043","2025-10-16","5等","142617","1000"
"2044","2025-10-20","1等","0","0"
"2044","2025-10-20","2等","6","13035600"
"2044","2025-10-20","3等","291","290200"
"2044","2025-10-20","4等","13818","6400"
"2044","2025-10-20","5等","212520","1000"
"2045","2025-10-23","1等","3","239377600"
"2045","2025-10-23","2等","14","5008600"
"2045","2025-10-23","3等","596","127000"
"2045","2025-10-23","4等","21477","3700"
"2045","2025-10-23","5等","272776","1000"
"2046","2025-10-27","1等","3","65800600"
"2046","2025-10-27","2等","21","2820100"
"2046","2025-10-27","3等","470","136000"
"2046","2025-10-27","4等","16168","4100"
"2046","2025-10-27","5等","209575","1000"
"2047","2025-10-30","1等","0","0"
"2047","2025-10-30","2等","3","21072900"
"2047","2025-10-30","3等","165","413700"
"2047","2025-10-30","4等","8955","8000"
"2047","2025-10-30","5等","155144","1000"
"2048","2025-11-03","1等","0","0"
"2048","2025-11-03","2等","7","11040800"
"2048","2025-11-03","3等","162","515200"
"2048","2025-11-03","4等","10649","8200"
"2048","2025-11-03","5等","175084","1000"
"2049","2025-11-06","1等","0","0"
"2049","2025-11-06","2等","9","9503600"
"2049","2025-11-06","3等","190","486100"
"2049","2025-11-06","4等","10720","9100"
"2049","2025-11-06","5等","179593","1000"
"2050","2025-11-10","1等","0","0"
"2050","2025-11-10","2等","10","9002800"
"2050","2025-11-10","3等","309","314600"
"2050","2025-11-10","4等","15774","6500"
"2050","2025-11-10","5等","248843","1000"
"2051","2025-11-13","1等","2","600000000"
"2051","2025-11-13","2等","15","6459800"
"2051","2025-11-13","3等","481","217500"
"2051","2025-11-13","4等","17971","6100"
"2051","2025-11-13","5等","258708","1000"
"2052","2025-11-17","1等","0","0"
"2052","2025-11-17","2等","5","15641200"
"2052","2025-11-17","3等","240","351900"
"2052","2025-11-17","4等","12225","7300"
"2052","2025-11-17","5等","195372","1000"
"2053","2025-11-20","1等","0","0"
"2053","2025-11-20","2等","4","21547200"
"2053","2025-11-20","3等","145","641900"
"2053","2025-11-20","4等","9252","10600"
"2053","2025-11-20","5等","162769","1000"
"2054","2025-11-24","1等","1","600000000"
"2054","2025-11-24","2等","1","91661400"
"2054","2025-11-24","3等","239","414100"
"2054","2025-11-24","4等","12213","8500"
"2054","2025-11-24","5等","203450","1000"
"2055","2025-11-27","1等","0","0"
"2055","2025-11-27","2等","9","8790700"
"2055","2025-11-27","3等","258","331100"
"2055","2025-11-27","4等","13553","6600"
"2055","2025-11-27","5等","227553","1000"
"2056","2025-12-01","1等","1","600000000"
"2056","2025-12-01","2等","6","14641600"
"2056","2025-12-01","3等","408","232500"
"2056","2025-12-01","4等","17973","5500"
"2056","2025-12-01","5等","262734","1000"
"2057","2025-12-04","1等","3","217303700"
"2057","2025-12-04","2等","7","11373600"
"2057","2025-12-04","3等","263","326900"
"2057","2025-12-04","4等","13310","6800"
"2057","2025-12-04","5等","207944","1000"
"2058","2025-12-08","1等","2","115587500"
"2058","2025-12-08","2等","4","17338600"
"2058","2025-12-08","3等","171","438000"
"2058","2025-12-08","4等","9488","8300"
"2058","2025-12-08","5等","172385","1000"
"2059","2025-12-11","1等","2","110548300"
"2059","2025-12-11","2等","6","11055100"
"2059","2025-12-11","3等","193","371100"
"2059","2025-12-11","4等","10577","7100"
"2059","2025-12-11","5等","161791","1000"
"2060","2025-12-15","1等","1","200000000"
"2060","2025-12-15","2等","7","10426600"
"2060","2025-12-15","3等","164","480600"
"2060","2025-12-15","4等","8955","9300"
"2060","2025-12-15","5等","147543","1000"
"2061","2025-12-18","1等","1","276436400"
"2061","2025-12-18","2等","3","23316400"
"2061","2025-12-18","3等","319","236800"
"2061","2025-12-18","4等","11939","6600"
"2061","2025-12-18","5等","182215","1000"
"2062","2025-12-22","1等","1","200000000"
"2062","2025-12-22","2等","11","6782200"
"2062","2025-12-22","3等","292","275900"
"2062","2025-12-22","4等","12385","6800"
"2062","2025-12-22","5等","192461","1000"
"2063","2025-12-25","1等","0","0"
"2063","2025-12-25","2等","6","13231600"
"2063","2025-12-25","3等","144","595400"
"2063","2025-12-25","4等","9010","10000"
"2063","2025-12-25","5等","162075","1000"
"2064","2025-12-29","1等","1","600000000"
"2064","2025-12-29","2等","12","7315700"
"2064","2025-12-29","3等","264","359100"
"2064","2025-12-29","4等","14217","7000"
"2064","2025-12-29","5等","227361","1000"
"2065","2026-01-05","1等","0","0"
"2065","2026-01-05","2等","5","15198300"
"2065","2026-01-05","3等","215","381700"
"2065","2026-01-05","4等","10741","8000"
"2065","2026-01-05","5等","178338","1000"
"2066","2026-01-08","1等","1","542887200"
"2066","2026-01-08","2等","4","21275800"
"2066","2026-01-08","3等","156","589100"
"2066","2026-01-08","4等","10434","9300"
"2066","2026-01-08","5等","185431","1000"
"2067","2026-01-12","1等","0","0"
"2067","2026-01-12","2等","6","11094200"
"2067","2026-01-12","3等","195","368600"
"2067","2026-01-12","4等","10677","7100"
"2067","2026-01-12","5等","185401","1000"
"2068","2026-01-15","1等","0","0"
"2068","2026-01-15","2等","6","13131100"
"2068","2026-01-15","3等","378","225000"
"2068","2026-01-15","4等","14922","6000"
"2068","2026-01-15","5等","223597","1000"
"2069","2026-01-19","1等","9","86819200"
"2069","2026-01-19","2等","11","8097000"
"2069","2026-01-19","3等","361","266400"
"2069","2026-01-19","4等","15509","6500"
"2069","2026-01-19","5等","241214","1000"
"2070","2026-01-22","1等","1","200000000"
"2070","2026-01-22","2等","9","7397100"
"2070","2026-01-22","3等","151","476100"
"2070","2026-01-22","4等","8966","8400"
"2070","2026-01-22","5等","156035","1000"
"2071","2026-01-26","1等","0","0"
"2071","2026-01-26","2等","4","18897900"
"2071","2026-01-26","3等","253","322600"
"2071","2026-01-26","4等","11221","7600"
"2071","2026-01-26","5等","177707","1000"
"2072","2026-01-29","1等","0","0"
"2072","2026-01-29","2等","6","13209300"
"2072","2026-01-29","3等","306","279700"
"2072","2026-01-29","4等","12711","7100"
"2072","2026-01-29","5等","188758","1000"
"2073","2026-02-02","1等","0","0"
"2073","2026-02-02","2等","13","6667900"
"2073","2026-02-02","3等","378","247600"
"2073","2026-02-02","4等","17612","5600"
"2073","2026-02-02","5等","270616","1000"
"2074","2026-02-05","1等","4","281563500"
"2074","2026-02-05","2等","18","4987900"
"2074","2026-02-05","3等","649","149400"
"2074","2026-02-05","4等","19672","5200"
"2074","2026-02-05","5等","263713","1000"
"2075","2026-02-09","1等","0","0"
"2075","2026-02-09","2等","2","33333300"
"2075","2026-02-09","3等","177","406700"
"2075","2026-02-09","4等","10275","7400"
"2075","2026-02-09","5等","169978","1000"
"2076","2026-02-12","1等","5","94842000"
"2076","2026-02-12","2等","7","10800100"
"2076","2026-02-12","3等","579","141000"
"2076","2026-02-12","4等","14943","5700"
"2076","2026-02-12","5等","195735","1000"
"2077","2026-02-16","1等","0","0"
"2077","2026-02-16","2等","4","17916200"
"2077","2026-02-16","3等","155","499300"
"2077","2026-02-16","4等","9258","8800"
"2077","2026-02-16","5等","161757","1000"
"2078","2026-02-19","1等","1","495292100"
"2078","2026-02-19","2等","6","12821200"
"2078","2026-02-19","3等","245","339000"
"2078","2026-02-19","4等","12042","7200"
"2078","2026-02-19","5等","181113","1000"
"2079","2026-02-23","1等","0","0"
"2079","2026-02-23","2等","16","3884800"
"2079","2026-02-23","3等","311","215800"
"2079","2026-02-23","4等","13225","5300"
"2079","2026-02-23","5等","195301","1000"
"2080","2026-02-26","1等","1","455170700"
"2080","2026-02-26","2等","10","7439800"
"2080","2026-02-26","3等","241","333300"
"2080","2026-02-26","4等","13400","6300"
"2080","2026-02-26","5等","198415","1000"
"2081","2026-03-02","1等","0","0"
"2081","2026-03-02","2等","3","24703300"
"2081","2026-03-02","3等","154","519700"
"2081","2026-03-02","4等","8262","10200"
"2081","2026-03-02","5等","140455","1000"
"2082","2026-03-05","1等","2","266807600"
"2082","2026-03-05","2等","6","14329900"
"2082","2026-03-05","3等","293","316900"
"2082","2026-03-05","4等","14596","6700"
"2082","2026-03-05","5等","232454","1000"
"2083","2026-03-09","1等","0","0"
"2083","2026-03-09","2等","7","9010700"
"2083","2026-03-09","3等","302","225500"
"2083","2026-03-09","4等","13544","5300"
"2083","2026-03-09","5等","199383","1000"
"2084","2026-03-12","1等","0","0"
"2084","2026-03-12","2等","8","9460500"
"2084","2026-03-12","3等","290","281800"
"2084","2026-03-12","4等","11789","7300"
"2084","2026-03-12","5等","183453","1000"
"2085","2026-03-16","1等","1","600000000"
"2085","2026-03-16","2等","3","26889600"
"2085","2026-03-16","3等","276","315600"
"2085","2026-03-16","4等","12985","7000"
"2085","2026-03-16","5等","208313","1000"
"2086","2026-03-19","1等","0","0"
"2086","2026-03-19","2等","15","4915400"
"2086","2026-03-19","3等","296","269000"
"2086","2026-03-19","4等","12723","6600"
"2086","2026-03-19","5等","188055","1000"
"2087","2026-03-23","1等","1","600000000"
"2087","2026-03-23","2等","9","8467700"
"2087","2026-03-23","3等","302","272500"
"2087","2026-03-23","4等","14390","6000"
"2087","2026-03-23","5等","216634","1000"
"2088","2026-03-26","1等","3","85315200"
"2088","2026-03-26","2等","11","6129800"
"2088","2026-03-26","3等","282","258200"
"2088","2026-03-26","4等","12626","6000"
"2088","2026-03-26","5等","184969","1000"
"2089","2026-03-30","1等","0","0"
"2089","2026-03-30","2等","11","6458300"
"2089","2026-03-30","3等","162","473500"
"2089","2026-03-30","4等","9049","8900"
"2089","2026-03-30","5等","151757","1000"
"2090","2026-04-02","1等","1","449917100"
"2090","2026-04-02","2等","8","7992100"
"2090","2026-04-02","3等","476","145000"
"2090","2026-04-02","4等","19544","3700"
"2090","2026-04-02","5等","251566","1000"
"2091","2026-04-06","1等","0","0"
"2091","2026-04-06","2等","2","34177100"
"2091","2026-04-06","3等","187","394700"
"2091","2026-04-06","4等","9022","8600"
"2091","2026-04-06","5等","160010","1000"
"2092","2026-04-09","1等","0","0"
"2092","2026-04-09","2等","6","12644000"
"2092","2026-04-09","3等","264","310300"
"2092","2026-04-09","4等","11718","7300"
"2092","2026-04-09","5等","181007","1000"
"2093","2026-04-13","1等","0","0"
"2093","2026-04-13","2等","16","5077800"
"2093","2026-04-13","3等","329","266600"
"2093","2026-04-13","4等","14455","6400"
"2093","2026-04-13","5等","224282","1000"
"2094","2026-04-16","1等","5","200321600"
"2094","2026-04-16","2等","18","4168200"
"2094","2026-04-16","3等","710","114100"
"2094","2026-04-16","4等","25626","3300"
"2094","2026-04-16","5等","316889","1000"
"2095","2026-04-20","1等","0","0"
"2095","2026-04-20","2等","5","14547300"
"2095","2026-04-20","3等","175","448800"
"2095","2026-04-20","4等","8524","9700"
"2095","2026-04-20","5等","153085","1000"
"2096","2026-04-23","1等","0","0"
"2096","2026-04-23","2等","6","12574100"
"2096","2026-04-23","3等","239","340900"
"2096","2026-04-23","4等","12495","6800"
"2096","2026-04-23","5等","190942","1000"
"2097","2026-04-27","1等","0","0"
"2097","2026-04-27","2等","4","21894400"
"2097","2026-04-27","3等","261","362300"
"2097","2026-04-27","4等","12217","8100"
"2097","2026-04-27","5等","202554","1000"
"2098","2026-04-30","1等","2","536215400"
"2098","2026-04-30","2等","18","4776600"
"2098","2026-04-30","3等","254","365500"
"2098","2026-04-30","4等","14486","6700"
"2098","2026-04-30","5等","235925","1000"
"2099","2026-05-04","1等","0","0"
"2099","2026-05-04","2等","2","36859100"
"2099","2026-05-04","3等","126","631800"
"2099","2026-05-04","4等","7983","10500"
"2099","2026-05-04","5等","139177","1000"
"2100","2026-05-07","1等","5","100644600"
"2100","2026-05-07","2等","15","5150200"
"2100","2026-05-07","3等","461","180900"
"2100","2026-05-07","4等","15912","5500"
"2100","2026-05-07","5等","212199","1000"
"2101","2026-05-11","1等","2","119417600"
"2101","2026-05-11","2等","3","23884300"
"2101","2026-05-11","3等","158","489700"
"2101","2026-05-11","4等","8609","9400"
"2101","2026-05-11","5等","143366","1000"
"2102","2026-05-14","1等","1","200000000"
"2102","2026-05-14","2等","8","8382900"
"2102","2026-05-14","3等","148","489300"
"2102","2026-05-14","4等","8874","8600"
"2102","2026-05-14","5等","147401","1000"
"2103","2026-05-18","1等","2","121423400"
"2103","2026-05-18","2等","6","10965700"
"2103","2026-05-18","3等","523","135800"
"2103","2026-05-18","4等","18465","4000"
"2103","2026-05-18","5等","234935","1000"
"2104","2026-05-21","1等","1","200000000"
"2104","2026-05-21","2等","9","7195000"
"2104","2026-05-21","3等","180","388500"
"2104","2026-05-21","4等","9725","7500"
"2104","2026-05-21","5等","153283","1000"
"2105","2026-05-25","1等","0","0"
"2105","2026-05-25","2等","5","15075200"
"2105","2026-05-25","3等","159","511900"
"2105","2026-05-25","4等","8406","10200"
"2105","2026-05-25","5等","151323","1000"
"2106","2026-05-28","1等","2","261492400"
"2106","2026-05-28","2等","12","6397500"
"2106","2026-05-28","3等","269","308200"
"2106","2026-05-28","4等","12294","7100"
"2106","2026-05-28","5等","193814","1000"
"2107","2026-06-01","1等","1","200000000"
"2107","2026-06-01","2等","6","11670300"
"2107","2026-06-01","3等","241","313700"
"2107","2026-06-01","4等","11251","7100"
"2107","2026-06-01","5等","181175","1000"
"2108","2026-06-04","1等","3","83434500"
"2108","2026-06-04","2等","6","10845500"
"2108","2026-06-04","3等","313","224500"
"2108","2026-06-04","4等","13552","5400"
"2108","2026-06-04","5等","195451","1000"
"2109","2026-06-08","1等","1","200000000"
"2109","2026-06-08","2等","6","10863700"
"2109","2026-06-08","3等","234","300800"
"2109","2026-06-08","4等","10718","6900"
"2109","2026-06-08","5等","171685","1000"
"2110","2026-06-11","1等","2","124941200"
"2110","2026-06-11","2等","4","17446600"
"2110","2026-06-11","3等","217","347300"
"2110","2026-06-11","4等","11138","7100"
"2110","2026-06-11","5等","167812","1000"
"2111","2026-06-15","1等","0","0"
"2111","2026-06-15","2等","5","12451400"
"2111","2026-06-15","3等","259","259500"
"2111","2026-06-15","4等","13929","5100"
"2111","2026-06-15","5等","216748","1000"
"2112","2026-06-18","1等","0","0"
"2112","2026-06-18","2等","4","18589200"
"2112","2026-06-18","3等","293","274000"
"2112","2026-06-18","4等","14317","5900"
"2112","2026-06-18","5等","218891","1000"
"2113","2026-06-22","1等","0","0"
"2113","2026-06-22","2等","8","10842600"
"2113","2026-06-22","3等","225","416300"
"2113","2026-06-22","4等","12885","7600"
"2113","2026-06-22","5等","213988","1000"
"2114","2026-06-25","1等","2","525897600"
"2114","2026-06-25","2等","8","11524100"
"2114","2026-06-25","3等","313","318000"
"2114","2026-06-25","4等","13496","7700"
"2114","2026-06-25","5等","212254","1000"
"2115","2026-06-29","1等","0","0"
"2115","2026-06-29","2等","8","8572400"
"2115","2026-06-29","3等","171","433100"
"2115","2026-06-29","4等","10071","7700"
"2115","2026-06-29","5等","168868","1000"
"2116","2026-07-02","1等","1","485666100"
"2116","2026-07-02","2等","7","11017800"
"2116","2026-07-02","3等","226","368500"
"2116","2026-07-02","4等","12948","6700"
"2116","2026-07-02","5等","216056","1000"
"2117","2026-07-06","1等","0","0"
"2117","2026-07-06","2等","4","17279500"
"2117","2026-07-06","3等","213","350400"
"2117","2026-07-06","4等","11374","6900"
"2117","2026-07-06","5等","181867","1000"
"2118","2026-07-09","1等","0","0"
"2118","2026-07-09","2等","6","12588100"
"2118","2026-07-09","3等","323","252500"
"2118","2026-07-09","4等","14687","5800"
"2118","2026-07-09","5等","223868","1000"
"2119","2026-07-13","1等","1","600000000"
"2119","2026-07-13","2等","2","44295500"
"2119","2026-07-13","3等","193","495700"
"2119","2026-07-13","4等","11079","9100"
"2119","2026-07-13","5等","192434","1000"
"2120","2026-07-16","1等","0","0"
"2120","2026-07-16","2等","9","8040500"
"2120","2026-07-16","3等","195","400700"
"2120","2026-07-16","4等","11417","7200"
"2120","2026-07-16","5等","201006","1000"
"2121","2026-07-20","1等","1","600000000"
"2121","2026-07-20","2等","11","7086200"
"2121","2026-07-20","3等","479","175700"
"2121","2026-07-20","4等","17960","4900"
"2121","2026-07-20","5等","251843","1000"
"2122","2026-07-23","1等","0","0"
"2122","2026-07-23","2等","8","8735200"
"2122","2026-07-23","3等","224","336900"
"2122","2026-07-23","4等","10717","7400"
"2122","2026-07-23","5等","174785","1000"
"2123","2026-07-27","1等","2","293335100"
"2123","2026-07-27","2等","8","10323100"
"2123","2026-07-27","3等","194","459700"
"2123","2026-07-27","4等","10917","8600"
"2123","2026-07-27","5等","194406","1000"
"2124","2026-07-30","1等","0","0"
"2124","2026-07-30","2等","8","8247000"
"2124","2026-07-30","3等","165","431800"
"2124","2026-07-30","4等","8005","9400"
"2124","2026-07-30","5等","134914","1000"
"2125","2026-08-03","1等","0","0"
"2125","2026-08-03","2等","7","11573900"
"2125","2026-08-03","3等","241","363000"
"2125","2026-08-03","4等","11686","7900"
"2125","2026-08-03","5等","192692","1000"
"2126","2026-08-06","1等","1","600000000"
"2126","2026-08-06","2等","4","20492900"
"2126","2026-08-06","3等","240","368800"
"2126","2026-08-06","4等","11134","8400"
"2126","2026-08-06","5等","187447","1000"
"2127","2026-08-10","1等","1","408302200"
"2127","2026-08-10","2等","5","14706900"
"2127","2026-08-10","3等","357","222400"
"2127","2026-08-10","4等","13333","6200"
"2127","2026-08-10","5等","200568","1000"
"2128","2026-08-13","1等","1","200000000"
"2128","2026-08-13","2等","8","7887200"
"2128","2026-08-13","3等","215","316900"
"2128","2026-08-13","4等","9087","7900"
"2128","2026-08-13","5等","141943","1000"
"2129","2026-08-17","1等","0","0"
"2129","2026-08-17","2等","2","34449900"
"2129","2026-08-17","3等","258","288400"
"2129","2026-08-17","4等","12822","6100"
"2129","2026-08-17","5等","199767","1000"
"2130","2026-08-20","1等","1","510089600"
"2130","2026-08-20","2等","7","11576500"
"2130","2026-08-20","3等","159","550400"
"2130","2026-08-20","4等","9411","9800"
"2130","2026-08-20","5等","160646","1000"
"2131","2026-08-24","1等","0","0"
"2131","2026-08-24","2等","3","23703800"
"2131","2026-08-24","3等","126","609500"
"2131","2026-08-24","4等","7419","10900"
"2131","2026-08-24","5等","138544","1000"
