"回号","抽せん日","等級","当せん口数","当せん金額"
"1","2013-04-05","1等","1","301716500"
"1","2013-04-05","2等","24","4144600"
"1","2013-04-05","3等","168","828900"
"1","2013-04-05","4等","8254","9800"
"1","2013-04-05","5等","115022","1700"
"1","2013-04-05","6等","189593","900"
"2","2013-04-12","1等","0","0"
"2","2013-04-12","2等","3","27968500"
"2","2013-04-12","3等","63","1864500"
"2","2013-04-12","4等","3631","18900"
"2","2013-04-12","5等","67155","2500"
"2","2013-04-12","6等","122990","1200"
"3","2013-04-19","1等","0","0"
"3","2013-04-19","2等","15","8717200"
"3","2013-04-19","3等","218","839700"
"3","2013-04-19","4等","9957","10700"
"3","2013-04-19","5等","147796","1700"
"3","2013-04-19","6等","252702","900"
"4","2013-04-26","1等","0","0"
"4","2013-04-26","2等","6","22730100"
"4","2013-04-26","3等","132","1446400"
"4","2013-04-26","4等","7217","15500"
"4","2013-04-26","5等","127060","2100"
"4","2013-04-26","6等","217162","1100"
"5","2013-05-03","1等","0","0"
"5","2013-05-03","2等","13","11525600"
"5","2013-05-03","3等","217","966600"
"5","2013-05-03","4等","10451","11700"
"5","2013-05-03","5等","163965","1800"
"5","2013-05-03","6等","239669","1100"
"6","2013-05-10","1等","0","0"
"6","2013-05-10","2等","13","12174300"
"6","2013-05-10","3等","166","1334700"
"6","2013-05-10","4等","9111","14200"
"6","2013-05-10","5等","158890","2000"
"6","2013-05-10","6等","271441","1000"
"7","2013-05-17","1等","3","800000000"
"7","2013-05-17","2等","18","8835900"
"7","2013-05-17","3等","209","1065300"
"7","2013-05-17","4等","10300","12600"
"7","2013-05-17","5等","164712","1900"
"7","2013-05-17","6等","287966","1000"
"8","2013-05-24","1等","0","0"
"8","2013-05-24","2等","4","28966000"
"8","2013-05-24","3等","98","1655100"
"8","2013-05-24","4等","5628","16900"
"8","2013-05-24","5等","98454","2300"
"8","2013-05-24","6等","201752","1000"
"9","2013-05-31","1等","2","380111200"
"9","2013-05-31","2等","4","30883600"
"9","2013-05-31","3等","201","860400"
"9","2013-05-31","4等","8281","12200"
"9","2013-05-31","5等","129548","1900"
"9","2013-05-31","6等","213199","1000"
"10","2013-06-07","1等","0","0"
"10","2013-06-07","2等","4","26389000"
"10","2013-06-07","3等","147","1005200"
"10","2013-06-07","4等","6861","12600"
"10","2013-06-07","5等","113261","1800"
"10","2013-06-07","6等","166137","1100"
"11","2013-06-14","1等","1","707670400"
"11","2013-06-14","2等","6","20977400"
"11","2013-06-14","3等","138","1276800"
"11","2013-06-14","4等","6700","15400"
"11","2013-06-14","5等","112138","2200"
"11","2013-06-14","6等","211430","1000"
"12","2013-06-21","1等","1","296535200"
"12","2013-06-21","2等","9","11274500"
"12","2013-06-21","3等","198","717400"
"12","2013-06-21","4等","7888","10500"
"12","2013-06-21","5等","111522","1800"
"12","2013-06-21","6等","167040","1100"
"13","2013-06-28","1等","0","0"
"13","2013-06-28","2等","8","12556800"
"13","2013-06-28","3等","116","1212300"
"13","2013-06-28","4等","6420","12800"
"13","2013-06-28","5等","102857","1900"
"13","2013-06-28","6等","180788","1000"
"14","2013-07-05","1等","2","316971200"
"14","2013-07-05","2等","16","7259000"
"14","2013-07-05","3等","206","789300"
"14","2013-07-05","4等","9151","10400"
"14","2013-07-05","5等","138034","1700"
"14","2013-07-05","6等","208315","1000"
"15","2013-07-12","1等","2","139246400"
"15","2013-07-12","2等","10","9268900"
"15","2013-07-12","3等","112","1158600"
"15","2013-07-12","4等","5732","13200"
"15","2013-07-12","5等","92282","2000"
"15","2013-07-12","6等","176674","900"
"16","2013-07-19","1等","1","259314500"
"16","2013-07-19","2等","4","21862000"
"16","2013-07-19","3等","105","1165900"
"16","2013-07-19","4等","4943","14500"
"16","2013-07-19","5等","83727","2100"
"16","2013-07-19","6等","151462","1000"
"17","2013-07-26","1等","0","0"
"17","2013-07-26","2等","4","20977700"
"17","2013-07-26","3等","90","1305200"
"17","2013-07-26","4等","4666","14700"
"17","2013-07-26","5等","77221","2200"
"17","2013-07-26","6等","169662","800"
"18","2013-08-02","1等","4","138991400"
"18","2013-08-02","2等","6","16682100"
"18","2013-08-02","3等","217","645700"
"18","2013-08-02","4等","6847","1200"
"18","2013-08-02","5等","97855","2000"
"18","2013-08-02","6等","147556","1200"
"19","2013-08-09","1等","0","0"
"19","2013-08-09","2等","4","19848700"
"19","2013-08-09","3等","76","1462500"
"19","2013-08-09","4等","3806","17100"
"19","2013-08-09","5等","64380","2500"
"19","2013-08-09","6等","114009","1200"
"20","2013-08-16","1等","0","0"
"20","2013-08-16","2等","7","14478600"
"20","2013-08-16","3等","127","1117200"
"20","2013-08-16","4等","8054","10300"
"20","2013-08-16","5等","106761","1900"
"20","2013-08-16","6等","175616","1000"
"21","2013-08-23","1等","1","800000000"
"21","2013-08-23","2等","10","12244200"
"21","2013-08-23","3等","132","1298600"
"21","2013-08-23","4等","6801","14700"
"21","2013-08-23","5等","112769","2200"
"21","2013-08-23","6等","194579","1100"
"22","2013-08-30","1等","0","0"
"22","2013-08-30","2等","14","7236900"
"22","2013-08-30","3等","164","864800"
"22","2013-08-30","4等","7789","10600"
"22","2013-08-30","5等","117980","1700"
"22","2013-08-30","6等","203297","900"
"23","2013-09-06","1等","1","746478700"
"23","2013-09-06","2等","12","9581100"
"23","2013-09-06","3等","166","969600"
"23","2013-09-06","4等","8013","11700"
"23","2013-09-06","5等","124341","1800"
"23","2013-09-06","6等","193931","1000"
"24","2013-09-13","1等","0","0"
"24","2013-09-13","2等","6","14535600"
"24","2013-09-13","3等","120","1017400"
"24","2013-09-13","4等","5270","13500"
"24","2013-09-13","5等","86619","2000"
"24","2013-09-13","6等","154752","1000"
"25","2013-09-20","1等","2","288220500"
"25","2013-09-20","2等","4","25836500"
"25","2013-09-20","3等","102","1418400"
"25","2013-09-20","4等","5581","15200"
"25","2013-09-20","5等","91372","2200"
"25","2013-09-20","6等","173039","1000"
"26","2013-09-27","1等","0","0"
"26","2013-09-27","2等","3","27534000"
"26","2013-09-27","3等","68","1700600"
"26","2013-09-27","4等","4092","16500"
"26","2013-09-27","5等","69621","2400"
"26","2013-09-27","6等","131086","1100"
"27","2013-10-04","1等","0","0"
"27","2013-10-04","2等","7","14134500"
"27","2013-10-04","3等","130","1065500"
"27","2013-10-04","4等","5972","13600"
"27","2013-10-04","5等","97788","2000"
"27","2013-10-04","6等","176737","1000"
"28","2013-10-11","1等","1","800000000"
"28","2013-10-11","2等","8","14005000"
"28","2013-10-11","3等","173","906600"
"28","2013-10-11","4等","8428","10900"
"28","2013-10-11","5等","117449","1900"
"28","2013-10-11","6等","181526","1100"
"29","2013-10-18","1等","0","0"
"29","2013-10-18","2等","8","12465300"
"29","2013-10-18","3等","118","1183100"
"29","2013-10-18","4等","6600","12400"
"29","2013-10-18","5等","109583","1800"
"29","2013-10-18","6等","183727","900"
"30","2013-10-25","1等","0","0"
"30","2013-10-25","2等","10","11720500"
"30","2013-10-25","3等","115","1426800"
"30","2013-10-25","4等","6578","14600"
"30","2013-10-25","5等","109416","2100"
"30","2013-10-25","6等","187753","1100"
"31","2013-11-01","1等","1","800000000"
"31","2013-11-01","2等","10","13498600"
"31","2013-11-01","3等","161","1173700"
"31","2013-11-01","4等","8364","13200"
"31","2013-11-01","5等","133958","2000"
"31","2013-11-01","6等","205732","1100"
"32","2013-11-08","1等","3","225745200"
"32","2013-11-08","2等","9","12679800"
"32","2013-11-08","3等","176","907700"
"32","2013-11-08","4等","8081","11500"
"32","2013-11-08","5等","125046","1800"
"32","2013-11-08","6等","194399","1000"
"33","2013-11-15","1等","0","0"
"33","2013-11-15","2等","6","14839800"
"33","2013-11-15","3等","127","981500"
"33","2013-11-15","4等","5830","12500"
"33","2013-11-15","5等","87193","2000"
"33","2013-11-15","6等","142603","1100"
"34","2013-11-22","1等","0","0"
"34","2013-11-22","2等","9","11700500"
"34","2013-11-22","3等","147","1002800"
"34","2013-11-22","4等","6976","12300"
"34","2013-11-22","5等","108906","1900"
"34","2013-11-22","6等","197576","900"
"35","2013-11-29","1等","0","0"
"35","2013-11-29","2等","2","57126000"
"35","2013-11-29","3等","88","1817600"
"35","2013-11-29","4等","6079","15400"
"35","2013-11-29","5等","103961","2200"
"35","2013-11-29","6等","170370","1200"
"36","2013-12-06","1等","1","800000000"
"36","2013-12-06","2等","10","12705800"
"36","2013-12-06","3等","200","889300"
"36","2013-12-06","4等","9252","11200"
"36","2013-12-06","5等","142419","1800"
"36","2013-12-06","6等","223589","1000"
"37","2013-12-13","1等","1","800000000"
"37","2013-12-13","2等","8","13943800"
"37","2013-12-13","3等","125","1249300"
"37","2013-12-13","4等","6741","13500"
"37","2013-12-13","5等","113597","1900"
"37","2013-12-13","6等","193752","1000"
"38","2013-12-20","1等","1","323677300"
"38","2013-12-20","2等","19","5241700"
"38","2013-12-20","3等","670","208100"
"38","2013-12-20","4等","6320","12900"
"38","2013-12-20","5等","89901","2200"
"38","2013-12-20","6等","163891","1100"
"39","2013-12-27","1等","1","279333700"
"39","2013-12-27","2等","9","10369500"
"39","2013-12-27","3等","104","1256200"
"39","2013-12-27","4等","5865","13000"
"39","2013-12-27","5等","94790","1900"
"39","2013-12-27","6等","166850","1000"
"40","2014-01-10","1等","1","281251400"
"40","2014-01-10","2等","8","11663700"
"40","2014-01-10","3等","136","960500"
"40","2014-01-10","4等","6276","12200"
"40","2014-01-10","5等","97091","1900"
"40","2014-01-10","6等","160108","1000"
"41","2014-01-17","1等","0","0"
"41","2014-01-17","2等","18","4576600"
"41","2014-01-17","3等","114","1011600"
"41","2014-01-17","4等","5690","11800"
"41","2014-01-17","5等","85743","1900"
"41","2014-01-17","6等","163995","900"
"42","2014-01-24","1等","1","564832800"
"42","2014-01-24","2等","9","11822000"
"42","2014-01-24","3等","152","979900"
"42","2014-01-24","4等","6789","12800"
"42","2014-01-24","5等","106318","2000"
"42","2014-01-24","6等","198943","900"
"43","2014-01-31","1等","0","0"
"43","2014-01-31","2等","7","12336300"
"43","2014-01-31","3等","131","922800"
"43","2014-01-31","4等","6190","11400"
"43","2014-01-31","5等","99278","1700"
"43","2014-01-31","6等","174501","900"
"44","2014-02-07","1等","0","0"
"44","2014-02-07","2等","26","4030700"
"44","2014-02-07","3等","285","514700"
"44","2014-02-07","4等","10327","8300"
"44","2014-02-07","5等","128463","1600"
"44","2014-02-07","6等","201888","900"
"45","2014-02-14","1等","0","0"
"45","2014-02-14","2等","9","12406400"
"45","2014-02-14","3等","163","959000"
"45","2014-02-14","4等","7190","12700"
"45","2014-02-14","5等","109093","2000"
"45","2014-02-14","6等","182578","1100"
"46","2014-02-21","1等","1","800000000"
"46","2014-02-21","2等","21","6075000"
"46","2014-02-21","3等","279","640100"
"46","2014-02-21","4等","11944","8700"
"46","2014-02-21","5等","166273","1500"
"46","2014-02-21","6等","269340","800"
"47","2014-02-28","1等","2","411638000"
"47","2014-02-28","2等","10","11192600"
"47","2014-02-28","3等","127","1233800"
"47","2014-02-28","4等","6304","14500"
"47","2014-02-28","5等","100950","2200"
"47","2014-02-28","6等","179186","1100"
"48","2014-03-07","1等","1","240970300"
"48","2014-03-07","2等","6","13821600"
"48","2014-03-07","3等","96","1209300"
"48","2014-03-07","4等","4568","14900"
"48","2014-03-07","5等","78659","2100"
"48","2014-03-07","6等","150052","1000"
"49","2014-03-14","1等","1","237579900"
"49","2014-03-14","2等","9","8854400"
"49","2014-03-14","3等","142","785600"
"49","2014-03-14","4等","5956","10900"
"49","2014-03-14","5等","91203","1700"
"49","2014-03-14","6等","129398","1100"
"50","2014-03-21","1等","2","112997700"
"50","2014-03-21","2等","13","5740400"
"50","2014-03-21","3等","193","541300"
"50","2014-03-21","4等","8096","7500"
"50","2014-03-21","5等","108710","1300"
"50","2014-03-21","6等","167151","800"
"51","2014-03-28","1等","0","0"
"51","2014-03-28","2等","7","11055400"
"51","2014-03-28","3等","85","1274600"
"51","2014-03-28","4等","5048","12500"
"51","2014-03-28","5等","79109","1900"
"51","2014-03-28","6等","140349","1000"
"52","2014-04-04","1等","0","0"
"52","2014-04-04","2等","7","13429000"
"52","2014-04-04","3等","78","1687200"
"52","2014-04-04","4等","4588","16800"
"52","2014-04-04","5等","80076","2300"
"52","2014-04-04","6等","157564","1000"
"53","2014-04-11","1等","2","424722700"
"53","2014-04-11","2等","11","10154700"
"53","2014-04-11","3等","105","1489300"
"53","2014-04-11","4等","5567","16400"
"53","2014-04-11","5等","94976","2300"
"53","2014-04-11","6等","166040","1200"
"54","2014-04-18","1等","0","0"
"54","2014-04-18","2等","12","6757100"
"54","2014-04-18","3等","156","727600"
"54","2014-04-18","4等","6012","11000"
"54","2014-04-18","5等","89428","1800"
"54","2014-04-18","6等","160144","900"
"55","2014-04-25","1等","1","536627600"
"55","2014-04-25","2等","5","20250200"
"55","2014-04-25","3等","132","173800"
"55","2014-04-25","4等","6629","12500"
"55","2014-04-25","5等","102151","2000"
"55","2014-04-25","6等","161412","1100"
"56","2014-05-02","1等","0","0"
"56","2014-05-02","2等","5","16071900"
"56","2014-05-02","3等","69","1630400"
"56","2014-05-02","4等","4476","14700"
"56","2014-05-02","5等","77069","2100"
"56","2014-05-02","6等","125240","1100"
"57","2014-05-09","1等","0","0"
"57","2014-05-09","2等","14","6948300"
"57","2014-05-09","3等","130","1047500"
"57","2014-05-09","4等","5981","13300"
"57","2014-05-09","5等","99333","1900"
"57","2014-05-09","6等","167658","1000"
"58","2014-05-16","1等","1","800000000"
"58","2014-05-16","2等","5","22002600"
"58","2014-05-16","3等","176","875000"
"58","2014-05-16","4等","7390","12200"
"58","2014-05-16","5等","115904","1900"
"58","2014-05-16","6等","204160","900"
"59","2014-05-23","1等","0","0"
"59","2014-05-23","2等","10","8769400"
"59","2014-05-23","3等","134","916100"
"59","2014-05-23","4等","6036","11900"
"59","2014-05-23","5等","90778","1900"
"59","2014-05-23","6等","152530","1000"
"60","2014-05-30","1等","1","636917600"
"60","2014-05-30","2等","10","9951000"
"60","2014-05-30","3等","203","686200"
"60","2014-05-30","4等","9309","8700"
"60","2014-05-30","5等","131989","1500"
"60","2014-05-30","6等","207951","800"
"61","2014-06-06","1等","1","231978000"
"61","2014-06-06","2等","5","15005200"
"61","2014-06-06","3等","110","954800"
"61","2014-06-06","4等","4819","12700"
"61","2014-06-06","5等","73709","2000"
"61","2014-06-06","6等","124174","1000"
"62","2014-06-13","1等","0","0"
"62","2014-06-13","2等","6","12590700"
"62","2014-06-13","3等","115","919600"
"62","2014-06-13","4等","5329","11600"
"62","2014-06-13","5等","82357","1800"
"62","2014-06-13","6等","137777","900"
"63","2014-06-20","1等","1","524339700"
"63","2014-06-20","2等","15","6457200"
"63","2014-06-20","3等","180","753300"
"63","2014-06-20","4等","7737","10200"
"63","2014-06-20","5等","107083","1800"
"63","2014-06-20","6等","167728","1000"
"64","2014-06-27","1等","0","0"
"64","2014-06-27","2等","2","38773400"
"64","2014-06-27","3等","71","1529000"
"64","2014-06-27","4等","4186","15200"
"64","2014-06-27","5等","72498","2100"
"64","2014-06-27","6等","110154","1200"
"65","2014-07-04","1等","0","0"
"65","2014-07-04","2等","13","7294900"
"65","2014-07-04","3等","184","721500"
"65","2014-07-04","4等","8698","8900"
"65","2014-07-04","5等","127318","1500"
"65","2014-07-04","6等","189206","900"
"66","2014-07-11","1等","0","0"
"66","2014-07-11","2等","3","35602400"
"66","2014-07-11","3等","104","1437700"
"66","2014-07-11","4等","5619","15600"
"66","2014-07-11","5等","99107","2100"
"66","2014-07-11","6等","172089","1100"
"67","2014-07-18","1等","0","0"
"67","2014-07-18","2等","13","9336100"
"67","2014-07-18","3等","166","1023500"
"67","2014-07-18","4等","7610","13000"
"67","2014-07-18","5等","121393","2000"
"67","2014-07-18","6等","220199","1000"
"68","2014-07-25","1等","1","800000000"
"68","2014-07-25","2等","25","5519400"
"68","2014-07-25","3等","210","919800"
"68","2014-07-25","4等","10354","10900"
"68","2014-07-25","5等","152027","1800"
"68","2014-07-25","6等","281508","800"
"69","2014-08-01","1等","1","800000000"
"69","2014-08-01","2等","9","13107500"
"69","2014-08-01","3等","118","1399600"
"69","2014-08-01","4等","5961","16200"
"69","2014-08-01","5等","99657","2400"
"69","2014-08-01","6等","179019","1100"
"70","2014-08-08","1等","3","222116800"
"70","2014-08-08","2等","15","6723700"
"70","2014-08-08","3等","163","866200"
"70","2014-08-08","4等","7266","11400"
"70","2014-08-08","5等","102768","1900"
"70","2014-08-08","6等","178645","1000"
"71","2014-08-15","1等","0","0"
"71","2014-08-15","2等","2","37959300"
"71","2014-08-15","3等","61","1742300"
"71","2014-08-15","4等","3423","18200"
"71","2014-08-15","5等","61037","2500"
"71","2014-08-15","6等","118919","1100"
"72","2014-08-22","1等","5","103896700"
"72","2014-08-22","2等","35","2815300"
"72","2014-08-22","3等","120","1149500"
"72","2014-08-22","4等","5236","15400"
"72","2014-08-22","5等","84053","2300"
"72","2014-08-22","6等","145081","1200"
"73","2014-08-29","1等","0","0"
"73","2014-08-29","2等","9","8881600"
"73","2014-08-29","3等","96","1165600"
"73","2014-08-29","4等","4888","13400"
"73","2014-08-29","5等","79551","2000"
"73","2014-08-29","6等","137375","1000"
"74","2014-09-05","1等","0","0"
"74","2014-09-05","2等","9","10902000"
"74","2014-09-05","3等","115","1194400"
"74","2014-09-05","4等","6063","13200"
"74","2014-09-05","5等","100706","1900"
"74","2014-09-05","6等","168688","1000"
"75","2014-09-12","1等","2","434459600"
"75","2014-09-12","2等","9","12033700"
"75","2014-09-12","3等","107","1417000"
"75","2014-09-12","4等","5858","15100"
"75","2014-09-12","5等","102544","2100"
"75","2014-09-12","6等","164397","1100"
"76","2014-09-19","1等","1","241111000"
"76","2014-09-19","2等","5","15503500"
"76","2014-09-19","3等","131","828400"
"76","2014-09-19","4等","4941","12800"
"76","2014-09-19","5等","76086","2000"
"76","2014-09-19","6等","141102","900"
"77","2014-09-26","1等","0","0"
"77","2014-09-26","2等","8","9431900"
"77","2014-09-26","3等","99","1067000"
"77","2014-09-26","4等","4833","12600"
"77","2014-09-26","5等","79505","1900"
"77","2014-09-26","6等","134731","1000"
"78","2014-10-03","1等","2","245019800"
"78","2014-10-03","2等","8","11188900"
"78","2014-10-03","3等","134","935100"
"78","2014-10-03","4等","6232","11700"
"78","2014-10-03","5等","93845","1900"
"78","2014-10-03","6等","153240","1000"
"79","2014-10-10","1等","0","0"
"79","2014-10-10","2等","8","9076100"
"79","2014-10-10","3等","83","1224700"
"79","2014-10-10","4等","4630","12800"
"79","2014-10-10","5等","76764","1900"
"79","2014-10-10","6等","127730","1000"
"80","2014-10-17","1等","0","0"
"80","2014-10-17","2等","6","15082300"
"80","2014-10-17","3等","161","786800"
"80","2014-10-17","4等","6067","12200"
"80","2014-10-17","5等","91076","2000"
"80","2014-10-17","6等","142350","1100"
"81","2014-10-24","1等","0","0"
"81","2014-10-24","2等","10","10885100"
"81","2014-10-24","3等","117","1302400"
"81","2014-10-24","4等","6097","14600"
"81","2014-10-24","5等","101530","2100"
"81","2014-10-24","6等","176500","1100"
"82","2014-10-31","1等","0","0"
"82","2014-10-31","2等","10","13060900"
"82","2014-10-31","3等","117","1562800"
"82","2014-10-31","4等","6744","15900"
"82","2014-10-31","5等","116324","2200"
"82","2014-10-31","6等","191383","1200"
"83","2014-11-07","1等","0","0"
"83","2014-11-07","2等","11","13156900"
"83","2014-11-07","3等","118","1717000"
"83","2014-11-07","4等","7047","16800"
"83","2014-11-07","5等","123990","2300"
"83","2014-11-07","6等","218185","1200"
"84","2014-11-14","1等","0","0"
"84","2014-11-14","2等","23","6770600"
"84","2014-11-14","3等","236","923700"
"84","2014-11-14","4等","12518","10200"
"84","2014-11-14","5等","180209","1700"
"84","2014-11-14","6等","291170","900"
"85","2014-11-21","1等","1","800000000"
"85","2014-11-21","2等","22","7538600"
"85","2014-11-21","3等","242","959400"
"85","2014-11-21","4等","10771","12600"
"85","2014-11-21","5等","170753","1900"
"85","2014-11-21","6等","306651","900"
"86","2014-11-28","1等","1","800000000"
"86","2014-11-28","2等","16","8694200"
"86","2014-11-28","3等","153","1272800"
"86","2014-11-28","4等","7353","15500"
"86","2014-11-28","5等","120914","2300"
"86","2014-11-28","6等","205807","1200"
"87","2014-12-05","1等","0","0"
"87","2014-12-05","2等","13","9776900"
"87","2014-12-05","3等","138","1289400"
"87","2014-12-05","4等","7821","13300"
"87","2014-12-05","5等","127559","2000"
"87","2014-12-05","6等","223589","1000"
"88","2014-12-12","1等","0","0"
"88","2014-12-12","2等","11","12013600"
"88","2014-12-12","3等","177","1045200"
"88","2014-12-12","4等","8800","12300"
"88","2014-12-12","5等","136071","1900"
"88","2014-12-12","6等","235427","1000"
"89","2014-12-19","1等","0","0"
"89","2014-12-19","2等","12","11582900"
"89","2014-12-19","3等","159","1223800"
"89","2014-12-19","4等","8388","13600"
"89","2014-12-19","5等","138336","2000"
"89","2014-12-19","6等","224541","1100"
"90","2014-12-26","1等","1","800000000"
"90","2014-12-26","2等","15","10036600"
"90","2014-12-26","3等","153","1377500"
"90","2014-12-26","4等","8377","14700"
"90","2014-12-26","5等","142874","2100"
"90","2014-12-26","6等","267154","1000"
"91","2015-01-09","1等","0","0"
"91","2015-01-09","2等","18","8186000"
"91","2015-01-09","3等","315","654800"
"91","2015-01-09","4等","11332","10600"
"91","2015-01-09","5等","162096","1800"
"91","2015-01-09","6等","260376","1000"
"92","2015-01-16","1等","1","800000000"
"92","2015-01-16","2等","9","15195400"
"92","2015-01-16","3等","162","1181800"
"92","2015-01-16","4等","7853","14300"
"92","2015-01-16","5等","133466","2000"
"92","2015-01-16","6等","245160","1000"
"93","2015-01-23","1等","2","800000000"
"93","2015-01-23","2等","10","12969400"
"93","2015-01-23","3等","139","1306200"
"93","2015-01-23","4等","7146","14900"
"93","2015-01-23","5等","117498","2200"
"93","2015-01-23","6等","196034","1200"
"94","2015-01-30","1等","2","705794000"
"94","2015-01-30","2等","8","15220500"
"94","2015-01-30","3等","120","1420500"
"94","2015-01-30","4等","6192","16100"
"94","2015-01-30","5等","104231","2300"
"94","2015-01-30","6等","181697","1200"
"95","2015-02-06","1等","0","0"
"95","2015-02-06","2等","5","18009000"
"95","2015-02-06","3等","89","1416400"
"95","2015-02-06","4等","4775","15400"
"95","2015-02-06","5等","79565","2200"
"95","2015-02-06","6等","146366","1100"
"96","2015-02-13","1等","0","0"
"96","2015-02-13","2等","15","6898400"
"96","2015-02-13","3等","130","1114300"
"96","2015-02-13","4等","6426","13200"
"96","2015-02-13","5等","103877","2000"
"96","2015-02-13","6等","180889","1000"
"97","2015-02-20","1等","1","800000000"
"97","2015-02-20","2等","16","6932900"
"97","2015-02-20","3等","129","1203800"
"97","2015-02-20","4等","6927","13100"
"97","2015-02-20","5等","111308","2000"
"97","2015-02-20","6等","178510","1100"
"98","2015-02-27","1等","0","0"
"98","2015-02-27","2等","18","5366700"
"98","2015-02-27","3等","189","715500"
"98","2015-02-27","4等","7746","10200"
"98","2015-02-27","5等","109792","1700"
"98","2015-02-27","6等","172961","1000"
"99","2015-03-06","1等","1","699064600"
"99","2015-03-06","2等","11","9328000"
"99","2015-03-06","3等","131","1096500"
"99","2015-03-06","4等","6826","12300"
"99","2015-03-06","5等","105445","1900"
"99","2015-03-06","6等","176597","1000"
"100","2015-03-13","1等","0","0"
"100","2015-03-13","2等","6","14043600"
"100","2015-03-13","3等","76","1552100"
"100","2015-03-13","4等","4479","15400"
"100","2015-03-13","5等","78016","2100"
"100","2015-03-13","6等","152645","1000"
"101","2015-03-20","1等","0","0"
"101","2015-03-20","2等","9","10648500"
"101","2015-03-20","3等","147","912700"
"101","2015-03-20","4等","5973","13100"
"101","2015-03-20","5等","97792","1900"
"101","2015-03-20","6等","177936","900"
"102","2015-03-27","1等","3","295337700"
"102","2015-03-27","2等","14","7795200"
"102","2015-03-27","3等","155","985700"
"102","2015-03-27","4等","7215","12400"
"102","2015-03-27","5等","117503","1800"
"102","2015-03-27","6等","200661","900"
"103","2015-04-03","1等","0","0"
"103","2015-04-03","2等","3","27272900"
"103","2015-04-03","3等","134","854800"
"103","2015-04-03","4等","5989","11200"
"103","2015-04-03","5等","91551","1800"
"103","2015-04-03","6等","133012","1100"
"104","2015-04-10","1等","1","523951100"
"104","2015-04-10","2等","7","13662100"
"104","2015-04-10","3等","129","1037800"
"104","2015-04-10","4等","6241","12500"
"104","2015-04-10","5等","98767","1900"
"104","2015-04-10","6等","168004","1000"
"105","2015-04-17","1等","1","248384000"
"105","2015-04-17","2等","12","6977900"
"105","2015-04-17","3等","116","1010500"
"105","2015-04-17","4等","5412","12700"
"105","2015-04-17","5等","85105","1900"
"105","2015-04-17","6等","137748","1100"
"106","2015-04-24","1等","0","0"
"106","2015-04-24","2等","10","8217800"
"106","2015-04-24","3等","105","1095600"
"106","2015-04-24","4等","4888","13800"
"106","2015-04-24","5等","78353","2100"
"106","2015-04-24","6等","144248","1000"
"107","2015-05-01","1等","0","0"
"107","2015-05-01","2等","15","6523000"
"107","2015-05-01","3等","165","830100"
"107","2015-05-01","4等","7623","10500"
"107","2015-05-01","5等","112363","1700"
"107","2015-05-01","6等","182521","900"
"108","2015-05-08","1等","0","0"
"108","2015-05-08","2等","15","6899600"
"108","2015-05-08","3等","164","883400"
"108","2015-05-08","4等","7155","11800"
"108","2015-05-08","5等","111653","1800"
"108","2015-05-08","6等","180825","1000"
"109","2015-05-15","1等","0","0"
"109","2015-05-15","2等","7","16296700"
"109","2015-05-15","3等","116","1376700"
"109","2015-05-15","4等","5373","17400"
"109","2015-05-15","5等","90074","2500"
"109","2015-05-15","6等","168077","1200"
"110","2015-05-22","1等","0","0"
"110","2015-05-22","2等","5","24076400"
"110","2015-05-22","3等","97","1737400"
"110","2015-05-22","4等","5982","16500"
"110","2015-05-22","5等","107601","2200"
"110","2015-05-22","6等","193433","1100"
"111","2015-05-29","1等","1","800000000"
"111","2015-05-29","2等","20","6520500"
"111","2015-05-29","3等","462","395100"
"111","2015-05-29","4等","9785","10900"
"111","2015-05-29","5等","141811","1800"
"111","2015-05-29","6等","216444","1000"
"112","2015-06-05","1等","0","0"
"112","2015-06-05","2等","11","10423500"
"112","2015-06-05","3等","185","867600"
"112","2015-06-05","4等","7596","12300"
"112","2015-06-05","5等","124932","1800"
"112","2015-06-05","6等","200050","1000"
"113","2015-06-12","1等","0","0"
"113","2015-06-12","2等","5","24776900"
"113","2015-06-12","3等","143","1212800"
"113","2015-06-12","4等","8092","12500"
"113","2015-06-12","5等","131713","1900"
"113","2015-06-12","6等","197180","1000"
"114","2015-06-19","1等","1","800000000"
"114","2015-06-19","2等","13","10381400"
"114","2015-06-19","3等","176","1073500"
"114","2015-06-19","4等","9938","11100"
"114","2015-06-19","5等","149653","1800"
"114","2015-06-19","6等","269436","900"
"115","2015-06-26","1等","1","800000000"
"115","2015-06-26","2等","12","10371300"
"115","2015-06-26","3等","208","837600"
"115","2015-06-26","4等","8562","11900"
"115","2015-06-26","5等","132365","1900"
"115","2015-06-26","6等","223347","1000"
"116","2015-07-03","1等","1","800000000"
"116","2015-07-03","2等","7","16907200"
"116","2015-07-03","3等","159","1042000"
"116","2015-07-03","4等","8032","12100"
"116","2015-07-03","5等","121251","1900"
"116","2015-07-03","6等","196929","1000"
"117","2015-07-10","1等","0","0"
"117","2015-07-10","2等","4","27178600"
"117","2015-07-10","3等","99","1537300"
"117","2015-07-10","4等","5050","17600"
"117","2015-07-10","5等","87904","2500"
"117","2015-07-10","6等","165536","1100"
"118","2015-07-17","1等","0","0"
"118","2015-07-17","2等","9","11925600"
"118","2015-07-17","3等","213","705400"
"118","2015-07-17","4等","11376","7700"
"118","2015-07-17","5等","140813","1500"
"118","2015-07-17","6等","198944","900"
"119","2015-07-24","1等","1","800000000"
"119","2015-07-24","2等","90","1234300"
"119","2015-07-24","3等","223","697400"
"119","2015-07-24","4等","11619","7800"
"119","2015-07-24","5等","137464","1600"
"119","2015-07-24","6等","229907","800"
"120","2015-07-31","1等","0","0"
"120","2015-07-31","2等","5","21086900"
"120","2015-07-31","3等","125","1180800"
"120","2015-07-31","4等","5325","16200"
"120","2015-07-31","5等","90974","2300"
"120","2015-07-31","6等","163486","1100"
"121","2015-08-07","1等","1","800000000"
"121","2015-08-07","2等","3","35571400"
"121","2015-08-07","3等","103","1450400"
"121","2015-08-07","4等","5189","16800"
"121","2015-08-07","5等","87477","2400"
"121","2015-08-07","6等","164610","1000"
"122","2015-08-14","1等","0","0"
"122","2015-08-14","2等","9","11120500"
"122","2015-08-14","3等","130","1077800"
"122","2015-08-14","4等","6455","12700"
"122","2015-08-14","5等","91608","2200"
"122","2015-08-14","6等","171725","1000"
"123","2015-08-21","1等","1","800000000"
"123","2015-08-21","2等","11","10030800"
"123","2015-08-21","3等","117","1320200"
"123","2015-08-21","4等","6184","14600"
"123","2015-08-21","5等","112178","1900"
"123","2015-08-21","6等","226852","800"
"124","2015-08-28","1等","1","785704400"
"124","2015-08-28","2等","6","17461400"
"124","2015-08-28","3等","94","1560300"
"124","2015-08-28","4等","5424","15800"
"124","2015-08-28","5等","91676","2300"
"124","2015-08-28","6等","178588","1000"
"125","2015-09-04","1等","0","0"
"125","2015-09-04","2等","4","21167200"
"125","2015-09-04","3等","146","811800"
"125","2015-09-04","4等","6273","11000"
"125","2015-09-04","5等","93226","1800"
"125","2015-09-04","6等","138088","1100"
"126","2015-09-11","1等","2","265266200"
"126","2015-09-11","2等","3","31531800"
"126","2015-09-11","3等","119","1112800"
"126","2015-09-11","4等","5526","14000"
"126","2015-09-11","5等","89632","2100"
"126","2015-09-11","6等","149649","1100"
"127","2015-09-18","1等","2","125520200"
"127","2015-09-18","2等","16","5042700"
"127","2015-09-18","3等","144","784400"
"127","2015-09-18","4等","6662","9900"
"127","2015-09-18","5等","97309","1600"
"127","2015-09-18","6等","149636","900"
"128","2015-09-25","1等","1","233557500"
"128","2015-09-25","2等","7","11052200"
"128","2015-09-25","3等","104","1041400"
"128","2015-09-25","4等","5578","11300"
"128","2015-09-25","5等","84609","1800"
"128","2015-09-25","6等","148326","900"
"129","2015-10-02","1等","1","229587800"
"129","2015-10-02","2等","10","7828100"
"129","2015-10-02","3等","141","777200"
"129","2015-10-02","4等","6246","10200"
"129","2015-10-02","5等","91513","1700"
"129","2015-10-02","6等","140404","1000"
"130","2015-10-09","1等","0","0"
"130","2015-10-09","2等","4","18949300"
"130","2015-10-09","3等","68","1560500"
"130","2015-10-09","4等","3633","17100"
"130","2015-10-09","5等","62774","2400"
"130","2015-10-09","6等","119695","1100"
"131","2015-10-16","1等","0","0"
"131","2015-10-16","2等","7","12634400"
"131","2015-10-16","3等","98","1263400"
"131","2015-10-16","4等","4936","14700"
"131","2015-10-16","5等","82400","2100"
"131","2015-10-16","6等","148373","1000"
"132","2015-10-23","1等","0","0"
"132","2015-10-23","2等","7","14771100"
"132","2015-10-23","3等","113","1281000"
"132","2015-10-23","4等","5432","15600"
"132","2015-10-23","5等","89305","2300"
"132","2015-10-23","6等","155506","1200"
"133","2015-10-30","1等","0","0"
"133","2015-10-30","2等","9","12735100"
"133","2015-10-30","3等","170","943800"
"133","2015-10-30","4等","7575","12400"
"133","2015-10-30","5等","119190","1900"
"133","2015-10-30","6等","207611","1000"
"134","2015-11-06","1等","0","0"
"134","2015-11-06","2等","12","9879700"
"134","2015-11-06","3等","126","1317200"
"134","2015-11-06","4等","6497","14900"
"134","2015-11-06","5等","114011","2100"
"134","2015-11-06","6等","209075","1000"
"135","2015-11-13","1等","0","0"
"135","2015-11-13","2等","7","17695100"
"135","2015-11-13","3等","169","1026000"
"135","2015-11-13","4等","7454","13600"
"135","2015-11-13","5等","121932","2000"
"135","2015-11-13","6等","223604","1000"
"136","2015-11-20","1等","0","0"
"136","2015-11-20","2等","12","10716600"
"136","2015-11-20","3等","138","1304600"
"136","2015-11-20","4等","7501","14000"
"136","2015-11-20","5等","120568","2100"
"136","2015-11-20","6等","211203","1100"
"137","2015-11-27","1等","1","800000000"
"137","2015-11-27","2等","25","5282900"
"137","2015-11-27","3等","192","963000"
"137","2015-11-27","4等","8883","12200"
"137","2015-11-27","5等","128611","2000"
"137","2015-11-27","6等","209643","1100"
"138","2015-12-04","1等","1","800000000"
"138","2015-12-04","2等","9","13318500"
"138","2015-12-04","3等","154","1089600"
"138","2015-12-04","4等","6562","15000"
"138","2015-12-04","5等","105002","2300"
"138","2015-12-04","6等","177272","1200"
"139","2015-12-11","1等","0","0"
"139","2015-12-11","2等","10","11434100"
"139","2015-12-11","3等","143","1119400"
"139","2015-12-11","4等","7128","13100"
"139","2015-12-11","5等","111609","2000"
"139","2015-12-11","6等","201359","1000"
"140","2015-12-18","1等","0","0"
"140","2015-12-18","2等","5","24262700"
"140","2015-12-18","3等","141","1204500"
"140","2015-12-18","4等","8119","12200"
"140","2015-12-18","5等","130651","1800"
"140","2015-12-18","6等","217378","1000"
"141","2015-12-25","1等","1","800000000"
"141","2015-12-25","2等","6","22037800"
"141","2015-12-25","3等","161","1149700"
"141","2015-12-25","4等","7645","14200"
"141","2015-12-25","5等","122514","2100"
"141","2015-12-25","6等","210961","1100"
"142","2016-01-08","1等","0","0"
"142","2016-01-08","2等","20","6745000"
"142","2016-01-08","3等","180","1049200"
"142","2016-01-08","4等","9004","12300"
"142","2016-01-08","5等","142612","1900"
"142","2016-01-08","6等","245135","1000"
"143","2016-01-15","1等","0","0"
"143","2016-01-15","2等","18","7204200"
"143","2016-01-15","3等","218","832700"
"143","2016-01-15","4等","10077","10500"
"143","2016-01-15","5等","147524","1700"
"143","2016-01-15","6等","235436","1000"
"144","2016-01-22","1等","1","800000000"
"144","2016-01-22","2等","21","6503100"
"144","2016-01-22","3等","249","767800"
"144","2016-01-22","4等","10143","11000"
"144","2016-01-22","5等","147247","1800"
"144","2016-01-22","6等","245690","1000"
"145","2016-01-29","1等","0","0"
"145","2016-01-29","2等","18","6993600"
"145","2016-01-29","3等","194","908400"
"145","2016-01-29","4等","9476","10900"
"145","2016-01-29","5等","139105","1800"
"145","2016-01-29","6等","234198","900"
"146","2016-02-05","1等","1","800000000"
"146","2016-02-05","2等","11","12190200"
"146","2016-02-05","3等","160","1173200"
"146","2016-02-05","4等","8350","13100"
"146","2016-02-05","5等","136343","1900"
"146","2016-02-05","6等","239815","1000"
"147","2016-02-12","1等","2","800000000"
"147","2016-02-12","2等","18","6995700"
"147","2016-02-12","3等","198","890300"
"147","2016-02-12","4等","10536","9800"
"147","2016-02-12","5等","150535","1600"
"147","2016-02-12","6等","235286","900"
"148","2016-02-19","1等","0","0"
"148","2016-02-19","2等","15","7948400"
"148","2016-02-19","3等","117","1426600"
"148","2016-02-19","4等","6038","16200"
"148","2016-02-19","5等","103270","2300"
"148","2016-02-19","6等","179666","1200"
"149","2016-02-26","1等","1","800000000"
"149","2016-02-26","2等","8","14895800"
"149","2016-02-26","3等","160","1042600"
"149","2016-02-26","4等","7774","12500"
"149","2016-02-26","5等","121130","1900"
"149","2016-02-26","6等","192840","1100"
"150","2016-03-04","1等","1","800000000"
"150","2016-03-04","2等","12","9273400"
"150","2016-03-04","3等","171","911000"
"150","2016-03-04","4等","6898","13200"
"150","2016-03-04","5等","105383","2100"
"150","2016-03-04","6等","181216","1100"
"151","2016-03-11","1等","0","0"
"151","2016-03-11","2等","9","11155700"
"151","2016-03-11","3等","97","1449000"
"151","2016-03-11","4等","5598","14700"
"151","2016-03-11","5等","95911","2100"
"151","2016-03-11","6等","194859","900"
"152","2016-03-18","1等","1","800000000"
"152","2016-03-18","2等","17","6175600"
"152","2016-03-18","3等","130","1130500"
"152","2016-03-18","4等","7742","11100"
"152","2016-03-18","5等","116837","1800"
"152","2016-03-18","6等","197700","900"
"153","2016-03-25","1等","1","362456100"
"153","2016-03-25","2等","12","7885800"
"153","2016-03-25","3等","115","1152000"
"153","2016-03-25","4等","5753","13500"
"153","2016-03-25","5等","91889","2000"
"153","2016-03-25","6等","158231","1000"
"154","2016-04-01","1等","1","257297800"
"154","2016-04-01","2等","15","5671400"
"154","2016-04-01","3等","127","937700"
"154","2016-04-01","4等","5988","11600"
"154","2016-04-01","5等","92287","1800"
"154","2016-04-01","6等","163911","900"
"155","2016-04-08","1等","1","251995000"
"155","2016-04-08","2等","11","7583900"
"155","2016-04-08","3等","161","725400"
"155","2016-04-08","4等","6403","10700"
"155","2016-04-08","5等","88855","1900"
"155","2016-04-08","6等","138643","1000"
"156","2016-04-15","1等","1","259663500"
"156","2016-04-15","2等","5","16995300"
"156","2016-04-15","3等","138","862000"
"156","2016-04-15","4等","5663","12300"
"156","2016-04-15","5等","82668","2000"
"156","2016-04-15","6等","131839","1100"
"157","2016-04-22","1等","0","0"
"157","2016-04-22","2等","6","13780700"
"157","2016-04-22","3等","112","1033500"
"157","2016-04-22","4等","4754","14200"
"157","2016-04-22","5等","80218","2000"
"157","2016-04-22","6等","129228","1100"
"158","2016-04-29","1等","1","535280700"
"158","2016-04-29","2等","7","13303800"
"158","2016-04-29","3等","109","1196100"
"158","2016-04-29","4等","4614","16500"
"158","2016-04-29","5等","84564","2200"
"158","2016-04-29","6等","141718","1100"
"159","2016-05-06","1等","0","0"
"159","2016-05-06","2等","5","15896900"
"159","2016-05-06","3等","127","876100"
"159","2016-05-06","4等","5520","11800"
"159","2016-05-06","5等","83349","1900"
"159","2016-05-06","6等","127314","1100"
"160","2016-05-13","1等","2","255795700"
"160","2016-05-13","2等","5","18657900"
"160","2016-05-13","3等","94","1389400"
"160","2016-05-13","4等","6795","11200"
"160","2016-05-13","5等","87158","2100"
"160","2016-05-13","6等","151192","1100"
"161","2016-05-20","1等","0","0"
"161","2016-05-20","2等","6","13320500"
"161","2016-05-20","3等","69","1621600"
"161","2016-05-20","4等","4314","15200"
"161","2016-05-20","5等","70156","2300"
"161","2016-05-20","6等","128448","1100"
"162","2016-05-27","1等","1","500555900"
"162","2016-05-27","2等","15","6029500"
"162","2016-05-27","3等","156","811600"
"162","2016-05-27","4等","8086","9100"
"162","2016-05-27","5等","112419","1600"
"162","2016-05-27","6等","178019","900"
"163","2016-06-03","1等","1","237793900"
"163","2016-06-03","2等","7","11300600"
"163","2016-06-03","3等","118","938500"
"163","2016-06-03","4等","5118","12600"
"163","2016-06-03","5等","79064","2000"
"163","2016-06-03","6等","150062","900"
"164","2016-06-10","1等","0","0"
"164","2016-06-10","2等","4","19067900"
"164","2016-06-10","3等","92","1160600"
"164","2016-06-10","4等","4328","14400"
"164","2016-06-10","5等","67249","2300"
"164","2016-06-10","6等","127590","1000"
"165","2016-06-17","1等","0","0"
"165","2016-06-17","2等","3","32554300"
"165","2016-06-17","3等","96","1424200"
"165","2016-06-17","4等","5542","14400"
"165","2016-06-17","5等","100873","1900"
"165","2016-06-17","6等","163858","1000"
"166","2016-06-24","1等","0","0"
"166","2016-06-24","2等","9","11749100"
"166","2016-06-24","3等","103","1437200"
"166","2016-06-24","4等","5210","16600"
"166","2016-06-24","5等","90495","2300"
"166","2016-06-24","6等","159868","1200"
"167","2016-07-01","1等","2","596966700"
"167","2016-07-01","2等","16","7293200"
"167","2016-07-01","3等","175","933500"
"167","2016-07-01","4等","8295","11500"
"167","2016-07-01","5等","126796","1800"
"167","2016-07-01","6等","199765","1000"
"168","2016-07-08","1等","0","0"
"168","2016-07-08","2等","8","10278400"
"168","2016-07-08","3等","96","1199100"
"168","2016-07-08","4等","4707","14300"
"168","2016-07-08","5等","79672","2000"
"168","2016-07-08","6等","142639","1000"
"169","2016-07-15","1等","0","0"
"169","2016-07-15","2等","9","10458600"
"169","2016-07-15","3等","145","908800"
"169","2016-07-15","4等","7713","10000"
"169","2016-07-15","5等","101092","1800"
"169","2016-07-15","6等","143001","1100"
"170","2016-07-22","1等","1","800000000"
"170","2016-07-22","2等","9","11318500"
"170","2016-07-22","3等","126","1131800"
"170","2016-07-22","4等","7099","11700"
"170","2016-07-22","5等","111780","1800"
"170","2016-07-22","6等","198470","900"
"171","2016-07-29","1等","1","308533500"
"171","2016-07-29","2等","6","14778000"
"171","2016-07-29","3等","112","1108300"
"171","2016-07-29","4等","5675","12800"
"171","2016-07-29","5等","94440","1900"
"171","2016-07-29","6等","169580","900"
"172","2016-08-05","1等","1","229139600"
"172","2016-08-05","2等","10","7737500"
"172","2016-08-05","3等","143","757500"
"172","2016-08-05","4等","5836","10800"
"172","2016-08-05","5等","82221","1900"
"172","2016-08-05","6等","134057","1000"
"173","2016-08-12","1等","0","0"
"173","2016-08-12","2等","9","8179800"
"173","2016-08-12","3等","96","1073500"
"173","2016-08-12","4等","4599","13100"
"173","2016-08-12","5等","76223","1900"
"173","2016-08-12","6等","151261","800"
"174","2016-08-19","1等","3","170269900"
"174","2016-08-19","2等","7","13318400"
"174","2016-08-19","3等","109","1197400"
"174","2016-08-19","4等","5268","14500"
"174","2016-08-19","5等","86852","2100"
"174","2016-08-19","6等","160305","1000"
"175","2016-08-26","1等","0","0"
"175","2016-08-26","2等","3","26441700"
"175","2016-08-26","3等","93","1194100"
"175","2016-08-26","4等","4005","16200"
"175","2016-08-26","5等","70659","2200"
"175","2016-08-26","6等","124654","1100"
"176","2016-09-02","1等","0","0"
"176","2016-09-02","2等","5","18978800"
"176","2016-09-02","3等","89","1492600"
"176","2016-09-02","4等","5367","14500"
"176","2016-09-02","5等","87754","2100"
"176","2016-09-02","6等","148588","1100"
"177","2016-09-09","1等","1","800000000"
"177","2016-09-09","2等","9","11551700"
"177","2016-09-09","3等","142","1025000"
"177","2016-09-09","4等","6691","12700"
"177","2016-09-09","5等","108184","1900"
"177","2016-09-09","6等","184822","1000"
"178","2016-09-16","1等","0","0"
"178","2016-09-16","2等","8","11013900"
"178","2016-09-16","3等","93","1326300"
"178","2016-09-16","4等","5206","13900"
"178","2016-09-16","5等","84160","2100"
"178","2016-09-16","6等","137192","1100"
"179","2016-09-23","1等","1","581403600"
"179","2016-09-23","2等","8","11980000"
"179","2016-09-23","3等","150","894400"
"179","2016-09-23","4等","6573","11900"
"179","2016-09-23","5等","100985","1900"
"179","2016-09-23","6等","168946","1000"
"180","2016-09-30","1等","0","0"
"180","2016-09-30","2等","14","5721300"
"180","2016-09-30","3等","109","1028700"
"180","2016-09-30","4等","5735","11400"
"180","2016-09-30","5等","89930","1800"
"180","2016-09-30","6等","153913","900"
"181","2016-10-07","1等","0","0"
"181","2016-10-07","2等","7","13205000"
"181","2016-10-07","3等","130","995400"
"181","2016-10-07","4等","6491","11600"
"181","2016-10-07","5等","102655","1800"
"181","2016-10-07","6等","189360","800"
"182","2016-10-14","1等","0","0"
"182","2016-10-14","2等","28","3682100"
"182","2016-10-14","3等","203","711000"
"182","2016-10-14","4等","9719","8700"
"182","2016-10-14","5等","117841","1700"
"182","2016-10-14","6等","189068","900"
"183","2016-10-21","1等","0","0"
"183","2016-10-21","2等","5","23089700"
"183","2016-10-21","3等","113","1430300"
"183","2016-10-21","4等","5827","16200"
"183","2016-10-21","5等","98227","2300"
"183","2016-10-21","6等","175010","1200"
"184","2016-10-28","1等","1","800000000"
"184","2016-10-28","2等","28","4463800"
"184","2016-10-28","3等","256","683500"
"184","2016-10-28","4等","9419","10800"
"184","2016-10-28","5等","127958","1900"
"184","2016-10-28","6等","204874","1100"
"185","2016-11-04","1等","0","0"
"185","2016-11-04","2等","6","18419400"
"185","2016-11-04","3等","100","1547200"
"185","2016-11-04","4等","5587","16200"
"185","2016-11-04","5等","96090","2300"
"185","2016-11-04","6等","194575","1000"
"186","2016-11-11","1等","0","0"
"186","2016-11-11","2等","9","12858400"
"186","2016-11-11","3等","109","1486300"
"186","2016-11-11","4等","6212","15300"
"186","2016-11-11","5等","101630","2300"
"186","2016-11-11","6等","189498","1100"
"187","2016-11-18","1等","2","800000000"
"187","2016-11-18","2等","13","9624600"
"187","2016-11-18","3等","206","850300"
"187","2016-11-18","4等","8657","11800"
"187","2016-11-18","5等","135560","1800"
"187","2016-11-18","6等","231695","900"
"188","2016-11-25","1等","1","478206800"
"188","2016-11-25","2等","4","24214600"
"188","2016-11-25","3等","112","1210700"
"188","2016-11-25","4等","5621","14100"
"188","2016-11-25","5等","93300","2100"
"188","2016-11-25","6等","158624","1100"
"189","2016-12-02","1等","2","123108600"
"189","2016-12-02","2等","8","10370900"
"189","2016-12-02","3等","126","921800"
"189","2016-12-02","4等","6418","10600"
"189","2016-12-02","5等","98944","1700"
"189","2016-12-02","6等","157885","900"
"190","2016-12-09","1等","1","240259100"
"190","2016-12-09","2等","12","6759300"
"190","2016-12-09","3等","105","1081400"
"190","2016-12-09","4等","5065","13100"
"190","2016-12-09","5等","83879","1900"
"190","2016-12-09","6等","144610","1000"
"191","2016-12-16","1等","0","0"
"191","2016-12-16","2等","4","20202500"
"191","2016-12-16","3等","94","1203500"
"191","2016-12-16","4等","4653","14200"
"191","2016-12-16","5等","76562","2100"
"191","2016-12-16","6等","137587","1000"
"192","2016-12-23","1等","0","0"
"192","2016-12-23","2等","12","7783800"
"192","2016-12-23","3等","118","1108100"
"192","2016-12-23","4等","5960","12800"
"192","2016-12-23","5等","92178","2000"
"192","2016-12-23","6等","163402","1000"
"193","2016-12-30","1等","0","0"
"193","2016-12-30","2等","9","12021800"
"193","2016-12-30","3等","113","1340400"
"193","2016-12-30","4等","6037","14700"
"193","2016-12-30","5等","100444","2100"
"193","2016-12-30","6等","193019","1000"
"194","2017-01-06","1等","0","0"
"194","2017-01-06","2等","6","16169400"
"194","2017-01-06","3等","130","1044700"
"194","2017-01-06","4等","6171","12900"
"194","2017-01-06","5等","96460","2000"
"194","2017-01-06","6等","189955","900"
"195","2017-01-13","1等","4","371873100"
"195","2017-01-13","2等","11","10556800"
"195","2017-01-13","3等","229","709900"
"195","2017-01-13","4等","8965","10600"
"195","2017-01-13","5等","131305","1700"
"195","2017-01-13","6等","199956","1000"
"196","2017-01-20","1等","0","0"
"196","2017-01-20","2等","11","7321700"
"196","2017-01-20","3等","113","997800"
"196","2017-01-20","4等","4792","13800"
"196","2017-01-20","5等","76951","2100"
"196","2017-01-20","6等","143940","1000"
"197","2017-01-27","1等","0","0"
"197","2017-01-27","2等","10","9519200"
"197","2017-01-27","3等","163","817500"
"197","2017-01-27","4等","7271","10700"
"197","2017-01-27","5等","109584","1700"
"197","2017-01-27","6等","183425","900"
"198","2017-02-03","1等","0","0"
"198","2017-02-03","2等","5","23983300"
"198","2017-02-03","3等","92","1824700"
"198","2017-02-03","4等","7830","12500"
"198","2017-02-03","5等","97289","2500"
"198","2017-02-03","6等","185503","1100"
"199","2017-02-10","1等","2","636223100"
"199","2017-02-10","2等","22","6022200"
"199","2017-02-10","3等","259","716100"
"199","2017-02-10","4等","11394","9500"
"199","2017-02-10","5等","147540","1800"
"199","2017-02-10","6等","230618","1000"
"200","2017-02-17","1等","4","67987600"
"200","2017-02-17","2等","12","7805300"
"200","2017-02-17","3等","134","978500"
"200","2017-02-17","4等","6075","12600"
"200","2017-02-17","5等","94341","2000"
"200","2017-02-17","6等","152630","1100"
"201","2017-02-24","1等","1","263734200"
"201","2017-02-24","2等","10","8851000"
"201","2017-02-24","3等","134","924700"
"201","2017-02-24","4等","6540","11100"
"201","2017-02-24","5等","96493","1800"
"201","2017-02-24","6等","156259","1000"
"202","2017-03-03","1等","1","254364500"
"202","2017-03-03","2等","18","4726500"
"202","2017-03-03","3等","145","821400"
"202","2017-03-03","4等","6040","11500"
"202","2017-03-03","5等","89056","1900"
"202","2017-03-03","6等","133997","1100"
"203","2017-03-10","1等","1","236902300"
"203","2017-03-10","2等","9","9011200"
"203","2017-03-10","3等","106","1071100"
"203","2017-03-10","4等","5225","12700"
"203","2017-03-10","5等","80052","2000"
"203","2017-03-10","6等","147130","1000"
"204","2017-03-17","1等","0","0"
"204","2017-03-17","2等","4","19529000"
"204","2017-03-17","3等","100","1093600"
"204","2017-03-17","4等","4310","14800"
"204","2017-03-17","5等","68340","2300"
"204","2017-03-17","6等","129597","1000"
"205","2017-03-24","1等","0","0"
"205","2017-03-24","2等","5","17824400"
"205","2017-03-24","3等","102","1223200"
"205","2017-03-24","4等","4969","14700"
"205","2017-03-24","5等","84038","2100"
"205","2017-03-24","6等","141768","1100"
"206","2017-03-31","1等","2","405262500"
"206","2017-03-31","2等","10","10099400"
"206","2017-03-31","3等","127","1113300"
"206","2017-03-31","4等","6385","12900"
"206","2017-03-31","5等","103019","1900"
"206","2017-03-31","6等","174481","1000"
"207","2017-04-07","1等","0","0"
"207","2017-04-07","2等","6","13070000"
"207","2017-04-07","3等","96","1143600"
"207","2017-04-07","4等","4637","13800"
"207","2017-04-07","5等","77499","2000"
"207","2017-04-07","6等","134173","1000"
"208","2017-04-14","1等","2","265859700"
"208","2017-04-14","2等","11","8775000"
"208","2017-04-14","3等","148","913000"
"208","2017-04-14","4等","6161","12800"
"208","2017-04-14","5等","94473","2000"
"208","2017-04-14","6等","164238","1000"
"209","2017-04-21","1等","2","126470700"
"209","2017-04-21","2等","6","13920600"
"209","2017-04-21","3等","148","790000"
"209","2017-04-21","4等","6497","10500"
"209","2017-04-21","5等","95571","1700"
"209","2017-04-21","6等","161235","900"
"210","2017-04-28","1等","3","81938200"
"210","2017-04-28","2等","13","6308500"
"210","2017-04-28","3等","94","1221400"
"210","2017-04-28","4等","5601","12000"
"210","2017-04-28","5等","90046","1800"
"210","2017-04-28","6等","158042","900"
"211","2017-05-05","1等","0","0"
"211","2017-05-05","2等","1","73468200"
"211","2017-05-05","3等","87","1182200"
"211","2017-05-05","4等","4147","14500"
"211","2017-05-05","5等","66654","2200"
"211","2017-05-05","6等","120393","1100"
"212","2017-05-12","1等","1","485279600"
"212","2017-05-12","2等","4","22301000"
"212","2017-05-12","3等","111","1125000"
"212","2017-05-12","4等","5279","13800"
"212","2017-05-12","5等","85435","2100"
"212","2017-05-12","6等","147792","1000"
"213","2017-05-19","1等","1","221975000"
"213","2017-05-19","2等","5","15193000"
"213","2017-05-19","3等","101","1052900"
"213","2017-05-19","4等","4498","13800"
"213","2017-05-19","5等","75550","2000"
"213","2017-05-19","6等","124267","1100"
"214","2017-05-26","1等","0","0"
"214","2017-05-26","2等","6","12438700"
"214","2017-05-26","3等","89","1173900"
"214","2017-05-26","4等","4596","13300"
"214","2017-05-26","5等","77756","1900"
"214","2017-05-26","6等","145323","900"
"215","2017-06-02","1等","0","0"
"215","2017-06-02","2等","8","10580500"
"215","2017-06-02","3等","113","1048600"
"215","2017-06-02","4等","4689","14800"
"215","2017-06-02","5等","77519","2200"
"215","2017-06-02","6等","163313","900"
"216","2017-06-09","1等","0","0"
"216","2017-06-09","2等","5","18713100"
"216","2017-06-09","3等","91","1439400"
"216","2017-06-09","4等","5417","14100"
"216","2017-06-09","5等","88057","2100"
"216","2017-06-09","6等","162975","1000"
"217","2017-06-16","1等","3","366089300"
"217","2017-06-16","2等","20","5592700"
"217","2017-06-16","3等","276","567300"
"217","2017-06-16","4等","9882","9200"
"217","2017-06-16","5等","135795","1600"
"217","2017-06-16","6等","208907","900"
"218","2017-06-23","1等","0","0"
"218","2017-06-23","2等","7","11201900"
"218","2017-06-23","3等","82","1338700"
"218","2017-06-23","4等","4421","14500"
"218","2017-06-23","5等","69813","2200"
"218","2017-06-23","6等","125932","1100"
"219","2017-06-30","1等","1","499890800"
"219","2017-06-30","2等","14","6420600"
"219","2017-06-30","3等","137","918500"
"219","2017-06-30","4等","6501","11300"
"219","2017-06-30","5等","101087","1800"
"219","2017-06-30","6等","172660","900"
"220","2017-07-07","1等","1","226348000"
"220","2017-07-07","2等","9","8553300"
"220","2017-07-07","3等","114","945300"
"220","2017-07-07","4等","5346","11800"
"220","2017-07-07","5等","84172","1800"
"220","2017-07-07","6等","138540","1000"
"221","2017-07-14","1等","0","0"
"221","2017-07-14","2等","8","9252000"
"221","2017-07-14","3等","72","1439100"
"221","2017-07-14","4等","4630","13100"
"221","2017-07-14","5等","72256","2000"
"221","2017-07-14","6等","123286","1000"
"222","2017-07-21","1等","2","237488900"
"222","2017-07-21","2等","6","13828300"
"222","2017-07-21","3等","127","914600"
"222","2017-07-21","4等","6133","11100"
"222","2017-07-21","5等","91984","1800"
"222","2017-07-21","6等","144651","1000"
"223","2017-07-28","1等","0","0"
"223","2017-07-28","2等","8","8981800"
"223","2017-07-28","3等","99","1016100"
"223","2017-07-28","4等","4669","12600"
"223","2017-07-28","5等","70043","2000"
"223","2017-07-28","6等","114037","1100"
"224","2017-08-04","1等","0","0"
"224","2017-08-04","2等","12","6787900"
"224","2017-08-04","3等","115","991600"
"224","2017-08-04","4等","5595","11900"
"224","2017-08-04","5等","86363","1900"
"224","2017-08-04","6等","143418","1000"
"225","2017-08-11","1等","0","0"
"225","2017-08-11","2等","9","9488100"
"225","2017-08-11","3等","72","1660300"
"225","2017-08-11","4等","4625","15100"
"225","2017-08-11","5等","70339","2400"
"225","2017-08-11","6等","129322","1200"
"226","2017-08-18","1等","2","498775500"
"226","2017-08-18","2等","8","12725800"
"226","2017-08-18","3等","160","890700"
"226","2017-08-18","4等","5907","14100"
"226","2017-08-18","5等","93387","2200"
"226","2017-08-18","6等","153889","1200"
"227","2017-08-25","1等","1","211728100"
"227","2017-08-25","2等","6","12142600"
"227","2017-08-25","3等","110","927200"
"227","2017-08-25","4等","5230","11400"
"227","2017-08-25","5等","81676","1800"
"227","2017-08-25","6等","130062","1000"
"228","2017-09-01","1等","1","220207500"
"228","2017-09-01","2等","14","5378700"
"228","2017-09-01","3等","135","780800"
"228","2017-09-01","4等","5511","11200"
"228","2017-09-01","5等","84921","1800"
"228","2017-09-01","6等","146739","900"
"229","2017-09-08","1等","0","0"
"229","2017-09-08","2等","4","18376700"
"229","2017-09-08","3等","70","1470100"
"229","2017-09-08","4等","3954","15200"
"229","2017-09-08","5等","67218","2200"
"229","2017-09-08","6等","113978","1100"
"230","2017-09-15","1等","0","0"
"230","2017-09-15","2等","8","10739600"
"230","2017-09-15","3等","132","911200"
"230","2017-09-15","4等","7069","9900"
"230","2017-09-15","5等","103336","1600"
"230","2017-09-15","6等","158735","900"
"231","2017-09-22","1等","0","0"
"231","2017-09-22","2等","5","18672100"
"231","2017-09-22","3等","128","1021100"
"231","2017-09-22","4等","5906","12900"
"231","2017-09-22","5等","93003","2000"
"231","2017-09-22","6等","153999","1100"
"232","2017-09-29","1等","1","1000000000"
"232","2017-09-29","2等","12","9296200"
"232","2017-09-29","3等","153","1020700"
"232","2017-09-29","4等","7395","12300"
"232","2017-09-29","5等","117395","1900"
"232","2017-09-29","6等","214357","900"
"233","2017-10-06","1等","0","0"
"233","2017-10-06","2等","8","10725400"
"233","2017-10-06","3等","103","1166200"
"233","2017-10-06","4等","5288","13300"
"233","2017-10-06","5等","90228","1900"
"233","2017-10-06","6等","160585","900"
"234","2017-10-13","1等","0","0"
"234","2017-10-13","2等","7","13471100"
"234","2017-10-13","3等","119","1109300"
"234","2017-10-13","4等","6310","12200"
"234","2017-10-13","5等","98933","1900"
"234","2017-10-13","6等","169649","1000"
"235","2017-10-20","1等","2","465949400"
"235","2017-10-20","2等","7","14675800"
"235","2017-10-20","3等","203","708400"
"235","2017-10-20","4等","7726","10900"
"235","2017-10-20","5等","107778","1900"
"235","2017-10-20","6等","179818","1000"
"236","2017-10-27","1等","0","0"
"236","2017-10-27","2等","6","12589100"
"236","2017-10-27","3等","111","952600"
"236","2017-10-27","4等","4721","13100"
"236","2017-10-27","5等","75308","2000"
"236","2017-10-27","6等","113751","1200"
"237","2017-11-03","1等","1","495540900"
"237","2017-11-03","2等","11","8194800"
"237","2017-11-03","3等","127","993600"
"237","2017-11-03","4等","6148","12000"
"237","2017-11-03","5等","94907","1900"
"237","2017-11-03","6等","165076","900"
"238","2017-11-10","1等","1","221756400"
"238","2017-11-10","2等","5","15076200"
"238","2017-11-10","3等","58","1819500"
"238","2017-11-10","4等","3900","15800"
"238","2017-11-10","5等","69076","2200"
"238","2017-11-10","6等","110077","1200"
"239","2017-11-17","1等","2","108367000"
"239","2017-11-17","2等","10","7272000"
"239","2017-11-17","3等","83","122500"
"239","2017-11-17","4等","4447","13400"
"239","2017-11-17","5等","76039","1900"
"239","2017-11-17","6等","126613","1000"
"240","2017-11-24","1等","0","0"
"240","2017-11-24","2等","7","10047300"
"240","2017-11-24","3等","91","1082000"
"240","2017-11-24","4等","4401","13100"
"240","2017-11-24","5等","71616","1900"
"240","2017-11-24","6等","124083","1000"
"241","2017-12-01","1等","0","0"
"241","2017-12-01","2等","13","6352500"
"241","2017-12-01","3等","123","939900"
"241","2017-12-01","4等","5635","12000"
"241","2017-12-01","5等","8696","1900"
"241","2017-12-01","6等","145057","1000"
"242","2017-12-08","1等","0","0"
"242","2017-12-08","2等","9","10182000"
"242","2017-12-08","3等","95","1350400"
"242","2017-12-08","4等","5229","14300"
"242","2017-12-08","5等","83427","2200"
"242","2017-12-08","6等","150343","1100"
"243","2017-12-15","1等","2","517917800"
"243","2017-12-15","2等","11","9559600"
"243","2017-12-15","3等","128","1150100"
"243","2017-12-15","4等","6642","13000"
"243","2017-12-15","5等","105269","2000"
"243","2017-12-15","6等","180325","1000"
"244","2017-12-22","1等","1","228504900"
"244","2017-12-22","2等","7","10852200"
"244","2017-12-22","3等","109","975600"
"244","2017-12-22","4等","4719","13200"
"244","2017-12-22","5等","72293","2100"
"244","2017-12-22","6等","129238","1000"
"245","2017-12-29","1等","2","117494400"
"245","2017-12-29","2等","12","6681100"
"245","2017-12-29","3等","157","714900"
"245","2017-12-29","4等","6149","10700"
"245","2017-12-29","5等","93255","1700"
"245","2017-12-29","6等","160222","900"
"246","2018-01-05","1等","1","190480600"
"246","2018-01-05","2等","8","7775400"
"246","2018-01-05","3等","102","853700"
"246","2018-01-05","4等","4759","10700"
"246","2018-01-05","5等","70956","1700"
"246","2018-01-05","6等","118023","900"
"247","2018-01-12","1等","0","0"
"247","2018-01-12","2等","8","8744900"
"247","2018-01-12","3等","75","1305800"
"247","2018-01-12","4等","3817","15000"
"247","2018-01-12","5等","62163","2200"
"247","2018-01-12","6等","117489","1000"
"248","2018-01-19","1等","1","486799200"
"248","2018-01-19","2等","12","7244300"
"248","2018-01-19","3等","89","1367400"
"248","2018-01-19","4等","5288","13500"
"248","2018-01-19","5等","84474","2000"
"248","2018-01-19","6等","158212","900"
"249","2018-01-26","1等","0","0"
"249","2018-01-26","2等","3","24094600"
"249","2018-01-26","3等","99","1022100"
"249","2018-01-26","4等","3503","16900"
"249","2018-01-26","5等","60041","2400"
"249","2018-01-26","6等","106364","1200"
"250","2018-02-02","1等","1","474586400"
"250","2018-02-02","2等","15","5711200"
"250","2018-02-02","3等","110","1090300"
"250","2018-02-02","4等","5706","12300"
"250","2018-02-02","5等","87003","1900"
"250","2018-02-02","6等","147994","1000"
"251","2018-02-09","1等","1","312906800"
"251","2018-02-09","2等","2","25915900"
"251","2018-02-09","3等","76","954700"
"251","2018-02-09","4等","3459","12300"
"251","2018-02-09","5等","59358","1700"
"251","2018-02-09","6等","105067","1200"
"252","2018-02-16","1等","1","316752000"
"252","2018-02-16","2等","4","12826500"
"252","2018-02-16","3等","83","865300"
"252","2018-02-16","4等","4412","9500"
"252","2018-02-16","5等","70825","1400"
"252","2018-02-16","6等","131904","900"
"253","2018-02-23","1等","1","309164300"
"253","2018-02-23","2等","4","12622700"
"253","2018-02-23","3等","98","721200"
"253","2018-02-23","4等","5391","7600"
"253","2018-02-23","5等","80979","1200"
"253","2018-02-23","6等","133405","900"
"254","2018-03-02","1等","0","0"
"254","2018-03-02","2等","3","16800700"
"254","2018-03-02","3等","59","1195900"
"254","2018-03-02","4等","3838","10700"
"254","2018-03-02","5等","65858","1500"
"254","2018-03-02","6等","125175","1000"
"255","2018-03-09","1等","2","334468400"
"255","2018-03-09","2等","5","12119600"
"255","2018-03-09","3等","83","1022100"
"255","2018-03-09","4等","4473","11100"
"255","2018-03-09","5等","80800","1500"
"255","2018-03-09","6等","142503","1000"
"256","2018-03-16","1等","1","305471000"
"256","2018-03-16","2等","3","17000400"
"256","2018-03-16","3等","77","927200"
"256","2018-03-16","4等","3497","11900"
"256","2018-03-16","5等","59453","1700"
"256","2018-03-16","6等","104129","1200"
"257","2018-03-23","1等","1","303266300"
"257","2018-03-23","2等","11","4621500"
"257","2018-03-23","3等","84","847200"
"257","2018-03-23","4等","4241","9800"
"257","2018-03-23","5等","66571","1500"
"257","2018-03-23","6等","126574","1000"
"258","2018-03-30","1等","1","305996000"
"258","2018-03-30","2等","5","10008900"
"258","2018-03-30","3等","79","886800"
"258","2018-03-30","4等","3736","11000"
"258","2018-03-30","5等","61830","1600"
"258","2018-03-30","6等","105761","1100"
"259","2018-04-06","1等","0","0"
"259","2018-04-06","2等","8","6022100"
"259","2018-04-06","3等","64","1053800"
"259","2018-04-06","4等","3432","11500"
"259","2018-04-06","5等","58886","1600"
"259","2018-04-06","6等","110818","1000"
"260","2018-04-13","1等","2","333667500"
"260","2018-04-13","2等","4","14811100"
"260","2018-04-13","3等","163","508800"
"260","2018-04-13","4等","6620","7300"
"260","2018-04-13","5等","93834","1200"
"260","2018-04-13","6等","149269","900"
"261","2018-04-20","1等","0","0"
"261","2018-04-20","2等","7","7013900"
"261","2018-04-20","3等","56","1227400"
"261","2018-04-20","4等","3805","10500"
"261","2018-04-20","5等","63451","1500"
"261","2018-04-20","6等","129577","900"
"262","2018-04-27","1等","0","0"
"262","2018-04-27","2等","14","4083500"
"262","2018-04-27","3等","149","537100"
"262","2018-04-27","4等","6334","7400"
"262","2018-04-27","5等","95239","1200"
"262","2018-04-27","6等","155703","900"
"263","2018-05-04","1等","0","0"
"263","2018-05-04","2等","6","10029000"
"263","2018-05-04","3等","121","696200"
"263","2018-05-04","4等","5583","8800"
"263","2018-05-04","5等","85611","1400"
"263","2018-05-04","6等","141147","1000"
"264","2018-05-11","1等","0","0"
"264","2018-05-11","2等","23","3183500"
"264","2018-05-11","3等","196","523000"
"264","2018-05-11","4等","8103","7400"
"264","2018-05-11","5等","112727","1300"
"264","2018-05-11","6等","193807","900"
"265","2018-05-18","1等","2","973273800"
"265","2018-05-18","2等","9","9164300"
"265","2018-05-18","3等","166","695500"
"265","2018-05-18","4等","6858","9800"
"265","2018-05-18","5等","115664","1400"
"265","2018-05-18","6等","181981","1100"
"266","2018-05-25","1等","0","0"
"266","2018-05-25","2等","3","17184400"
"266","2018-05-25","3等","84","859200"
"266","2018-05-25","4等","3986","10600"
"266","2018-05-25","5等","65358","1600"
"266","2018-05-25","6等","107711","1100"
"267","2018-06-01","1等","0","0"
"267","2018-06-01","2等","10","6591600"
"267","2018-06-01","3等","82","1125300"
"267","2018-06-01","4等","4991","10800"
"267","2018-06-01","5等","84759","1500"
"267","2018-06-01","6等","154705","1000"
"268","2018-06-08","1等","1","1000000000"
"268","2018-06-08","2等","6","12371700"
"268","2018-06-08","3等","135","769700"
"268","2018-06-08","4等","6894","8800"
"268","2018-06-08","5等","108858","1300"
"268","2018-06-08","6等","197196","900"
"269","2018-06-15","1等","1","541546300"
"269","2018-06-15","2等","5","12376300"
"269","2018-06-15","3等","125","693000"
"269","2018-06-15","4等","5556","9100"
"269","2018-06-15","5等","87230","1400"
"269","2018-06-15","6等","140545","1100"
"270","2018-06-22","1等","0","0"
"270","2018-06-22","2等","8","6633500"
"270","2018-06-22","3等","69","1076700"
"270","2018-06-22","4等","4512","9600"
"270","2018-06-22","5等","74459","1400"
"270","2018-06-22","6等","135756","900"
"271","2018-06-29","1等","0","0"
"271","2018-06-29","2等","8","7961400"
"271","2018-06-29","3等","88","1013200"
"271","2018-06-29","4等","4611","11300"
"271","2018-06-29","5等","76077","1600"
"271","2018-06-29","6等","132456","1200"
"272","2018-07-06","1等","2","565988400"
"272","2018-07-06","2等","8","8794000"
"272","2018-07-06","3等","147","670000"
"272","2018-07-06","4等","8328","6900"
"272","2018-07-06","5等","108405","1300"
"272","2018-07-06","6等","169711","1000"
"273","2018-07-13","1等","2","163912900"
"273","2018-07-13","2等","396","131500"
"273","2018-07-13","3等","190","383700"
"273","2018-07-13","4等","7181","5900"
"273","2018-07-13","5等","81640","1200"
"273","2018-07-13","6等","146385","800"
"274","2018-07-20","1等","0","0"
"274","2018-07-20","2等","5","9848700"
"274","2018-07-20","3等","54","1276600"
"274","2018-07-20","4等","4093","9800"
"274","2018-07-20","5等","70124","1400"
"274","2018-07-20","6等","117691","1000"
"275","2018-07-27","1等","0","0"
"275","2018-07-27","2等","14","4188400"
"275","2018-07-27","3等","133","617200"
"275","2018-07-27","4等","6531","7300"
"275","2018-07-27","5等","94999","1200"
"275","2018-07-27","6等","135106","1000"
"276","2018-08-03","1等","1","1000000000"
"276","2018-08-03","2等","7","9668700"
"276","2018-08-03","3等","159","595900"
"276","2018-08-03","4等","6399","8600"
"276","2018-08-03","5等","94774","1400"
"276","2018-08-03","6等","151327","1100"
"277","2018-08-10","1等","0","0"
"277","2018-08-10","2等","12","4532500"
"277","2018-08-10","3等","129","590200"
"277","2018-08-10","4等","5833","7600"
"277","2018-08-10","5等","90448","1200"
"277","2018-08-10","6等","147333","900"
"278","2018-08-17","1等","0","0"
"278","2018-08-17","2等","5","12638600"
"278","2018-08-17","3等","142","623000"
"278","2018-08-17","4等","6793","7600"
"278","2018-08-17","5等","103978","1200"
"278","2018-08-17","6等","167042","900"
"279","2018-08-24","1等","0","0"
"279","2018-08-24","2等","12","5937600"
"279","2018-08-24","3等","185","539100"
"279","2018-08-24","4等","8548","6800"
"279","2018-08-24","5等","117304","1200"
"279","2018-08-24","6等","210604","800"
"280","2018-08-31","1等","0","0"
"280","2018-08-31","2等","6","13162000"
"280","2018-08-31","3等","173","639000"
"280","2018-08-31","4等","7531","8600"
"280","2018-08-31","5等","116457","1300"
"280","2018-08-31","6等","186330","1000"
"281","2018-09-07","1等","1","1000000000"
"281","2018-09-07","2等","4","20471100"
"281","2018-09-07","3等","96","1194100"
"281","2018-09-07","4等","5111","13100"
"281","2018-09-07","5等","89508","1800"
"281","2018-09-07","6等","163932","1200"
"282","2018-09-14","1等","1","1000000000"
"282","2018-09-14","2等","8","9824400"
"282","2018-09-14","3等","112","982400"
"282","2018-09-14","4等","5643","11400"
"282","2018-09-14","5等","97856","1600"
"282","2018-09-14","6等","175263","1100"
"283","2018-09-21","1等","0","0"
"283","2018-09-21","2等","5","13780800"
"283","2018-09-21","3等","117","824400"
"283","2018-09-21","4等","6559","8600"
"283","2018-09-21","5等","102728","1300"
"283","2018-09-21","6等","152967","1100"
"284","2018-09-28","1等","0","0"
"284","2018-09-28","2等","9","8583600"
"284","2018-09-28","3等","124","872100"
"284","2018-09-28","4等","6317","10000"
"284","2018-09-28","5等","103248","1500"
"284","2018-09-28","6等","174824","1100"
"285","2018-10-05","1等","0","0"
"285","2018-10-05","2等","11","7307100"
"285","2018-10-05","3等","114","987000"
"285","2018-10-05","4等","6824","9600"
"285","2018-10-05","5等","110319","1400"
"285","2018-10-05","6等","189588","1000"
"286","2018-10-12","1等","0","0"
"286","2018-10-12","2等","12","7365100"
"286","2018-10-12","3等","151","819400"
"286","2018-10-12","4等","7138","10100"
"286","2018-10-12","5等","114717","1500"
"286","2018-10-12","6等","211324","1000"
"287","2018-10-19","1等","0","0"
"287","2018-10-19","2等","5","20004100"
"287","2018-10-19","3等","139","1007300"
"287","2018-10-19","4等","7135","11500"
"287","2018-10-19","5等","120517","1600"
"287","2018-10-19","6等","229390","1000"
"288","2018-10-26","1等","2","1000000000"
"288","2018-10-26","2等","16","6898600"
"288","2018-10-26","3等","253","610700"
"288","2018-10-26","4等","11152","8100"
"288","2018-10-26","5等","159113","1400"
"288","2018-10-26","6等","254099","1000"
"289","2018-11-02","1等","1","1000000000"
"289","2018-11-02","2等","10","9272400"
"289","2018-11-02","3等","116","1119000"
"289","2018-11-02","4等","8151","9300"
"289","2018-11-02","5等","126863","1400"
"289","2018-11-02","6等","237336","900"
"290","2018-11-09","1等","0","0"
"290","2018-11-09","2等","7","12685700"
"290","2018-11-09","3等","135","920800"
"290","2018-11-09","4等","8993","8100"
"290","2018-11-09","5等","117753","1500"
"290","2018-11-09","6等","200734","1100"
"291","2018-11-16","1等","1","1000000000"
"291","2018-11-16","2等","11","8279400"
"291","2018-11-16","3等","147","867300"
"291","2018-11-16","4等","6914","10800"
"291","2018-11-16","5等","112385","1600"
"291","2018-11-16","6等","215531","1000"
"292","2018-11-23","1等","0","0"
"292","2018-11-23","2等","7","11727300"
"292","2018-11-23","3等","123","934300"
"292","2018-11-23","4等","6641","10100"
"292","2018-11-23","5等","115238","1400"
"292","2018-11-23","6等","194454","1000"
"293","2018-11-30","1等","3","847890100"
"293","2018-11-30","2等","13","6877200"
"293","2018-11-30","3等","193","648500"
"293","2018-11-30","4等","8255","8800"
"293","2018-11-30","5等","127142","1400"
"293","2018-11-30","6等","221913","1000"
"294","2018-12-07","1等","0","0"
"294","2018-12-07","2等","6","9858900"
"294","2018-12-07","3等","117","707800"
"294","2018-12-07","4等","5538","8700"
"294","2018-12-07","5等","86288","1300"
"294","2018-12-07","6等","141461","1000"
"295","2018-12-14","1等","0","0"
"295","2018-12-14","2等","7","10043600"
"295","2018-12-14","3等","85","1157900"
"295","2018-12-14","4等","5550","10400"
"295","2018-12-14","5等","91904","1500"
"295","2018-12-14","6等","170758","1000"
"296","2018-12-21","1等","1","1000000000"
"296","2018-12-21","2等","14","5696500"
"296","2018-12-21","3等","181","616800"
"296","2018-12-21","4等","8342","7800"
"296","2018-12-21","5等","120593","1300"
"296","2018-12-21","6等","198645","1000"
"297","2018-12-28","1等","0","0"
"297","2018-12-28","2等","29","2601200"
"297","2018-12-28","3等","216","488900"
"297","2018-12-28","4等","9573","6400"
"297","2018-12-28","5等","127018","1200"
"297","2018-12-28","6等","215516","800"
"298","2019-01-04","1等","0","0"
"298","2019-01-04","2等","10","5834900"
"298","2019-01-04","3等","147","555700"
"298","2019-01-04","4等","6553","7300"
"298","2019-01-04","5等","92747","1200"
"298","2019-01-04","6等","141991","1000"
"299","2019-01-11","1等","0","0"
"299","2019-01-11","2等","11","7533500"
"299","2019-01-11","3等","207","560400"
"299","2019-01-11","4等","7616","8900"
"299","2019-01-11","5等","105706","1500"
"299","2019-01-11","6等","186101","1100"
"300","2019-01-18","1等","1","1000000000"
"300","2019-01-18","2等","4","21689100"
"300","2019-01-18","3等","172","706100"
"300","2019-01-18","4等","7409","9600"
"300","2019-01-18","5等","114350","1500"
"300","2019-01-18","6等","193635","1100"
"301","2019-01-25","1等","0","0"
"301","2019-01-25","2等","20","4144500"
"301","2019-01-25","3等","196","592000"
"301","2019-01-25","4等","8211","8200"
"301","2019-01-25","5等","122132","1300"
"301","2019-01-25","6等","209123","900"
"302","2019-02-01","1等","0","0"
"302","2019-02-01","2等","10","8611300"
"302","2019-02-01","3等","145","831400"
"302","2019-02-01","4等","7315","9600"
"302","2019-02-01","5等","116603","1400"
"302","2019-02-01","6等","198947","1000"
"303","2019-02-08","1等","0","0"
"303","2019-02-08","2等","11","8300300"
"303","2019-02-08","3等","328","389700"
"303","2019-02-08","4等","9335","8000"
"303","2019-02-08","5等","126257","1400"
"303","2019-02-08","6等","194195","1100"
"304","2019-02-15","1等","0","0"
"304","2019-02-15","2等","14","6958200"
"304","2019-02-15","3等","167","816600"
"304","2019-02-15","4等","7790","10200"
"304","2019-02-15","5等","132072","1400"
"304","2019-02-15","6等","242136","1000"
"305","2019-02-22","1等","1","1000000000"
"305","2019-02-22","2等","15","7062900"
"305","2019-02-22","3等","187","793100"
"305","2019-02-22","4等","9402","9200"
"305","2019-02-22","5等","154534","1300"
"305","2019-02-22","6等","262362","1000"
"306","2019-03-01","1等","0","0"
"306","2019-03-01","2等","8","12306100"
"306","2019-03-01","3等","186","741000"
"306","2019-03-01","4等","8831","9100"
"306","2019-03-01","5等","135005","1400"
"306","2019-03-01","6等","222934","1100"
"307","2019-03-08","1等","3","1000000000"
"307","2019-03-08","2等","21","4932300"
"307","2019-03-08","3等","297","488200"
"307","2019-03-08","4等","13086","6500"
"307","2019-03-08","5等","162254","1200"
"307","2019-03-08","6等","244004","1000"
"308","2019-03-15","1等","0","0"
"308","2019-03-15","2等","4","21951800"
"308","2019-03-15","3等","133","924200"
"308","2019-03-15","4等","6761","10600"
"308","2019-03-15","5等","110187","1600"
"308","2019-03-15","6等","205005","1000"
"309","2019-03-22","1等","0","0"
"309","2019-03-22","2等","9","9861900"
"309","2019-03-22","3等","126","986100"
"309","2019-03-22","4等","6832","10600"
"309","2019-03-22","5等","117028","1500"
"309","2019-03-22","6等","211539","1000"
"310","2019-03-29","1等","3","933583800"
"310","2019-03-29","2等","7","12983500"
"310","2019-03-29","3等","110","1156600"
"310","2019-03-29","4等","6651","11200"
"310","2019-03-29","5等","115353","1500"
"310","2019-03-29","6等","216558","1000"
"311","2019-04-05","1等","0","0"
"311","2019-04-05","2等","8","7563000"
"311","2019-04-05","3等","107","791600"
"311","2019-04-05","4等","5650","8700"
"311","2019-04-05","5等","88259","1300"
"311","2019-04-05","6等","146370","1000"
"312","2019-04-12","1等","1","793630300"
"312","2019-04-12","2等","8","8697900"
"312","2019-04-12","3等","97","1004200"
"312","2019-04-12","4等","5040","11300"
"312","2019-04-12","5等","83581","1600"
"312","2019-04-12","6等","152043","1100"
"313","2019-04-19","1等","0","0"
"313","2019-04-19","2等","5","12035500"
"313","2019-04-19","3等","127","663300"
"313","2019-04-19","4等","5448","9000"
"313","2019-04-19","5等","89097","1300"
"313","2019-04-19","6等","130932","1100"
"314","2019-04-26","1等","0","0"
"314","2019-04-26","2等","13","5485700"
"314","2019-04-26","3等","108","924400"
"314","2019-04-26","4等","5553","10500"
"314","2019-04-26","5等","97779","1400"
"314","2019-04-26","6等","166517","1000"
"315","2019-05-03","1等","3","413815400"
"315","2019-05-03","2等","5","14069200"
"315","2019-05-03","3等","159","619300"
"315","2019-05-03","4等","6455","8900"
"315","2019-05-03","5等","98226","1400"
"315","2019-05-03","6等","161077","1000"
"316","2019-05-10","1等","1","348691900"
"316","2019-05-10","2等","12","4827400"
"316","2019-05-10","3等","135","600700"
"316","2019-05-10","4等","5666","8300"
"316","2019-05-10","5等","82071","1400"
"316","2019-05-10","6等","140345","1000"
"317","2019-05-17","1等","0","0"
"317","2019-05-17","2等","4","14232400"
"317","2019-05-17","3等","76","1048600"
"317","2019-05-17","4等","4620","10100"
"317","2019-05-17","5等","75217","1500"
"317","2019-05-17","6等","116545","1200"
"318","2019-05-24","1等","2","376602400"
"318","2019-05-24","2等","7","9773600"
"318","2019-05-24","3等","140","684100"
"318","2019-05-24","4等","6908","8100"
"318","2019-05-24","5等","105569","1300"
"318","2019-05-24","6等","162780","1000"
"319","2019-05-31","1等","1","348796200"
"319","2019-05-31","2等","30","1908100"
"319","2019-05-31","3等","226","354600"
"319","2019-05-31","4等","7223","6500"
"319","2019-05-31","5等","94033","1200"
"319","2019-05-31","6等","149658","900"
"320","2019-06-07","1等","1","333152300"
"320","2019-06-07","2等","7","7832200"
"320","2019-06-07","3等","121","634300"
"320","2019-06-07","4等","5868","7600"
"320","2019-06-07","5等","79530","1300"
"320","2019-06-07","6等","122679","1100"
"321","2019-06-14","1等","0","0"
"321","2019-06-14","2等","9","6392100"
"321","2019-06-14","3等","86","936500"
"321","2019-06-14","4等","4828","9700"
"321","2019-06-14","5等","82937","1400"
"321","2019-06-14","6等","145249","900"
"322","2019-06-21","1等","2","389402400"
"322","2019-06-21","2等","13","5354100"
"322","2019-06-21","3等","147","662800"
"322","2019-06-21","4等","7713","7400"
"322","2019-06-21","5等","101277","1300"
"322","2019-06-21","6等","152176","1100"
"323","2019-06-28","1等","1","355424900"
"323","2019-06-28","2等","6","9655800"
"323","2019-06-28","3等","103","787400"
"323","2019-06-28","4等","4826","9800"
"323","2019-06-28","5等","77359","1500"
"323","2019-06-28","6等","146957","900"
"324","2019-07-05","1等","0","0"
"324","2019-07-05","2等","2","27594700"
"324","2019-07-05","3等","97","796500"
"324","2019-07-05","4等","4121","10900"
"324","2019-07-05","5等","63156","1700"
"324","2019-07-05","6等","113947","1200"
"325","2019-07-12","1等","0","0"
"325","2019-07-12","2等","5","13191000"
"325","2019-07-12","3等","97","951900"
"325","2019-07-12","4等","4977","10800"
"325","2019-07-12","5等","80144","1600"
"325","2019-07-12","6等","137151","1200"
"326","2019-07-19","1等","2","584295200"
"326","2019-07-19","2等","5","14430500"
"326","2019-07-19","3等","103","980600"
"326","2019-07-19","4等","5032","11700"
"326","2019-07-19","5等","90286","1600"
"326","2019-07-19","6等","164592","1000"
"327","2019-07-26","1等","1","325927600"
"327","2019-07-26","2等","5","10812400"
"327","2019-07-26","3等","95","796600"
"327","2019-07-26","4等","4617","9600"
"327","2019-07-26","5等","68651","1500"
"327","2019-07-26","6等","111898","1200"
"328","2019-08-02","1等","1","319467200"
"328","2019-08-02","2等","5","10642200"
"328","2019-08-02","3等","114","653400"
"328","2019-08-02","4等","4490","9700"
"328","2019-08-02","5等","73061","1400"
"328","2019-08-02","6等","120577","1100"
"329","2019-08-09","1等","0","0"
"329","2019-08-09","2等","4","12892800"
"329","2019-08-09","3等","89","811200"
"329","2019-08-09","4等","4430","9500"
"329","2019-08-09","5等","69036","1500"
"329","2019-08-09","6等","116797","1100"
"330","2019-08-16","1等","1","674889600"
"330","2019-08-16","2等","4","15358000"
"330","2019-08-16","3等","120","716600"
"330","2019-08-16","4等","5435","9200"
"330","2019-08-16","5等","84712","1400"
"330","2019-08-16","6等","138394","1100"
"331","2019-08-23","1等","0","0"
"331","2019-08-23","2等","6","8872000"
"331","2019-08-23","3等","126","591400"
"331","2019-08-23","4等","4999","8700"
"331","2019-08-23","5等","78083","1300"
"331","2019-08-23","6等","134724","900"
"332","2019-08-30","1等","0","0"
"332","2019-08-30","2等","10","6623100"
"332","2019-08-30","3等","149","622300"
"332","2019-08-30","4等","7242","7500"
"332","2019-08-30","5等","107919","1200"
"332","2019-08-30","6等","177475","900"
"333","2019-09-06","1等","0","0"
"333","2019-09-06","2等","8","9777700"
"333","2019-09-06","3等","163","671800"
"333","2019-09-06","4等","7178","8900"
"333","2019-09-06","5等","109222","1400"
"333","2019-09-06","6等","177114","1100"
"334","2019-09-13","1等","0","0"
"334","2019-09-13","2等","7","12684700"
"334","2019-09-13","3等","194","640700"
"334","2019-09-13","4等","8126","8900"
"334","2019-09-13","5等","127766","1400"
"334","2019-09-13","6等","218183","1000"
"335","2019-09-20","1等","0","0"
"335","2019-09-20","2等","9","10528600"
"335","2019-09-20","3等","195","680200"
"335","2019-09-20","4等","8483","9100"
"335","2019-09-20","5等","132338","1400"
"335","2019-09-20","6等","227897","1000"
"336","2019-09-27","1等","0","0"
"336","2019-09-27","2等","6","17333900"
"336","2019-09-27","3等","181","804400"
"336","2019-09-27","4等","8759","9700"
"336","2019-09-27","5等","142505","1400"
"336","2019-09-27","6等","236100","1100"
"337","2019-10-04","1等","1","1000000000"
"337","2019-10-04","2等","15","7307200"
"337","2019-10-04","3等","248","618700"
"337","2019-10-04","4等","11324","7900"
"337","2019-10-04","5等","170249","1300"
"337","2019-10-04","6等","293615","900"
"338","2019-10-11","1等","1","1000000000"
"338","2019-10-11","2等","19","5112700"
"338","2019-10-11","3等","194","701000"
"338","2019-10-11","4等","9853","8000"
"338","2019-10-11","5等","148918","1300"
"338","2019-10-11","6等","258463","900"
"339","2019-10-18","1等","1","1000000000"
"339","2019-10-18","2等","11","8388400"
"339","2019-10-18","3等","145","890800"
"339","2019-10-18","4等","7414","10200"
"339","2019-10-18","5等","120717","1500"
"339","2019-10-18","6等","219031","1000"
"340","2019-10-25","1等","1","1000000000"
"340","2019-10-25","2等","10","8665400"
"340","2019-10-25","3等","138","879000"
"340","2019-10-25","4等","7307","9700"
"340","2019-10-25","5等","115794","1500"
"340","2019-10-25","6等","208956","1000"
"341","2019-11-01","1等","1","1000000000"
"341","2019-11-01","2等","28","3169000"
"341","2019-11-01","3等","160","776300"
"341","2019-11-01","4等","7811","9300"
"341","2019-11-01","5等","124104","1400"
"341","2019-11-01","6等","219507","1000"
"342","2019-11-08","1等","0","0"
"342","2019-11-08","2等","6","13918200"
"342","2019-11-08","3等","160","730600"
"342","2019-11-08","4等","7572","9000"
"342","2019-11-08","5等","118568","1400"
"342","2019-11-08","6等","208744","900"
"343","2019-11-15","1等","0","0"
"343","2019-11-15","2等","7","12200200"
"343","2019-11-15","3等","86","1390200"
"343","2019-11-15","4等","5697","12300"
"343","2019-11-15","5等","97660","1700"
"343","2019-11-15","6等","187577","1100"
"344","2019-11-22","1等","0","0"
"344","2019-11-22","2等","9","9436100"
"344","2019-11-22","3等","128","928800"
"344","2019-11-22","4等","7088","9800"
"344","2019-11-22","5等","112169","1500"
"344","2019-11-22","6等","184062","1100"
"345","2019-11-29","1等","1","1000000000"
"345","2019-11-29","2等","13","6971600"
"345","2019-11-29","3等","166","764300"
"345","2019-11-29","4等","7785","9500"
"345","2019-11-29","5等","127276","1400"
"345","2019-11-29","6等","220771","1000"
"346","2019-12-06","1等","1","1000000000"
"346","2019-12-06","2等","8","10549100"
"346","2019-12-06","3等","152","777200"
"346","2019-12-06","4等","7411","9300"
"346","2019-12-06","5等","116307","1400"
"346","2019-12-06","6等","221320","900"
"347","2019-12-13","1等","0","0"
"347","2019-12-13","2等","3","28386700"
"347","2019-12-13","3等","138","863900"
"347","2019-12-13","4等","6617","10500"
"347","2019-12-13","5等","114754","1500"
"347","2019-12-13","6等","201919","1000"
"348","2019-12-20","1等","0","0"
"348","2019-12-20","2等","8","11401900"
"348","2019-12-20","3等","157","813300"
"348","2019-12-20","4等","8482","8800"
"348","2019-12-20","5等","124300","1400"
"348","2019-12-20","6等","212396","1000"
"349","2019-12-27","1等","2","1000000000"
"349","2019-12-27","2等","12","8744800"
"349","2019-12-27","3等","235","625100"
"349","2019-12-27","4等","10738","8000"
"349","2019-12-27","5等","158812","1300"
"349","2019-12-27","6等","243446","1000"
"350","2020-01-10","1等","0","0"
"350","2020-01-10","2等","5","18728900"
"350","2020-01-10","3等","121","1083400"
"350","2020-01-10","4等","6766","11300"
"350","2020-01-10","5等","112411","1600"
"350","2020-01-10","6等","206560","1100"
"351","2020-01-17","1等","1","1000000000"
"351","2020-01-17","2等","17","5252200"
"351","2020-01-17","3等","191","654400"
"351","2020-01-17","4等","8478","8600"
"351","2020-01-17","5等","130438","1300"
"351","2020-01-17","6等","218272","1000"
"352","2020-01-24","1等","2","886941800"
"352","2020-01-24","2等","13","6928800"
"352","2020-01-24","3等","167","755100"
"352","2020-01-24","4等","7868","9400"
"352","2020-01-24","5等","121713","1500"
"352","2020-01-24","6等","207726","1000"
"353","2020-01-31","1等","1","386956000"
"353","2020-01-31","2等","6","10732300"
"353","2020-01-31","3等","132","682900"
"353","2020-01-31","4等","6959","7600"
"353","2020-01-31","5等","97058","1300"
"353","2020-01-31","6等","157583","1000"
"354","2020-02-07","1等","0","0"
"354","2020-02-07","2等","8","7729100"
"354","2020-02-07","3等","127","681600"
"354","2020-02-07","4等","6239","8100"
"354","2020-02-07","5等","91415","1300"
"354","2020-02-07","6等","138711","1100"
"355","2020-02-14","1等","1","798697400"
"355","2020-02-14","2等","12","5911600"
"355","2020-02-14","3等","153","649100"
"355","2020-02-14","4等","6515","8900"
"355","2020-02-14","5等","106580","1300"
"355","2020-02-14","6等","174779","1000"
"356","2020-02-21","1等","1","359572000"
"356","2020-02-21","2等","6","9961300"
"356","2020-02-21","3等","70","1195300"
"356","2020-02-21","4等","3631","13500"
"356","2020-02-21","5等","65274","1800"
"356","2020-02-21","6等","121276","1200"
"357","2020-02-28","1等","0","0"
"357","2020-02-28","2等","10","5953800"
"357","2020-02-28","3等","105","793800"
"357","2020-02-28","4等","5414","9000"
"357","2020-02-28","5等","86659","1300"
"357","2020-02-28","6等","150754","900"
"358","2020-03-06","1等","0","0"
"358","2020-03-06","2等","7","10038100"
"358","2020-03-06","3等","119","826600"
"358","2020-03-06","4等","5902","9700"
"358","2020-03-06","5等","88702","1600"
"358","2020-03-06","6等","161037","1000"
"359","2020-03-13","1等","1","1000000000"
"359","2020-03-13","2等","12","6601900"
"359","2020-03-13","3等","174","637400"
"359","2020-03-13","4等","8048","8000"
"359","2020-03-13","5等","124609","1200"
"359","2020-03-13","6等","207525","900"
"360","2020-03-20","1等","0","0"
"360","2020-03-20","2等","8","8665100"
"360","2020-03-20","3等","88","1102800"
"360","2020-03-20","4等","4676","12100"
"360","2020-03-20","5等","81988","1700"
"360","2020-03-20","6等","151412","1100"
"361","2020-03-27","1等","1","1000000000"
"361","2020-03-27","2等","7","11398400"
"361","2020-03-27","3等","110","1015400"
"361","2020-03-27","4等","5816","11200"
"361","2020-03-27","5等","97576","1600"
"361","2020-03-27","6等","176827","1100"
"362","2020-04-03","1等","1","616130500"
"362","2020-04-03","2等","8","8690600"
"362","2020-04-03","3等","160","608300"
"362","2020-04-03","4等","7457","7600"
"362","2020-04-03","5等","111255","1200"
"362","2020-04-03","6等","181273","900"
"363","2020-04-10","1等","1","350725000"
"363","2020-04-10","2等","7","8122100"
"363","2020-04-10","3等","135","589500"
"363","2020-04-10","4等","5237","8900"
"363","2020-04-10","5等","78546","1400"
"363","2020-04-10","6等","131595","1000"
"364","2020-04-17","1等","0","0"
"364","2020-04-17","2等","4","13281900"
"364","2020-04-17","3等","96","774700"
"364","2020-04-17","4等","5078","8500"
"364","2020-04-17","5等","77996","1300"
"364","2020-04-17","6等","131596","1000"
"365","2020-04-24","1等","0","0"
"365","2020-04-24","2等","4","13698900"
"365","2020-04-24","3等","79","971000"
"365","2020-04-24","4等","4806","9300"
"365","2020-04-24","5等","74823","1400"
"365","2020-04-24","6等","126609","1000"
"366","2020-05-01","1等","0","0"
"366","2020-05-01","2等","4","13274200"
"366","2020-05-01","3等","79","940900"
"366","2020-05-01","4等","4104","10600"
"366","2020-05-01","5等","67535","1500"
"366","2020-05-01","6等","126618","1000"
"367","2020-05-08","1等","0","0"
"367","2020-05-08","2等","9","6356300"
"367","2020-05-08","3等","102","785100"
"367","2020-05-08","4等","4862","9600"
"367","2020-05-08","5等","75636","1500"
"367","2020-05-08","6等","128128","1100"
"368","2020-05-15","1等","0","0"
"368","2020-05-15","2等","8","8791700"
"368","2020-05-15","3等","143","688500"
"368","2020-05-15","4等","6742","8500"
"368","2020-05-15","5等","105147","1300"
"368","2020-05-15","6等","171958","1000"
"369","2020-05-22","1等","0","0"
"369","2020-05-22","2等","5","167348000"
"369","2020-05-22","3等","162","723000"
"369","2020-05-22","4等","7659","8900"
"369","2020-05-22","5等","120115","1400"
"369","2020-05-22","6等","200556","1000"
"370","2020-05-29","1等","0","0"
"370","2020-05-29","2等","12","8162000"
"370","2020-05-29","3等","193","710400"
"370","2020-05-29","4等","8425","9500"
"370","2020-05-29","5等","136361","1400"
"370","2020-05-29","6等","229546","1000"
"371","2020-06-05","1等","2","1000000000"
"371","2020-06-05","2等","17","6278700"
"371","2020-06-05","3等","263","568100"
"371","2020-06-05","4等","10712","8100"
"371","2020-06-05","5等","156650","1300"
"371","2020-06-05","6等","272106","900"
"372","2020-06-12","1等","1","1000000000"
"372","2020-06-12","2等","11","8192000"
"372","2020-06-12","3等","142","888400"
"372","2020-06-12","4等","7720","9500"
"372","2020-06-12","5等","119368","1500"
"372","2020-06-12","6等","220175","1000"
"373","2020-06-19","1等","0","0"
"373","2020-06-19","2等","11","8060400"
"373","2020-06-19","3等","134","926300"
"373","2020-06-19","4等","8026","9000"
"373","2020-06-19","5等","124274","1400"
"373","2020-06-19","6等","208406","1000"
"374","2020-06-26","1等","1","1000000000"
"374","2020-06-26","2等","10","9693300"
"374","2020-06-26","3等","246","551600"
"374","2020-06-26","4等","10899","7300"
"374","2020-06-26","5等","157940","1200"
"374","2020-06-26","6等","259076","900"
"375","2020-07-03","1等","1","1000000000"
"375","2020-07-03","2等","23","3910600"
"375","2020-07-03","3等","138","912400"
"375","2020-07-03","4等","7761","9500"
"375","2020-07-03","5等","123469","1400"
"375","2020-07-03","6等","222110","1000"
"376","2020-07-10","1等","3","412353200"
"376","2020-07-10","2等","9","9345100"
"376","2020-07-10","3等","185","636400"
"376","2020-07-10","4等","8521","8100"
"376","2020-07-10","5等","123352","1300"
"376","2020-07-10","6等","209047","1000"
"377","2020-07-17","1等","0","0"
"377","2020-07-17","2等","5","13102600"
"377","2020-07-17","3等","127","722100"
"377","2020-07-17","4等","6138","8700"
"377","2020-07-17","5等","95816","1300"
"377","2020-07-17","6等","156051","1000"
"378","2020-07-24","1等","0","0"
"378","2020-07-24","2等","12","6106500"
"378","2020-07-24","3等","151","679300"
"378","2020-07-24","4等","6707","8900"
"378","2020-07-24","5等","105104","1400"
"378","2020-07-24","6等","175197","1000"
"379","2020-07-31","1等","0","0"
"379","2020-07-31","2等","18","4511300"
"379","2020-07-31","3等","230","494200"
"379","2020-07-31","4等","9310","7100"
"379","2020-07-31","5等","125612","1300"
"379","2020-07-31","6等","200191","1000"
"380","2020-08-07","1等","2","923347500"
"380","2020-08-07","2等","15","5764000"
"380","2020-08-07","3等","150","806900"
"380","2020-08-07","4等","7801","9100"
"380","2020-08-07","5等","118016","1400"
"380","2020-08-07","6等","215179","1000"
"381","2020-08-14","1等","1","381063500"
"381","2020-08-14","2等","5","12497500"
"381","2020-08-14","3等","115","760700"
"381","2020-08-14","4等","5407","9400"
"381","2020-08-14","5等","84842","1400"
"381","2020-08-14","6等","151506","1000"
"382","2020-08-21","1等","1","369188600"
"382","2020-08-21","2等","4","15462300"
"382","2020-08-21","3等","129","671200"
"382","2020-08-21","4等","5782","8700"
"382","2020-08-21","5等","89293","1400"
"382","2020-08-21","6等","150505","1000"
"383","2020-08-28","1等","0","0"
"383","2020-08-28","2等","10","6319700"
"383","2020-08-28","3等","145","610100"
"383","2020-08-28","4等","6176","8400"
"383","2020-08-28","5等","97501","1300"
"383","2020-08-28","6等","153383","1000"
"384","2020-09-04","1等","0","0"
"384","2020-09-04","2等","20","3807600"
"384","2020-09-04","3等","190","561100"
"384","2020-09-04","4等","7883","7900"
"384","2020-09-04","5等","112856","1300"
"384","2020-09-04","6等","196135","900"
"385","2020-09-11","1等","1","1000000000"
"385","2020-09-11","2等","12","6828200"
"385","2020-09-11","3等","202","567800"
"385","2020-09-11","4等","9477","7100"
"385","2020-09-11","5等","118923","1300"
"385","2020-09-11","6等","193635","1000"
"386","2020-09-18","1等","0","0"
"386","2020-09-18","2等","6","12273200"
"386","2020-09-18","3等","86","1198700"
"386","2020-09-18","4等","4931","12200"
"386","2020-09-18","5等","89546","1600"
"386","2020-09-18","6等","157340","1100"
"387","2020-09-25","1等","0","0"
"387","2020-09-25","2等","9","8797100"
"387","2020-09-25","3等","124","893800"
"387","2020-09-25","4等","6062","10700"
"387","2020-09-25","5等","98008","1600"
"387","2020-09-25","6等","189963","1000"
"388","2020-10-02","1等","0","0"
"388","2020-10-02","2等","11","8005900"
"388","2020-10-02","3等","118","1044800"
"388","2020-10-02","4等","6967","10300"
"388","2020-10-02","5等","162500","1500"
"388","2020-10-02","6等","206896","1000"
"389","2020-10-09","1等","3","783897800"
"389","2020-10-09","2等","9","9751700"
"389","2020-10-09","3等","228","538900"
"389","2020-10-09","4等","8544","8400"
"389","2020-10-09","5等","128735","1300"
"389","2020-10-09","6等","214659","1000"
"390","2020-10-16","1等","0","0"
"390","2020-10-16","2等","6","10491400"
"390","2020-10-16","3等","111","793900"
"390","2020-10-16","4等","5177","9900"
"390","2020-10-16","5等","86684","1400"
"390","2020-10-16","6等","143274","1000"
"391","2020-10-23","1等","0","0"
"391","2020-10-23","2等","8","9366400"
"391","2020-10-23","3等","108","971300"
"391","2020-10-23","4等","5193","11800"
"391","2020-10-23","5等","92949","1600"
"391","2020-10-23","6等","160194","1100"
"392","2020-10-30","1等","2","675744100"
"392","2020-10-30","2等","10","8318100"
"392","2020-10-30","3等","139","837700"
"392","2020-10-30","4等","6569","10400"
"392","2020-10-30","5等","108197","1500"
"392","2020-10-30","6等","181718","1100"
"393","2020-11-06","1等","1","388842900"
"393","2020-11-06","2等","18","3523800"
"393","2020-11-06","3等","173","513200"
"393","2020-11-06","4等","7173","7200"
"393","2020-11-06","5等","98663","1300"
"393","2020-11-06","6等","160022","900"
"394","2020-11-13","1等","0","0"
"394","2020-11-13","2等","27","2268700"
"394","2020-11-13","3等","207","414200"
"394","2020-11-13","4等","7926","6300"
"394","2020-11-13","5等","94991","1300"
"394","2020-11-13","6等","164740","900"
"395","2020-11-20","1等","3","270621900"
"395","2020-11-20","2等","7","10529500"
"395","2020-11-20","3等","80","1289800"
"395","2020-11-20","4等","4725","12800"
"395","2020-11-20","5等","83410","1700"
"395","2020-11-20","6等","180779","1000"
"396","2020-11-27","1等","0","0"
"396","2020-11-27","2等","7","8652900"
"396","2020-11-27","3等","92","921700"
"396","2020-11-27","4等","5149","9600"
"396","2020-11-27","5等","82997","1400"
"396","2020-11-27","6等","134718","1100"
"397","2020-12-04","1等","0","0"
"397","2020-12-04","2等","15","4876800"
"397","2020-12-04","3等","131","781700"
"397","2020-12-04","4等","7060","8500"
"397","2020-12-04","5等","107285","1300"
"397","2020-12-04","6等","177064","1000"
"398","2020-12-11","1等","0","0"
"398","2020-12-11","2等","9","8938000"
"398","2020-12-11","3等","135","834200"
"398","2020-12-11","4等","7096","9300"
"398","2020-12-11","5等","111518","1400"
"398","2020-12-11","6等","197911","1000"
"399","2020-12-18","1等","0","0"
"399","2020-12-18","2等","14","6212300"
"399","2020-12-18","3等","137","888700"
"399","2020-12-18","4等","7501","9500"
"399","2020-12-18","5等","112970","1500"
"399","2020-12-18","6等","197889","1000"
"400","2020-12-25","1等","0","0"
"400","2020-12-25","2等","6","16604900"
"400","2020-12-25","3等","219","636800"
"400","2020-12-25","4等","9043","9000"
"400","2020-12-25","5等","135365","1400"
"400","2020-12-25","6等","219734","1000"
"401","2021-01-08","1等","0","0"
"401","2021-01-08","2等","6","18702000"
"401","2021-01-08","3等","173","908000"
"401","2021-01-08","4等","9392","9800"
"401","2021-01-08","5等","157204","1400"
"401","2021-01-08","6等","263431","1000"
"402","2021-01-15","1等","0","0"
"402","2021-01-15","2等","11","9424800"
"402","2021-01-15","3等","199","729300"
"402","2021-01-15","4等","8946","9500"
"402","2021-01-15","5等","139603","1500"
"402","2021-01-15","6等","253104","1000"
"403","2021-01-22","1等","0","0"
"403","2021-01-22","2等","16","7034600"
"403","2021-01-22","3等","209","753900"
"403","2021-01-22","4等","10493","8800"
"403","2021-01-22","5等","160099","1400"
"403","2021-01-22","6等","277426","1000"
"404","2021-01-29","1等","1","1000000000"
"404","2021-01-29","2等","19","6435200"
"404","2021-01-29","3等","338","506400"
"404","2021-01-29","4等","12289","8100"
"404","2021-01-29","5等","177419","1300"
"404","2021-01-29","6等","299495","1000"
"405","2021-02-05","1等","1","1000000000"
"405","2021-02-05","2等","40","2839700"
"405","2021-02-05","3等","265","600000"
"405","2021-02-05","4等","11201","8300"
"405","2021-02-05","5等","160364","1400"
"405","2021-02-05","6等","279209","1000"
"406","2021-02-12","1等","0","0"
"406","2021-02-12","2等","9","11590300"
"406","2021-02-12","3等","140","1043100"
"406","2021-02-12","4等","8035","10600"
"406","2021-02-12","5等","132750","1500"
"406","2021-02-12","6等","234763","1100"
"407","2021-02-19","1等","0","0"
"407","2021-02-19","2等","9","11974300"
"407","2021-02-19","3等","140","1077600"
"407","2021-02-19","4等","7275","12100"
"407","2021-02-19","5等","130344","1600"
"407","2021-02-19","6等","236344","1100"
"408","2021-02-26","1等","0","0"
"408","2021-02-26","2等","17","6668900"
"408","2021-02-26","3等","201","789600"
"408","2021-02-26","4等","8976","10300"
"408","2021-02-26","5等","143898","1500"
"408","2021-02-26","6等","239143","1100"
"409","2021-03-05","1等","2","1000000000"
"409","2021-03-05","2等","12","9712400"
"409","2021-03-05","3等","209","780700"
"409","2021-03-05","4等","9617","9900"
"409","2021-03-05","5等","149678","1500"
"409","2021-03-05","6等","250298","1100"
"410","2021-03-12","1等","0","0"
"410","2021-03-12","2等","12","9016600"
"410","2021-03-12","3等","151","1003100"
"410","2021-03-12","4等","8484","10400"
"410","2021-03-12","5等","128783","1700"
"410","2021-03-12","6等","234655","1100"
"411","2021-03-19","1等","1","1000000000"
"411","2021-03-19","2等","22","5005100"
"411","2021-03-19","3等","239","644900"
"411","2021-03-19","4等","11396","7900"
"411","2021-03-19","5等","168943","1300"
"411","2021-03-19","6等","296752","900"
"412","2021-03-26","1等","0","0"
"412","2021-03-26","2等","16","6660200"
"412","2021-03-26","3等","174","857300"
"412","2021-03-26","4等","9577","9100"
"412","2021-03-26","5等","139977","1500"
"412","2021-03-26","6等","230790","1100"
"413","2021-04-02","1等","1","1000000000"
"413","2021-04-02","2等","14","8438000"
"413","2021-04-02","3等","187","884400"
"413","2021-04-02","4等","9545","10100"
"413","2021-04-02","5等","155215","1500"
"413","2021-04-02","6等","270403","1000"
"414","2021-04-09","1等","1","1000000000"
"414","2021-04-09","2等","20","5285900"
"414","2021-04-09","3等","213","694800"
"414","2021-04-09","4等","9472","9100"
"414","2021-04-09","5等","143262","1400"
"414","2021-04-09","6等","233701","1100"
"415","2021-04-16","1等","6","916445700"
"415","2021-04-16","2等","17","6169300"
"415","2021-04-16","3等","200","734100"
"415","2021-04-16","4等","9672","8900"
"415","2021-04-16","5等","150747","1400"
"415","2021-04-16","6等","253869","1000"
"416","2021-04-23","1等","1","429819100"
"416","2021-04-23","2等","10","7142100"
"416","2021-04-23","3等","161","621000"
"416","2021-04-23","4等","7094","8200"
"416","2021-04-23","5等","106925","1300"
"416","2021-04-23","6等","175578","1000"
"417","2021-04-30","1等","2","209683200"
"417","2021-04-30","2等","18","3842300"
"417","2021-04-30","3等","137","706700"
"417","2021-04-30","4等","7439","7600"
"417","2021-04-30","5等","102586","1300"
"417","2021-04-30","6等","186587","900"
"418","2021-05-07","1等","1","389059300"
"418","2021-05-07","2等","5","13020600"
"418","2021-05-07","3等","89","1024000"
"418","2021-05-07","4等","4923","10800"
"418","2021-05-07","5等","81754","1600"
"418","2021-05-07","6等","132113","1200"
"419","2021-05-14","1等","2","190298900"
"419","2021-05-14","2等","4","15874700"
"419","2021-05-14","3等","146","608800"
"419","2021-05-14","4等","6512","8000"
"419","2021-05-14","5等","92017","1400"
"419","2021-05-14","6等","152031","1000"
"420","2021-05-21","1等","0","0"
"420","2021-05-21","2等","7","8680800"
"420","2021-05-21","3等","85","1000800"
"420","2021-05-21","4等","5018","9900"
"420","2021-05-21","5等","83656","1400"
"420","2021-05-21","6等","140942","1000"
"421","2021-05-28","1等","0","0"
"421","2021-05-28","2等","6","11596300"
"421","2021-05-28","3等","120","811700"
"421","2021-05-28","4等","6058","9400"
"421","2021-05-28","5等","94384","1400"
"421","2021-05-28","6等","157399","1100"
"422","2021-06-04","1等","0","0"
"422","2021-06-04","2等","8","9103000"
"422","2021-06-04","3等","206","494900"
"422","2021-06-04","4等","7074","8400"
"422","2021-06-04","5等","97729","1500"
"422","2021-06-04","6等","173131","1000"
"423","2021-06-11","1等","2","849866300"
"423","2021-06-11","2等","11","7015200"
"423","2021-06-11","3等","122","885500"
"423","2021-06-11","4等","7194","8800"
"423","2021-06-11","5等","112047","1300"
"423","2021-06-11","6等","192350","1000"
"424","2021-06-18","1等","0","0"
"424","2021-06-18","2等","17","3807700"
"424","2021-06-18","3等","144","629300"
"424","2021-06-18","4等","6349","8300"
"424","2021-06-18","5等","95292","1300"
"424","2021-06-18","6等","153959","1000"
"425","2021-06-25","1等","0","0"
"425","2021-06-25","2等","6","12027500"
"425","2021-06-25","3等","138","732000"
"425","2021-06-25","4等","5493","10700"
"425","2021-06-25","5等","88916","1600"
"425","2021-06-25","6等","159744","1100"
"426","2021-07-02","1等","1","1000000000"
"426","2021-07-02","2等","5","16047800"
"426","2021-07-02","3等","121","928300"
"426","2021-07-02","4等","5774","11400"
"426","2021-07-02","5等","104229","1500"
"426","2021-07-02","6等","176644","1100"
"427","2021-07-09","1等","2","383434200"
"427","2021-07-09","2等","10","7307100"
"427","2021-07-09","3等","122","838500"
"427","2021-07-09","4等","5752","10400"
"427","2021-07-09","5等","97154","1500"
"427","2021-07-09","6等","183235","900"
"428","2021-07-16","1等","0","0"
"428","2021-07-16","2等","2","30630300"
"428","2021-07-16","3等","100","857600"
"428","2021-07-16","4等","4776","10500"
"428","2021-07-16","5等","78859","1500"
"428","2021-07-16","6等","134265","1100"
"429","2021-07-23","1等","0","0"
"429","2021-07-23","2等","15","4534800"
"429","2021-07-23","3等","132","721400"
"429","2021-07-23","4等","6151","9000"
"429","2021-07-23","5等","92298","1400"
"429","2021-07-23","6等","162590","1000"
"430","2021-07-30","1等","0","0"
"430","2021-07-30","2等","8","9329400"
"430","2021-07-30","3等","133","785600"
"430","2021-07-30","4等","6783","9000"
"430","2021-07-30","5等","104881","1400"
"430","2021-07-30","6等","175085","1000"
"431","2021-08-06","1等","0","0"
"431","2021-08-06","2等","14","5654000"
"431","2021-08-06","3等","110","1007400"
"431","2021-08-06","4等","7134","9100"
"431","2021-08-06","5等","107170","1400"
"431","2021-08-06","6等","200427","900"
"432","2021-08-13","1等","0","0"
"432","2021-08-13","2等","12","6875000"
"432","2021-08-13","3等","159","726400"
"432","2021-08-13","4等","7355","9200"
"432","2021-08-13","5等","116284","1400"
"432","2021-08-13","6等","205507","1000"
"433","2021-08-20","1等","3","924772200"
"433","2021-08-20","2等","5","18051800"
"433","2021-08-20","3等","208","607500"
"433","2021-08-20","4等","7787","9500"
"433","2021-08-20","5等","115046","1500"
"433","2021-08-20","6等","186504","1200"
"434","2021-08-27","1等","1","380539500"
"434","2021-08-27","2等","10","6231100"
"434","2021-08-27","3等","116","752000"
"434","2021-08-27","4等","5217","9800"
"434","2021-08-27","5等","84556","1400"
"434","2021-08-27","6等","150152","1000"
"435","2021-09-03","1等","1","381436800"
"435","2021-09-03","2等","17","3665700"
"435","2021-09-03","3等","183","476700"
"435","2021-09-03","4等","7126","7100"
"435","2021-09-03","5等","99874","1200"
"435","2021-09-03","6等","148388","1000"
"436","2021-09-10","1等","1","369299700"
"436","2021-09-10","2等","7","8803000"
"436","2021-09-10","3等","82","1052000"
"436","2021-09-10","4等","4061","12400"
"436","2021-09-10","5等","74584","1600"
"436","2021-09-10","6等","139501","1100"
"437","2021-09-17","1等","2","179193600"
"437","2021-09-17","2等","7","8580100"
"437","2021-09-17","3等","95","885000"
"437","2021-09-17","4等","4828","10200"
"437","2021-09-17","5等","80324","1500"
"437","2021-09-17","6等","146799","1000"
"438","2021-09-24","1等","2","178941700"
"438","2021-09-24","2等","7","8440000"
"438","2021-09-24","3等","197","419800"
"438","2021-09-24","4等","5374","9000"
"438","2021-09-24","5等","79677","1500"
"438","2021-09-24","6等","138136","1000"
"439","2021-10-01","1等","4","88576400"
"439","2021-10-01","2等","8","7335600"
"439","2021-10-01","3等","143","574500"
"439","2021-10-01","4等","6080","7900"
"439","2021-10-01","5等","91170","1300"
"439","2021-10-01","6等","153997","900"
"440","2021-10-08","1等","0","0"
"440","2021-10-08","2等","4","14358600"
"440","2021-10-08","3等","89","903400"
"440","2021-10-08","4等","4718","9900"
"440","2021-10-08","5等","78846","1400"
"440","2021-10-08","6等","134203","1000"
"441","2021-10-15","1等","0","0"
"441","2021-10-15","2等","8","8588600"
"441","2021-10-15","3等","103","933800"
"441","2021-10-15","4等","5503","10200"
"441","2021-10-15","5等","90085","1500"
"441","2021-10-15","6等","158968","1000"
"442","2021-10-22","1等","0","0"
"442","2021-10-22","2等","12","6279000"
"442","2021-10-22","3等","90","1172000"
"442","2021-10-22","4等","5564","11100"
"442","2021-10-22","5等","96830","1500"
"442","2021-10-22","6等","174526","1000"
"443","2021-10-29","1等","1","1000000000"
"443","2021-10-29","2等","9","9471100"
"443","2021-10-29","3等","108","1104900"
"443","2021-10-29","4等","6249","11200"
"443","2021-10-29","5等","109679","1500"
"443","2021-10-29","6等","206470","1000"
"444","2021-11-05","1等","0","0"
"444","2021-11-05","2等","19","4101500"
"444","2021-11-05","3等","130","839200"
"444","2021-11-05","4等","6843","9300"
"444","2021-11-05","5等","111162","1400"
"444","2021-11-05","6等","194994","900"
"445","2021-11-12","1等","1","1000000000"
"445","2021-11-12","2等","8","11093600"
"445","2021-11-12","3等","143","868800"
"445","2021-11-12","4等","6894","10500"
"445","2021-11-12","5等","117831","1500"
"445","2021-11-12","6等","207372","1000"
"446","2021-11-19","1等","1","1000000000"
"446","2021-11-19","2等","15","5268700"
"446","2021-11-19","3等","157","704700"
"446","2021-11-19","4等","7985","8100"
"446","2021-11-19","5等","120075","1300"
"446","2021-11-19","6等","212024","900"
"447","2021-11-26","1等","0","0"
"447","2021-11-26","2等","18","3943200"
"447","2021-11-26","3等","182","545900"
"447","2021-11-26","4等","7890","7300"
"447","2021-11-26","5等","113255","1200"
"447","2021-11-26","6等","182687","900"
"448","2021-12-03","1等","1","1000000000"
"448","2021-12-03","2等","8","9756100"
"448","2021-12-03","3等","127","860300"
"448","2021-12-03","4等","5855","10900"
"448","2021-12-03","5等","99083","1500"
"448","2021-12-03","6等","172637","1100"
"449","2021-12-10","1等","1","591586300"
"449","2021-12-10","2等","3","23462400"
"449","2021-12-10","3等","98","1005500"
"449","2021-12-10","4等","4671","12300"
"449","2021-12-10","5等","83683","1700"
"449","2021-12-10","6等","170223","1000"
"450","2021-12-17","1等","0","0"
"450","2021-12-17","2等","9","6873400"
"450","2021-12-17","3等","96","902100"
"450","2021-12-17","4等","5855","8600"
"450","2021-12-17","5等","91049","1300"
"450","2021-12-17","6等","166103","900"
"451","2021-12-24","1等","1","835216700"
"451","2021-12-24","2等","4","19135200"
"451","2021-12-24","3等","96","1116200"
"451","2021-12-24","4等","6319","9900"
"451","2021-12-24","5等","99065","1500"
"451","2021-12-24","6等","173320","1100"
"452","2022-01-07","1等","3","139643300"
"452","2022-01-07","2等","12","5845400"
"452","2022-01-07","3等","106","926400"
"452","2022-01-07","4等","5256","10900"
"452","2022-01-07","5等","86784","1600"
"452","2022-01-07","6等","157415","1100"
"453","2022-01-14","1等","1","392246900"
"453","2022-01-14","2等","7","9075300"
"453","2022-01-14","3等","92","966700"
"453","2022-01-14","4等","5910","8800"
"453","2022-01-14","5等","84399","1500"
"453","2022-01-14","6等","158899","900"
"454","2022-01-21","1等","2","184610500"
"454","2022-01-21","2等","2","29617300"
"454","2022-01-21","3等","83","999100"
"454","2022-01-21","4等","4926","9800"
"454","2022-01-21","5等","80565","1400"
"454","2022-01-21","6等","135336","1000"
"455","2022-01-28","1等","1","358799300"
"455","2022-01-28","2等","7","8585100"
"455","2022-01-28","3等","120","701100"
"455","2022-01-28","4等","5411","9100"
"455","2022-01-28","5等","84271","1400"
"455","2022-01-28","6等","135713","1100"
"456","2022-02-04","1等","0","0"
"456","2022-02-04","2等","6","9803400"
"456","2022-02-04","3等","123","669400"
"456","2022-02-04","4等","5498","8700"
"456","2022-02-04","5等","84291","1400"
"456","2022-02-04","6等","143919","1000"
"457","2022-02-11","1等","0","0"
"457","2022-02-11","2等","4","16901700"
"457","2022-02-11","3等","156","606700"
"457","2022-02-11","4等","6114","9000"
"457","2022-02-11","5等","92737","1400"
"457","2022-02-11","6等","158458","1000"
"458","2022-02-18","1等","0","0"
"458","2022-02-18","2等","12","6468500"
"458","2022-02-18","3等","117","928800"
"458","2022-02-18","4等","7029","9000"
"458","2022-02-18","5等","109832","1400"
"458","2022-02-18","6等","188961","1000"
"459","2022-02-25","1等","2","876605800"
"459","2022-02-25","2等","10","8363400"
"459","2022-02-25","3等","230","509000"
"459","2022-02-25","4等","8888","7700"
"459","2022-02-25","5等","124348","1300"
"459","2022-02-25","6等","190387","1000"
"460","2022-03-04","1等","2","185574900"
"460","2022-03-04","2等","13","4563200"
"460","2022-03-04","3等","148","561100"
"460","2022-03-04","4等","6069","8000"
"460","2022-03-04","5等","94014","1200"
"460","2022-03-04","6等","167614","800"
"461","2022-03-11","1等","0","0"
"461","2022-03-11","2等","3","19282900"
"461","2022-03-11","3等","83","975700"
"461","2022-03-11","4等","4496","10500"
"461","2022-03-11","5等","74309","1500"
"461","2022-03-11","6等","128410","1100"
"462","2022-03-18","1等","0","0"
"462","2022-03-18","2等","6","11907300"
"462","2022-03-18","3等","133","752000"
"462","2022-03-18","4等","6434","9100"
"462","2022-03-18","5等","103904","1300"
"462","2022-03-18","6等","189153","900"
"463","2022-03-25","1等","1","1000000000"
"463","2022-03-25","2等","8","9731500"
"463","2022-03-25","3等","154","707700"
"463","2022-03-25","4等","7118","8900"
"463","2022-03-25","5等","111334","1400"
"463","2022-03-25","6等","188197","1000"
"464","2022-04-01","1等","0","0"
"464","2022-04-01","2等","8","9548700"
"464","2022-04-01","3等","117","914000"
"464","2022-04-01","4等","5875","10600"
"464","2022-04-01","5等","102330","1500"
"464","2022-04-01","6等","174414","1000"
"465","2022-04-08","1等","2","612005700"
"465","2022-04-08","2等","13","6252400"
"465","2022-04-08","3等","142","801300"
"465","2022-04-08","4等","7444","8900"
"465","2022-04-08","5等","116902","1400"
"465","2022-04-08","6等","204646","900"
"466","2022-04-15","1等","1","371149000"
"466","2022-04-15","2等","8","7481800"
"466","2022-04-15","3等","128","654600"
"466","2022-04-15","4等","5359","9100"
"466","2022-04-15","5等","88609","1300"
"466","2022-04-15","6等","152760","900"
"467","2022-04-22","1等","1","363023100"
"467","2022-04-22","2等","6","9705400"
"467","2022-04-22","3等","179","455400"
"467","2022-04-22","4等","6731","7100"
"467","2022-04-22","5等","99161","1100"
"467","2022-04-22","6等","149425","900"
"468","2022-04-29","1等","0","0"
"468","2022-04-29","2等","5","11266000"
"468","2022-04-29","3等","98","804600"
"468","2022-04-29","4等","4877","9400"
"468","2022-04-29","5等","77645","1400"
"468","2022-04-29","6等","132332","1000"
"469","2022-05-06","1等","1","766258900"
"469","2022-05-06","2等","13","5286800"
"469","2022-05-06","3等","131","734400"
"469","2022-05-06","4等","5855","9600"
"469","2022-05-06","5等","93468","1400"
"469","2022-05-06","6等","165111","1000"
"470","2022-05-13","1等","0","0"
"470","2022-05-13","2等","6","9324200"
"470","2022-05-13","3等","112","699300"
"470","2022-05-13","4等","5344","8500"
"470","2022-05-13","5等","81283","1300"
"470","2022-05-13","6等","120313","1100"
"471","2022-05-20","1等","3","261527700"
"471","2022-05-20","2等","11","6397500"
"471","2022-05-20","3等","187","526800"
"471","2022-05-20","4等","8192","7000"
"471","2022-05-20","5等","121220","1100"
"471","2022-05-20","6等","178602","900"
"472","2022-05-27","1等","0","0"
"472","2022-05-27","2等","14","4049300"
"472","2022-05-27","3等","82","967800"
"472","2022-05-27","4等","4297","10800"
"472","2022-05-27","5等","75806","1500"
"472","2022-05-27","6等","129676","1000"
"473","2022-06-03","1等","0","0"
"473","2022-06-03","2等","11","6335900"
"473","2022-06-03","3等","142","687100"
"473","2022-06-03","4等","5725","9900"
"473","2022-06-03","5等","93098","1500"
"473","2022-06-03","6等","172867","1000"
"474","2022-06-10","1等","0","0"
"474","2022-06-10","2等","12","6815000"
"474","2022-06-10","3等","130","880700"
"474","2022-06-10","4等","6755","9900"
"474","2022-06-10","5等","106983","1500"
"474","2022-06-10","6等","194233","1000"
"475","2022-06-17","1等","0","0"
"475","2022-06-17","2等","5","18160100"
"475","2022-06-17","3等","114","1115000"
"475","2022-06-17","4等","6213","12000"
"475","2022-06-17","5等","107193","1700"
"475","2022-06-17","6等","203328","1100"
"476","2022-06-24","1等","1","1000000000"
"476","2022-06-24","2等","10","9773300"
"476","2022-06-24","3等","244","560700"
"476","2022-06-24","4等","10292","7700"
"476","2022-06-24","5等","152643","1200"
"476","2022-06-24","6等","230108","1000"
"477","2022-07-01","1等","0","0"
"477","2022-07-01","2等","12","7454500"
"477","2022-07-01","3等","157","797600"
"477","2022-07-01","4等","7914","9200"
"477","2022-07-01","5等","120998","1500"
"477","2022-07-01","6等","221337","1000"
"478","2022-07-08","1等","0","0"
"478","2022-07-08","2等","12","7921900"
"478","2022-07-08","3等","156","853100"
"478","2022-07-08","4等","7836","9900"
"478","2022-07-08","5等","130318","1400"
"478","2022-07-08","6等","216219","1000"
"479","2022-07-15","1等","1","1000000000"
"479","2022-07-15","2等","11","8936600"
"479","2022-07-15","3等","219","628400"
"479","2022-07-15","4等","9962","8100"
"479","2022-07-15","5等","149706","1300"
"479","2022-07-15","6等","240651","1000"
"480","2022-07-22","1等","0","0"
"480","2022-07-22","2等","9","10318300"
"480","2022-07-22","3等","155","838700"
"480","2022-07-22","4等","7296","10400"
"480","2022-07-22","5等","119253","1500"
"480","2022-07-22","6等","200243","1100"
"481","2022-07-29","1等","0","0"
"481","2022-07-29","2等","6","16151700"
"481","2022-07-29","3等","118","1149700"
"481","2022-07-29","4等","6897","11500"
"481","2022-07-29","5等","118307","1600"
"481","2022-07-29","6等","216994","1100"
"482","2022-08-05","1等","1","1000000000"
"482","2022-08-05","2等","9","11429800"
"482","2022-08-05","3等","118","1220400"
"482","2022-08-05","4等","7589","11100"
"482","2022-08-05","5等","130819","1500"
"482","2022-08-05","6等","247403","1000"
"483","2022-08-13","1等","1","1000000000"
"483","2022-08-13","2等","8","11551300"
"483","2022-08-13","3等","129","1002800"
"483","2022-08-13","4等","6841","11000"
"483","2022-08-13","5等","111896","1600"
"483","2022-08-13","6等","190202","1200"
"484","2022-08-19","1等","2","1000000000"
"484","2022-08-19","2等","13","7291500"
"484","2022-08-19","3等","229","579400"
"484","2022-08-19","4等","9708","8000"
"484","2022-08-19","5等","143522","1300"
"484","2022-08-19","6等","233469","1000"
"485","2022-08-26","1等","0","0"
"485","2022-08-26","2等","21","4232800"
"485","2022-08-26","3等","154","808000"
"485","2022-08-26","4等","7126","10200"
"485","2022-08-26","5等","113588","1500"
"485","2022-08-26","6等","231428","900"
"486","2022-09-02","1等","2","1000000000"
"486","2022-09-02","2等","13","7019100"
"486","2022-09-02","3等","243","525700"
"486","2022-09-02","4等","10476","7100"
"486","2022-09-02","5等","153072","1200"
"486","2022-09-02","6等","226244","1000"
"487","2022-09-09","1等","1","552858100"
"487","2022-09-09","2等","12","6097800"
"487","2022-09-09","3等","154","665200"
"487","2022-09-09","4等","7044","8500"
"487","2022-09-09","5等","104051","1400"
"487","2022-09-09","6等","168573","1000"
"488","2022-09-16","1等","1","383488500"
"488","2022-09-16","2等","4","15564800"
"488","2022-09-16","3等","75","1162100"
"488","2022-09-16","4等","4222","12100"
"488","2022-09-16","5等","70925","1700"
"488","2022-09-16","6等","131335","1100"
"489","2022-09-23","1等","1","354131100"
"489","2022-09-23","2等","12","4843000"
"489","2022-09-23","3等","109","746400"
"489","2022-09-23","4等","5679","8400"
"489","2022-09-23","5等","86726","1300"
"489","2022-09-23","6等","153879","900"
"490","2022-09-30","1等","0","0"
"490","2022-09-30","2等","4","14892600"
"490","2022-09-30","3等","95","877800"
"490","2022-09-30","4等","4529","10800"
"490","2022-09-30","5等","73211","1600"
"490","2022-09-30","6等","139579","1000"
"491","2022-10-07","1等","1","773648000"
"491","2022-10-07","2等","5","13627400"
"491","2022-10-07","3等","122","781800"
"491","2022-10-07","4等","5856","9500"
"491","2022-10-07","5等","88701","1500"
"491","2022-10-07","6等","151919","1100"
"492","2022-10-14","1等","1","366686800"
"492","2022-10-14","2等","9","6535600"
"492","2022-10-14","3等","161","511400"
"492","2022-10-14","4等","6354","7600"
"492","2022-10-14","5等","92253","1200"
"492","2022-10-14","6等","150333","900"
"493","2022-10-21","1等","0","0"
"493","2022-10-21","2等","6","9748200"
"493","2022-10-21","3等","79","1036500"
"493","2022-10-21","4等","4497","10600"
"493","2022-10-21","5等","75308","1500"
"493","2022-10-21","6等","134491","1000"
"494","2022-10-28","1等","2","395981700"
"494","2022-10-28","2等","12","5907500"
"494","2022-10-28","3等","114","870500"
"494","2022-10-28","4等","6941","8300"
"494","2022-10-28","5等","102791","1300"
"494","2022-10-28","6等","175537","1000"
"495","2022-11-04","1等","0","0"
"495","2022-11-04","2等","8","7412400"
"495","2022-11-04","3等","91","912200"
"495","2022-11-04","4等","4588","10600"
"495","2022-11-04","5等","72963","1600"
"495","2022-11-04","6等","124363","1100"
"496","2022-11-11","1等","2","405019800"
"496","2022-11-11","2等","11","6668400"
"496","2022-11-11","3等","167","614900"
"496","2022-11-11","4等","7528","8000"
"496","2022-11-11","5等","109915","1300"
"496","2022-11-11","6等","175299","1000"
"497","2022-11-18","1等","0","0"
"497","2022-11-18","2等","5","11694000"
"497","2022-11-18","3等","66","1240200"
"497","2022-11-18","4等","3980","12000"
"497","2022-11-18","5等","69262","1700"
"497","2022-11-18","6等","125092","1100"
"498","2022-11-25","1等","0","0"
"498","2022-11-25","2等","10","7047300"
"498","2022-11-25","3等","129","764800"
"498","2022-11-25","4等","6769","8500"
"498","2022-11-25","5等","99491","1400"
"498","2022-11-25","6等","176414","900"
"499","2022-12-02","1等","0","0"
"499","2022-12-02","2等","16","4829400"
"499","2022-12-02","3等","221","489400"
"499","2022-12-02","4等","8096","7800"
"499","2022-12-02","5等","111022","1400"
"499","2022-12-02","6等","181916","1000"
"500","2022-12-09","1等","0","0"
"500","2022-12-09","2等","15","5579300"
"500","2022-12-09","3等","152","770800"
"500","2022-12-09","4等","6824","10000"
"500","2022-12-09","5等","110163","1500"
"500","2022-12-09","6等","190311","1000"
"501","2022-12-16","1等","1","1000000000"
"501","2022-12-16","2等","6","15919600"
"501","2022-12-16","3等","218","613400"
"501","2022-12-16","4等","9286","8400"
"501","2022-12-16","5等","141492","1300"
"501","2022-12-16","6等","215790","1100"
"502","2022-12-23","1等","0","0"
"502","2022-12-23","2等","3","30444100"
"502","2022-12-23","3等","150","852400"
"502","2022-12-23","4等","7626","9800"
"502","2022-12-23","5等","119205","1500"
"502","2022-12-23","6等","208484","1000"
"503","2022-12-30","1等","0","0"
"503","2022-12-30","2等","18","5592500"
"503","2022-12-30","3等","208","677500"
"503","2022-12-30","4等","10395","7900"
"503","2022-12-30","5等","161047","1200"
"503","2022-12-30","6等","257833","900"
"504","2023-01-06","1等","1","1000000000"
"504","2023-01-06","2等","13","7371600"
"504","2023-01-06","3等","217","618200"
"504","2023-01-06","4等","11701","6700"
"504","2023-01-06","5等","141326","1300"
"504","2023-01-06","6等","258873","900"
"505","2023-01-13","1等","0","0"
"505","2023-01-13","2等","12","8258600"
"505","2023-01-13","3等","275","504500"
"505","2023-01-13","4等","11204","7200"
"505","2023-01-13","5等","154200","1300"
"505","2023-01-13","6等","245688","1000"
"506","2023-01-20","1等","2","1000000000"
"506","2023-01-20","2等","12","8445600"
"506","2023-01-20","3等","222","639100"
"506","2023-01-20","4等","10164","8100"
"506","2023-01-20","5等","147222","1300"
"506","2023-01-20","6等","246924","1000"
"507","2023-01-27","1等","1","1000000000"
"507","2023-01-27","2等","7","12331700"
"507","2023-01-27","3等","138","875700"
"507","2023-01-27","4等","6430","11000"
"507","2023-01-27","5等","108277","1600"
"507","2023-01-27","6等","184832","1100"
"508","2023-02-03","1等","1","1000000000"
"508","2023-02-03","2等","7","11909300"
"508","2023-02-03","3等","179","652000"
"508","2023-02-03","4等","8638","7900"
"508","2023-02-03","5等","121633","1300"
"508","2023-02-03","6等","192948","1000"
"509","2023-02-10","1等","0","0"
"509","2023-02-10","2等","3","23900300"
"509","2023-02-10","3等","105","955900"
"509","2023-02-10","4等","5911","9900"
"509","2023-02-10","5等","92429","1500"
"509","2023-02-10","6等","146055","1200"
"510","2023-02-17","1等","0","0"
"510","2023-02-17","2等","9","8723400"
"510","2023-02-17","3等","200","549500"
"510","2023-02-17","4等","8931","7200"
"510","2023-02-17","5等","123907","1200"
"510","2023-02-17","6等","202126","900"
"511","2023-02-24","1等","0","0"
"511","2023-02-24","2等","7","11814000"
"511","2023-02-24","3等","129","897400"
"511","2023-02-24","4等","6226","10900"
"511","2023-02-24","5等","103546","1600"
"511","2023-02-24","6等","184705","1100"
"512","2023-03-03","1等","1","1000000000"
"512","2023-03-03","2等","12","7355400"
"512","2023-03-03","3等","131","943200"
"512","2023-03-03","4等","7212","10000"
"512","2023-03-03","5等","123047","1400"
"512","2023-03-03","6等","219819","1000"
"513","2023-03-10","1等","0","0"
"513","2023-03-10","2等","11","7467800"
"513","2023-03-10","3等","138","833300"
"513","2023-03-10","4等","7276","9200"
"513","2023-03-10","5等","108546","1500"
"513","2023-03-10","6等","170255","1200"
"514","2023-03-17","1等","1","1000000000"
"514","2023-03-17","2等","9","9414800"
"514","2023-03-17","3等","184","644600"
"514","2023-03-17","4等","8052","8600"
"514","2023-03-17","5等","114858","1400"
"514","2023-03-17","6等","208867","1000"
"515","2023-03-24","1等","0","0"
"515","2023-03-24","2等","15","5921900"
"515","2023-03-24","3等","141","881900"
"515","2023-03-24","4等","8542","8500"
"515","2023-03-24","5等","129985","1300"
"515","2023-03-24","6等","241648","900"
"516","2023-03-31","1等","2","1000000000"
"516","2023-03-31","2等","10","8722600"
"516","2023-03-31","3等","136","897900"
"516","2023-03-31","4等","8037","8900"
"516","2023-03-31","5等","128293","1300"
"516","2023-03-31","6等","215501","1000"
"517","2023-04-07","1等","0","0"
"517","2023-04-07","2等","8","9170800"
"517","2023-04-07","3等","147","698700"
"517","2023-04-07","4等","6834","8800"
"517","2023-04-07","5等","101882","1400"
"517","2023-04-07","6等","180354","1000"
"518","2023-04-14","1等","1","1000000000"
"518","2023-04-14","2等","9","8971200"
"518","2023-04-14","3等","260","434700"
"518","2023-04-14","4等","9685","6800"
"518","2023-04-14","5等","133741","1200"
"518","2023-04-14","6等","210513","900"
"519","2023-04-21","1等","0","0"
"519","2023-04-21","2等","13","5643900"
"519","2023-04-21","3等","122","841900"
"519","2023-04-21","4等","6866","8700"
"519","2023-04-21","5等","103914","1400"
"519","2023-04-21","6等","164126","1100"
"520","2023-04-28","1等","1","1000000000"
"520","2023-04-28","2等","22","3698400"
"520","2023-04-28","3等","165","690300"
"520","2023-04-28","4等","7403","9000"
"520","2023-04-28","5等","112026","1400"
"520","2023-04-28","6等","202352","1000"
"521","2023-05-05","1等","1","638520100"
"521","2023-05-05","2等","8","8456400"
"521","2023-05-05","3等","135","701500"
"521","2023-05-05","4等","5258","10500"
"521","2023-05-05","5等","80122","1700"
"521","2023-05-05","6等","147891","1100"
"522","2023-05-12","1等","0","0"
"522","2023-05-12","2等","10","6067800"
"522","2023-05-12","3等","127","668800"
"522","2023-05-12","4等","5525","9000"
"522","2023-05-12","5等","83782","1400"
"522","2023-05-12","6等","134880","1100"
"523","2023-05-19","1等","0","0"
"523","2023-05-19","2等","6","11262000"
"523","2023-05-19","3等","127","744800"
"523","2023-05-19","4等","6025","9200"
"523","2023-05-19","5等","94864","1400"
"523","2023-05-19","6等","145968","1100"
"524","2023-05-26","1等","1","1000000000"
"524","2023-05-26","2等","11","6798900"
"524","2023-05-26","3等","140","747800"
"524","2023-05-26","4等","7028","8700"
"524","2023-05-26","5等","106455","1400"
"524","2023-05-26","6等","187891","900"
"525","2023-06-02","1等","0","0"
"525","2023-06-02","2等","7","9544900"
"525","2023-06-02","3等","94","995000"
"525","2023-06-02","4等","5118","10700"
"525","2023-06-02","5等","85778","1500"
"525","2023-06-02","6等","154759","1000"
"526","2023-06-09","1等","0","0"
"526","2023-06-09","2等","10","7403300"
"526","2023-06-09","3等","115","901200"
"526","2023-06-09","4等","5873","10300"
"526","2023-06-09","5等","96844","1500"
"526","2023-06-09","6等","164817","1100"
"527","2023-06-16","1等","0","0"
"527","2023-06-16","2等","20","3983900"
"527","2023-06-16","3等","188","593300"
"527","2023-06-16","4等","7580","8600"
"527","2023-06-16","5等","116209","1300"
"527","2023-06-16","6等","205886","900"
"528","2023-06-23","1等","1","1000000000"
"528","2023-06-23","2等","12","7076600"
"528","2023-06-23","3等","147","808700"
"528","2023-06-23","4等","6753","10300"
"528","2023-06-23","5等","113489","1500"
"528","2023-06-23","6等","202552","1000"
"529","2023-06-30","1等","0","0"
"529","2023-06-30","2等","6","13577000"
"529","2023-06-30","3等","195","584800"
"529","2023-06-30","4等","8405","7900"
"529","2023-06-30","5等","124745","1300"
"529","2023-06-30","6等","194268","1000"
"530","2023-07-07","1等","2","1000000000"
"530","2023-07-07","2等","9","9457200"
"530","2023-07-07","3等","114","1046300"
"530","2023-07-07","4等","6398","10900"
"530","2023-07-07","5等","105288","1600"
"530","2023-07-07","6等","193759","1000"
"531","2023-07-14","1等","0","0"
"531","2023-07-14","2等","15","4506500"
"531","2023-07-14","3等","188","503300"
"531","2023-07-14","4等","7243","7600"
"531","2023-07-14","5等","102958","1300"
"531","2023-07-14","6等","180894","900"
"532","2023-07-21","1等","3","321126500"
"532","2023-07-21","2等","10","7103000"
"532","2023-07-21","3等","154","645700"
"532","2023-07-21","4等","7151","8100"
"532","2023-07-21","5等","103172","1300"
"532","2023-07-21","6等","170061","1000"
"533","2023-07-28","1等","0","0"
"533","2023-07-28","2等","7","8311900"
"533","2023-07-28","3等","126","646400"
"533","2023-07-28","4等","5849","8100"
"533","2023-07-28","5等","87880","1300"
"533","2023-07-28","6等","138522","1000"
"534","2023-08-04","1等","0","0"
"534","2023-08-04","2等","20","3650500"
"534","2023-08-04","3等","94","1087300"
"534","2023-08-04","4等","5334","11200"
"534","2023-08-04","5等","87257","1600"
"534","2023-08-04","6等","159883","1100"
"535","2023-08-11","1等","0","0"
"535","2023-08-11","2等","12","6008000"
"535","2023-08-11","3等","145","696000"
"535","2023-08-11","4等","6372","9200"
"535","2023-08-11","5等","101038","1400"
"535","2023-08-11","6等","186976","900"
"536","2023-08-18","1等","1","1000000000"
"536","2023-08-18","2等","14","5789500"
"536","2023-08-18","3等","263","431400"
"536","2023-08-18","4等","7787","8500"
"536","2023-08-18","5等","118669","1300"
"536","2023-08-18","6等","196925","1000"
"537","2023-08-25","1等","2","591245200"
"537","2023-08-25","2等","10","7528900"
"537","2023-08-25","3等","118","893200"
"537","2023-08-25","4等","5834","10500"
"537","2023-08-25","5等","101012","1500"
"537","2023-08-25","6等","184920","1000"
"538","2023-09-01","1等","0","0"
"538","2023-09-01","2等","14","4363900"
"538","2023-09-01","3等","137","624300"
"538","2023-09-01","4等","6204","8000"
"538","2023-09-01","5等","91770","1300"
"538","2023-09-01","6等","152580","1000"
"539","2023-09-08","1等","0","0"
"539","2023-09-08","2等","11","6340000"
"539","2023-09-08","3等","130","751000"
"539","2023-09-08","4等","6110","9300"
"539","2023-09-08","5等","95689","1400"
"539","2023-09-08","6等","169636","1000"
"540","2023-09-15","1等","1","1000000000"
"540","2023-09-15","2等","8","9351500"
"540","2023-09-15","3等","208","503500"
"540","2023-09-15","4等","8111","7500"
"540","2023-09-15","5等","118372","1200"
"540","2023-09-15","6等","191843","900"
"541","2023-09-22","1等","3","214363900"
"541","2023-09-22","2等","5","13141400"
"541","2023-09-22","3等","118","779500"
"541","2023-09-22","4等","5478","9800"
"541","2023-09-22","5等","87354","1500"
"541","2023-09-22","6等","149062","1100"
"542","2023-09-29","1等","0","0"
"542","2023-09-29","2等","6","9690100"
"542","2023-09-29","3等","57","1427900"
"542","2023-09-29","4等","3951","12000"
"542","2023-09-29","5等","71166","1600"
"542","2023-09-29","6等","136784","1000"
"543","2023-10-06","1等","0","0"
"543","2023-10-06","2等","6","11490200"
"543","2023-10-06","3等","128","754000"
"543","2023-10-06","4等","6228","9000"
"543","2023-10-06","5等","96296","1400"
"543","2023-10-06","6等","160064","1000"
"544","2023-10-13","1等","0","0"
"544","2023-10-13","2等","10","7362700"
"544","2023-10-13","3等","127","811600"
"544","2023-10-13","4等","6507","9200"
"544","2023-10-13","5等","101005","1400"
"544","2023-10-13","6等","178633","1000"
"545","2023-10-20","1等","0","0"
"545","2023-10-20","2等","14","5862500"
"545","2023-10-20","3等","162","709200"
"545","2023-10-20","4等","7548","8900"
"545","2023-10-20","5等","115393","1400"
"545","2023-10-20","6等","192578","1000"
"546","2023-10-27","1等","1","1000000000"
"546","2023-10-27","2等","24","3629800"
"546","2023-10-27","3等","216","564600"
"546","2023-10-27","4等","9142","7800"
"546","2023-10-27","5等","130819","1300"
"546","2023-10-27","6等","230481","900"
"547","2023-11-03","1等","2","875502100"
"547","2023-11-03","2等","20","3981200"
"547","2023-11-03","3等","145","768700"
"547","2023-11-03","4等","8399","7700"
"547","2023-11-03","5等","124447","1200"
"547","2023-11-03","6等","208190","900"
"548","2023-11-10","1等","0","0"
"548","2023-11-10","2等","2","30060800"
"548","2023-11-10","3等","85","990200"
"548","2023-11-10","4等","4195","11700"
"548","2023-11-10","5等","74141","1600"
"548","2023-11-10","6等","123770","1200"
"549","2023-11-17","1等","1","780388600"
"549","2023-11-17","2等","7","9876200"
"549","2023-11-17","3等","81","1194800"
"549","2023-11-17","4等","4913","11500"
"549","2023-11-17","5等","83442","1600"
"549","2023-11-17","6等","150753","1100"
"550","2023-11-24","1等","1","355939600"
"550","2023-11-24","2等","6","9698900"
"550","2023-11-24","3等","107","761300"
"550","2023-11-24","4等","5318","8900"
"550","2023-11-24","5等","85450","1300"
"550","2023-11-24","6等","139581","1000"
"551","2023-12-01","1等","1","360740200"
"551","2023-12-01","2等","14","4153100"
"551","2023-12-01","3等","98","830600"
"551","2023-12-01","4等","4376","10900"
"551","2023-12-01","5等","74056","1500"
"551","2023-12-01","6等","133852","1000"
"552","2023-12-08","1等","1","366833400"
"552","2023-12-08","2等","6","9987700"
"552","2023-12-08","3等","91","921900"
"552","2023-12-08","4等","5089","9600"
"552","2023-12-08","5等","84631","1400"
"552","2023-12-08","6等","139227","1000"
"553","2023-12-15","1等","0","0"
"553","2023-12-15","2等","6","9757600"
"553","2023-12-15","3等","110","745100"
"553","2023-12-15","4等","4101","11700"
"553","2023-12-15","5等","68147","1700"
"553","2023-12-15","6等","137167","1000"
"554","2023-12-22","1等","1","792744800"
"554","2023-12-22","2等","12","6025600"
"554","2023-12-22","3等","191","529900"
"554","2023-12-22","4等","7069","8400"
"554","2023-12-22","5等","103729","1400"
"554","2023-12-22","6等","172086","1000"
"555","2023-12-29","1等","0","0"
"555","2023-12-29","2等","8","7828000"
"555","2023-12-29","3等","108","811700"
"555","2023-12-29","4等","5749","8900"
"555","2023-12-29","5等","87701","1400"
"555","2023-12-29","6等","152455","1000"
"556","2024-01-05","1等","0","0"
"556","2024-01-05","2等","4","14527600"
"556","2024-01-05","3等","84","968400"
"556","2024-01-05","4等","4436","10700"
"556","2024-01-05","5等","72365","1600"
"556","2024-01-05","6等","122241","1100"
"557","2024-01-12","1等","1","1000000000"
"557","2024-01-12","2等","14","5228100"
"557","2024-01-12","3等","146","701800"
"557","2024-01-12","4等","6976","8600"
"557","2024-01-12","5等","110129","1300"
"557","2024-01-12","6等","180274","1000"
"558","2024-01-19","1等","0","0"
"558","2024-01-19","2等","7","9408900"
"558","2024-01-19","3等","86","1072100"
"558","2024-01-19","4等","4835","11100"
"558","2024-01-19","5等","80066","1600"
"558","2024-01-19","6等","138145","1100"
"559","2024-01-26","1等","0","0"
"559","2024-01-26","2等","13","5473800"
"559","2024-01-26","3等","134","743400"
"559","2024-01-26","4等","6251","9300"
"559","2024-01-26","5等","100486","1400"
"559","2024-01-26","6等","162847","1000"
"560","2024-02-02","1等","0","0"
"560","2024-02-02","2等","8","10266300"
"560","2024-02-02","3等","148","776800"
"560","2024-02-02","4等","6031","11100"
"560","2024-02-02","5等","98805","1600"
"560","2024-02-02","6等","166341","1200"
"561","2024-02-09","1等","1","1000000000"
"561","2024-02-09","2等","8","10820000"
"561","2024-02-09","3等","127","954100"
"561","2024-02-09","4等","6394","11100"
"561","2024-02-09","5等","108253","1600"
"561","2024-02-09","6等","188802","1100"
"562","2024-02-16","1等","0","0"
"562","2024-02-16","2等","11","7384100"
"562","2024-02-16","3等","120","947600"
"562","2024-02-16","4等","5777","11500"
"562","2024-02-16","5等","98816","1600"
"562","2024-02-16","6等","180288","1100"
"563","2024-02-23","1等","0","0"
"563","2024-02-23","2等","8","10311600"
"563","2024-02-23","3等","159","726300"
"563","2024-02-23","4等","6606","10200"
"563","2024-02-23","5等","105711","1500"
"563","2024-02-23","6等","186298","1100"
"564","2024-03-01","1等","1","1000000000"
"564","2024-03-01","2等","24","3852600"
"564","2024-03-01","3等","210","616400"
"564","2024-03-01","4等","9438","8000"
"564","2024-03-01","5等","145843","1200"
"564","2024-03-01","6等","233839","900"
"565","2024-03-08","1等","2","1000000000"
"565","2024-03-08","2等","35","2424200"
"565","2024-03-08","3等","211","562900"
"565","2024-03-08","4等","9469","7300"
"565","2024-03-08","5等","130014","1300"
"565","2024-03-08","6等","207730","1000"
"566","2024-03-15","1等","1","537618600"
"566","2024-03-15","2等","8","8900300"
"566","2024-03-15","3等","154","647200"
"566","2024-03-15","4等","6517","8900"
"566","2024-03-15","5等","96769","1400"
"566","2024-03-15","6等","195295","900"
"567","2024-03-22","1等","0","0"
"567","2024-03-22","2等","4","14460300"
"567","2024-03-22","3等","93","870700"
"567","2024-03-22","4等","4514","10500"
"567","2024-03-22","5等","74726","1500"
"567","2024-03-22","6等","127866","1100"
"568","2024-03-29","1等","0","0"
"568","2024-03-29","2等","7","9873200"
"568","2024-03-29","3等","131","738500"
"568","2024-03-29","4等","5684","9900"
"568","2024-03-29","5等","91484","1500"
"568","2024-03-29","6等","154541","1100"
"569","2024-04-05","1等","0","0"
"569","2024-04-05","2等","10","7651000"
"569","2024-04-05","3等","125","856900"
"569","2024-04-05","4等","5759","10900"
"569","2024-04-05","5等","99219","1500"
"569","2024-04-05","6等","194120","900"
"570","2024-04-12","1等","2","869044700"
"570","2024-04-12","2等","10","8201300"
"570","2024-04-12","3等","271","423600"
"570","2024-04-12","4等","7496","8900"
"570","2024-04-12","5等","116111","1400"
"570","2024-04-12","6等","190659","1000"
"571","2024-04-19","1等","0","0"
"571","2024-04-19","2等","4","14767000"
"571","2024-04-19","3等","90","918800"
"571","2024-04-19","4等","4415","10900"
"571","2024-04-19","5等","75152","1500"
"571","2024-04-19","6等","122724","1200"
"572","2024-04-26","1等","0","0"
"572","2024-04-26","2等","2","34481400"
"572","2024-04-26","3等","99","975200"
"572","2024-04-26","4等","5026","11200"
"572","2024-04-26","5等","89528","1500"
"572","2024-04-26","6等","156133","1100"
"573","2024-05-03","1等","0","0"
"573","2024-05-03","2等","5","14263100"
"573","2024-05-03","3等","145","688500"
"573","2024-05-03","4等","6395","9100"
"573","2024-05-03","5等","100437","1400"
"573","2024-05-03","6等","172979","1000"
"574","2024-05-10","1等","0","0"
"574","2024-05-10","2等","14","5613800"
"574","2024-05-10","3等","143","769400"
"574","2024-05-10","4等","6932","9300"
"574","2024-05-10","5等","109148","1400"
"574","2024-05-10","6等","176949","1100"
"575","2024-05-17","1等","0","0"
"575","2024-05-17","2等","13","6423800"
"575","2024-05-17","3等","115","1016600"
"575","2024-05-17","4等","6351","10800"
"575","2024-05-17","5等","106422","1500"
"575","2024-05-17","6等","195726","1000"
"576","2024-05-24","1等","0","0"
"576","2024-05-24","2等","12","7195900"
"576","2024-05-24","3等","135","895400"
"576","2024-05-24","4等","7859","9000"
"576","2024-05-24","5等","120892","1400"
"576","2024-05-24","6等","228683","900"
"577","2024-05-31","1等","1","1000000000"
"577","2024-05-31","2等","9","10372100"
"577","2024-05-31","3等","170","768700"
"577","2024-05-31","4等","7663","10000"
"577","2024-05-31","5等","125128","1500"
"577","2024-05-31","6等","223594","1000"
"578","2024-06-07","1等","0","0"
"578","2024-06-07","2等","13","6769900"
"578","2024-06-07","3等","149","826900"
"578","2024-06-07","4等","6696","10700"
"578","2024-06-07","5等","107198","1600"
"578","2024-06-07","6等","202202","1000"
"579","2024-06-14","1等","1","1000000000"
"579","2024-06-14","2等","11","8436500"
"579","2024-06-14","3等","135","962300"
"579","2024-06-14","4等","7206","10500"
"579","2024-06-14","5等","123035","1500"
"579","2024-06-14","6等","201669","1100"
"580","2024-06-21","1等","0","0"
"580","2024-06-21","2等","9","9826200"
"580","2024-06-21","3等","156","793600"
"580","2024-06-21","4等","7544","9600"
"580","2024-06-21","5等","125163","1400"
"580","2024-06-21","6等","210700","1000"
"581","2024-06-28","1等","2","1000000000"
"581","2024-06-28","2等","12","7743100"
"581","2024-06-28","3等","226","575500"
"581","2024-06-28","4等","8914","8500"
"581","2024-06-28","5等","138044","1300"
"581","2024-06-28","6等","238776","900"
"582","2024-07-05","1等","1","1000000000"
"582","2024-07-05","2等","8","10538700"
"582","2024-07-05","3等","133","887400"
"582","2024-07-05","4等","6835","10100"
"582","2024-07-05","5等","113226","1500"
"582","2024-07-05","6等","193754","1000"
"583","2024-07-12","1等","0","0"
"583","2024-07-12","2等","8","9744000"
"583","2024-07-12","3等","151","722700"
"583","2024-07-12","4等","6683","9500"
"583","2024-07-12","5等","105944","1400"
"583","2024-07-12","6等","191744","1000"
"584","2024-07-19","1等","0","0"
"584","2024-07-19","2等","13","6183900"
"584","2024-07-19","3等","155","726100"
"584","2024-07-19","4等","7946","8300"
"584","2024-07-19","5等","118488","1300"
"584","2024-07-19","6等","180140","1100"
"585","2024-07-26","1等","1","1000000000"
"585","2024-07-26","2等","7","11717100"
"585","2024-07-26","3等","125","918600"
"585","2024-07-26","4等","7130","9400"
"585","2024-07-26","5等","114634","1400"
"585","2024-07-26","6等","192783","1000"
"586","2024-08-02","1等","1","1000000000"
"586","2024-08-02","2等","13","6435200"
"586","2024-08-02","3等","145","807700"
"586","2024-08-02","4等","7369","9300"
"586","2024-08-02","5等","115199","1400"
"586","2024-08-02","6等","198040","1000"
"587","2024-08-09","1等","1","1000000000"
"587","2024-08-09","2等","6","12684600"
"587","2024-08-09","3等","96","1109800"
"587","2024-08-09","4等","5667","11000"
"587","2024-08-09","5等","97589","1500"
"587","2024-08-09","6等","158922","1100"
"588","2024-08-16","1等","1","866631700"
"588","2024-08-16","2等","7","10000200"
"588","2024-08-16","3等","162","604900"
"588","2024-08-16","4等","8288","6900"
"588","2024-08-16","5等","112218","1200"
"588","2024-08-16","6等","187524","900"
"589","2024-08-23","1等","0","0"
"589","2024-08-23","2等","6","9836500"
"589","2024-08-23","3等","108","765000"
"589","2024-08-23","4等","5366","9000"
"589","2024-08-23","5等","87189","1300"
"589","2024-08-23","6等","151319","900"
"590","2024-08-30","1等","1","775129900"
"590","2024-08-30","2等","9","7570500"
"590","2024-08-30","3等","139","686200"
"590","2024-08-30","4等","6431","8700"
"590","2024-08-30","5等","98541","1400"
"590","2024-08-30","6等","162083","1000"
"591","2024-09-06","1等","1","363216400"
"591","2024-09-06","2等","5","11968400"
"591","2024-09-06","3等","159","526900"
"591","2024-09-06","4等","6292","7800"
"591","2024-09-06","5等","95260","1200"
"591","2024-09-06","6等","162045","900"
"592","2024-09-13","1等","4","87523300"
"592","2024-09-13","2等","5","11570100"
"592","2024-09-13","3等","246","329200"
"592","2024-09-13","4等","7760","6100"
"592","2024-09-13","5等","95465","1200"
"592","2024-09-13","6等","138086","1000"
"593","2024-09-20","1等","2","170952500"
"593","2024-09-20","2等","12","4721900"
"593","2024-09-20","3等","156","508500"
"593","2024-09-20","4等","6549","7100"
"593","2024-09-20","5等","93941","1200"
"593","2024-09-20","6等","150668","900"
"594","2024-09-27","1等","0","0"
"594","2024-09-27","2等","4","14140200"
"594","2024-09-27","3等","98","808000"
"594","2024-09-27","4等","4775","9700"
"594","2024-09-27","5等","75500","1500"
"594","2024-09-27","6等","122949","1100"
"595","2024-10-04","1等","2","366536500"
"595","2024-10-04","2等","5","13147500"
"595","2024-10-04","3等","102","902200"
"595","2024-10-04","4等","4906","11000"
"595","2024-10-04","5等","83017","1600"
"595","2024-10-04","6等","145095","1100"
"596","2024-10-11","1等","1","348533900"
"596","2024-10-11","2等","16","3568100"
"596","2024-10-11","3等","102","783500"
"596","2024-10-11","4等","5176","9000"
"596","2024-10-11","5等","79044","1400"
"596","2024-10-11","6等","135746","1000"
"597","2024-10-18","1等","1","340034100"
"597","2024-10-18","2等","11","5127300"
"597","2024-10-18","3等","129","612000"
"597","2024-10-18","4等","5777","8000"
"597","2024-10-18","5等","82197","1300"
"597","2024-10-18","6等","127887","1100"
"598","2024-10-25","1等","0","9"
"598","2024-10-25","2等","19","2948300"
"598","2024-10-25","3等","193","406300"
"598","2024-10-25","4等","7561","6000"
"598","2024-10-25","5等","99897","1100"
"598","2024-10-25","6等","159869","800"
"599","2024-11-01","1等","0","0"
"599","2024-11-01","2等","10","6748600"
"599","2024-11-01","3等","142","665300"
"599","2024-11-01","4等","5733","9600"
"599","2024-11-01","5等","90065","1500"
"599","2024-11-01","6等","156943","1000"
"600","2024-11-08","1等","2","605878500"
"600","2024-11-08","2等","9","8344100"
"600","2024-11-08","3等","136","773000"
"600","2024-11-08","4等","6639","9200"
"600","2024-11-08","5等","100210","1500"
"600","2024-11-08","6等","178341","1000"
"601","2024-11-15","1等","0","0"
"601","2024-11-15","2等","8","7034100"
"601","2024-11-15","3等","103","764800"
"601","2024-11-15","4等","4495","10200"
"601","2024-11-15","5等","69638","1600"
"601","2024-11-15","6等","121322","1100"
"602","2024-11-22","1等","1","748847700"
"602","2024-11-22","2等","14","4787500"
"602","2024-11-22","3等","129","727400"
"602","2024-11-22","4等","6357","8600"
"602","2024-11-22","5等","95864","1400"
"602","2024-11-22","6等","157071","1000"
"603","2024-11-29","1等","0","0"
"603","2024-11-29","2等","4","14144500"
"603","2024-11-29","3等","89","889900"
"603","2024-11-29","4等","5200","8900"
"603","2024-11-29","5等","81984","1400"
"603","2024-11-29","6等","132165","1000"
"604","2024-12-06","1等","1","752223400"
"604","2024-12-06","2等","10","6838400"
"604","2024-12-06","3等","156","613600"
"604","2024-12-06","4等","6826","8200"
"604","2024-12-06","5等","102518","1300"
"604","2024-12-06","6等","169531","1000"
"605","2024-12-13","1等","2","178072800"
"605","2024-12-13","2等","868","66200"
"605","2024-12-13","3等","132","609900"
"605","2024-12-13","4等","5516","8500"
"605","2024-12-13","5等","81272","1400"
"605","2024-12-13","6等","143908","900"
"606","2024-12-20","1等","0","0"
"606","2024-12-20","2等","2","28280000"
"606","2024-12-20","3等","89","889600"
"606","2024-12-20","4等","4737","9800"
"606","2024-12-20","5等","75921","1500"
"606","2024-12-20","6等","123899","1100"
"607","2024-12-27","1等","0","0"
"607","2024-12-27","2等","7","10960200"
"607","2024-12-27","3等","115","933900"
"607","2024-12-27","4等","5671","11100"
"607","2024-12-27","5等","91878","1600"
"607","2024-12-27","6等","165827","1100"
"608","2025-01-10","1等","0","0"
"608","2025-01-10","2等","10","8639800"
"608","2025-01-10","3等","200","604700"
"608","2025-01-10","4等","8848","8000"
"608","2025-01-10","5等","132329","1300"
"608","2025-01-10","6等","194301","1100"
"609","2025-01-17","1等","0","0"
"609","2025-01-17","2等","12","6953000"
"609","2025-01-17","3等","156","748700"
"609","2025-01-17","4等","7808","8700"
"609","2025-01-17","5等","118584","1400"
"609","2025-01-17","6等","210772","900"
"610","2025-01-24","1等","2","1000000000"
"610","2025-01-24","2等","13","6931800"
"610","2025-01-24","3等","172","733400"
"610","2025-01-24","4等","9091","8100"
"610","2025-01-24","5等","138054","1300"
"610","2025-01-24","6等","216296","1000"
"611","2025-01-31","1等","1","805690900"
"611","2025-01-31","2等","7","9981300"
"611","2025-01-31","3等","151","647700"
"611","2025-01-31","4等","6885","8300"
"611","2025-01-31","5等","103668","1300"
"611","2025-01-31","6等","167800","1000"
"612","2025-02-07","1等","1","357391600"
"612","2025-02-07","2等","3","19408300"
"612","2025-02-07","3等","137","594900"
"612","2025-02-07","4等","5619","8500"
"612","2025-02-07","5等","79216","1400"
"612","2025-02-07","6等","125666","1100"
"613","2025-02-14","1等","1","453102600"
"613","2025-02-14","2等","12","4477900"
"613","2025-02-14","3等","233","265600"
"613","2025-02-14","4等","7688","4800"
"613","2025-02-14","5等","98001","1200"
"613","2025-02-14","6等","154525","1000"
"614","2025-02-21","1等","2","207555000"
"614","2025-02-21","2等","6","8222100"
"614","2025-02-21","3等","78","728500"
"614","2025-02-21","4等","4122","8300"
"614","2025-02-21","5等","71114","1600"
"614","2025-02-21","6等","124158","1100"
"615","2025-02-28","1等","0","0"
"615","2025-02-28","2等","5","9904300"
"615","2025-02-28","3等","100","570400"
"615","2025-02-28","4等","5119","6700"
"615","2025-02-28","5等","83956","1300"
"615","2025-02-28","6等","150454","900"
"616","2025-03-07","1等","0","0"
"616","2025-03-07","2等","5","11794900"
"616","2025-03-07","3等","127","534900"
"616","2025-03-07","4等","6128","6700"
"616","2025-03-07","5等","96876","1400"
"616","2025-03-07","6等","154738","1100"
"617","2025-03-14","1等","1","1200000000"
"617","2025-03-14","2等","15","4639700"
"617","2025-03-14","3等","186","431000"
"617","2025-03-14","4等","7781","6200"
"617","2025-03-14","5等","121794","1300"
"617","2025-03-14","6等","194794","1000"
"618","2025-03-21","1等","0","0"
"618","2025-03-21","2等","5","11191500"
"618","2025-03-21","3等","105","613800"
"618","2025-03-21","4等","5328","7300"
"618","2025-03-21","5等","89467","1400"
"618","2025-03-21","6等","144750","1100"
"619","2025-03-28","1等","0","0"
"619","2025-03-28","2等","15","4182400"
"619","2025-03-28","3等","151","478500"
"619","2025-03-28","4等","7190","6000"
"619","2025-03-28","5等","110787","1300"
"619","2025-03-28","6等","190055","900"
"620","2025-04-04","1等","1","1200000000"
"620","2025-04-04","2等","11","6287200"
"620","2025-04-04","3等","160","497900"
"620","2025-04-04","4等","8655","5500"
"620","2025-04-04","5等","128170","1200"
"620","2025-04-04","6等","204580","900"
"621","2025-04-11","1等","0","0"
"621","2025-04-11","2等","7","8715900"
"621","2025-04-11","3等","87","807800"
"621","2025-04-11","4等","5161","8100"
"621","2025-04-11","5等","88530","1600"
"621","2025-04-11","6等","175012","1000"
"622","2025-04-18","1等","0","0"
"622","2025-04-18","2等","9","7569700"
"622","2025-04-18","3等","113","694400"
"622","2025-04-18","4等","5777","8200"
"622","2025-04-18","5等","95242","1600"
"622","2025-04-18","6等","170185","1100"
"623","2025-04-25","1等","1","1200000000"
"623","2025-04-25","2等","6","12275400"
"623","2025-04-25","3等","139","610300"
"623","2025-04-25","4等","7435","6900"
"623","2025-04-25","5等","124781","1300"
"623","2025-04-25","6等","213674","1000"
"624","2025-05-02","1等","2","895860400"
"624","2025-05-02","2等","11","6319400"
"624","2025-05-02","3等","206","388700"
"624","2025-05-02","4等","8146","5900"
"624","2025-05-02","5等","116297","1400"
"624","2025-05-02","6等","202429","900"
"625","2025-05-09","1等","1","420020500"
"625","2025-05-09","2等","3","16607600"
"625","2025-05-09","3等","121","474300"
"625","2025-05-09","4等","6004","5700"
"625","2025-05-09","5等","89063","1300"
"625","2025-05-09","6等","151776","900"
"626","2025-05-16","1等","0","0"
"626","2025-05-16","2等","7","6952100"
"626","2025-05-16","3等","84","667300"
"626","2025-05-16","4等","4690","7200"
"626","2025-05-16","5等","81366","1400"
"626","2025-05-16","6等","131630","1000"
"627","2025-05-23","1等","1","888183900"
"627","2025-05-23","2等","8","7147700"
"627","2025-05-23","3等","101","652100"
"627","2025-05-23","4等","5683","7000"
"627","2025-05-23","5等","94832","1400"
"627","2025-05-23","6等","146514","1100"
"628","2025-05-30","1等","2","201318100"
"628","2025-05-30","2等","7","6747800"
"628","2025-05-30","3等","140","388600"
"628","2025-05-30","4等","6457","5100"
"628","2025-05-30","5等","92719","1100"
"628","2025-05-30","6等","132363","1000"
"629","2025-06-06","1等","0","0"
"629","2025-06-06","2等","9","5342800"
"629","2025-06-06","3等","104","532500"
"629","2025-06-06","4等","5225","6400"
"629","2025-06-06","5等","82104","1300"
"629","2025-06-06","6等","131737","1000"
"630","2025-06-13","1等","1","905253400"
"630","2025-06-13","2等","9","6358900"
"630","2025-06-13","3等","140","470800"
"630","2025-06-13","4等","7287","5400"
"630","2025-06-13","5等","107292","1200"
"630","2025-06-13","6等","185524","800"
"631","2025-06-20","1等","1","413009000"
"631","2025-06-20","2等","4","12141400"
"631","2025-06-20","3等","70","799100"
"631","2025-06-20","4等","4436","7600"
"631","2025-06-20","5等","74782","1500"
"631","2025-06-20","6等","129900","1000"
"632","2025-06-27","1等","0","0"
"632","2025-06-27","2等","7","6766500"
"632","2025-06-27","3等","146","373700"
"632","2025-06-27","4等","6019","5400"
"632","2025-06-27","5等","89869","1200"
"632","2025-06-27","6等","148895","900"
"633","2025-07-04","1等","0","0"
"633","2025-07-04","2等","4","14565500"
"633","2025-07-04","3等","142","472600"
"633","2025-07-04","4等","5822","6900"
"633","2025-07-04","5等","89128","1500"
"633","2025-07-04","6等","140583","1200"
"634","2025-07-11","1等","0","0"
"634","2025-07-11","2等","6","10841100"
"634","2025-07-11","3等","116","645900"
"634","2025-07-11","4等","6526","6900"
"634","2025-07-11","5等","104526","1400"
"634","2025-07-11","6等","175692","1000"
"635","2025-07-18","1等","2","1016445900"
"635","2025-07-18","2等","13","5308300"
"635","2025-07-18","3等","189","420500"
"635","2025-07-18","4等","7786","6100"
"635","2025-07-18","5等","116052","1300"
"635","2025-07-18","6等","204601","900"
"636","2025-07-25","1等","1","414014200"
"636","2025-07-25","2等","10","4889100"
"636","2025-07-25","3等","84","670400"
"636","2025-07-25","4等","3976","8500"
"636","2025-07-25","5等","67850","1600"
"636","2025-07-25","6等","137041","1000"
"637","2025-08-01","1等","0","0"
"637","2025-08-01","2等","16","2992100"
"637","2025-08-01","3等","175","315100"
"637","2025-08-01","4等","7431","4400"
"637","2025-08-01","5等","96563","1100"
"637","2025-08-01","6等","168633","800"
"638","2025-08-08","1等","1","898476500"
"638","2025-08-08","2等","2","29043000"
"638","2025-08-08","3等","114","586900"
"638","2025-08-08","4等","5562","7200"
"638","2025-08-08","5等","85604","1500"
"638","2025-08-08","6等","162053","1000"
"639","2025-08-15","1等","2","196037800"
"639","2025-08-15","2等","15","3071100"
"639","2025-08-15","3等","136","390100"
"639","2025-08-15","4等","6189","5100"
"639","2025-08-15","5等","94177","1100"
"639","2025-08-15","6等","157665","800"
"640","2025-08-22","1等","1","388970000"
"640","2025-08-22","2等","6","7697600"
"640","2025-08-22","3等","159","334600"
"640","2025-08-22","4等","6510","4900"
"640","2025-08-22","5等","94465","1100"
"640","2025-08-22","6等","144732","900"
"641","2025-08-29","1等","1","405020100"
"641","2025-08-29","2等","9","5251000"
"641","2025-08-29","3等","123","442500"
"641","2025-08-29","4等","5060","6500"
"641","2025-08-29","5等","83272","1300"
"641","2025-08-29","6等","137907","900"
"642","2025-09-05","1等","1","403352100"
"642","2025-09-05","2等","13","3588800"
"642","2025-09-05","3等","105","511800"
"642","2025-09-05","4等","4866","6600"
"642","2025-09-05","5等","73462","1400"
"642","2025-09-05","6等","123377","1000"
"643","2025-09-12","1等","1","406203200"
"643","2025-09-12","2等","2","23971500"
"643","2025-09-12","3等","96","575200"
"643","2025-09-12","4等","4545","7300"
"643","2025-09-12","5等","74803","1500"
"643","2025-09-12","6等","128381","1000"
"644","2025-09-19","1等","0","0"
"644","2025-09-19","2等","15","3086600"
"644","2025-09-19","3等","83","642500"
"644","2025-09-19","4等","4489","7200"
"644","2025-09-19","5等","74279","1400"
"644","2025-09-19","6等","144229","900"
"645","2025-09-26","1等","1","864763200"
"645","2025-09-26","2等","10","5561700"
"645","2025-09-26","3等","118","542900"
"645","2025-09-26","4等","4637","8300"
"645","2025-09-26","5等","77692","1600"
"645","2025-09-26","6等","137997","1100"
"646","2025-10-03","1等","0","0"
"646","2025-10-03","2等","3","15584300"
"646","2025-10-03","3等","90","598300"
"646","2025-10-03","4等","4224","7700"
"646","2025-10-03","5等","71409","1500"
"646","2025-10-03","6等","133259","1000"
"647","2025-10-10","1等","2","434879400"
"647","2025-10-10","2等","15","3781000"
"647","2025-10-10","3等","201","325000"
"647","2025-10-10","4等","7877","5000"
"647","2025-10-10","5等","109520","1200"
"647","2025-10-10","6等","171116","900"
"648","2025-10-17","1等","0","0"
"648","2025-10-17","2等","5","9219600"
"648","2025-10-17","3等","98","541800"
"648","2025-10-17","4等","4824","6600"
"648","2025-10-17","5等","76143","1400"
"648","2025-10-17","6等","144616","900"
"649","2025-10-24","1等","0","0"
"649","2025-10-24","2等","6","9344500"
"649","2025-10-24","3等","86","750900"
"649","2025-10-24","4等","4994","7800"
"649","2025-10-24","5等","82690","1500"
"649","2025-10-24","6等","142180","1100"
"650","2025-10-31","1等","0","0"
"650","2025-10-31","2等","9","7310100"
"650","2025-10-31","3等","131","578500"
"650","2025-10-31","4等","6089","7500"
"650","2025-10-31","5等","102491","1500"
"650","2025-10-31","6等","187310","1000"
"651","2025-11-07","1等","2","1002473400"
"651","2025-11-07","2等","5","14281700"
"651","2025-11-07","3等","169","486700"
"651","2025-11-07","4等","8046","6100"
"651","2025-11-07","5等","108788","1500"
"651","2025-11-07","6等","184493","1100"
"652","2025-11-14","1等","0","0"
"652","2025-11-14","2等","3","15699300"
"652","2025-11-14","3等","61","889300"
"652","2025-11-14","4等","3488","9400"
"652","2025-11-14","5等","62068","1700"
"652","2025-11-14","6等","116684","1100"
"653","2025-11-21","1等","2","443721800"
"653","2025-11-21","2等","10","5638000"
"653","2025-11-21","3等","150","432900"
"653","2025-11-21","4等","6217","6300"
"653","2025-11-21","5等","96296","1300"
"653","2025-11-21","6等","165734","900"
"654","2025-11-28","1等","0","0"
"654","2025-11-28","2等","1","46473000"
"654","2025-11-28","3等","78","686300"
"654","2025-11-28","4等","4451","7200"
"654","2025-11-28","5等","75792","1400"
"654","2025-11-28","6等","122540","1100"
"655","2025-12-05","1等","0","0"
"655","2025-12-05","2等","11","5065500"
"655","2025-12-05","3等","188","341400"
"655","2025-12-05","4等","7853","4900"
"655","2025-12-05","5等","111582","1100"
"655","2025-12-05","6等","165047","900"
"656","2025-12-12","1等","0","0"
"656","2025-12-12","2等","8","8137600"
"656","2025-12-12","3等","101","742400"
"656","2025-12-12","4等","5376","8400"
"656","2025-12-12","5等","88924","1700"
"656","2025-12-12","6等","163715","1100"
"657","2025-12-19","1等","2","1014653200"
"657","2025-12-19","2等","16","4631900"
"657","2025-12-19","3等","234","364800"
"657","2025-12-19","4等","9448","5400"
"657","2025-12-19","5等","132636","1300"
"657","2025-12-19","6等","211905","1000"
"658","2025-12-26","1等","0","0"
"658","2025-12-26","2等","5","11109000"
"658","2025-12-26","3等","101","633400"
"658","2025-12-26","4等","4749","8100"
"658","2025-12-26","5等","81174","1600"
"658","2025-12-26","6等","142116","1100"
"659","2026-01-09","1等","1","1052412400"
"659","2026-01-09","2等","12","5802800"
"659","2026-01-09","3等","162","495100"
"659","2026-01-09","4等","8394","5700"
"659","2026-01-09","5等","124990","1300"
"659","2026-01-09","6等","208850","900"
"660","2026-01-16","1等","0","0"
"660","2026-01-16","2等","4","12451900"
"660","2026-01-16","3等","98","585400"
"660","2026-01-16","4等","4635","7500"
"660","2026-01-16","5等","81348","1400"
"660","2026-01-16","6等","123996","1100"
"661","2026-01-23","1等","0","0"
"661","2026-01-23","2等","5","12032000"
"661","2026-01-23","3等","125","554300"
"661","2026-01-23","4等","5996","7000"
"661","2026-01-23","5等","102827","1300"
"661","2026-01-23","6等","153889","1100"
"662","2026-01-30","1等","0","0"
"662","2026-01-30","2等","5","13637200"
"662","2026-01-30","3等","115","682900"
"662","2026-01-30","4等","5840","8000"
"662","2026-01-30","5等","103770","1500"
"662","2026-01-30","6等","171054","1100"
"663","2026-02-06","1等","0","0"
"663","2026-02-06","2等","9","8294400"
"663","2026-02-06","3等","193","445500"
"663","2026-02-06","4等","8470","6100"
"663","2026-02-06","5等","134057","1300"
"663","2026-02-06","6等","215089","1000"
"664","2026-02-13","1等","1","1200000000"
"664","2026-02-13","2等","19","4269900"
"664","2026-02-13","3等","168","556200"
"664","2026-02-13","4等","8897","6300"
"664","2026-02-13","5等","137445","1300"
"664","2026-02-13","6等","224969","1000"
"665","2026-02-20","1等","0","0"
"665","2026-02-20","2等","9","8099800"
"665","2026-02-20","3等","184","456300"
"665","2026-02-20","4等","7883","6400"
"665","2026-02-20","5等","119040","1400"
"665","2026-02-20","6等","214440","900"
"666","2026-02-27","1等","0","0"
"666","2026-02-27","2等","5","15876200"
"666","2026-02-27","3等","185","494200"
"666","2026-02-27","4等","8046","6800"
"666","2026-02-27","5等","130221","1400"
"666","2026-02-27","6等","214363","1000"
"667","2026-03-06","1等","0","0"
"667","2026-03-06","2等","14","6601300"
"667","2026-03-06","3等","189","563200"
"667","2026-03-06","4等","9873","6500"
"667","2026-03-06","5等","153158","1400"
"667","2026-03-06","6等","246992","1000"
"668","2026-03-13","1等","1","1200000000"
"668","2026-03-13","2等","16","5588600"
"668","2026-03-13","3等","234","440100"
"668","2026-03-13","4等","11156","5500"
"668","2026-03-13","5等","166415","1200"
"668","2026-03-13","6等","264125","900"
"669","2026-03-20","1等","2","1200000000"
"669","2026-03-20","2等","22","3778000"
"669","2026-03-20","3等","222","431200"
"669","2026-03-20","4等","10209","5600"
"669","2026-03-20","5等","148325","1300"
"669","2026-03-20","6等","263260","900"
"670","2026-03-27","1等","0","0"
"670","2026-03-27","2等","16","4620300"
"670","2026-03-27","3等","147","579200"
"670","2026-03-27","4等","7911","6500"
"670","2026-03-27","5等","125711","1300"
"670","2026-03-27","6等","217487","900"
"671","2026-04-03","1等","2","1200000000"
"671","2026-04-03","2等","19","4111800"
"671","2026-04-03","3等","263","342100"
"671","2026-04-03","4等","10104","5300"
"671","2026-04-03","5等","134547","1300"
"671","2026-04-03","6等","223323","1000"
"672","2026-04-10","1等","1","987027000"
"672","2026-04-10","2等","10","6250000"
"672","2026-04-10","3等","126","571300"
"672","2026-04-10","4等","7165","6000"
"672","2026-04-10","5等","107970","1300"
"672","2026-04-10","6等","187855","900"
"673","2026-04-17","1等","0","0"
"673","2026-04-17","2等","6","8471200"
"673","2026-04-17","3等","116","504700"
"673","2026-04-17","4等","6477","5400"
"673","2026-04-17","5等","91357","1300"
"673","2026-04-17","6等","148579","900"
"674","2026-04-24","1等","1","955304700"
"674","2026-04-24","2等","19","3189700"
"674","2026-04-24","3等","260","268500"
"674","2026-04-24","4等","10138","4100"
"674","2026-04-24","5等","130525","1000"
"674","2026-04-24","6等","206937","800"
"675","2026-05-01","1等","2","211322100"
"675","2026-05-01","2等","8","6223800"
"675","2026-05-01","3等","154","372400"
"675","2026-05-01","4等","6664","5200"
"675","2026-05-01","5等","93317","1200"
"675","2026-05-01","6等","152104","900"
"676","2026-05-08","1等","1","415718800"
"676","2026-05-08","2等","15","3265400"
"676","2026-05-08","3等","97","581600"
"676","2026-05-08","4等","5220","6500"
"676","2026-05-08","5等","78478","1400"
"676","2026-05-08","6等","135179","1000"
"677","2026-05-15","1等","1","408725600"
"677","2026-05-15","2等","12","3937000"
"677","2026-05-15","3等","134","406100"
"677","2026-05-15","4等","5590","5900"
"677","2026-05-15","5等","86339","1200"
"677","2026-05-15","6等","155939","800"
"678","2026-05-22","1等","2","200726400"
"678","2026-05-22","2等","10","4734500"
"678","2026-05-22","3等","105","519400"
"678","2026-05-22","4等","5013","6500"
"678","2026-05-22","5等","81377","1300"
"678","2026-05-22","6等","131661","1000"
"679","2026-05-29","1等","2","200790300"
"679","2026-05-29","2等","8","5949200"
"679","2026-05-29","3等","145","378000"
"679","2026-05-29","4等","6716","4900"
"679","2026-05-29","5等","99141","1100"
"679","2026-05-29","6等","146091","900"
"680","2026-06-05","1等","0","0"
"680","2026-06-05","2等","7","6861400"
"680","2026-06-05","3等","65","851100"
"680","2026-06-05","4等","4347","7700"
"680","2026-06-05","5等","73236","1500"
"680","2026-06-05","6等","121710","1100"
"681","2026-06-12","1等","1","910082500"
"681","2026-06-12","2等","6","9942700"
"681","2026-06-12","3等","94","731000"
"681","2026-06-12","4等","5510","7500"
"681","2026-06-12","5等","94077","1400"
"681","2026-06-12","6等","151785","1100"
"682","2026-06-19","1等","0","0"
"682","2026-06-19","2等","8","6025900"
"682","2026-06-19","3等","123","451400"
"682","2026-06-19","4等","5736","5800"
"682","2026-06-19","5等","81327","1300"
"682","2026-06-19","6等","125087","1100"
"683","2026-06-26","1等","2","447577600"
"683","2026-06-26","2等","7","8304300"
"683","2026-06-26","3等","96","697500"
"683","2026-06-26","4等","5437","7400"
"683","2026-06-26","5等","88375","1500"
"683","2026-06-26","6等","163620","1000"
"684","2026-07-03","1等","1","411154000"
"684","2026-07-03","2等","8","6146900"
"684","2026-07-03","3等","100","566400"
"684","2026-07-03","4等","4616","7400"
"684","2026-07-03","5等","71534","1600"
"684","2026-07-03","6等","125163","1100"
"685","2026-07-10","1等","1","395865900"
"685","2026-07-10","2等","2","23825900"
"685","2026-07-10","3等","77","712800"
"685","2026-07-10","4等","4045","8200"
"685","2026-07-10","5等","68450","1600"
"685","2026-07-10","6等","114400","1200"
"686","2026-07-17","1等","0","0"
"686","2026-07-17","2等","5","9047600"
"686","2026-07-17","3等","67","777700"
"686","2026-07-17","4等","3588","8800"
"686","2026-07-17","5等","61605","1700"
"686","2026-07-17","6等","113788","1100"
"687","2026-07-24","1等","0","0"
"687","2026-07-24","2等","4","13731000"
"687","2026-07-24","3等","84","753100"
"687","2026-07-24","4等","5210","7300"
"687","2026-07-24","5等","88245","1400"
"687","2026-07-24","6等","142408","1100"
"688","2026-07-31","1等","0","0"
"688","2026-07-31","2等","12","5173400"
"688","2026-07-31","3等","128","558600"
"688","2026-07-31","4等","5218","8300"
"688","2026-07-31","5等","89558","1600"
"688","2026-07-31","6等","169337","1000"
"689","2026-08-07","1等","1","1200000000"
"689","2026-08-07","2等","7","9453700"
"689","2026-08-07","3等","133","573100"
"689","2026-08-07","4等","6749","6800"
"689","2026-08-07","5等","104182","1400"
"689","2026-08-07","6等","185140","1000"
