抽せん回,抽せん日,曜日,本数字1,本数字2,本数字3,本数字4,本数字5,本数字6,ボーナス数字,1等口数,1等賞金,2等口数,2等賞金,3等口数,3等賞金,4等口数,4等賞金,5等口数,5等賞金,キャリーオーバー
1,2000/10/5,木,2,8,10,13,27,30,39,2,45513600,2,40961900,262,375200,12413,6900,174452,1000,0
2,2000/10/12,木,1,9,16,20,21,43,5,0,0,7,13188800,195,568100,8426,11500,144860,1000,102580607
3,2000/10/19,木,1,5,15,31,36,38,13,2,121348100,8,15762800,164,922700,9450,14100,181437,1000,0
4,2000/10/26,木,16,18,26,27,34,40,13,0,0,3,38645500,134,1038200,8675,14100,160892,1000,128819603
5,2000/11/2,木,9,15,21,23,27,28,43,0,0,9,13516100,258,565700,16473,7800,239987,1000,263982587
6,2000/11/9,木,6,12,23,25,28,38,22,1,400000000,5,46923800,787,357700,36421,6800,512712,1000,124672751
7,2000/11/16,木,7,19,21,23,33,35,26,1,348644800,12,16797700,486,497700,23473,9000,354810,1000,0
8,2000/11/23,木,11,16,18,20,42,43,28,0,0,2,93073600,183,1220600,10337,19000,216684,1000,206832135
9,2000/11/30,木,11,19,23,38,39,42,15,1,400000000,14,16051500,548,492000,25632,9200,388610,1000,56524796
10,2000/12/7,木,1,3,19,21,35,39,26,0,0,11,19637700,341,760100,17984,12700,311772,1000,296543942
11,2000/12/14,木,12,26,32,37,40,42,16,1,400000000,9,28834200,330,943600,21430,12800,363490,1000,184889411
12,2000/12/21,木,14,17,27,28,35,39,22,1,400000000,30,7258100,561,465700,27984,8200,432419,1000,26830542
13,2000/12/28,木,13,29,31,37,41,42,17,3,90075800,30,7301800,474,554500,25522,9000,382472,1000,0
14,2001/1/4,木,2,8,11,35,37,38,43,1,141844600,2,63829500,217,705900,10272,13100,201531,1000,0
15,2001/1/11,木,4,6,11,20,21,28,36,0,0,11,16570000,425,514600,19510,9800,306777,1000,202524583
16,2001/1/18,木,5,12,13,29,34,35,30,4,114690000,7,32944200,466,593800,24815,9800,403581,1000,0
17,2001/1/25,木,14,20,25,34,35,36,11,0,0,7,32040800,209,1287700,14265,16600,264631,1000,249208924
18,2001/2/1,木,6,16,18,27,36,41,33,4,130218200,17,14382000,674,435300,31912,8100,458603,1000,0
19,2001/2/8,木,4,8,12,30,33,43,14,2,125271100,10,22548600,456,593300,20349,11700,335124,1000,0
20,2001/2/15,木,7,29,33,35,37,39,19,2,123069600,7,31646200,257,1034300,17282,13500,320362,1000,0
21,2001/2/22,木,5,7,13,19,38,41,42,0,0,8,25306400,665,365300,27090,7900,387888,1000,224948364
22,2001/3/1,木,8,12,16,19,20,35,41,2,246918300,21,11523600,733,396100,36405,7000,491095,1000,0
23,2001/3/8,木,7,10,28,32,33,40,13,2,123831800,15,14859600,297,900500,17351,13500,303659,1000,0
24,2001/3/15,木,15,18,19,30,36,38,13,1,200000000,7,30223900,244,1040400,15939,14000,310560,1000,35077560
25,2001/3/22,木,11,32,34,37,40,43,8,2,147444200,3,77942500,256,1096000,14805,16700,280461,1000,0
26,2001/3/29,木,3,4,11,12,13,43,22,1,200000000,4,51994900,360,693200,17821,12300,331077,1000,31090737
27,2001/4/5,木,4,8,20,30,33,38,10,1,282187900,9,25109400,446,608000,24088,9900,353601,1000,0
28,2001/4/12,木,6,11,15,20,31,41,7,0,0,3,71412900,350,734500,19547,11600,350598,1000,238045160
29,2001/4/19,木,8,12,20,35,37,40,33,9,57338900,96,2606200,1729,173600,54200,4800,607285,1000,0
30,2001/4/26,木,4,16,17,19,26,37,8,0,0,7,33179400,370,753200,23254,10500,384916,1000,258064512
31,2001/5/3,木,7,18,22,25,28,43,4,3,176674900,18,13597800,494,594500,26667,9700,417742,1000,0
32,2001/5/10,木,3,6,7,23,29,41,33,2,122160100,15,14659000,409,645100,23377,9900,380930,1000,0
33,2001/5/17,木,8,17,22,25,29,41,13,2,117951800,38,5587100,670,380200,26279,8500,362887,1000,0
34,2001/5/24,木,2,20,25,30,37,40,10,1,200000000,23,9437200,254,1025400,17218,13300,298725,1000,41176145
35,2001/5/31,木,3,5,13,30,32,41,28,1,282373700,10,21707500,408,638400,20721,11000,355420,1000,0
36,2001/6/7,木,1,16,20,23,30,40,17,1,200000000,7,30443900,331,772500,18447,12200,296613,1000,36788358
37,2001/6/14,木,3,5,9,17,21,41,26,3,88178700,13,15767000,656,374900,28424,7600,416971,1000,0
38,2001/6/21,木,2,9,26,27,34,43,42,0,0,2,110713600,400,664200,20089,11600,317045,1000,246032418
39,2001/6/28,木,10,18,22,25,39,42,17,8,67318200,21,12536100,980,322300,40602,6800,495866,1000,0
40,2001/7/5,木,5,17,25,34,38,39,2,2,118547100,18,11854600,595,430300,28282,7900,400926,1000,0
41,2001/7/12,木,18,21,27,33,36,38,23,1,200000000,3,70858500,442,577100,24295,9200,379418,1000,36197335
42,2001/7/19,木,4,15,21,24,33,37,9,2,134394100,26,8051100,622,403800,27142,8100,378546,1000,0
43,2001/7/26,木,1,2,3,15,24,26,27,3,75848800,9,22754400,397,619000,17837,12100,322186,1000,0
44,2001/8/2,木,3,16,24,31,34,42,36,3,74421300,6,33489200,448,538200,19627,10800,309756,1000,0
45,2001/8/9,木,7,9,28,32,36,38,8,1,200000000,11,17548900,330,701900,16179,12600,293971,1000,14489512
46,2001/8/16,木,11,14,21,24,25,42,41,2,111752700,7,26873200,234,964600,13933,14200,276444,1000,0
47,2001/8/23,木,3,11,14,25,27,31,22,5,40002200,15,12000500,557,387800,27414,6900,370999,1000,0
48,2001/8/30,木,2,5,28,30,33,40,26,3,76260300,7,29414400,370,667700,19683,11000,332934,1000,0
49,2001/9/6,木,2,13,21,31,32,41,35,2,118591400,4,53365600,390,656800,18375,12200,301244,1000,0
50,2001/9/13,木,5,13,15,25,27,39,40,4,48427800,19,9175700,823,254200,33048,5500,426120,1000,0
51,2001/9/20,木,7,15,24,37,38,41,34,7,29184600,11,16714600,821,268700,30192,6400,410150,1000,0
52,2001/9/27,木,1,16,24,25,36,42,21,3,72304100,19,10274700,579,404500,25193,8200,366123,1000,0
53,2001/10/4,木,2,15,23,37,40,43,25,6,36518100,41,4809600,900,262900,26945,7700,372118,1000,0
54,2001/10/11,木,14,25,26,31,37,42,7,1,200000000,35,5588500,481,487900,24408,8400,351230,1000,17333248
55,2001/10/18,木,11,12,13,14,37,39,28,0,0,8,26893000,316,817000,18166,12500,336327,1000,256384594
56,2001/10/25,木,10,13,25,31,32,42,40,2,293594800,22,13532800,718,497500,36905,8500,567326,1000,0
57,2001/11/1,木,2,14,22,27,35,42,34,14,17755700,38,5887300,1082,248100,32221,7300,418191,1000,0
58,2001/11/8,木,4,8,9,13,16,25,28,2,116836200,18,11683500,552,457100,28859,7700,465006,1000,0
59,2001/11/15,木,9,15,17,30,32,41,31,3,87561500,9,26268200,462,614000,21725,11500,357653,1000,0
60,2001/11/22,木,20,21,23,28,30,42,29,1,200000000,5,49733200,259,1152100,15326,17100,312457,1000,76297998
61,2001/11/29,木,4,8,22,25,27,28,6,1,338406300,22,10722500,576,491400,27302,9100,433854,1000,0
62,2001/12/6,木,2,3,9,12,15,30,42,5,47591800,11,19469200,700,367100,31169,7200,462949,1000,0
63,2001/12/13,木,11,16,20,28,34,40,22,3,86096500,30,7748600,555,502600,24051,10200,363569,1000,0
64,2001/12/20,木,2,14,19,22,32,41,9,4,63574100,15,15257600,495,554800,24469,9900,394115,1000,0
65,2001/12/27,木,2,10,22,23,31,43,28,2,138826100,11,22716800,438,684600,21072,12500,363414,1000,0
66,2002/1/10,木,7,15,17,30,33,35,14,6,45895000,11,22530100,517,575200,25519,10200,418226,1000,0
67,2002/1/17,木,1,4,6,11,18,25,3,5,47129400,16,13255000,901,282400,33214,6700,453927,1000,0
68,2002/1/24,木,16,23,30,35,37,39,38,4,65075000,6,39044600,625,449700,24938,9900,359955,1000,0
69,2002/1/31,木,1,9,31,35,40,41,14,1,200000000,9,27814200,261,1150900,16382,16100,310812,1000,78145012
70,2002/2/7,木,6,11,20,23,24,31,17,1,381471200,22,12408600,523,626300,33262,8600,454256,1000,0
71,2002/2/14,木,1,10,11,13,19,20,3,3,93395200,27,9339400,548,552100,23930,11100,374719,1000,0
72,2002/2/21,木,10,12,24,29,33,37,34,3,89058400,7,34350800,651,443200,25848,9800,395378,1000,0
73,2002/2/28,木,1,6,15,19,27,36,25,0,0,11,21876800,568,508400,24885,10200,390547,1000,267385456
74,2002/3/7,木,3,14,27,28,40,43,39,3,216697800,22,15656100,906,456200,44991,8100,617550,1000,0
75,2002/3/14,木,2,4,9,19,23,31,18,3,87271200,14,16830700,606,466500,30814,8000,469094,1000,0
76,2002/3/21,木,1,10,12,16,20,35,29,3,82365800,10,22238500,461,578800,25834,9100,393610,1000,0
77,2002/3/28,木,5,10,15,28,37,38,13,3,86328300,14,16648800,465,601500,28836,8500,416082,1000,0
78,2002/4/4,木,5,14,23,32,33,43,37,7,38856500,25,9791700,970,302800,34314,7500,356876,1000,0
79,2002/4/11,木,20,22,27,32,36,43,23,1,200000000,10,25665300,230,1339000,13883,19500,287997,1000,85172896
80,2002/4/18,木,1,4,12,16,19,34,18,1,361173200,14,17742700,693,430100,43581,6000,475371,1000,0
81,2002/4/25,木,1,11,15,23,26,27,41,3,82115000,24,9237800,643,413700,33795,6900,495723,1000,0
82,2002/5/2,木,10,12,19,25,26,39,28,1,200000000,18,12721500,610,450400,28322,8500,439538,1000,54432400
83,2002/5/9,木,1,16,21,28,35,37,30,1,338040600,12,21270400,589,520000,28110,9600,441331,1000,0
84,2002/5/16,木,17,19,26,28,35,37,40,17,15692300,8,30011300,778,370300,30147,8400,398537,1000,0
85,2002/5/23,木,5,13,18,22,23,32,28,0,0,22,10056100,723,367100,37065,6300,453131,1000,245818952
86,2002/5/30,木,3,7,16,24,29,36,26,14,42353400,27,11570800,1793,209000,51744,6300,651376,1000,0
87,2002/6/6,木,3,8,12,36,39,41,10,3,91415900,7,35260100,470,630100,22651,11500,372793,1000,0
88,2002/6/13,木,5,6,8,20,21,26,30,4,64721700,14,16642600,411,680200,20457,12000,362961,1000,0
89,2002/6/20,木,3,13,23,30,35,43,21,7,37734400,14,16980300,1734,164500,29559,8500,352769,1000,0
90,2002/6/27,木,13,15,17,18,30,32,9,2,138036100,9,27606900,342,871700,18739,14000,330943,1000,0
91,2002/7/4,木,13,15,17,26,41,43,6,0,0,6,40897500,360,817900,18661,13900,352120,1000,272652637
92,2002/7/11,木,5,17,20,24,28,40,16,2,327322500,13,26445300,764,539900,34763,10400,558790,1000,0
93,2002/7/18,木,10,23,33,36,37,41,28,1,200000000,4,65434800,293,1071900,19838,13900,383763,1000,90824312
94,2002/7/25,木,11,16,17,18,29,40,9,3,129048500,8,33335800,430,744200,25660,11000,400459,1000,0
95,2002/8/1,木,2,3,12,15,25,27,33,5,43829200,13,15171500,841,281400,39241,5300,558088,1000,0
96,2002/8/8,木,1,13,15,34,36,43,37,2,128990100,8,29022500,418,666500,20988,11700,372713,1000,0
97,2002/8/15,木,4,10,17,34,35,42,43,0,0,4,53255200,448,570500,19939,11300,323401,1000,236692230
98,2002/8/22,木,7,16,34,37,38,39,8,1,400000000,9,35235100,464,820100,27308,12200,480615,1000,189047171
99,2002/8/29,木,5,9,12,28,29,39,27,1,400000000,23,12326200,720,472500,36592,8200,554349,1000,104053862
100,2002/9/5,木,6,8,11,14,31,33,23,11,38560400,35,8231300,1054,328000,42163,7200,591591,1000,0
101,2002/9/12,木,21,27,29,30,36,40,23,1,200000000,14,20195400,246,1379200,15862,18800,320922,1000,114154706
102,2002/9/19,木,4,5,18,27,35,36,41,4,103928500,36,7538900,916,355500,32275,8900,482669,1000,0
103,2002/9/26,木,1,16,17,27,29,34,39,3,89200800,15,16056000,581,497400,27080,9400,459807,1000,0
104,2002/10/3,木,1,11,17,26,28,35,12,6,42082300,18,12624500,818,333300,35780,6700,484032,1000,0
105,2002/10/10,木,1,9,14,22,25,34,18,2,137026100,16,15415300,455,650400,22948,11300,398222,1000,0
106,2002/10/17,木,8,11,21,22,25,27,26,2,128251100,12,19237500,539,513900,28706,8500,458153,1000,0
107,2002/10/24,木,4,5,11,12,28,32,37,1,200000000,15,14891300,681,393600,33377,7000,489113,1000,48191186
108,2002/10/31,木,9,22,23,25,34,37,8,4,84243100,8,32487600,502,621200,29437,9300,464491,1000,0
109,2002/11/7,木,2,5,12,18,30,41,24,1,200000000,23,10640200,517,568000,25729,10000,414197,1000,71918699
110,2002/11/14,木,5,6,8,19,37,41,9,0,0,8,34806800,487,686100,25102,11700,423201,1000,381315724
111,2002/11/21,木,11,15,21,31,32,43,24,6,135843900,20,19518400,708,661600,35077,11700,566719,1000,0
112,2002/11/28,木,16,18,23,25,29,30,41,1,200000000,14,18672700,565,555200,27463,10000,436302,1000,90468272
113,2002/12/5,木,3,17,27,29,30,42,6,1,400000000,8,35037200,451,745800,26272,11200,455528,1000,1913571
114,2002/12/12,木,7,13,14,29,38,42,9,3,96073000,16,16104500,832,371600,33620,8100,467545,1000,0
115,2002/12/19,木,8,9,11,27,37,39,18,3,87704500,22,10763600,752,377800,36388,6800,552962,1000,0
116,2002/12/26,木,8,10,15,16,26,31,42,1,200000000,14,19140100,552,582500,27613,10200,447169,1000,97738341
117,2003/1/9,木,5,7,19,20,38,43,4,2,228456200,13,24865600,639,607000,30088,11300,466250,1000,0
118,2003/1/16,木,9,13,21,30,32,37,20,7,43286000,15,18179900,614,532900,26631,10800,417829,1000,0
119,2003/1/23,木,3,4,11,12,15,30,17,5,52449800,17,13883600,832,340400,36069,6900,529753,1000,0
120,2003/1/30,木,15,18,22,25,36,40,14,2,143793600,16,16176600,574,541100,28042,9700,442494,1000,0
121,2003/2/6,木,3,8,10,22,28,41,35,0,0,19,13520300,583,528700,28864,9400,460271,1000,285431235
122,2003/2/13,木,19,20,21,25,33,42,41,1,400000000,18,20786700,705,636800,35385,11100,577268,1000,301170783
123,2003/2/20,木,14,21,26,28,29,31,8,3,244266200,16,24278800,466,1000300,29374,13900,529941,1000,0
124,2003/2/27,木,4,17,23,30,39,40,28,0,0,17,17045200,619,561700,28010,10900,442250,1000,321968723
125,2003/3/6,木,11,15,19,30,36,41,10,6,121122400,14,26020400,777,562600,41364,9300,653963,1000,0
126,2003/3/13,木,5,6,9,10,21,38,20,1,200000000,9,31517000,447,761400,28682,10400,474575,1000,115172879
127,2003/3/20,木,14,16,21,26,37,40,3,1,400000000,21,15192300,441,868100,29025,11600,494314,1000,69664311
128,2003/3/27,木,6,10,18,20,29,39,21,3,140907200,9,35305400,537,710000,26124,12800,434474,1000,0
129,2003/4/3,木,6,18,25,26,30,42,24,1,200000000,11,25149000,557,595900,28421,10300,444317,1000,107379873
130,2003/4/10,木,22,30,31,34,38,39,2,1,400000000,9,38884300,298,1409200,18691,19800,378820,1000,96226445
131,2003/4/17,木,6,30,33,34,40,43,1,0,0,6,57762100,350,1188200,18375,19900,357941,1000,481310551
132,2003/4/24,木,3,18,23,31,32,37,1,4,236257900,15,27823000,944,530500,44871,9800,704596,1000,0
133,2003/5/1,木,17,24,26,35,40,41,16,1,200000000,7,42207500,549,645700,34945,8900,476667,1000,128284143
134,2003/5/8,木,2,6,11,14,18,19,21,5,93700700,29,10558400,1147,320300,37674,8600,565949,1000,0
135,2003/5/15,木,7,13,30,33,35,36,11,2,161139000,20,14502300,540,644500,27509,11100,461066,1000,0
136,2003/5/22,木,3,13,26,31,32,39,1,2,155571800,17,16472100,631,532500,31605,9300,474385,1000,0
137,2003/5/29,木,10,13,20,22,25,42,14,3,103964400,8,35087700,483,697300,27067,10900,459652,1000,0
138,2003/6/5,木,7,9,10,16,23,29,18,2,146219800,21,12533000,661,477800,32035,8600,489733,1000,0
139,2003/6/12,木,10,21,22,28,37,41,12,3,95226100,15,17140500,633,487400,29914,9000,456271,1000,0
140,2003/6/19,木,17,19,29,37,39,40,10,2,146136000,18,14613400,452,698300,23557,11800,397975,1000,0
141,2003/6/26,木,8,9,14,24,32,39,30,5,60720900,6,45540300,588,557600,26131,11000,417100,1000,0
142,2003/7/3,木,2,16,22,27,29,39,38,4,76211200,17,16138700,500,658400,27188,10600,451878,1000,0
143,2003/7/10,木,17,21,22,27,33,41,43,2,149820700,6,44945800,600,539300,29506,9600,478252,1000,0
144,2003/7/17,木,1,16,19,33,38,41,43,0,0,9,31585700,447,763100,23126,13000,391656,1000,315860676
145,2003/7/24,木,1,4,10,21,23,38,7,2,360495400,19,19190200,633,691200,34171,11200,581494,1000,0
146,2003/7/31,木,7,17,27,36,37,39,4,21,13944100,31,8501300,2362,133800,46090,6000,495006,1000,0
147,2003/8/7,木,16,18,20,29,30,38,27,1,200000000,34,7556300,520,592800,27180,10000,411783,1000,85463241
148,2003/8/14,木,3,16,18,20,28,29,9,3,119125300,21,11653300,630,466100,32245,8000,453402,1000,0
149,2003/8/21,木,8,9,13,20,33,37,19,3,95559500,14,18429100,556,556800,26944,10100,450544,1000,0
150,2003/8/28,木,10,11,18,20,31,43,27,2,149826700,12,22473800,451,717500,24350,11700,411786,1000,0
151,2003/9/4,木,3,8,17,25,28,32,27,7,39224600,12,20592700,960,308800,36809,7100,506863,1000,0
152,2003/9/11,木,4,8,12,16,31,33,17,5,55085200,15,16525400,708,420100,35019,7400,482503,1000,0
153,2003/9/18,木,4,7,8,12,25,26,41,6,43090900,20,11634400,1008,277000,39483,6200,529379,1000,0
154,2003/9/25,木,7,9,18,26,27,38,14,7,35014200,26,8484100,1216,217600,42850,5400,558613,1000,0
155,2003/10/2,木,5,6,7,18,22,27,41,6,42285800,13,17564700,635,431500,35952,6700,551355,1000,0
156,2003/10/9,木,6,20,22,29,30,35,39,0,0,6,43652500,443,709400,23213,11900,398885,1000,291019816
157,2003/10/16,木,5,8,17,19,25,27,21,1,400000000,31,10448400,1158,335600,51448,6600,767062,1000,250912445
158,2003/10/23,木,1,6,12,35,37,38,30,2,328563300,5,73117900,523,838800,30015,12800,520668,1000,0
159,2003/10/30,木,12,23,30,31,38,42,6,0,0,22,13276200,496,706600,25406,12100,424826,1000,324533948
160,2003/11/6,木,4,10,20,30,31,32,26,2,380265800,14,28028100,714,659400,34080,12100,566949,1000,0
161,2003/11/13,木,23,26,28,33,38,42,8,3,113803800,14,21947600,415,888400,23098,14000,432872,1000,0
162,2003/11/20,木,3,22,25,30,33,37,35,0,0,10,27161400,745,437500,35741,8000,544352,1000,301796845
163,2003/11/27,木,2,3,11,17,24,34,28,5,142049400,29,12675900,1100,401000,52394,7400,721197,1000,0
164,2003/12/4,木,1,2,13,14,35,38,32,5,66335100,15,19900300,562,637300,27004,11700,455390,1000,0
165,2003/12/11,木,9,11,16,21,25,36,10,2,146957800,17,15560100,785,404300,36648,7600,565557,1000,0
166,2003/12/18,木,14,18,20,28,34,38,17,1,200000000,6,50043500,523,688900,26144,12100,450922,1000,133626797
167,2003/12/25,木,10,14,17,19,29,42,2,3,174050500,4,87417200,476,881500,29788,12400,521789,1000,0
168,2004/1/8,木,1,6,31,32,36,39,42,1,200000000,5,67742800,409,993700,20594,17400,395284,1000,176352642
169,2004/1/15,木,3,15,17,19,26,36,39,3,176290100,46,6897000,950,400700,41749,8000,615261,1000,0
170,2004/1/22,木,10,12,15,17,30,31,6,4,75230300,21,12896500,701,463600,34052,8400,542175,1000,0
171,2004/1/29,木,5,6,17,23,32,33,39,6,51417700,26,10678900,852,391000,36359,8000,549298,1000,0
172,2004/2/5,木,10,11,22,23,33,34,27,9,33745300,40,6833300,1539,213100,42155,6800,544358,1000,0
173,2004/2/12,木,6,10,22,30,31,35,18,7,43030700,46,5893200,871,373400,37546,7600,509170,1000,0
174,2004/2/19,木,2,9,16,36,38,42,6,1,200000000,11,26622100,534,658000,25955,11900,429455,1000,125385155
175,2004/2/26,木,2,3,10,22,28,40,43,2,244241500,12,27232100,679,577500,35191,9800,553648,1000,0
176,2004/3/4,木,8,19,25,31,34,37,30,5,62011300,16,17440500,642,521500,30442,9700,472530,1000,0
177,2004/3/11,木,6,18,19,30,36,41,27,4,74875100,22,12252100,695,465400,36586,7700,481416,1000,0
178,2004/3/18,木,10,22,27,30,36,39,4,6,47741800,18,14322400,898,344500,38808,7000,535362,1000,0
179,2004/3/25,木,3,6,11,13,15,16,23,3,95437500,28,9202800,719,430000,31445,8600,511511,1000,0
180,2004/4/1,木,4,10,11,12,20,36,28,2,136457500,20,12281000,640,460500,36754,7000,565095,1000,0
181,2004/4/8,木,1,2,7,21,29,30,23,4,78004400,28,10029000,617,546100,30463,9700,463323,1000,0
182,2004/4/15,木,22,23,28,37,40,43,30,3,108364000,8,36572500,507,692400,26162,11800,414760,1000,0
183,2004/4/22,木,14,29,31,36,38,40,33,0,0,10,29464400,364,971300,20314,15300,374524,1000,327385446
184,2004/4/29,木,5,7,23,31,39,42,19,3,252447300,20,19347800,630,737000,33862,12000,591263,1000,0
185,2004/5/6,木,8,13,14,18,35,41,33,2,149621200,12,22442900,631,512100,27670,10300,453606,1000,0
186,2004/5/13,木,7,16,18,33,36,41,4,1,200000000,13,21075000,577,569700,28758,10000,459147,1000,104420387
187,2004/5/20,木,12,21,22,27,39,40,25,4,111906100,20,15444000,723,512600,33610,9700,532526,1000,0
188,2004/5/27,木,3,8,18,25,26,39,38,10,27662200,48,5186600,995,300200,41605,6300,563542,1000,0
189,2004/6/3,木,3,32,35,36,39,40,5,1,200000000,3,97388900,357,982000,16537,18700,327872,1000,124632575
190,2004/6/10,木,17,23,30,31,39,43,42,1,400000000,16,18773700,807,446600,39494,8000,530766,1000,58390423
191,2004/6/17,木,4,7,25,27,34,43,35,0,0,8,38670700,769,482700,34899,9300,438731,1000,402133773
192,2004/6/24,木,3,7,19,27,39,41,10,12,70108900,21,18821500,1410,336300,56873,7300,796031,1000,0
193,2004/7/1,木,3,4,18,31,40,43,22,0,0,14,21439700,463,777900,24891,12700,425852,1000,333510049
194,2004/7/8,木,4,11,12,21,36,38,37,3,249322600,13,28692900,899,497800,41940,9400,657743,1000,0
195,2004/7/15,木,5,10,12,22,26,41,19,2,149103500,14,19170200,648,497000,34184,8300,522154,1000,0
196,2004/7/22,木,4,5,11,16,30,33,14,5,57127200,16,16066900,715,431400,32665,8300,502277,1000,0
197,2004/7/29,木,9,10,17,22,28,30,19,7,37492700,20,11810100,887,319500,40578,6100,564216,1000,0
198,2004/8/5,木,4,5,6,17,20,42,10,1,200000000,18,14623400,416,759200,23134,12000,403440,1000,92471147
199,2004/8/12,木,3,14,24,25,33,36,41,16,25199600,23,12158600,928,361600,36913,8000,469822,1000,0
200,2004/8/19,木,4,7,11,19,25,28,2,6,42904300,28,8274300,1172,237200,43075,5600,569759,1000,0
201,2004/8/26,木,10,13,16,17,24,39,43,1,200000000,17,15559900,538,590000,28480,9800,476590,1000,93913560
202,2004/9/2,木,9,18,26,28,33,40,10,2,212108900,23,12924800,681,523800,32600,9600,507362,1000,0
203,2004/9/9,木,12,18,20,27,35,37,39,3,97543500,17,15492000,524,603100,28999,9600,463118,1000,0
204,2004/9/16,木,2,17,20,25,39,42,30,2,150342700,11,24601300,666,487500,26249,10900,434708,1000,0
205,2004/9/23,木,4,7,9,16,18,34,26,3,87669500,26,9104000,545,521100,29674,8400,462072,1000,0
206,2004/9/30,木,1,3,16,22,41,43,13,2,148159800,13,20514200,440,727300,25201,11200,393101,1000,0
207,2004/10/7,木,17,21,23,30,31,34,5,0,0,12,21245900,675,453200,28023,9600,443162,1000,283282291
208,2004/10/14,木,18,24,29,32,35,39,23,2,332831600,30,11471300,1154,357800,41540,8700,600793,1000,0
209,2004/10/21,木,8,27,30,35,40,41,9,0,0,10,28272500,346,980500,22480,13300,405469,1000,314141705
210,2004/10/28,木,1,6,21,22,37,40,19,2,390786900,34,12373000,651,775400,31624,14000,550161,1000,0
211,2004/11/4,木,10,14,23,26,33,36,24,1,200000000,11,25025000,679,486400,31702,9100,505649,1000,105864743
212,2004/11/11,木,1,11,17,32,35,39,20,2,241846900,11,30913000,731,558200,34780,10300,576766,1000,0
213,2004/11/18,木,4,7,18,26,29,43,8,1,200000000,16,17917300,805,427300,32064,9400,483257,1000,118533875
214,2004/11/25,木,4,7,9,11,20,36,32,3,155943200,20,15718100,1035,364400,43702,7600,620966,1000,0
215,2004/12/2,木,1,4,13,18,22,31,30,4,80653700,14,20739300,818,425900,33467,9100,482450,1000,0
216,2004/12/9,木,9,21,29,33,35,41,27,3,108838100,14,20990000,481,733100,26088,11900,433817,1000,0
217,2004/12/16,木,8,19,23,27,29,39,28,4,74449600,13,20616600,744,432200,38211,7400,571142,1000,0
218,2004/12/23,木,8,10,18,22,31,36,4,5,55485900,56,4458600,1061,282300,43053,6100,544653,1000,0
219,2004/12/30,木,27,28,29,34,35,39,33,1,200000000,9,32240900,322,1081300,19134,16000,388187,1000,122412467
220,2005/1/6,木,23,25,26,29,33,37,40,0,0,29,9483800,594,555600,28534,10200,481907,1000,428004419
221,2005/1/13,木,8,27,30,31,38,42,13,3,320380000,34,14112200,972,592300,52311,9700,805082,1000,0
222,2005/1/20,木,4,14,15,22,29,31,20,4,84878500,31,9856700,697,526000,34211,9400,531776,1000,0
223,2005/1/27,木,7,9,19,26,30,32,3,4,84933700,18,16986500,645,568800,34183,9400,531115,1000,0
224,2005/2/3,木,12,17,18,19,30,35,13,1,200000000,6,48181700,490,707900,29910,10200,520974,1000,121214401
225,2005/2/10,木,9,11,21,31,35,38,13,4,127130900,12,29047900,620,674600,32974,11100,571393,1000,0
226,2005/2/17,木,8,26,36,40,42,43,21,1,200000000,4,80699600,274,1413700,18629,18300,352899,1000,158668297
227,2005/2/24,木,6,13,17,29,32,36,35,9,59350200,34,9939100,1131,358500,40394,8800,574188,1000,0
228,2005/3/3,木,5,8,17,26,36,39,34,4,75758600,18,15151500,913,358400,38526,7400,560175,1000,0
229,2005/3/10,木,8,16,21,24,27,36,20,3,103016200,17,16361200,828,403100,37875,7700,535949,1000,0
230,2005/3/17,木,4,9,18,31,36,42,34,167,1814700,29,9405200,1057,309600,37865,7600,521030,1000,0
231,2005/3/24,木,1,4,6,16,18,43,41,4,78093700,23,12223200,514,656300,25725,11500,431276,1000,0
232,2005/3/31,木,1,5,7,26,39,43,32,0,0,14,20651600,448,774400,24482,12500,427608,1000,321250560
233,2005/4/7,木,6,18,26,40,41,42,9,3,252078300,27,14499300,693,677800,39478,10400,627079,1000,0
234,2005/4/14,木,11,17,24,26,27,30,19,3,110799800,25,11966200,594,604300,34875,9000,606646,1000,0
235,2005/4/21,木,6,21,23,24,28,39,38,3,107700400,19,15304600,549,635600,30264,10100,495064,1000,0
236,2005/4/28,木,1,8,9,14,34,38,4,2,170375000,13,23590100,408,901900,22849,14200,421434,1000,0
237,2005/5/5,木,1,3,11,13,27,37,30,3,92756600,12,20870000,693,433600,31188,8500,482027,1000,0
238,2005/5/12,木,5,10,15,20,33,37,30,4,82060000,33,8951900,838,423000,36088,8600,491848,1000,0
239,2005/5/19,木,4,9,18,30,31,40,24,7,41395900,24,10866300,1313,238300,48989,5600,589955,1000,0
240,2005/5/26,木,11,15,26,31,36,39,12,3,99489600,16,16788700,706,456500,35610,7900,543807,1000,0
241,2005/6/2,木,8,14,27,33,36,40,20,4,73985600,28,9512300,921,347000,36165,7700,520271,1000,0
242,2005/6/9,木,1,10,13,22,29,32,38,0,0,13,21804200,469,725200,24567,12200,423934,1000,314953610
243,2005/6/16,木,5,34,35,38,42,43,8,2,400000000,11,39961800,548,962500,26821,17300,493091,1000,3380993
244,2005/6/23,木,11,12,30,36,38,39,37,2,166561100,24,12365100,748,476000,40144,7800,605688,1000,0
245,2005/6/30,木,3,6,18,24,28,36,21,7,41996300,52,5087900,1479,214600,55734,5000,625386,1000,0
246,2005/7/7,木,16,28,32,34,39,42,38,2,173662500,15,20839300,540,694600,25543,12900,409576,1000,0
247,2005/7/14,木,8,16,30,32,34,39,13,2,163484400,23,12794300,769,459100,36207,8600,478175,1000,0
248,2005/7/21,木,11,32,35,36,39,41,6,3,102052700,22,12524500,702,471000,34381,8400,510966,1000,0
249,2005/7/28,木,1,3,17,23,33,35,18,3,104654700,12,23547100,593,571800,29982,9900,479145,1000,0
250,2005/8/4,木,3,8,9,13,22,42,11,3,102354500,17,16256100,476,696600,26737,10900,464662,1000,0
251,2005/8/11,木,2,12,19,25,29,36,26,4,73942000,19,14009900,846,377500,31927,8800,462951,1000,0
252,2005/8/18,木,2,6,13,22,32,33,12,3,102828600,27,10282700,502,663600,26541,11000,427097,1000,0
253,2005/8/25,木,15,16,19,22,36,43,13,1,200000000,9,32513100,404,869100,22356,13800,401299,1000,125134321
254,2005/9/1,木,12,13,22,23,25,29,40,4,121926400,15,21754100,1021,383500,40587,8500,650348,1000,0
255,2005/9/8,木,6,7,12,17,34,42,8,4,80324400,9,32129500,498,696700,26656,11400,458832,1000,0
256,2005/9/15,木,15,17,18,28,30,37,40,2,151371100,14,19461800,556,588000,32087,8900,527172,1000,0
257,2005/9/22,木,7,15,29,30,39,40,11,2,157898300,23,12357100,640,532900,29676,10100,470404,1000,0
258,2005/9/29,木,3,15,16,17,25,31,40,1,200000000,17,15786000,637,505500,33593,8400,541701,1000,98183285
259,2005/10/6,木,1,12,15,23,34,42,27,21,22911800,75,4595500,1867,221500,43748,8300,496807,1000,0
260,2005/10/13,木,11,15,21,31,37,41,30,9,34541200,30,9326000,1469,228500,47666,6200,502569,1000,0
261,2005/10/20,木,6,17,18,21,35,41,32,6,54815100,27,10962900,673,527700,30809,10100,508889,1000,0
262,2005/10/27,木,5,7,11,19,21,25,27,5,62629500,27,10438100,967,349700,43956,6700,622653,1000,0
263,2005/11/3,木,1,5,13,22,39,41,4,1,200000000,8,36054700,560,618000,28780,10600,462376,1000,120489556
264,2005/11/10,木,2,5,6,8,20,27,43,0,0,22,15991200,918,459800,41654,8900,626574,1000,511391329
265,2005/11/17,木,2,3,16,22,23,28,40,5,242164500,63,9991700,1874,403000,91258,7300,1300948,1000,0
266,2005/11/24,木,11,15,18,24,30,39,7,8,40409400,38,7656400,1105,315900,60208,5100,725507,1000,0
267,2005/12/1,木,3,5,8,22,35,38,41,6,58511500,21,15045700,1168,324600,39284,8500,595326,1000,0
268,2005/12/8,木,3,6,8,14,24,36,15,5,65174700,30,9776100,945,372400,46523,6600,633369,1000,0
269,2005/12/15,木,1,10,13,15,21,23,36,3,116598700,19,16569100,644,586600,33557,9900,545691,1000,0
270,2005/12/22,木,17,19,21,29,33,38,30,4,85350100,17,18073900,597,617600,35078,9200,506032,1000,0
271,2005/12/29,木,9,10,19,25,40,41,8,2,181185700,12,27177600,498,785800,29107,11800,473784,1000,0
272,2006/1/5,木,7,12,13,20,23,26,41,0,0,5,47332200,549,517200,29542,8400,462372,1000,262959262
273,2006/1/12,木,4,18,20,21,29,40,37,2,387920800,18,25643800,774,715600,41249,11800,684190,1000,0
274,2006/1/19,木,4,5,14,27,31,39,6,6,58469500,20,15786600,875,433000,39609,8400,604694,1000,0
275,2006/1/26,木,4,13,15,31,33,40,8,3,123320300,13,25612400,635,629200,32391,10800,525035,1000,0
276,2006/2/2,木,6,11,27,30,33,36,34,2,161097700,7,41424700,1040,334500,50043,6100,682705,1000,0
277,2006/2/9,木,7,9,18,20,30,38,23,1,200000000,18,17796900,728,528000,34402,9800,538743,1000,155943073
278,2006/2/16,木,9,13,14,17,22,38,33,4,146432500,37,10454100,966,480500,44092,9200,693545,1000,0
279,2006/2/23,木,7,11,12,23,30,43,27,8,41770000,31,9701300,845,427000,40845,7700,617622,1000,0
280,2006/3/2,木,6,12,26,37,38,39,25,1,200000000,24,13096300,661,570600,33543,9900,516835,1000,149238699
281,2006/3/9,木,3,9,10,11,19,35,30,16,35304900,30,12469100,1043,430300,49663,7900,754250,1000,0
282,2006/3/16,木,1,9,17,31,41,43,23,1,200000000,15,22291000,432,928700,26417,13300,436044,1000,171519931
283,2006/3/23,木,6,9,16,22,27,37,36,0,0,24,14911100,835,514300,42427,8900,668482,1000,569155297
284,2006/3/30,木,20,26,30,33,35,38,4,6,215518000,12,54296000,858,911200,50333,13700,897975,1000,0
285,2006/4/6,木,1,3,9,14,16,29,37,7,52459200,19,17394200,881,450100,44927,7700,604703,1000,0
286,2006/4/13,木,10,11,14,28,31,41,3,5,75107400,29,11654400,628,645800,38214,9300,576836,1000,0
287,2006/4/20,木,1,5,18,34,35,39,7,0,0,8,44562500,548,780600,29657,12700,511572,1000,396114792
288,2006/4/27,木,3,4,11,25,28,33,35,11,81646100,29,15578900,1670,324600,74101,6400,1054770,1000,0
289,2006/5/4,木,7,9,12,17,34,38,3,3,107375300,17,17053500,785,443100,37274,8200,580848,1000,0
290,2006/5/11,木,11,13,15,17,22,43,8,1,200000000,14,23524100,661,597800,34170,10200,582816,1000,165935026
291,2006/5/18,木,10,15,20,28,41,43,19,2,321480300,18,23851000,558,923200,29402,15400,524293,1000,0
292,2006/5/25,木,7,14,27,31,34,39,40,6,58877300,20,15896700,1288,296200,44633,7500,587415,1000,0
293,2006/6/1,木,6,8,15,17,36,43,38,1,200000000,9,34999700,742,509400,33344,10000,560170,1000,150000456
294,2006/6/8,木,2,5,13,14,17,20,21,3,192565900,20,19246200,792,583200,36313,11200,624171,1000,0
295,2006/6/15,木,9,12,18,20,37,43,5,2,178474100,11,29204600,527,731500,28057,12100,483583,1000,0
296,2006/6/22,木,4,19,27,30,31,37,10,4,86071800,31,9995300,607,612500,32547,10000,541632,1000,0
297,2006/6/29,木,6,8,9,20,38,40,2,0,0,18,17297400,604,618500,31131,10500,532627,1000,345952300
298,2006/7/6,木,12,25,29,31,35,40,26,5,175332300,19,25138600,693,827000,35922,14000,625906,1000,0
299,2006/7/13,木,2,4,5,17,35,41,18,1,200000000,16,19762100,529,717200,28815,11600,513768,1000,151330859
300,2006/7/20,木,4,7,29,33,36,39,9,1,400000000,27,13234000,855,501500,40231,9400,645107,1000,148357187
301,2006/7/27,木,4,5,6,9,10,11,33,28,18472800,24,13833000,2276,175000,67600,5100,832106,1000,0
302,2006/8/3,木,2,4,13,23,38,40,24,2,177884000,10,32018800,470,817500,25301,13300,469829,1000,0
303,2006/8/10,木,4,24,31,35,37,39,13,0,0,12,25596100,470,784200,27443,11800,469843,1000,341285528
304,2006/8/17,木,3,7,8,15,17,31,27,7,105413200,44,8112300,1486,288200,68958,5400,956735,1000,0
305,2006/8/24,木,1,2,5,23,31,34,43,1,200000000,31,10363900,429,898600,27755,12200,515418,1000,156982123
306,2006/8/31,木,1,20,25,28,31,42,2,0,0,17,24616600,508,988500,26809,16500,500596,1000,621967283
307,2006/9/7,木,1,7,11,32,33,40,27,6,251095100,72,11057400,1311,728700,70910,11800,1233004,1000,0
308,2006/9/14,木,3,13,18,20,23,28,35,0,0,20,17725400,995,427500,35968,10400,611161,1000,393902973
309,2006/9/21,木,1,4,26,36,41,42,9,2,400000000,22,24099500,578,1100700,32619,17200,635711,1000,183009018
310,2006/9/28,木,3,4,5,18,28,37,26,1,400000000,31,13160100,1075,455400,53713,8000,885422,1000,236306765
311,2006/10/5,木,1,16,22,36,37,42,34,1,400000000,17,28417700,779,744100,37821,13500,643952,1000,373090476
312,2006/10/12,木,2,17,22,29,38,42,16,10,89457600,28,16761900,1159,485900,49776,9900,770395,1000,0
313,2006/10/19,木,1,19,21,31,32,40,33,3,143877200,14,27747500,568,820700,30598,13400,527413,1000,0
314,2006/10/26,木,3,8,14,30,38,43,6,4,100991800,19,19135100,942,463100,40687,9400,638140,1000,0
315,2006/11/2,木,1,2,17,24,40,41,31,5,80557100,8,45312900,718,605800,35032,10900,589722,1000,0
316,2006/11/9,木,3,4,20,30,40,41,31,4,97231600,47,7447400,1095,383500,41065,9000,592309,1000,0
317,2006/11/16,木,7,8,15,30,35,36,40,7,54347200,16,21399000,835,492000,37239,9700,592070,1000,0
318,2006/11/23,木,2,7,13,16,36,37,41,0,0,18,17573200,656,578600,33569,9900,545572,1000,351468038
319,2006/11/30,木,15,20,23,28,37,40,17,7,122102000,22,20587100,985,551700,45095,10600,733517,1000,0
320,2006/12/7,木,1,5,25,27,38,41,9,4,91305900,62,5301500,802,491800,39199,8800,621107,1000,0
321,2006/12/14,木,21,29,31,36,38,41,10,2,200000000,5,72894400,431,1014700,24349,15800,455986,1000,4972560
322,2006/12/21,木,18,19,22,25,35,42,36,3,144517000,13,29670500,559,828000,32675,12400,556547,1000,0
323,2006/12/28,木,9,11,21,23,33,39,26,8,45430600,36,9086000,1308,300000,52241,6600,719915,1000,0
324,2007/1/4,木,5,13,27,37,39,41,36,4,64827500,5,46675400,700,400000,30387,8100,429471,1000,0
325,2007/1/11,木,6,7,18,29,33,39,43,5,71887400,21,15404300,940,412900,44027,7700,628723,1000,0
326,2007/1/18,木,1,7,9,14,23,43,19,6,60713700,23,14254300,822,478600,39088,8800,613322,1000,0
327,2007/1/25,木,6,12,14,28,31,36,35,6,61984500,23,14552700,974,412300,39321,9000,577332,1000,0
328,2007/2/1,木,3,7,10,12,19,36,35,7,49885200,29,10837000,983,383600,46700,7100,666801,1000,0
329,2007/2/8,木,6,8,15,17,39,40,37,5,71021800,41,7795000,993,386200,42028,8000,634990,1000,0
330,2007/2/15,木,5,12,16,19,28,39,34,5,69426800,47,6647100,1031,363600,45057,7300,639494,1000,0
331,2007/2/22,木,2,8,17,24,32,38,35,21,16619900,42,7478900,1699,221800,50014,6600,633008,1000,0
332,2007/3/1,木,7,8,16,24,26,34,19,1,200000000,27,12232700,678,584500,33220,10500,554114,1000,166985277
333,2007/3/8,木,1,5,7,15,41,42,38,1,400000000,24,16005600,700,658500,40493,10000,693694,1000,193805491
334,2007/3/15,木,11,14,17,18,34,36,23,5,127946200,21,19110900,650,740900,40826,10400,666072,1000,0
335,2007/3/22,木,4,5,10,23,36,42,8,2,176764900,22,14462400,724,527300,33907,9900,563946,1000,0
336,2007/3/29,木,3,6,13,17,20,29,11,1,200000000,33,9337600,1120,330100,41124,7900,624890,1000,142382016
337,2007/4/5,木,5,15,16,20,34,39,29,2,286729500,16,24247800,634,734300,35174,11600,600581,1000,0
338,2007/4/12,木,8,10,25,31,39,40,35,1,200000000,13,24833700,683,567200,35069,9700,562456,1000,158712142
339,2007/4/19,木,3,5,9,26,34,36,12,4,144874000,24,15779200,720,631100,42201,9400,692611,1000,0
340,2007/4/26,木,4,10,13,31,35,42,7,3,125206400,18,18780800,669,606300,35970,9900,565132,1000,0
341,2007/5/3,木,4,14,23,25,28,35,41,2,167679400,15,20121300,593,610700,30118,10600,501326,1000,0
342,2007/5/10,木,8,15,26,27,34,38,10,7,47713500,27,11133000,1246,289400,46444,6800,622155,1000,0
343,2007/5/17,木,13,28,29,37,38,41,35,3,122221000,18,18332900,540,733300,29299,11900,498484,1000,0
344,2007/5/24,木,8,11,16,20,28,36,42,7,47837300,27,11161900,982,368200,41610,7600,606647,1000,0
345,2007/5/31,木,10,21,22,25,35,37,18,1,200000000,11,29538700,525,742600,29520,11600,490711,1000,161031732
346,2007/6/7,木,4,9,11,12,32,38,16,2,275055600,35,10004800,877,479100,47540,7700,726427,1000,0
347,2007/6/14,木,8,20,23,27,32,33,13,2,175074200,14,22509300,525,720200,27683,12000,482381,1000,0
348,2007/6/21,木,4,5,6,27,36,38,13,4,83409800,30,10009000,796,452600,36706,8600,618057,1000,0
349,2007/6/28,木,8,13,15,19,20,30,25,1,200000000,23,13939100,537,716400,31439,10700,543255,1000,156226705
350,2007/7/5,木,13,18,25,26,29,40,6,5,117204300,41,9434400,869,534100,43846,9300,645046,1000,0
351,2007/7/12,木,3,13,16,24,26,43,15,3,122807000,9,36841700,543,732700,29158,12000,505304,1000,0
352,2007/7/19,木,6,8,24,25,34,38,10,2,168600600,28,10838500,726,501600,36921,8700,574516,1000,0
353,2007/7/26,木,1,9,15,16,22,26,29,3,111962100,23,13143200,689,526400,34872,9100,557065,1000,0
354,2007/8/2,木,4,6,22,31,34,41,43,4,86609200,14,22270700,526,711300,25183,13100,445362,1000,0
355,2007/8/9,木,1,11,24,26,36,37,39,1,200000000,9,32930700,513,693200,26928,11600,464452,1000,129310297
356,2007/8/16,木,1,5,8,12,17,29,28,8,57225400,50,5912800,1333,266100,52813,5900,707934,1000,0
357,2007/8/23,木,2,10,11,12,19,38,6,2,159167600,22,13022600,624,550900,36294,8300,573760,1000,0
358,2007/8/30,木,12,31,32,34,39,42,30,5,74317800,12,27868900,346,1159800,21223,16600,391588,1000,0
359,2007/9/6,木,3,5,19,20,23,27,40,7,44620000,22,12777400,900,374800,40487,7300,592367,1000,0
360,2007/9/13,木,2,3,6,14,26,42,25,3,109515400,23,12856000,633,560500,34354,9100,523482,1000,0
361,2007/9/20,木,1,21,28,30,37,43,31,1,200000000,14,22837500,338,1135100,21817,15500,395746,1000,155254196
362,2007/9/27,木,7,10,15,20,37,40,28,1,400000000,28,12880600,849,509700,41017,9300,608688,1000,155988946
363,2007/10/4,木,3,6,7,22,27,31,4,4,135647000,20,17396800,1014,411700,49696,7400,754674,1000,0
364,2007/10/11,木,7,11,12,19,33,42,36,1,200000000,17,17129400,819,426600,38583,7900,584167,1000,123559186
365,2007/10/18,木,6,19,20,28,36,37,11,8,65370900,30,11982100,951,453500,41249,9200,609966,1000,0
366,2007/10/25,木,12,13,15,18,30,41,21,1,200000000,13,24194000,478,789500,28345,11700,508386,1000,149473061
367,2007/11/1,木,10,13,17,38,41,43,28,0,0,15,25449900,670,683700,30982,13000,539183,1000,573641861
368,2007/11/8,木,7,10,18,21,33,35,13,7,162710200,50,10175800,1185,515200,54987,9700,833762,1000,0
369,2007/11/15,木,3,9,12,16,18,37,14,2,175763000,24,13182100,1074,353400,50069,6600,707811,1000,0
370,2007/11/22,木,2,11,13,15,16,32,43,3,122240300,12,27503800,567,698500,33415,10400,561326,1000,0
371,2007/11/29,木,14,15,23,24,32,34,31,2,187511200,16,21094800,671,603600,33706,10500,511210,1000,0
372,2007/12/6,木,7,19,28,33,35,39,21,7,49670900,44,7111900,895,419500,39608,8300,581411,1000,0
373,2007/12/13,木,7,14,15,19,35,43,30,2,183116900,13,25354400,639,618900,28539,12200,496127,1000,0
374,2007/12/20,木,4,24,25,26,27,34,28,1,200000000,8,41993100,614,656500,30089,11800,516313,1000,173275826
375,2007/12/27,木,7,9,14,17,36,37,11,7,85281700,27,14123000,1005,455300,51103,7800,790808,1000,0
376,2008/1/10,木,20,21,25,27,34,38,16,1,200000000,13,29714200,574,807500,30153,13500,523665,1000,229208996
377,2008/1/17,木,2,3,8,20,21,24,13,3,229941100,17,24385200,971,512300,45375,9600,721998,1000,0
378,2008/1/24,木,11,13,19,26,36,43,31,0,0,17,19782900,594,679400,31661,11200,554038,1000,373680466
379,2008/1/31,木,8,13,15,21,33,34,5,2,400000000,36,12746400,1143,481700,55878,8600,823269,1000,83541865
380,2008/2/7,木,17,22,25,26,27,43,16,1,400000000,13,32601500,527,965000,33075,13500,600042,1000,154457620
381,2008/2/14,木,4,13,15,22,39,41,30,1,400000000,27,15403100,1048,476200,48892,9000,713287,1000,216556788
382,2008/2/21,木,2,6,15,28,29,43,14,5,145712100,31,14864500,943,586300,44725,10900,698390,1000,0
383,2008/2/28,木,7,12,17,18,24,28,43,1,200000000,18,17852900,985,391400,48560,7000,736718,1000,157062818
384,2008/3/6,木,17,19,20,22,33,41,35,2,315257400,14,30435900,682,749700,36073,12500,617720,1000,0
385,2008/3/13,木,6,31,34,35,37,40,7,1,200000000,14,26707200,442,1015100,23648,16700,428575,1000,215450404
386,2008/3/20,木,2,9,11,15,23,25,27,7,84544000,39,8685100,1163,349400,52595,6800,777811,1000,0
387,2008/3/27,木,12,16,19,27,30,32,38,4,92433900,27,12324400,750,532400,34279,10200,562244,1000,0
388,2008/4/3,木,5,12,14,18,20,31,2,2,178489700,24,13386600,649,594000,34951,9700,560245,1000,0
389,2008/4/10,木,6,12,22,25,31,35,28,5,69907800,26,12099300,552,683800,33082,10000,542637,1000,0
390,2008/4/17,木,5,16,17,22,39,43,21,4,89878900,13,24889300,793,489600,34466,9900,540062,1000,0
391,2008/4/24,木,8,20,23,24,29,38,43,3,114851700,15,20673100,710,524100,36002,9100,571704,1000,0
392,2008/5/1,木,10,15,18,30,31,37,11,6,56764100,38,8066400,920,399800,39058,8300,575670,1000,0
393,2008/5/8,木,7,18,27,37,38,43,35,2,173104900,13,23968100,780,479300,35152,9300,508467,1000,0
394,2008/5/15,木,14,27,28,31,37,40,18,0,0,7,46299800,483,805200,26149,13100,460263,1000,360112917
395,2008/5/22,木,15,21,26,28,42,43,39,0,0,11,37036400,524,932900,31179,13800,577940,1000,812785066
396,2008/5/29,木,9,12,21,26,33,40,5,6,235393800,57,9466900,1300,498100,57709,9800,867064,1000,0
397,2008/6/5,木,15,16,23,30,39,43,11,1,200000000,13,24928000,583,667000,32626,10500,534661,1000,160074643
398,2008/6/12,木,2,31,36,37,39,43,13,1,400000000,15,27280400,472,1040300,25960,16600,493826,1000,214752039
399,2008/6/19,木,1,14,17,28,31,37,21,5,130837500,20,19774400,927,511900,45178,9200,695851,1000,0
400,2008/6/26,木,4,9,19,22,23,33,38,4,91116600,31,10581100,1138,345800,40139,8600,603603,1000,0
401,2008/7/3,木,14,15,27,34,35,42,37,8,46775300,15,22451900,784,515400,36074,9800,552114,1000,0
402,2008/7/10,木,3,18,23,24,29,33,28,2,177704700,16,19991600,807,475600,41087,8200,639725,1000,0
403,2008/7/17,木,8,10,13,20,24,33,23,1,200000000,21,15475500,661,589900,34065,10000,559457,1000,161098341
404,2008/7/24,木,3,10,14,18,26,43,33,4,139117700,31,11478400,817,522600,37294,10000,584518,1000,0
405,2008/7/31,木,6,13,19,20,30,31,8,2,175637000,26,12159300,794,477700,37151,9000,550150,1000,0
406,2008/8/7,木,1,2,4,16,36,37,40,0,0,13,24185000,463,814800,28100,11800,479977,1000,349343178
407,2008/8/14,木,11,18,19,30,37,39,38,3,250783000,15,24180100,1034,420900,46317,8200,663076,1000,0
408,2008/8/21,木,12,20,23,28,31,32,39,1,200000000,14,22106300,766,484800,36282,9000,616372,1000,143879862
409,2008/8/28,木,6,13,17,27,28,36,33,6,88449700,44,7912100,1497,279000,59388,6200,805669,1000,0
410,2008/9/4,木,2,12,16,20,42,43,28,1,200000000,14,25676500,431,1000800,25714,14700,453564,1000,199416745
411,2008/9/11,木,2,4,6,24,35,39,34,2,320327800,20,19855500,701,679700,36100,11600,613991,1000,0
412,2008/9/18,木,2,6,7,9,16,19,33,2,174393800,13,24146600,1020,369300,47886,6900,596846,1000,0
413,2008/9/25,木,2,14,15,26,35,37,25,2,176762900,23,13833400,866,440800,39779,8400,558027,1000,0
414,2008/10/2,木,1,2,4,5,9,25,15,9,37013100,42,7138100,2060,174600,59174,5300,633819,1000,0
415,2008/10/9,木,9,28,33,34,37,43,41,3,122294100,14,23585000,438,904600,29361,11900,455941,1000,0
416,2008/10/16,木,12,15,22,24,29,37,6,4,83817100,37,8155100,754,480200,37629,8400,582514,1000,0
417,2008/10/23,木,3,20,23,30,31,37,6,7,47161500,18,16506300,886,402400,38587,8100,587511,1000,0
418,2008/10/30,木,3,12,16,25,32,36,34,5,68409400,21,14659000,1006,367200,41911,7700,617490,1000,0
419,2008/11/6,木,5,8,16,25,26,30,1,6,56856200,22,13955400,894,412100,38618,8400,595766,1000,0
420,2008/11/13,木,14,19,21,28,29,31,24,1,200000000,16,20174900,670,578100,27695,12300,489704,1000,158669748
421,2008/11/20,木,2,6,8,10,25,34,31,0,0,17,21128600,788,546900,41588,9100,627824,1000,557769048
422,2008/11/27,木,5,6,7,8,28,38,36,6,175377500,27,16483000,1102,484600,54825,8500,851502,1000,0
423,2008/12/4,木,1,2,3,30,35,36,21,7,54458300,12,28590300,752,547400,30415,11900,517971,1000,0
424,2008/12/11,木,3,13,17,25,40,41,4,5,73205100,22,14973600,774,510700,37821,9200,575531,1000,0
425,2008/12/18,木,2,3,12,20,34,43,4,3,126522400,23,14852500,605,677500,33552,10700,554135,1000,0
426,2008/12/25,木,6,8,9,29,32,37,4,0,0,16,21366100,660,621500,34273,10500,595051,1000,379846586
427,2009/1/8,木,5,12,13,33,39,42,20,1,400000000,23,20406200,1055,533800,55227,8900,864421,1000,501345283
428,2009/1/15,木,8,16,18,35,42,43,13,2,400000000,20,25168300,723,835400,39419,13500,690385,1000,260645829
429,2009/1/22,木,17,25,29,33,37,42,7,6,124626900,39,11241000,1285,409400,51221,9000,730912,1000,0
430,2009/1/29,木,1,8,18,26,34,42,21,9,45402100,17,21632600,957,461100,35788,10800,551549,1000,0
431,2009/2/5,木,1,5,19,20,35,41,33,5,80148800,21,17174500,713,607000,34548,11000,546187,1000,0
432,2009/2/12,木,8,20,23,24,42,43,16,1,200000000,15,23773300,585,731400,29792,12600,506914,1000,196225409
433,2009/2/19,木,3,9,11,24,26,34,25,2,311043700,26,14741200,994,462700,46531,8700,711769,1000,0
434,2009/2/26,木,3,12,19,33,35,36,37,2,177908600,19,16854300,886,433700,42418,7900,644439,1000,0
435,2009/3/5,木,2,11,12,28,35,37,27,5,68935600,45,6893500,1546,240700,45704,7100,658184,1000,0
436,2009/3/12,木,4,12,21,22,27,38,31,12,28645400,37,8361200,1208,307300,45875,7100,621114,1000,0
437,2009/3/19,木,2,5,11,21,23,43,15,1,200000000,16,19692500,693,545500,34009,9800,556602,1000,150092785
438,2009/3/26,木,3,9,16,17,20,31,42,3,180663800,14,25193200,951,445000,45468,8200,691145,1000,0
439,2009/4/2,木,11,14,20,28,32,41,27,1,200000000,16,21044500,573,705100,28892,12300,482658,1000,174128470
440,2009/4/9,木,9,23,29,30,31,39,18,2,290149600,25,14622000,716,612600,40743,9400,643678,1000,0
441,2009/4/16,木,10,18,33,34,39,41,21,1,200000000,18,19137800,527,784300,27717,13100,472470,1000,182760744
442,2009/4/23,木,2,23,26,35,41,42,38,2,307923300,18,21654100,565,827800,31873,12900,566012,1000,0
443,2009/4/30,木,6,10,21,22,23,35,5,3,119517000,22,14667800,668,579600,33437,10200,526918,1000,0
444,2009/5/7,木,5,13,16,18,24,32,30,7,46888600,27,10940500,983,360600,39187,7900,552693,1000,0
445,2009/5/14,木,10,20,23,26,37,40,9,3,121570500,23,14271200,537,733400,27326,12700,479442,1000,0
446,2009/5/21,木,3,8,17,26,27,36,13,8,38559600,22,12619400,1150,289600,45655,6400,641644,1000,0
447,2009/5/28,木,15,23,29,36,42,43,34,4,88208400,11,28867900,616,618500,27727,12100,455019,1000,0
448,2009/6/4,木,9,23,32,35,39,42,37,0,0,7,44068800,554,668100,29409,11100,483768,1000,342760382
449,2009/6/11,木,19,20,21,23,27,32,24,3,267032600,16,25781200,683,724700,36443,11900,601680,1000,0
450,2009/6/18,木,15,20,21,32,40,42,27,2,187581700,14,24117400,396,1023100,23306,15300,414549,1000,0
451,2009/6/25,木,6,14,16,19,26,39,21,3,115968300,16,19569400,672,559100,33718,9800,534015,1000,0
452,2009/7/2,木,1,5,25,27,29,40,19,1,200000000,15,21293200,585,655100,29210,11500,506996,1000,154890181
453,2009/7/9,木,7,17,19,27,35,40,41,4,139198600,25,14468400,931,466200,44299,8600,651172,1000,0
454,2009/7/16,木,2,16,18,27,42,43,12,2,172374800,20,15513500,647,575400,31999,10200,500547,1000,0
455,2009/7/23,木,11,20,26,28,30,43,24,0,0,5,62079200,437,852300,24797,13200,452045,1000,344887602
456,2009/7/30,木,3,7,15,25,30,39,22,6,124171600,24,15005200,1314,328800,55534,6800,792400,1000,0
457,2009/8/6,木,10,12,27,32,34,43,42,0,0,8,40109000,489,787400,24966,13600,428542,1000,356528307
458,2009/8/13,木,1,18,27,30,36,40,5,2,389430700,20,19004800,685,665800,34662,11600,582183,1000,0
459,2009/8/20,木,11,13,27,31,37,43,30,5,66346300,42,7108400,780,459300,36390,8600,568589,1000,0
460,2009/8/27,木,18,22,23,32,35,40,7,2,181193700,21,15530700,527,742600,29732,11600,489513,1000,0
461,2009/9/3,木,8,10,13,30,32,42,12,1,200000000,23,13910200,523,734000,28639,11800,479736,1000,155487414
462,2009/9/10,木,2,4,6,16,31,33,5,1,400000000,17,21944700,773,579100,38897,10100,647761,1000,170002065
463,2009/9/17,木,10,13,16,25,30,42,28,2,302909200,14,28016500,818,575400,41645,9900,635813,1000,0
464,2009/9/24,木,10,21,22,25,27,37,36,3,115943100,21,14906800,915,410500,28852,11400,488662,1000,0
465,2009/10/1,木,6,24,27,30,32,38,13,1,200000000,32,9949200,630,606400,30298,11100,522761,1000,153752840
466,2009/10/8,木,1,4,19,28,34,40,14,2,282223000,18,20534400,535,829000,29725,13100,500368,1000,0
467,2009/10/15,木,18,19,20,24,32,43,41,1,200000000,15,21702200,460,849200,25724,13300,445377,1000,161707398
468,2009/10/22,木,9,17,26,30,34,40,33,6,96632000,20,18813600,781,578100,35937,11000,589401,1000,0
469,2009/10/29,木,10,12,20,35,40,43,28,1,200000000,22,14546600,606,633700,33186,10200,502816,1000,155586703
470,2009/11/5,木,1,11,17,23,38,43,18,3,190687700,18,20823600,1011,444800,41797,9400,653213,1000,0
471,2009/11/12,木,2,13,14,22,23,32,34,1,200000000,29,10804300,778,483200,33456,9900,528544,1000,148143871
472,2009/11/19,木,10,17,28,30,36,42,5,5,108556500,33,10762700,1041,409400,39885,9400,619200,1000,0
473,2009/11/26,木,6,16,17,22,34,37,26,4,86978400,13,24086100,695,540600,33576,9800,524208,1000,0
474,2009/12/3,木,12,15,19,25,28,41,18,4,84734500,10,30504100,637,574600,31955,10100,547231,1000,0
475,2009/12/10,木,5,9,10,27,33,42,2,5,66677900,19,15792000,705,510700,36640,8600,588651,1000,0
476,2009/12/17,木,7,17,22,30,36,40,2,5,69405900,21,14872500,795,471400,37257,8800,561557,1000,0
477,2009/12/24,木,12,14,16,18,38,41,17,2,185142100,10,33325200,540,740500,28238,12400,511958,1000,0
478,2010/1/7,木,11,14,23,30,31,38,42,4,97985600,22,16033800,767,551800,37199,10000,609892,1000,0
479,2010/1/14,木,5,7,14,17,20,27,3,0,0,23,13073000,687,525200,36853,8600,581499,1000,334091926
480,2010/1/21,木,2,5,17,18,35,38,34,5,162529400,26,16565200,1076,480300,48210,9400,740131,1000,0
481,2010/1/28,木,2,9,11,24,25,34,20,7,52528600,24,13788600,860,461700,38137,9100,580328,1000,0
482,2010/2/4,木,4,30,31,36,37,38,19,1,200000000,13,26667800,513,810900,29910,12200,463710,1000,185205326
483,2010/2/11,木,2,8,15,24,33,35,30,5,117617400,20,18129500,1010,430800,44288,8600,663426,1000,0
484,2010/2/18,木,13,19,25,29,32,35,42,0,0,15,22009400,609,650500,30517,11400,508117,1000,366827066
485,2010/2/25,木,14,26,30,33,34,39,19,5,169451600,19,22757000,903,574500,47248,9600,691301,1000,0
486,2010/3/4,木,16,25,27,29,34,41,6,2,183823800,18,18382200,523,759100,31618,11000,514756,1000,0
487,2010/3/11,木,2,6,8,19,22,34,30,1,200000000,20,15434000,727,509500,36659,8900,554497,1000,142982442
488,2010/3/18,木,5,15,29,34,39,42,6,6,95637700,10,38775600,635,732700,34446,11900,555668,1000,0
489,2010/3/25,木,6,8,12,30,33,43,36,2,165569500,14,21287300,831,430300,34674,9000,560792,1000,0
490,2010/4/1,木,5,9,13,28,34,40,10,9,38002200,21,14657800,1040,355100,39290,8200,548251,1000,0
491,2010/4/8,木,7,9,20,27,31,34,33,2,175121000,10,31521500,623,607100,31498,10500,520813,1000,0
492,2010/4/15,木,1,8,12,20,23,37,10,3,112832800,31,9827200,1475,247800,40740,7900,595137,1000,0
493,2010/4/22,木,8,26,30,36,41,42,20,1,200000000,11,29693400,453,865200,25351,13600,459941,1000,162923672
494,2010/4/29,木,8,16,19,23,26,31,6,2,275247400,31,11251900,825,507300,39322,9300,629143,1000,0
495,2010/5/6,木,4,6,20,21,29,33,31,2,172205100,15,20664400,646,575700,30663,10700,492484,1000,0
496,2010/5/13,木,2,6,11,29,32,41,3,2,174851300,15,20981900,605,624200,29750,11100,501377,1000,0
497,2010/5/20,木,6,12,14,17,36,40,34,2,168004700,13,23261900,611,593900,29930,10600,503318,1000,0
498,2010/5/27,木,1,25,36,41,42,43,39,3,122945500,6,55324900,452,881200,26401,13300,384562,1000,0
499,2010/6/3,木,3,9,15,16,22,35,12,5,61831300,15,18549200,1206,276800,44506,6600,590564,1000,0
500,2010/6/10,木,6,20,28,31,34,38,10,0,0,21,14132000,548,649800,29351,10700,481031,1000,329751773
501,2010/6/17,木,3,17,21,23,36,38,7,3,250666200,36,10556000,1010,451500,46799,8500,705028,1000,0
502,2010/6/24,木,9,12,27,28,29,41,7,3,112499300,20,15187200,659,553100,32333,9900,525645,1000,0
503,2010/7/1,木,1,18,25,27,28,39,11,0,0,11,27705600,436,838700,28103,11400,507607,1000,338627846
504,2010/7/8,木,12,21,22,27,29,31,35,2,389247400,10,39587600,751,632500,38256,10900,615282,1000,0
505,2010/7/15,木,19,21,27,33,34,43,41,2,173454100,9,34690500,557,672600,26879,12200,456954,1000,0
506,2010/7/22,木,5,11,21,27,37,39,26,1,200000000,14,19621900,784,420400,34034,8500,533818,1000,105233732
507,2010/7/29,木,5,14,19,21,28,31,17,5,94246300,26,12669000,1054,375000,34848,10000,542243,1000,0
508,2010/8/5,木,1,7,14,15,24,42,13,2,160256700,18,16025500,614,563700,28377,10700,460344,1000,0
509,2010/8/12,木,3,4,12,18,27,28,40,8,33283400,21,11411300,902,318800,40130,6300,593453,1000,0
510,2010/8/19,木,12,15,26,35,41,43,25,2,165406800,9,33081000,461,775000,24763,12700,419750,1000,0
511,2010/8/26,木,4,22,23,27,38,43,9,1,200000000,16,18535400,592,601100,28539,11000,472151,1000,129522708
512,2010/9/2,木,14,20,23,25,33,39,34,0,0,15,23500600,582,726800,30689,12100,538848,1000,521203478
513,2010/9/9,木,1,6,12,14,15,19,18,2,400000000,22,20622800,976,557800,46255,10300,770956,1000,225321048
514,2010/9/16,木,6,7,14,15,19,41,31,4,162511800,16,23890600,640,716700,47295,8500,673230,1000,0
515,2010/9/23,木,2,3,23,25,33,35,34,2,158927600,10,28606700,661,519300,29270,10300,505092,1000,0
516,2010/9/30,木,2,14,16,17,29,30,10,7,47592700,17,17637100,762,472100,33029,9600,503159,1000,0
517,2010/10/7,木,6,10,13,14,28,37,39,5,63548100,21,13617300,737,465600,37626,8000,557666,1000,0
518,2010/10/14,木,14,31,34,35,40,42,25,0,0,330,955500,486,778500,20963,15900,373291,1000,350353170
519,2010/10/21,木,1,13,25,29,30,33,35,1,400000000,13,29071700,856,529800,40120,9900,644369,1000,370281518
520,2010/10/28,木,2,4,12,14,26,43,40,2,390605500,13,28448700,792,560300,43020,9100,684805,1000,0
521,2010/11/4,木,1,8,15,21,23,30,33,3,108565700,15,19541600,854,411800,36284,8500,551976,1000,0
522,2010/11/11,木,3,6,16,23,25,43,37,1,200000000,26,10922600,779,437400,40635,7300,597221,1000,115546724
523,2010/11/18,木,7,8,26,27,41,43,16,2,254076500,10,35334200,582,728500,31665,11800,565950,1000,0
524,2010/11/25,木,7,11,14,18,35,40,43,3,111882600,17,17769400,599,605100,29855,10700,501421,1000,0
525,2010/12/2,木,1,11,17,28,33,38,20,2,164193200,12,24628700,708,500900,34702,9000,529471,1000,0
526,2010/12/9,木,8,14,18,19,26,27,23,6,50949600,23,11961900,722,457200,38359,7500,605650,1000,0
527,2010/12/16,木,5,7,12,23,39,41,9,12,26477800,21,13617000,978,350800,41474,7200,608545,1000,0
528,2010/12/23,木,2,5,12,21,28,32,41,3,108386000,23,12723400,728,482300,36119,8500,550831,1000,0
529,2010/12/30,木,6,19,21,24,31,41,7,3,113263900,12,25484100,518,708400,28120,11500,468235,1000,0
530,2011/1/6,木,1,10,19,30,33,36,35,2,147676000,5,53162900,476,670100,24189,11600,418573,1000,0
531,2011/1/13,木,5,12,16,24,26,33,8,4,78364400,39,7233500,936,361600,38907,7600,552027,1000,0
532,2011/1/20,木,23,28,33,35,37,42,4,4,84134600,10,30288200,430,845200,24751,12900,454581,1000,0
533,2011/1/27,木,6,16,24,31,41,43,7,0,0,15,20285000,587,622000,27959,11500,471181,1000,338087603
534,2011/2/3,木,1,2,19,22,26,37,43,3,260126800,24,16585800,813,587500,40087,10500,653340,1000,0
535,2011/2/10,木,6,14,23,24,27,32,11,2,158577900,27,10571700,858,399200,42184,7100,599533,1000,0
536,2011/2/17,木,4,10,12,14,23,36,2,3,106394100,19,15119000,718,480100,37350,8100,583978,1000,0
537,2011/2/24,木,10,18,22,24,26,37,12,4,82263100,30,9871400,686,518000,33260,9400,523468,1000,0
538,2011/3/3,木,2,11,14,23,26,33,28,6,47501800,23,11152500,1427,215700,52245,5100,670870,1000,0
539,2011/3/10,木,3,10,13,17,18,28,24,3,100041200,25,10804300,721,449500,35375,8000,573008,1000,0
540,2011/3/17,木,15,23,29,35,36,41,42,2,135523300,20,12196900,611,479000,25408,10100,397689,1000,0
541,2011/3/24,木,3,4,5,28,34,43,20,2,147042700,15,17644900,558,569100,24726,11300,421564,1000,0
542,2011/3/31,木,10,14,23,35,38,41,17,2,148400100,19,14058800,706,454000,33515,8400,486715,1000,0
543,2011/4/4,月,15,17,18,19,22,31,30,1,200000000,6,32479200,284,823400,16246,12600,286262,1000,16529901
544,2011/4/7,木,11,14,16,32,41,42,33,1,291430300,10,24740800,362,820100,21022,12400,349804,1000,0
545,2011/4/11,月,16,21,24,28,32,36,35,5,43344900,8,24381300,644,363400,21390,9600,296841,1000,0
546,2011/4/14,木,1,14,30,34,40,43,27,0,0,12,18929700,300,908600,17838,13400,292576,1000,252398526
547,2011/4/18,月,6,10,11,30,32,39,27,1,400000000,21,11836000,493,605000,24120,10900,406685,1000,128575535
548,2011/4/21,木,12,13,16,28,29,35,5,3,131851000,23,10446800,686,420300,30040,8400,453404,1000,0
549,2011/4/25,月,5,14,27,29,32,33,16,2,103276900,16,11618500,521,428100,25412,7700,367194,1000,0
550,2011/4/28,木,12,15,19,32,36,42,37,2,123179400,7,31674400,371,717100,19442,12000,334639,1000,0
551,2011/5/2,月,15,16,19,21,26,42,10,2,111725000,8,25137900,258,935300,15142,14000,282252,1000,0
552,2011/5/5,木,13,22,26,30,40,41,8,3,71653900,11,17587600,266,872700,14804,13800,262941,1000,0
553,2011/5/9,月,3,9,11,15,27,37,10,0,0,16,10542800,729,277600,29564,6000,395440,1000,187430365
554,2011/5/12,木,16,27,34,35,36,38,37,2,228838200,7,34745600,381,766000,21745,11800,374276,1000,0
555,2011/5/16,月,2,3,7,9,36,42,5,2,104317600,10,18777000,263,856700,18339,10800,316443,1000,0
556,2011/5/19,木,6,9,13,17,29,30,25,3,70910400,23,8324100,667,344400,26187,7700,370865,1000,0
557,2011/5/23,月,6,18,23,32,38,43,37,4,49388600,7,25399600,453,470900,18740,10000,291498,1000,0
558,2011/5/26,木,4,32,33,38,41,43,2,2,120430500,6,36128800,266,977900,14000,16300,261299,1000,0
559,2011/5/30,月,2,7,16,25,26,43,3,1,196540700,7,25269300,449,472700,20192,9200,284616,1000,0
560,2011/6/2,木,4,17,19,37,39,42,16,1,200000000,12,16641300,415,577400,19158,11000,310543,1000,21887100
561,2011/6/6,月,4,14,30,35,40,41,29,2,127969000,13,16203300,330,765900,16911,13100,289532,1000,0
562,2011/6/9,木,9,10,11,25,30,37,12,3,67477800,11,16562600,651,335800,27057,7100,377390,1000,0
563,2011/6/13,月,4,5,26,28,34,38,8,2,97738500,9,19547500,265,796600,16392,11300,281145,1000,0
564,2011/6/16,木,3,12,18,24,34,39,16,4,52001000,16,11700100,632,355400,25207,7800,365051,1000,0
565,2011/6/20,月,3,6,8,21,28,32,10,3,63900800,8,21566300,381,543400,20021,9100,325544,1000,0
566,2011/6/23,木,10,17,18,29,30,41,7,1,200000000,13,14792600,480,480700,20450,9900,316480,1000,13672968
567,2011/6/27,月,7,13,17,23,28,34,25,0,0,10,19073800,478,478800,24006,8400,373462,1000,225606974
568,2011/6/30,木,7,10,15,31,32,42,41,2,258596800,7,37489300,397,793200,21753,12700,371942,1000,0
569,2011/7/4,月,4,19,21,25,28,40,38,0,0,11,16713100,352,626700,17418,11100,284885,1000,204274190
570,2011/7/7,木,2,4,10,28,38,43,25,2,239144300,8,30826300,468,632300,24134,10800,400893,1000,0
571,2011/7/11,月,6,20,21,23,33,38,10,5,39891900,14,12822300,340,633500,17605,10700,288081,1000,0
572,2011/7/14,木,10,12,18,38,42,43,40,3,71561100,15,12880800,315,736000,17514,11600,300750,1000,0
573,2011/7/18,月,3,5,21,30,37,38,11,0,0,8,20106900,234,824800,14588,11600,248440,1000,178729671
574,2011/7/21,木,4,11,16,20,26,43,9,1,400000000,13,17276400,402,670400,21123,11200,358572,1000,28280571
575,2011/7/25,月,4,11,17,21,23,30,18,2,112039700,23,7661600,643,328800,28881,6400,407575,1000,0
576,2011/7/28,木,8,9,21,24,29,37,1,1,200000000,8,24225700,368,631900,19121,10700,307743,1000,15342210
577,2011/8/1,月,3,12,29,31,36,37,26,1,231169700,3,64747600,351,664000,19404,10500,318599,1000,0
578,2011/8/4,木,16,22,23,27,33,37,36,0,0,6,30323900,355,615000,19300,9900,321664,1000,202161370
579,2011/8/8,月,6,8,17,19,23,42,32,2,213388800,20,10107600,658,368600,28300,7500,425962,1000,0
580,2011/8/11,木,12,15,17,25,35,43,32,1,200000000,9,20105100,339,640500,17370,11000,290242,1000,1053505
581,2011/8/15,月,5,22,28,29,35,39,21,3,66884900,12,14969900,326,661200,16710,11300,277643,1000,0
582,2011/8/18,木,7,10,14,25,32,38,13,4,50665600,21,8685400,589,371600,24301,7900,344143,1000,0
583,2011/8/22,月,2,12,17,18,40,43,16,0,0,3,59157700,285,747200,14998,12500,278447,1000,197194180
584,2011/8/25,木,10,11,24,26,37,38,21,6,74482300,19,11827700,709,380300,29191,8100,435520,1000,0
585,2011/8/29,月,1,28,32,34,41,42,22,0,0,4,47882300,210,1094400,13380,15100,252122,1000,212812345
586,2011/9/1,木,6,7,10,23,36,42,11,3,160511600,32,7557700,530,547500,26689,9500,434041,1000,0
587,2011/9/5,月,10,12,18,27,33,40,42,2,94929700,10,17087200,554,370100,22141,8100,327508,1000,0
588,2011/9/8,木,8,13,18,33,34,36,23,1,200000000,6,33147500,326,732000,18222,11500,310738,1000,20985545
589,2011/9/12,月,1,9,10,28,41,42,33,2,122477600,6,33595100,384,629900,20031,10600,326899,1000,0
590,2011/9/15,木,20,24,25,27,32,37,2,1,200000000,9,22473900,221,1098200,14443,14800,275109,1000,24741779
591,2011/9/19,月,1,13,16,22,27,33,5,2,114611500,18,10223900,406,543900,19869,9800,299067,1000,0
592,2011/9/22,木,12,14,22,23,34,41,36,1,191762100,17,10152000,475,436000,22975,7900,339215,1000,0
593,2011/9/26,月,2,10,16,26,29,30,4,1,197255100,12,14794000,329,647500,17830,10500,288808,1000,0
594,2011/9/29,木,4,5,15,30,34,38,2,0,0,8,23892000,333,688700,17466,11500,298887,1000,212375624
595,2011/10/3,月,1,5,15,22,39,40,27,5,93810400,14,16500400,426,650700,23236,10500,343604,1000,0
596,2011/10/6,木,2,13,17,24,29,34,12,2,103166100,7,26528100,469,475100,21257,9200,304086,1000,0
597,2011/10/10,月,3,4,7,13,16,23,1,3,54331900,14,10478200,425,414100,21785,7100,347248,1000,0
598,2011/10/13,木,6,10,15,21,36,41,40,0,0,9,19910600,420,511900,19994,9400,313777,1000,199108103
599,2011/10/17,月,1,2,8,13,27,39,36,2,216314000,12,17513800,574,439300,27515,8000,413034,1000,0
600,2011/10/20,木,3,20,23,24,28,35,26,0,0,3,61554300,369,600500,18770,10400,313122,1000,205182997
601,2011/10/24,月,6,22,25,26,30,39,32,0,0,13,17540800,383,714400,23207,10400,374024,1000,458553485
602,2011/10/27,木,8,13,15,18,24,41,27,1,400000000,23,13042600,613,587200,34318,9200,536251,1000,391868219
603,2011/10/31,月,3,8,18,21,23,42,17,3,226379100,15,17236000,618,502000,32360,8400,493929,1000,0
604,2011/11/3,木,9,15,20,22,28,43,37,2,107591000,20,9683100,394,589800,19180,10600,308770,1000,0
605,2011/11/7,月,1,4,13,25,38,43,11,5,41549700,7,26710300,530,423300,21275,9300,325676,1000,0
606,2011/11/10,木,8,15,24,26,35,42,7,3,70446700,16,11887700,676,337600,24831,8100,349500,1000,0
607,2011/11/14,月,2,3,8,12,20,21,16,3,63061400,27,6306000,729,280200,25683,7000,356009,1000,0
608,2011/11/17,木,4,6,16,17,18,26,40,4,49879600,9,19951600,451,477700,22482,8400,351603,1000,0
609,2011/11/21,月,18,24,36,37,39,41,1,0,0,6,29455200,365,581000,16988,11000,283630,1000,196369972
610,2011/11/24,木,2,5,12,23,26,41,36,7,60543300,15,13645800,671,366000,29970,7200,443681,1000,0
611,2011/11/28,月,10,12,14,24,34,39,16,2,99847700,8,22465500,308,700200,17249,11000,289498,1000,0
612,2011/12/1,木,7,18,31,32,39,40,35,0,0,4,49212100,304,777000,16442,12600,272948,1000,218722379
613,2011/12/5,月,2,6,18,26,32,37,5,7,66079000,11,19949600,1183,222500,27476,8400,401658,1000,0
614,2011/12/8,木,2,6,22,25,31,42,1,2,102950100,11,16846200,366,607500,18779,10400,299443,1000,0
615,2011/12/12,月,6,16,24,32,36,43,28,2,97869700,27,6524500,575,367600,23808,7800,322023,1000,0
616,2011/12/15,木,4,7,18,19,24,35,17,1,200000000,9,20717700,534,419000,22908,8600,351260,1000,7179695
617,2011/12/19,月,5,8,18,28,34,35,10,1,217255800,19,9950800,576,393800,25174,7900,377746,1000,0
618,2011/12/22,木,4,15,21,31,35,42,13,2,115085500,5,41430400,311,799300,15653,14000,277694,1000,0
619,2011/12/26,月,2,11,29,31,33,38,14,0,0,12,15358800,313,706600,18990,10200,294412,1000,204786165
620,2011/12/29,木,7,10,13,19,31,38,12,1,400000000,14,18033500,709,427300,27367,9700,416383,1000,85310686
621,2012/1/5,木,6,15,16,28,36,40,20,1,327545100,12,18167400,725,360800,27671,8300,396698,1000,0
622,2012/1/9,月,7,16,18,20,27,36,41,5,38782000,10,17451700,542,386300,22907,8000,319195,1000,0
623,2012/1/12,木,7,8,16,35,39,42,9,0,0,7,27061800,378,601300,19952,10000,336343,1000,210483046
624,2012/1/16,月,4,8,12,22,25,30,43,3,155194100,23,9982000,943,292100,33619,7200,468721,1000,0
625,2012/1/19,木,5,17,26,37,39,42,20,13,16095600,7,26902500,795,284200,24804,8000,332653,1000,0
626,2012/1/23,月,6,13,14,22,26,28,10,1,190646100,11,15598100,511,402900,23174,7800,341824,1000,0
627,2012/1/26,木,2,4,7,19,34,42,30,1,200000000,8,23672500,385,590200,19797,10100,316328,1000,10424389
628,2012/1/30,月,7,13,15,18,29,38,30,4,56958800,16,12229200,560,419200,25191,8200,376882,1000,0
629,2012/2/2,木,6,16,21,30,34,43,36,1,200000000,10,19279400,368,628600,17139,11900,285832,1000,14218330
630,2012/2/6,月,3,7,13,18,19,41,38,1,223115200,23,8174100,436,517400,24093,8200,391762,1000,0
631,2012/2/9,木,2,5,7,10,36,40,12,0,0,10,18697100,324,692400,18380,10700,311525,1000,207747957
632,2012/2/13,月,3,4,14,21,22,25,26,3,154298100,16,14351800,439,627600,23110,10500,404680,1000,0
633,2012/2/16,木,7,9,11,14,15,18,5,1,195269800,14,12552900,451,467600,22977,8000,366488,1000,0
634,2012/2/20,月,8,10,13,15,20,40,23,2,100888700,19,9557700,426,511500,20246,9400,308373,1000,0
635,2012/2/23,木,8,11,12,15,41,43,22,0,0,14,12513600,344,611100,18914,9800,327988,1000,194658716
636,2012/2/27,月,2,12,21,23,24,26,36,0,0,17,12374900,586,430800,30232,7300,445457,1000,428409654
637,2012/3/1,木,7,12,16,28,31,34,11,7,103124900,26,10158300,914,346700,37538,7400,537198,1000,0
638,2012/3/5,月,6,11,19,28,35,40,14,3,64471000,27,6447000,541,386100,20996,8700,311594,1000,0
639,2012/3/8,木,1,16,20,24,33,34,8,3,73500100,9,22049800,244,975900,13892,15100,257490,1000,0
640,2012/3/12,月,3,11,18,20,33,39,22,4,45794500,13,12681400,554,357000,22316,7800,320161,1000,0
641,2012/3/15,木,3,14,21,24,26,29,32,0,0,12,14969600,310,695300,17750,10700,292039,1000,199596984
642,2012/3/19,月,8,13,14,21,33,41,18,2,217597800,16,13252300,524,485500,23662,9400,354763,1000,0
643,2012/3/22,木,2,6,21,31,35,37,15,0,0,13,14083600,238,923100,15660,12300,257069,1000,203432373
644,2012/3/26,月,4,14,22,23,26,42,2,3,145189300,12,17410000,550,455800,26231,8400,406187,1000,0
645,2012/3/29,木,3,10,12,32,33,43,31,2,99339200,2,89404500,358,599300,18174,10400,302976,1000,0
646,2012/4/2,月,9,12,14,24,28,33,37,2,91242400,19,8643900,465,423800,23268,7400,350110,1000,0
647,2012/4/5,木,2,7,15,22,36,43,27,1,193138200,18,9656800,533,391300,21602,8500,309863,1000,0
648,2012/4/9,月,22,26,27,28,36,43,1,0,0,2,92621600,205,1084300,11961,16300,239199,1000,205827665
649,2012/4/12,木,14,22,29,33,36,40,38,0,0,25,9210600,508,543900,25727,9400,362512,1000,461680353
650,2012/4/16,月,12,31,34,40,41,43,6,1,400000000,10,31073900,396,941600,22211,14800,403488,1000,406949113
651,2012/4/19,木,4,15,17,34,38,40,5,2,356844900,13,21235700,477,694500,24738,11800,405707,1000,0
652,2012/4/23,月,1,10,16,19,20,39,29,2,105070900,9,21014000,335,677400,17568,11300,280702,1000,0
653,2012/4/26,木,13,21,22,26,29,36,31,1,200000000,5,37971600,348,654600,18742,10700,309775,1000,10955557
654,2012/4/30,月,12,18,21,29,32,38,2,1,220075400,8,23525700,444,508600,18923,10500,305974,1000,0
655,2012/5/3,木,5,10,23,26,28,29,27,2,91563400,8,20601600,350,565000,18401,9400,303684,1000,0
656,2012/5/7,月,2,8,13,17,25,37,30,6,29744700,36,4461600,872,221000,28592,5900,360905,1000,0
657,2012/5/10,木,3,20,29,33,34,40,2,1,200000000,5,38412600,258,893300,13261,15300,239577,1000,13405435
658,2012/5/14,月,14,24,32,40,41,42,9,0,0,8,24882600,373,640400,16803,12500,273719,1000,234586287
659,2012/5/17,木,21,30,35,39,41,42,3,1,400000000,4,61223200,312,941800,17058,15100,309135,1000,106692039
660,2012/5/21,月,8,20,31,36,37,38,39,3,115495200,7,30830300,324,799300,19540,11600,308731,1000,0
661,2012/5/24,木,6,9,17,20,33,40,26,2,100065600,7,25730900,305,708600,16138,11800,277321,1000,0
662,2012/5/28,月,12,31,32,34,36,40,6,3,67698400,4,45696000,307,714400,14300,13500,237603,1000,0
663,2012/5/31,木,13,18,21,30,33,40,25,3,65429200,17,10391600,456,464800,19565,9500,298950,1000,0
664,2012/6/4,月,2,8,11,12,26,29,22,3,54823400,22,6728200,841,211200,29594,5200,380371,1000,0
665,2012/6/7,木,13,22,27,29,36,37,40,2,94049700,6,28214600,355,572200,18252,9800,291580,1000,0
666,2012/6/11,月,2,6,28,30,31,41,7,0,0,7,24140100,344,589400,15807,11300,268246,1000,187758302
667,2012/6/14,木,21,31,34,37,39,40,15,2,217956200,8,27917000,395,678400,17335,13600,291285,1000,0
668,2012/6/18,月,7,13,20,27,34,35,22,5,39100200,10,17594900,473,446300,18285,10100,278021,1000,0
669,2012/6/21,木,4,6,10,17,24,33,19,0,0,9,18037100,552,352900,23855,7200,339322,1000,180372714
670,2012/6/25,月,1,4,7,25,32,41,18,2,215544800,22,10256500,414,654000,21940,10800,360096,1000,0
671,2012/6/28,木,5,10,14,16,23,38,21,2,94581700,21,8106900,1407,145100,32335,5500,357452,1000,0
672,2012/7/2,月,1,5,23,24,36,43,19,0,0,15,11997800,365,591600,17986,10500,277841,1000,199965654
673,2012/7/5,木,2,6,16,27,28,29,38,2,215521300,19,10945600,605,412400,28726,7600,418501,1000,0
674,2012/7/9,月,8,11,15,22,40,41,39,3,61634400,15,11094000,460,434100,20719,8500,314137,1000,0
675,2012/7/12,木,8,10,15,21,24,34,28,3,62855400,3,56569400,364,559400,17630,10100,284305,1000,0
676,2012/7/16,月,2,8,20,33,38,42,21,3,57166200,18,8574800,328,564600,15169,10700,252692,1000,0
677,2012/7/19,木,4,11,22,31,32,35,23,1,189220100,10,17029600,263,777000,15158,11800,257737,1000,0
678,2012/7/23,月,8,24,25,29,32,40,28,0,0,9,18312100,365,541800,16330,10600,247743,1000,183123113
679,2012/7/26,木,4,5,7,37,41,42,39,1,400000000,14,15063900,308,821600,17156,13000,312307,1000,17453239
680,2012/7/30,月,8,9,23,34,38,41,6,1,212106800,9,19465100,350,600600,18032,10200,299244,1000,0
681,2012/8/2,木,1,11,13,30,37,41,27,0,0,11,15261400,268,751600,15062,11700,254431,1000,186530099
682,2012/8/6,月,3,5,7,18,19,41,34,1,393430300,15,12413900,758,294700,25151,7800,374782,1000,0
683,2012/8/9,木,16,24,29,32,35,38,37,1,185848300,8,20907700,440,456100,16563,10600,240641,1000,0
684,2012/8/13,月,6,7,13,18,27,33,16,2,74642000,7,19193400,506,318600,22145,6400,315789,1000,0
685,2012/8/16,木,12,23,27,32,39,43,15,2,87878800,9,17575600,373,508800,19174,8700,291374,1000,0
686,2012/8/20,月,21,24,26,35,37,38,16,2,94737500,7,24360800,283,723000,13946,12900,244043,1000,0
687,2012/8/23,木,16,20,27,33,40,42,34,2,94843400,15,11381100,300,682800,15659,11500,251692,1000,0
688,2012/8/27,月,9,12,16,33,34,35,1,2,92819300,4,41768300,297,675000,15117,11600,258936,1000,0
689,2012/8/30,木,6,8,12,17,24,31,38,8,20094300,34,4255200,753,230500,28797,5300,381008,1000,0
690,2012/9/3,月,7,8,10,21,34,38,30,0,0,10,16397300,337,583800,17612,9800,286212,1000,182194767
691,2012/9/6,木,4,7,8,15,16,42,23,3,134131500,3470,57100,702,338700,25913,8000,407943,1000,0
692,2012/9/10,月,9,10,12,19,21,42,15,2,90732700,8,20414600,370,529600,18692,9200,293557,1000,0
693,2012/9/13,木,4,14,18,22,32,35,10,0,0,4,43118000,338,612300,16304,11100,263624,1000,191637654
694,2012/9/17,月,8,23,27,31,38,40,3,2,199696300,11,16997900,528,424900,23904,8200,361757,1000,0
695,2012/9/20,木,4,7,11,12,13,19,27,5,33044600,20,7434900,658,271100,27156,5700,370176,1000,0
696,2012/9/24,月,2,10,14,19,36,39,9,1,182624000,12,13696600,301,655200,15491,11200,256073,1000,0
697,2012/9/27,木,2,12,14,18,40,41,6,1,188870600,11,15452900,309,660100,15611,11500,271554,1000,0
698,2012/10/1,月,5,20,21,26,30,33,27,2,93065900,2,83758600,365,550700,16185,10900,249508,1000,0
699,2012/10/4,木,12,13,21,25,29,32,20,1,178163800,6,26724300,355,542000,18314,9200,284386,1000,0
700,2012/10/8,月,1,8,17,24,33,35,11,3,54372900,14,10486100,418,421400,18018,8600,269090,1000,0
701,2012/10/11,木,20,22,24,32,36,39,29,0,0,3,58329700,215,976600,11908,15500,215751,1000,194434345
702,2012/10/15,月,1,20,23,37,38,40,4,1,400000000,11,19778400,393,664300,20261,11300,332742,1000,36172490
703,2012/10/18,木,20,24,27,28,38,41,4,1,245034100,8,23496700,341,661400,17531,11300,293198,1000,0
704,2012/10/22,月,7,10,16,18,19,37,20,1,177385500,7,22806500,298,642800,18353,9200,302583,1000,0
705,2012/10/25,木,14,15,16,18,20,33,3,0,0,4,44427900,298,715600,14174,13200,250174,1000,197459384
706,2012/10/29,月,2,8,29,31,34,37,9,4,111096500,13,17094700,458,582200,20325,11500,337649,1000,0
707,2012/11/1,木,8,15,21,32,40,41,7,2,95335600,13,13200200,477,431700,19514,9300,281767,1000,0
708,2012/11/5,月,2,13,20,22,25,38,35,1,184591000,7,23732900,391,509800,18348,9500,283635,1000,0
709,2012/11/8,木,1,11,13,29,37,39,8,0,0,7,24578400,298,692800,15241,11900,257460,1000,191167589
710,2012/11/12,月,4,5,9,20,33,37,35,0,0,6,35796100,366,704100,20280,11200,344207,1000,429810925
711,2012/11/15,木,5,11,15,24,34,39,37,1,400000000,17,15549400,628,505100,30018,9300,464018,1000,323524855
712,2012/11/19,月,2,5,8,9,14,25,18,4,141654300,17,12869400,782,335700,33054,7000,453835,1000,0
713,2012/11/22,木,19,20,21,24,25,26,35,8,25401100,8,22860800,352,623400,14884,13000,251853,1000,0
714,2012/11/26,月,2,14,26,28,29,42,13,2,91019900,17,9637300,362,543000,17681,9800,266872,1000,0
715,2012/11/29,木,5,10,12,25,28,31,36,4,43239100,14,11118500,758,246400,25011,6500,337181,1000,0
716,2012/12/3,月,5,7,14,24,25,35,32,2,86824800,10,15628300,482,389000,21318,7700,315835,1000,0
717,2012/12/6,木,13,14,16,21,29,42,20,3,63669600,5,34381300,241,855900,14288,12700,248490,1000,0
718,2012/12/10,月,15,20,27,29,33,43,18,0,0,5,33759500,282,718200,14671,12100,248339,1000,187554507
719,2012/12/13,木,11,14,27,31,34,42,13,5,84563100,15,14115500,494,514300,22053,10100,341062,1000,0
720,2012/12/17,月,25,26,27,28,35,38,19,0,0,2,87731700,297,708900,14890,12400,262465,1000,194961175
721,2012/12/20,木,1,14,23,24,27,40,10,0,0,12,18688100,359,749600,20142,11700,356463,1000,444138139
722,2012/12/24,月,6,11,32,34,35,39,18,2,374402800,20,13709900,462,712200,24101,12000,394838,1000,0
723,2012/12/27,木,16,27,28,36,39,42,2,0,0,16,11826100,397,571900,20634,9700,316570,1000,210243965
724,2013/1/7,月,4,9,32,37,38,39,31,1,400000000,11,26093600,450,765400,24340,12400,418023,1000,129168839
725,2013/1/10,木,5,6,7,20,31,41,22,1,380475100,8,28271700,429,632600,21324,11200,359060,1000,0
726,2013/1/14,月,13,21,30,31,37,40,14,0,0,7,23991100,277,727500,15468,11400,245799,1000,186599329
727,2013/1/17,木,3,24,26,27,39,41,4,3,143332300,19,11529200,490,536400,25828,8900,392446,1000,0
728,2013/1/21,月,10,15,22,23,38,42,12,3,63530800,10,17153100,535,384700,22776,7900,325069,1000,0
729,2013/1/24,木,2,10,16,18,27,42,22,2,98685000,17,10448900,418,509900,18377,10200,300980,1000,0
730,2013/1/28,月,10,15,21,22,33,35,1,3,66314100,6,29841100,381,563900,18093,10400,283480,1000,0
731,2013/1/31,木,6,7,23,25,38,42,21,2,98599200,6,29579500,436,488400,20143,9300,320236,1000,0
732,2013/2/4,月,20,33,35,36,37,38,29,2,105133100,6,31539600,617,368000,16624,12000,249338,1000,0
733,2013/2/7,木,5,13,14,26,37,38,28,6,31134100,20,8406100,785,257000,23909,7400,321170,1000,0
734,2013/2/11,月,10,19,22,27,29,39,21,2,90878300,8,20447400,300,654300,17638,9800,280109,1000,0
735,2013/2/14,木,5,12,19,22,32,39,14,1,191947900,10,17275100,341,607900,16562,11000,280926,1000,0
736,2013/2/18,月,2,14,17,19,38,43,6,1,195249400,7,25103200,281,750400,15306,12100,258371,1000,0
737,2013/2/21,木,6,10,21,24,27,39,11,5,35534000,12,13325100,570,336600,22915,7300,339048,1000,0
738,2013/2/25,月,14,21,22,32,33,41,9,3,63074300,10,17029900,453,451100,19251,9300,280872,1000,0
739,2013/2/28,木,11,13,18,20,28,38,31,1,189795600,5,34162900,403,508600,18674,9600,304231,1000,0
740,2013/3/4,月,8,9,15,26,37,40,18,8,22908400,16,10308700,480,412300,20561,8400,301477,1000,0
741,2013/3/7,木,8,11,15,29,36,43,18,3,62963200,12,14166600,558,365500,18270,9800,271536,1000,0
742,2013/3/11,月,2,12,13,14,22,35,4,5,34263800,10,15418600,397,466000,20820,7800,314071,1000,0
743,2013/3/14,木,3,4,8,10,14,37,32,1,166674600,8,18750700,367,490400,19543,8100,317038,1000,0
744,2013/3/18,月,2,5,12,14,30,42,3,2,85021400,9,17004100,341,538500,16828,9600,279874,1000,0
745,2013/3/21,木,8,12,16,23,33,34,6,2,81805900,14,10517800,540,327200,24091,6400,321033,1000,0
746,2013/3/25,月,6,9,10,29,31,35,28,2,89450700,6,26834900,300,644000,15515,10900,260934,1000,0
747,2013/3/28,木,8,19,20,23,24,35,5,5,35339700,9,17669700,400,477000,18197,9200,276521,1000,0
748,2013/4/1,月,2,14,16,27,28,30,21,3,54555200,6,18412200,457,386700,19632,7900,285522,1000,0
749,2013/4/4,木,7,8,11,13,23,40,25,1,147338200,6,22100500,335,474900,17898,7800,284239,1000,0
750,2013/4/8,月,4,6,13,16,18,39,34,0,0,16,8372700,269,597600,16247,8700,265152,1000,148850413
751,2013/4/11,木,13,16,21,25,31,38,43,2,170811100,6,28915500,358,581500,17659,10300,288732,1000,0
752,2013/4/15,月,3,5,13,18,22,37,14,1,148264300,17,7849200,446,359000,20510,6800,292278,1000,0
753,2013/4/18,木,2,4,11,15,20,38,18,1,153360100,8,17252800,379,437000,20046,7200,271662,1000,0
754,2013/4/22,月,16,27,33,35,39,41,42,0,0,7,20351800,327,522800,14828,10100,231556,1000,158293668
755,2013/4/25,木,10,16,20,25,29,39,2,1,357433900,4,44806100,291,739000,14962,12600,260639,1000,0
756,2013/4/29,月,8,10,24,26,27,28,32,1,135304800,5,24354600,363,402500,16820,7600,258021,1000,0
757,2013/5/2,木,4,10,14,19,35,38,17,1,158786500,8,17863300,302,567800,15047,10000,242963,1000,0
758,2013/5/6,月,11,19,20,25,38,40,33,3,48205400,6,21692200,250,624700,12672,10800,203849,1000,0
759,2013/5/9,木,14,22,25,28,37,41,31,1,150508300,9,15050700,367,442900,15858,9000,236736,1000,0
760,2013/5/13,月,3,4,6,15,32,40,34,2,76066200,6,22819600,180,912700,11245,12800,210799,1000,0
761,2013/5/16,木,8,10,11,12,20,40,42,3,45384700,4,30634400,473,310800,20431,6300,273910,1000,0
762,2013/5/20,月,6,8,9,20,24,27,40,2,66848900,9,13369600,441,327400,17785,7100,264693,1000,0
763,2013/5/23,木,6,8,10,21,39,42,36,4,36232500,8,16304500,280,559000,14976,9200,239671,1000,0
764,2013/5/27,月,6,7,24,34,42,43,14,1,152476300,11,12475200,219,751900,11401,12700,192624,1000,0
765,2013/5/30,木,4,14,17,22,26,41,6,1,143790100,5,25882000,297,522800,15081,9000,224874,1000,0
766,2013/6/3,月,6,10,12,32,37,39,33,0,0,7,18355800,268,575300,14143,9600,228235,1000,142769195
767,2013/6/6,木,2,6,11,27,29,37,14,0,0,18,8132500,456,385200,21215,7300,310443,1000,305421962
768,2013/6/10,月,1,8,19,25,32,38,39,3,166626300,12,14584100,456,460500,19047,9700,294754,1000,0
769,2013/6/13,木,1,2,4,16,17,38,8,2,71650300,12,10747400,288,537300,13603,10000,226626,1000,0
770,2013/6/17,月,17,19,21,22,36,37,25,1,154692500,6,23203600,259,645000,13098,11200,207838,1000,0
771,2013/6/20,木,15,21,31,32,33,34,27,0,0,4,35009600,189,889100,10927,13500,175199,1000,155599643
772,2013/6/24,月,7,11,16,19,20,23,30,0,0,11,13398900,417,424100,20648,7500,316860,1000,319366210
773,2013/6/27,木,4,7,10,11,12,32,9,3,168064100,25,6653600,695,287200,30895,5600,406952,1000,0
774,2013/7/1,月,2,4,9,13,16,33,15,0,0,10,13294400,354,450600,18464,7600,276663,1000,147716863
775,2013/7/4,木,1,2,21,22,37,38,17,6,56139200,18,9455800,429,476000,18043,9900,262328,1000,0
776,2013/7/8,月,2,8,14,23,28,42,25,3,45776400,7,17656400,478,310200,19209,6800,270926,1000,0
777,2013/7/11,木,15,16,23,29,37,39,42,1,146823800,4,33035000,328,483400,15483,9000,235592,1000,0
778,2013/7/15,月,5,11,17,24,35,41,3,4,32229100,20,5801200,431,323000,16324,7500,230087,1000,0
779,2013/7/18,木,10,13,27,34,36,39,7,2,72998900,3,43799000,279,565100,13568,10200,221111,1000,0
780,2013/7/22,月,6,7,12,26,39,43,4,1,134329400,12,10074600,336,431700,15789,8100,242050,1000,0
781,2013/7/25,木,5,6,15,23,40,43,39,1,147350400,4,33153500,216,736700,11587,12100,205268,1000,0
782,2013/7/29,月,19,21,23,24,27,43,10,3,48647800,5,26269500,208,757700,10631,13000,179835,1000,0
783,2013/8/1,木,9,14,22,24,25,32,13,1,140608100,5,25309200,229,663100,12913,10300,222023,1000,0
784,2013/8/5,月,1,9,23,29,37,41,22,1,142822100,7,18362600,327,471700,11559,11700,185822,1000,0
785,2013/8/8,木,1,9,18,20,24,29,15,0,0,11,11447700,236,640200,12531,10600,200326,1000,139918477
786,2013/8/12,月,10,11,17,31,35,39,23,3,97530200,17,8082500,382,431600,16063,9000,243073,1000,0
787,2013/8/15,木,4,5,13,21,33,34,15,1,130770500,4,29423100,297,475500,13391,9300,205498,1000,0
788,2013/8/19,月,2,8,13,27,31,32,16,2,65271100,17,6910900,371,380000,16765,7400,239031,1000,0
789,2013/8/22,木,12,17,29,32,38,40,28,0,0,7,18719500,229,686600,10958,12600,182429,1000,145597887
790,2013/8/26,月,9,13,19,27,34,38,8,3,102876700,12,12227300,469,375400,17888,8600,261649,1000,0
791,2013/8/29,木,1,10,22,24,34,37,20,1,149634700,5,26934000,202,800000,11282,12600,202821,1000,0
792,2013/9/2,月,1,7,14,25,37,43,4,2,70622000,10,12711800,329,463600,13858,9700,209152,1000,0
793,2013/9/5,木,10,13,14,19,26,43,12,0,0,2,63997200,238,645300,11941,11300,202293,1000,142217329
794,2013/9/9,月,15,22,25,29,34,42,2,0,0,5,31753300,255,747100,13384,12500,227616,1000,318626275
795,2013/9/12,木,13,19,24,28,33,38,29,7,73305200,10,17505800,476,441300,19683,9400,313263,1000,0
796,2013/9/16,月,1,7,11,14,22,34,2,1,121870200,7,15668800,326,403700,15750,7300,227649,1000,0
797,2013/9/19,木,1,4,13,18,23,39,35,2,68765900,12,10314800,293,506900,15527,8400,244497,1000,0
798,2013/9/23,月,1,3,5,25,39,41,34,0,0,0,0,262,539000,12041,10300,206367,1000,248463449
799,2013/9/26,木,4,6,8,10,19,28,25,7,58921400,24,6149400,839,211000,30477,5100,375012,1000,0
800,2013/9/30,月,8,12,22,23,25,35,43,1,131166300,4,29512100,320,442600,16389,7600,258728,1000,0
801,2013/10/3,木,2,18,19,20,25,31,32,1,145320600,4,32696800,257,610600,13546,10200,204656,1000,0
802,2013/10/7,月,9,13,18,19,25,30,15,1,128449300,6,19267200,323,429400,15139,8000,238887,1000,0
803,2013/10/10,木,9,29,33,34,35,41,27,0,0,4,33518100,198,812500,9338,15100,166329,1000,148970728
804,2013/10/14,月,6,20,23,25,31,33,30,2,150886900,3,45840500,208,793300,12377,11700,218646,1000,0
805,2013/10/17,木,2,14,19,22,24,43,6,1,140183100,8,15770400,226,669800,12925,10300,211614,1000,0
806,2013/10/21,月,3,16,19,25,39,40,29,0,0,1,124949100,259,578900,12126,10900,202005,1000,138833615
807,2013/10/24,木,1,6,12,20,22,23,27,1,291477000,14,9812700,479,344100,20517,7000,301302,1000,0
808,2013/10/28,月,13,18,22,28,41,42,26,0,0,8,16455200,226,698900,10820,12800,192526,1000,146270097
809,2013/10/31,木,2,11,20,31,32,37,17,3,107746800,5,31854300,284,672900,13367,12600,238791,1000,0
810,2013/11/4,月,3,31,32,38,39,40,37,4,36263600,5,26109600,151,1037400,7629,18100,146835,1000,0
811,2013/11/7,木,2,6,20,24,31,40,34,1,140999500,8,15862300,239,637100,12516,10700,204148,1000,0
812,2013/11/11,月,1,12,15,26,34,40,22,0,0,4,31866100,225,679800,11537,11600,185757,1000,141628660
813,2013/11/14,木,9,10,12,13,28,38,39,3,98109100,7,19632500,410,402200,18210,7900,287401,1000,0
814,2013/11/18,月,4,7,15,23,38,42,1,5,26254400,18,6563500,472,300300,18446,6700,229387,1000,0
815,2013/11/21,木,1,2,6,24,25,41,29,1,127087500,9,12708600,313,438500,14743,8200,240467,1000,0
816,2013/11/25,月,5,14,19,24,27,37,9,2,62452100,10,11241200,327,412500,14949,7900,225174,1000,0
817,2013/11/29,木,16,21,27,32,34,43,42,1,145727200,1,131153300,273,576400,10628,13000,169749,1000,0
818,2013/12/2,月,5,21,24,34,37,38,16,0,0,7,17948400,179,842200,10437,12700,178498,1000,139600060
819,2013/12/5,木,10,19,23,25,30,40,14,2,150045900,4,36110300,230,753600,13766,11100,236112,1000,0
820,2013/12/9,月,1,11,19,28,39,43,16,1,137493800,4,30935800,216,687400,11136,11700,189176,1000,0
821,2013/12/12,木,7,10,12,34,40,43,16,1,141089200,6,21163100,199,765700,11493,11600,194366,1000,0
822,2013/12/16,月,6,11,15,24,27,33,29,5,24735100,12,9275600,879,151900,22235,5200,265093,1000,0
823,2013/12/19,木,5,6,23,30,37,38,28,2,66918700,5,24090500,263,549500,15701,8100,218600,1000,0
824,2013/12/23,月,16,19,26,27,29,32,4,0,0,5,24452600,191,768100,9642,13400,173719,1000,135848970
825,2013/12/26,木,6,10,12,16,39,40,20,4,73795200,14,10242600,457,376500,19063,7900,285713,1000,0
826,2013/12/30,月,5,15,22,24,29,36,2,3,45122000,12,10152300,279,523900,15073,8500,220594,1000,0
827,2014/1/6,月,2,4,23,24,33,41,5,0,0,7,17356200,240,607400,13690,9300,221352,1000,134993898
828,2014/1/9,木,2,9,10,24,25,43,26,1,293783400,22,6495800,415,413200,17662,8500,268714,1000,0
829,2014/1/13,月,2,3,23,32,36,39,20,1,136213400,1,122590900,239,615500,11598,11100,188628,1000,0
830,2014/1/16,木,5,6,9,18,28,40,22,4,34145100,8,15365200,272,542300,14411,9000,232226,1000,0
831,2014/1/20,月,3,4,7,13,22,31,19,3,42071400,18,6310600,466,292500,18647,6400,251782,1000,0
832,2014/1/23,木,19,24,27,31,32,33,17,2,70326900,2,63293600,214,709800,10849,12300,187952,1000,0
833,2014/1/27,月,5,6,13,20,22,28,2,1,129867100,13,8990700,327,428900,16073,7600,244601,1000,0
834,2014/1/30,木,4,17,27,39,41,42,8,0,0,6,21514700,218,710500,11359,12000,191647,1000,143432919
835,2014/2/3,月,5,9,10,28,39,40,24,4,76167200,19,7637400,467,372800,19997,7600,279209,1000,0
836,2014/2/6,木,7,11,31,34,38,43,28,2,69974600,3,41984400,176,858700,10893,12200,189934,1000,0
837,2014/2/10,月,5,17,34,37,39,42,28,0,0,14,8679700,304,479600,10891,11800,170404,1000,135019275
838,2014/2/13,木,12,28,32,36,38,43,13,1,302484800,3,50239200,207,873700,11321,14000,202036,1000,0
839,2014/2/17,月,1,3,5,12,13,38,37,2,58819200,6,17645600,314,404600,16653,6700,247517,1000,0
840,2014/2/20,木,3,4,17,24,27,34,39,2,62492100,13,8652600,384,351500,15097,7800,229602,1000,0
841,2014/2/24,月,8,22,24,28,31,36,38,0,0,3,39133100,278,506700,12710,9700,208703,1000,130444902
842,2014/2/27,木,8,11,17,26,33,43,24,2,142963400,12,11661000,338,496800,15410,9600,236424,1000,0
843,2014/3/3,月,3,7,8,26,42,43,11,1,132563500,9,13256200,232,617100,12643,9900,212024,1000,0
844,2014/3/6,木,2,5,18,27,35,38,24,0,0,12,9473800,362,376800,15405,7800,229370,1000,126319769
845,2014/3/10,月,2,12,13,22,24,34,20,1,270730000,9,14440900,497,313800,20003,6800,281828,1000,0
846,2014/3/13,木,9,14,18,28,30,33,4,0,0,10,11883200,218,654100,11698,10700,193837,1000,132037455
847,2014/3/17,月,9,10,23,31,35,36,38,0,0,4,36614400,252,697400,13351,11600,227156,1000,294769911
848,2014/3/20,木,6,7,13,15,35,39,33,2,232909500,7,21991800,308,599700,17312,9400,282009,1000,0
849,2014/3/24,月,1,3,4,10,15,40,34,2,64046100,6,19213600,318,435000,15195,8000,231075,1000,0
850,2014/3/27,木,2,11,30,32,38,41,4,0,0,2,63132700,309,490300,10333,12900,182677,1000,140296289
851,2014/3/31,月,5,8,14,20,26,27,7,3,96122100,11,12114700,548,291800,22620,6200,298615,1000,0
852,2014/4/3,木,3,17,22,23,27,40,35,1,129224400,4,29075200,217,643100,12279,10000,205933,1000,0
853,2014/4/7,月,2,9,22,26,31,35,7,0,0,3,39881400,245,586000,11444,11000,193734,1000,132939440
854,2014/4/10,木,4,11,14,18,25,37,42,1,280741900,33,4030900,586,272300,21049,6600,287638,1000,0
855,2014/4/14,月,10,13,15,25,37,42,30,0,0,5,24191300,329,441100,12644,10100,201206,1000,134397657
856,2014/4/17,木,10,24,32,34,38,40,43,2,155268000,9,17613600,255,745900,12954,12900,220199,1000,0
857,2014/4/21,月,1,3,6,17,28,42,24,1,128078300,5,23053900,291,475300,14162,8600,226093,1000,0
858,2014/4/24,木,3,14,29,32,33,42,40,2,71353500,4,32108800,199,774400,10157,13300,171855,1000,0
859,2014/4/28,月,1,12,15,17,21,36,24,0,0,4,30692700,213,691600,11239,11500,197400,1000,136413520
860,2014/5/1,木,14,16,32,35,38,41,6,3,101556000,5,30285500,259,701500,14422,11100,220507,1000,0
861,2014/5/5,月,4,17,21,28,35,42,29,3,41471000,13,8613100,329,408400,13241,8900,173693,1000,0
862,2014/5/8,木,5,10,16,34,36,39,43,0,0,2,60909600,262,557900,11911,10800,198149,1000,135355967
863,2014/5/12,月,4,14,18,26,35,36,2,2,145531400,12,11677900,295,570000,15027,9800,235339,1000,0
864,2014/5/15,木,19,21,24,28,32,40,12,2,68694900,15,8243300,162,915900,10051,13000,169634,1000,0
865,2014/5/19,月,5,7,8,12,23,25,26,6,16727400,18,5018200,683,158700,24693,3800,302771,1000,0
866,2014/5/22,木,1,3,10,21,29,43,39,0,0,3,38572500,199,697700,11462,10600,187301,1000,128576326
867,2014/5/26,月,2,14,21,26,37,38,18,0,0,19,6870700,476,329100,18410,7500,241477,1000,273626115
868,2014/5/29,木,5,18,19,26,31,43,10,0,0,9,17432300,325,579200,14921,11100,235048,1000,447951484
869,2014/6/2,月,5,7,23,24,37,38,40,7,89021500,8,19709700,568,333100,24054,6900,339050,1000,0
870,2014/6/5,木,1,11,14,21,23,39,26,1,129034400,4,29032400,248,561900,12547,9700,210166,1000,0
871,2014/6/9,月,3,10,11,13,20,27,25,3,38178300,16,6442500,423,292400,16767,6500,243854,1000,0
872,2014/6/12,木,6,10,17,18,19,24,7,1,117975100,12,8848000,326,39800,15540,7200,235912,1000,0
873,2014/6/16,月,4,22,26,27,32,43,20,1,136319400,9,13631800,175,841200,10278,12600,181091,1000,0
874,2014/6/19,木,2,8,21,27,33,37,42,0,0,14,8032700,271,497900,13808,8600,215928,1000,124955572
875,2014/6/23,月,4,5,11,13,22,25,43,2,129788300,13,9319800,548,265300,22358,5700,316117,1000,0
876,2014/6/26,木,11,12,18,25,35,39,9,1,128626000,6,19293700,251,553400,14155,8600,217060,1000,0
877,2014/6/30,月,3,14,17,32,35,43,10,0,0,9,13837700,266,561800,11736,11200,181484,1000,138378499
878,2014/7/3,木,5,14,16,22,25,40,43,1,290609800,3,45669000,287,572800,14504,9900,239784,1000,0
879,2014/7/7,月,24,27,34,35,36,43,25,0,0,3,41643400,139,1078500,8393,15700,155070,1000,138812697
880,2014/7/10,木,1,8,11,16,25,32,19,2,140523000,5,25601700,373,411800,17420,7700,258518,1000,0
881,2014/7/14,月,4,6,12,18,28,41,35,0,0,12,8741200,364,345800,15752,7000,232486,1000,116551216
882,2014/7/17,木,5,15,23,26,30,36,6,1,262268600,5,26228900,281,560000,14937,9200,239827,1000,0
883,2014/7/21,月,10,16,25,29,38,42,23,1,118297900,8,13308300,211,605500,10798,10400,171941,1000,0
884,2014/7/24,木,2,7,25,26,38,42,19,0,0,17,6344300,334,387400,13789,8200,201260,1000,119838550
885,2014/7/28,月,22,28,33,36,37,41,14,1,269046500,7,19183700,187,861700,10551,13400,182621,1000,0
886,2014/7/31,木,7,10,13,23,34,39,11,1,120138400,14,7723100,259,500900,12508,9100,201571,1000,0
887,2014/8/4,月,3,4,6,18,32,37,7,1,114992600,7,14784600,230,539900,12502,8700,201406,1000,0
888,2014/8/7,木,2,4,9,36,37,39,43,1,122981400,2,55341100,167,795300,9658,12100,169698,1000,0
889,2014/8/11,月,2,10,21,28,41,43,12,0,0,5,22008100,191,691300,9635,12000,163652,1000,122268699
890,2014/8/14,木,1,4,6,14,28,31,21,0,0,7,16806600,340,415200,15425,8000,233681,1000,252988536
891,2014/8/18,月,7,9,14,30,42,43,24,2,213055100,7,22258300,182,1027300,11872,13800,212299,1000,0
892,2014/8/21,木,14,19,31,35,40,43,38,0,0,4,31507900,142,1065000,7580,17600,139518,1000,140036758
893,2014/8/25,月,10,12,26,28,29,37,34,0,0,15,8852200,305,522400,16380,8500,248566,1000,287576167
894,2014/8/28,木,4,5,9,20,21,32,40,2,229891000,5,30996800,372,499900,16692,9800,265248,1000,0
895,2014/9/1,月,5,12,24,25,37,38,39,6,19453800,14,7503500,705,178800,21098,5200,255673,1000,0
896,2014/9/4,木,5,6,21,27,32,38,34,0,0,1,113976600,297,460500,13292,9000,210128,1000,126641809
897,2014/9/8,月,8,10,14,15,27,30,12,3,89071400,12,10542800,429,353800,18476,7200,273801,1000,0
898,2014/9/11,木,13,17,21,25,29,37,23,4,31560700,6,18936200,557,244700,15052,7900,201693,1000,0
899,2014/9/15,月,3,10,15,18,27,40,38,1,115363100,7,14832200,300,415300,13786,7900,206827,1000,0
900,2014/9/18,木,8,12,21,22,31,35,2,2,63211900,8,14222500,223,612200,12238,9800,195769,1000,0
901,2014/9/22,月,6,13,22,28,29,37,14,0,0,25,4297800,424,304000,16008,7100,214267,1000,119387020
902,2014/9/25,木,11,21,26,31,32,33,22,1,269162200,13,10368900,217,745400,11407,12500,198066,1000,0
903,2014/9/29,月,1,3,6,7,16,19,12,1,113300900,19,5366800,444,275500,18382,5800,244707,1000,0
904,2014/10/2,木,2,4,6,15,21,41,29,0,0,9,11858300,269,476000,13620,8200,214264,1000,118584306
905,2014/10/6,月,4,15,24,40,41,42,31,2,131284900,5,25907100,267,582400,11293,12100,181831,1000,0
906,2014/10/9,木,6,9,12,13,30,40,31,0,0,13,8407800,274,478600,12621,9100,201409,1000,121447115
907,2014/10/13,月,5,13,18,22,27,41,19,5,49352900,12,9398700,389,347900,15657,7600,217235,1000,0
908,2014/10/16,木,6,14,21,22,23,30,32,1,119933000,3,35979500,297,436100,14214,8000,216638,1000,0
909,2014/10/20,月,12,15,21,27,30,35,28,1,121772100,7,15656200,252,521800,12431,9300,196128,1000,0
910,2014/10/23,木,11,12,13,17,25,33,14,1,109769800,5,19758400,343,345600,16285,6400,231738,1000,0
911,2014/10/27,月,8,16,18,22,27,35,3,1,118690300,20,5341000,346,370400,15055,7500,217732,1000,0
912,2014/10/30,木,5,14,19,20,32,42,11,2,64620500,8,14539500,172,811500,9577,12800,167641,1000,0
913,2014/11/3,月,5,8,20,31,36,41,16,2,60952200,6,18285500,168,783600,8689,13300,152654,1000,0
914,2014/11/6,木,2,3,26,33,36,40,19,0,0,0,0,165,842700,8486,14400,155451,1000,244632508
915,2014/11/10,月,7,12,21,33,38,40,42,4,100782800,3,47549200,287,596400,14367,10500,228507,1000,0
916,2014/11/13,木,6,14,25,27,38,43,21,1,115937100,13,8026300,386,324300,15017,7300,208560,1000,0
917,2014/11/17,月,2,6,25,26,41,42,18,0,0,12,9120500,278,472400,11490,10000,178259,1000,121608804
918,2014/11/20,木,10,15,25,29,34,36,39,0,0,0,0,195,814100,10594,13200,187326,1000,400925200
919,2014/11/24,月,2,9,12,17,33,42,26,0,0,43,3238800,344,485800,15753,9300,252416,1000,555673063
920,2014/11/27,木,9,17,27,30,35,38,6,0,0,10,16202200,262,742000,14058,12200,243139,1000,735700073
921,2014/12/1,月,5,7,26,36,38,39,32,1,400000000,6,28136100,325,623300,16475,10800,283036,1000,523276110
922,2014/12/4,木,4,6,19,32,33,38,1,2,342422300,7,20772900,321,543500,15039,10200,248204,1000,0
923,2014/12/8,月,5,13,30,31,32,35,29,2,68159800,6,20447700,178,827100,10399,12400,1739587,1000,0
924,2014/12/11,木,13,20,24,32,35,42,43,0,0,4,30925200,153,970200,8805,14800,154962,1000,137446611
925,2014/12/15,月,25,26,27,28,32,37,40,3,97251100,6,23145800,207,805000,11700,12500,207803,1000,0
926,2014/12/18,木,16,26,32,35,37,39,25,0,0,3,40151000,173,835500,9177,13800,158847,1000,133838035
927,2014/12/22,月,2,29,30,31,33,34,37,0,0,6,24430000,295,596200,11031,14000,181052,1000,296706788
928,2014/12/25,木,1,21,23,26,31,33,14,1,400000000,5,31265300,220,852600,11639,14200,217849,1000,70404713
929,2014/12/29,月,10,12,15,25,31,34,26,5,43471100,10,13225400,277,572900,14585,9500,235620,1000,0
930,2015/1/5,月,10,12,37,39,40,43,11,1,137750200,12,10331100,180,826400,9395,13900,161776,1000,0
931,2015/1/8,木,14,18,19,24,25,33,21,0,0,3,37457700,229,588800,11113,10700,189205,1000,124860306
932,2015/1/12,月,4,15,30,37,42,43,32,1,276721400,3,45557900,174,942500,9816,14700,173684,1000,0
933,2015/1/15,木,5,9,20,21,31,41,26,2,62693000,6,18807700,369,366900,13930,8500,183824,1000,0
934,2015/1/19,月,3,7,16,17,20,32,12,1,125978000,11,10307200,203,670200,11659,10200,193783,1000,0
935,2015/1/22,木,2,12,14,26,38,43,8,2,58012000,28,3729300,513,244200,14979,7300,198231,1000,0
936,2015/1/26,月,1,3,12,16,20,35,5,0,0,7,16162200,276,491800,12217,9800,201739,1000,125707844
937,2015/1/29,木,13,15,21,25,36,41,8,3,89474500,12,10703500,276,558400,13258,10200,213583,1000,0
938,2015/2/2,月,5,9,12,19,30,35,29,3,40465900,14,7804000,307,427000,14299,8000,211349,1000,0
939,2015/2/5,木,8,11,15,17,26,43,32,0,0,8,13413400,336,383200,13458,8400,206628,1000,119231853
940,2015/2/9,月,1,18,28,31,35,37,39,1,272046600,4,34383000,192,859500,9486,15300,178345,1000,0
941,2015/2/12,木,5,12,22,29,38,39,19,1,121390700,8,13656300,252,520200,12677,9100,203463,1000,0
942,2015/2/16,月,2,3,14,27,28,38,8,0,0,9,11636500,415,302800,17589,6300,244572,1000,116366306
943,2015/2/19,木,9,10,14,15,39,43,25,3,87917000,6,22107500,232,686000,11718,11900,200206,1000,0
944,2015/2/23,月,7,20,25,29,33,37,27,1,129554500,5,23319600,275,508700,12046,10200,185838,1000,0
945,2015/2/26,木,3,10,15,23,36,37,31,2,59488300,3,35692600,265,484800,13957,8100,207406,1000,0
946,2015/3/2,月,2,9,12,16,31,36,41,4,29998800,8,13499300,256,506200,13640,8300,212313,1000,0
947,2015/3/5,木,1,6,21,23,27,40,9,2,61398000,5,22103000,204,650000,11507,10100,190634,1000,0
948,2015/3/9,月,7,16,17,28,39,43,24,0,0,7,15672300,243,541700,11228,10300,177668,1000,121896967
949,2015/3/12,木,5,19,26,36,39,43,9,0,0,7,18622600,206,759300,11264,12200,185515,1000,266741384
950,2015/3/16,月,2,6,16,24,30,41,18,1,400000000,9,15288100,301,548500,15091,9600,237241,1000,19624312
951,2015/3/19,木,11,15,22,23,26,30,37,0,0,3,37349300,289,465200,12726,9300,205751,1000,144123227
952,2015/3/23,月,10,16,22,25,31,39,27,2,143126900,13,9839700,332,462300,14747,9100,224937,1000,0
953,2015/3/26,木,2,9,17,38,39,42,20,4,30379200,5,21872800,330,397600,12594,9100,190896,1000,0
954,2015/3/30,月,3,23,24,28,29,42,41,0,0,3,37315300,212,633600,10939,10800,188407,1000,124385476
955,2015/4/2,木,14,19,27,28,37,42,24,1,267084300,4,32106900,236,653000,12689,10700,211286,1000,0
956,2015/4/6,月,1,4,6,22,24,38,34,0,0,4,26079900,273,458500,13477,8100,215206,1000,115912032
957,2015/4/9,木,2,11,22,32,36,42,20,3,86595800,5,25897300,307,506100,13427,10200,190103,1000,0
958,2015/4/13,月,9,18,23,24,26,30,21,2,59353800,6,17805900,235,545500,11307,10000,188815,1000,0
959,2015/4/16,木,1,16,18,28,36,38,42,1,135036000,7,17361600,218,668900,10689,12000,175599,1000,0
960,2015/4/20,月,5,18,23,32,35,39,10,2,61430200,11,10052100,339,391400,13311,8700,190151,1000,0
961,2015/4/23,木,5,11,17,18,19,25,34,1,115013400,7,14787300,345,360000,16266,6700,235668,1000,0
962,2015/4/27,月,4,6,10,24,32,37,35,4,29602900,7,15224200,323,395900,14995,7500,219474,1000,0
963,2015/4/30,木,4,23,29,31,32,35,17,2,64350000,10,11582900,171,812800,9483,12900,164088,1000,0
964,2015/5/4,月,2,21,23,29,30,43,26,0,0,3,35650400,129,994800,7811,14400,142167,1000,118835741
965,2015/5/7,木,10,12,19,20,21,22,13,2,126654500,6,20170800,401,362100,14299,8900,216098,1000,0
966,2015/5/11,月,10,22,31,34,36,43,30,1,133072000,1,119763800,134,1072500,7613,16600,140833,1000,0
967,2015/5/14,木,1,11,26,30,32,40,8,1,123100400,4,27697300,141,942800,8608,13600,150296,1000,0
968,2015/5/18,月,6,10,15,20,23,26,17,1,110911400,9,11091000,260,460700,12620,8300,203581,1000,0
969,2015/5/21,木,3,9,19,22,23,40,10,1,113134300,13,7832300,237,515500,11689,9200,188835,1000,0
970,2015/5/25,月,2,4,18,23,31,38,1,2,55926200,6,16777700,288,419400,14684,7200,199148,1000,0
971,2015/5/28,木,2,3,4,12,22,29,11,4,25715300,18,5143000,367,302600,15860,6100,225769,1000,0
972,2015/6/1,月,2,7,17,18,21,40,29,1,117796500,13,8155000,184,691400,10071,11100,167141,1000,0
973,2015/6/4,木,1,5,6,12,30,31,24,2,49737200,13,6886600,494,217400,17816,5300,227173,1000,0
974,2015/6/8,月,2,3,29,30,32,43,26,0,0,5,21359800,189,678000,8868,12700,149283,1000,118666833
975,2015/6/11,木,3,11,13,27,29,36,15,0,0,9,12306900,313,424600,14571,8000,220424,1000,241737086
976,2015/6/15,月,6,13,22,28,42,43,29,0,0,8,16874200,285,568300,13533,10500,216001,1000,391731490
977,2015/6/18,木,10,15,17,27,42,43,33,0,0,6,25241100,234,776600,12198,13100,214139,1000,560007047
978,2015/6/22,月,3,11,19,30,38,42,31,1,400000000,8,20054800,292,659300,15030,11200,245252,1000,338273733
979,2015/6/25,木,9,12,16,18,27,38,10,1,400000000,13,9727000,422,359500,19760,6700,282042,1000,78776205
980,2015/6/29,月,15,20,23,35,38,42,13,3,75206100,6,22026100,240,660700,13412,10400,184617,1000,0
981,2015/7/2,木,14,19,22,23,31,37,21,1,120197200,5,21635300,333,389800,14279,8000,199325,1000,0
982,2015/7/6,月,15,19,21,22,29,40,42,0,0,3,38465000,170,814500,9155,13300,163901,1000,128218058
983,2015/7/9,木,15,19,32,35,36,38,31,1,271689400,6,21520500,181,856000,9903,13800,171870,1000,0
984,2015/7/13,月,14,23,24,28,37,38,20,0,0,5,20823000,288,433800,13647,8000,200372,1000,115684719
985,2015/7/16,木,3,11,19,26,29,38,31,4,60289500,6,18820800,370,366200,15579,7600,226551,1000,0
986,2015/7/20,月,4,11,17,30,36,43,5,2,56736900,4,25531400,228,537500,10314,10400,156759,1000,0
987,2015/7/23,木,3,14,15,24,25,36,33,4,27898400,32,3138500,354,340400,14334,7400,188227,1000,0
988,2015/7/27,月,5,6,10,22,34,41,19,0,0,7,14713900,225,549300,11100,9800,179699,1000,114443128
989,2015/7/30,木,5,7,31,33,36,39,21,1,246688200,6,19836500,170,840100,9865,12700,177905,1000,0
990,2015/8/3,月,4,12,16,27,28,41,42,4,26701800,8,12015700,344,335300,14295,7100,200336,1000,0
991,2015/8/6,木,3,18,21,25,29,37,35,3,35920900,2,48492800,349,333400,12022,8500,179954,1000,0
992,2015/8/10,月,4,6,8,22,27,38,34,0,0,7,12311000,320,323100,16012,5600,227018,1000,95753342
993,2015/8/13,木,1,5,10,32,38,40,18,0,0,0,0,192,694400,9449,12400,165736,1000,330330282
994,2015/8/17,月,18,22,29,31,39,43,9,0,0,5,27679100,176,943600,9959,14700,181812,1000,484104446
995,2015/8/20,木,7,11,17,21,37,39,36,1,400000000,18,7496200,363,446000,16692,8500,251599,1000,234031537
996,2015/8/24,月,1,3,14,26,27,42,25,0,0,10,12282100,290,508200,14260,9100,221547,1000,370501171
997,2015/8/27,木,3,5,8,11,33,43,23,1,400000000,16,7763100,373,399600,18067,7200,267313,1000,108513197
998,2015/8/31,月,1,3,12,19,26,29,28,2,120240500,6,19795000,355,401400,16312,7700,239891,1000,0
999,2015/9/3,木,8,15,17,30,32,36,43,0,0,5,22610600,245,553700,11484,10400,181305,1000,125615901
1000,2015/9/7,月,1,15,21,22,26,29,37,0,0,8,16056900,303,508700,13791,9800,211620,1000,268345233
1001,2015/9/10,木,9,12,15,16,18,35,2,1,400000000,5,24985100,256,585500,14036,9400,231019,1000,7153015
1002,2015/9/14,月,8,14,22,25,27,41,11,0,0,11,10121900,317,421400,14901,7900,222179,1000,130866503
1003,2015/9/17,木,13,22,26,34,38,43,42,2,136053200,6,21185800,261,584400,12914,10400,200783,1000,0
1004,2015/9/21,月,3,21,23,24,27,32,36,1,108151300,7,13905000,245,476700,11895,8600,191147,1000,0
1005,2015/9/24,木,5,13,20,24,25,27,42,1,111149300,5,20006700,267,449500,13211,8000,205891,1000,0
1006,2015/9/28,月,7,8,16,31,32,33,12,1,124749700,3,37424500,275,489900,11417,10400,182588,1000,0
1007,2015/10/1,木,3,8,17,25,28,43,42,1,113492400,5,20428400,349,351200,14109,7600,209079,1000,0
1008,2015/10/5,月,11,14,16,21,24,39,36,0,0,3,37173200,184,727300,9773,12000,171520,1000,123911966
1009,2015/10/8,木,3,19,34,36,40,43,28,0,0,4,33118900,124,1282000,8302,16800,152322,1000,271108458
1010,2015/10/12,月,6,12,16,24,25,37,17,2,196662400,11,9999400,517,255300,20647,5600,275657,1000,0
1011,2015/10/15,木,23,26,27,29,30,43,6,1,129960800,4,29240900,172,816000,8546,14400,155577,1000,0
1012,2015/10/19,月,9,11,19,22,27,38,2,1,108211900,14,6956400,361,323700,16548,6200,229783,1000,0
1013,2015/10/22,木,3,20,36,38,39,41,22,0,0,3,38731600,105,1327900,7587,16200,143472,1000,129106482
1014,2015/10/26,月,2,3,9,19,40,42,6,0,0,2,62646500,193,779000,11694,11300,205037,1000,268322168
1015,2015/10/29,木,9,14,20,23,27,32,22,1,400000000,2,67680500,318,510700,14713,9700,229339,1000,18724752
1016,2015/11/2,月,1,14,31,32,39,42,34,0,0,1,127248600,134,1139500,7989,16800,147595,1000,160113420
1017,2015/11/5,木,1,4,24,30,39,40,5,3,103756100,8,17004700,215,759200,10104,14200,181801,1000,0
1018,2015/11/9,月,3,22,25,28,32,39,21,0,0,4,26215400,203,619800,11545,9600,187395,1000,116514121
1019,2015/11/12,木,8,14,15,22,25,40,19,0,0,4,30280400,298,487700,13339,9600,213949,1000,251095228
1020,2015/11/16,月,2,25,27,28,35,42,6,3,133486700,6,22404500,261,618000,12672,11200,216588,1000,0
1021,2015/11/19,木,3,30,32,33,34,39,28,0,0,1,113040300,177,766300,8144,14600,146052,1000,125601483
1022,2015/11/23,月,3,15,19,30,34,37,12,2,128119200,6,19595300,221,638400,10288,12000,174458,1000,0
1023,2015/11/26,木,9,17,24,25,33,40,43,2,58344500,3,35006400,308,409100,12105,9100,172886,1000,0
1024,2015/11/30,月,2,4,5,20,37,43,32,0,0,6,18321300,160,824400,8734,13300,158788,1000,122143275
1025,2015/12/3,木,10,17,20,21,36,43,34,1,260943800,5,24983800,146,1026700,9129,14400,157394,1000,0
1026,2015/12/7,月,1,8,11,17,22,26,31,2,52917100,11,8659000,400,285700,16724,6000,228080,1000,0
1027,2015/12/10,木,13,16,17,19,20,38,18,0,0,5,21773700,165,791700,8349,13800,151310,1000,120966218
1028,2015/12/14,月,7,10,18,21,28,36,40,4,62660500,6,19451200,306,457600,14237,8600,216466,1000,0
1029,2015/12/17,木,5,13,22,31,37,39,4,1,119024800,16,6695000,305,421400,13102,8600,188473,1000,0
1030,2015/12/21,月,4,9,17,20,23,42,19,0,0,7,15109300,272,466600,12278,9100,189165,1000,117518400
1031,2015/12/24,木,2,4,7,22,32,35,1,0,0,4,30377500,198,736400,11909,10800,201973,1000,252531046
1032,2015/12/28,月,11,20,21,30,36,43,17,0,0,15,9625100,211,821100,12124,12600,197770,1000,412952008
1033,2016/1/4,月,1,15,21,24,37,41,7,2,282753200,12,11441400,275,599100,12533,11500,213441,1000,0
1034,2016/1/7,木,14,20,24,25,31,32,29,1,127300500,6,19094900,185,743100,9540,12700,165368,1000,0
1035,2016/1/11,月,9,15,17,19,27,33,40,0,0,7,14638400,243,506000,12436,8700,198214,1000,113855362
1036,2016/1/14,木,2,8,17,27,30,31,13,4,61726800,11,10885900,325,442100,14581,8600,216644,1000,0
1037,2016/1/18,月,1,3,12,13,21,32,41,1,113813400,21,4877600,272,451900,13238,8100,202034,1000,0
1038,2016/1/21,木,3,7,24,25,27,39,20,2,52512600,17,5560100,514,220600,17217,5800,234727,1000,0
1039,2016/1/25,月,6,9,20,34,37,41,25,0,0,5,22509000,144,937800,8495,14000,147378,1000,125051453
1040,2016/1/28,木,7,13,15,21,23,34,12,4,65169100,4,30515400,284,515700,13495,9500,211732,1000,0
1041,2016/2/1,月,14,22,27,29,33,37,24,3,39365300,4,26571400,268,475900,13351,8400,201271,1000,0
1042,2016/2/4,木,4,10,11,12,18,25,36,12,8291100,17,5267200,663,162000,22031,4300,257868,1000,0
1043,2016/2/8,月,21,29,30,32,38,42,16,1,132237700,2,59506400,135,1057800,7237,17400,135837,1000,0
1044,2016/2/11,木,3,7,16,26,34,39,23,1,111439200,11,9117600,260,462800,11750,9000,183459,1000,0
1045,2016/2/15,月,1,19,21,30,31,43,18,2,64732900,4,29129500,193,724400,9072,13500,150132,1000,0
1046,2016/2/18,木,6,13,17,18,27,43,21,0,0,4,26537100,223,571200,11877,9400,196801,1000,117943963
1047,2016/2/22,月,5,9,13,31,32,35,26,1,254367900,18,6821100,287,513300,12092,10700,197142,1000,0
1048,2016/2/25,木,26,27,30,31,34,40,20,0,0,3,39578100,149,956200,7164,17500,135576,1000,131928303
1049,2016/2/29,月,3,6,15,23,24,31,11,1,254007900,12,9155800,451,292300,18708,6200,258068,1000,0
1050,2016/3/3,木,3,8,14,28,31,43,35,3,38678500,9,11603400,325,385500,13239,8300,200585,1000,0
1051,2016/3/7,月,5,13,20,28,30,32,16,1,119160600,1,107243600,247,521000,11351,10000,180178,1000,0
1052,2016/3/10,木,6,26,34,37,42,43,13,0,0,10,11211500,130,1034900,8010,14800,142007,1000,124574314
1053,2016/3/14,月,4,11,23,27,35,42,15,3,82239100,23,4779400,412,320100,1593,7500,216691,1000,0
1054,2016/3/17,木,7,9,10,19,28,33,36,1,107805100,9,10780400,329,353800,13690,7500,206139,1000,0
1055,2016/3/21,月,5,11,20,25,26,32,6,0,0,10,9432500,254,445600,12223,8100,184437,1000,104806984
1056,2016/3/24,木,14,16,19,29,32,37,24,0,0,7,17268200,197,736300,10229,12500,168887,1000,239117105
1057,2016/3/28,月,2,11,19,21,28,38,25,1,376797400,10,12391100,304,489100,14181,9200,230885,1000,0
1058,2016/3/31,木,11,12,17,23,29,43,37,1,115484500,8,12991900,250,498800,12891,8500,196365,1000,0
1059,2016/4/4,月,8,26,27,29,35,43,6,2,61718600,5,22218500,179,744700,9556,12300,160376,1000,0
1060,2016/4/7,木,5,10,16,17,32,37,36,1,112704100,4,25358200,256,475400,10719,10000,176459,1000,0
1061,2016/4/11,月,1,12,14,16,20,29,4,1,121147800,7,15576000,200,654100,10082,11400,170517,1000,0
1062,2016/4/14,木,2,7,28,39,42,43,41,0,0,1,107383400,155,831300,9107,12400,163002,1000,119316010
1063,2016/4/18,月,6,12,13,34,38,42,41,2,127447200,3,40673100,311,470800,13335,9600,210535,1000,0
1064,2016/4/21,木,4,13,18,27,30,39,34,1,112756900,11,9225400,337,361300,13852,7700,197217,1000,0
1065,2016/4/25,月,11,13,27,37,41,42,40,2,61590200,1,110861400,220,604600,10286,11400,174906,1000,0
1066,2016/4/28,木,2,11,29,36,40,42,17,2,62523100,9,12504500,150,900300,8782,13500,152781,1000,0
1067,2016/5/2,月,5,9,25,27,28,33,10,1,108258500,11,8857400,287,407300,14127,7300,218639,1000,0
1068,2016/5/5,木,3,9,21,34,35,42,4,1,110869000,3,33260400,166,721300,8710,12100,145310,1000,0
1069,2016/5/9,月,12,17,26,30,33,40,8,4,30234500,9,12093700,184,709800,9501,12100,157175,1000,0
1070,2016/5/12,木,11,21,25,34,35,36,15,0,0,5,21929900,173,760500,7986,14500,144986,1000,121834155
1071,2016/5/16,月,1,10,25,27,31,40,3,2,126632600,10,11828700,286,496300,11483,10900,188142,1000,0
1072,2016/5/19,木,3,17,20,32,36,43,4,2,59091100,6,17727100,302,422600,10227,11000,152410,1000,0
1073,2016/5/23,月,1,3,5,8,20,39,30,0,0,6,16236800,255,458400,12971,7900,196338,1000,108246759
1074,2016/5/26,木,8,9,16,27,30,33,19,2,115607900,13,8513100,295,450100,13570,8600,212559,1000,0
1075,2016/5/30,月,7,8,21,24,34,42,1,0,0,5,20547500,181,681100,9771,11100,168233,1000,114154317
1076,2016/6/2,木,21,22,24,30,31,43,19,0,0,2,63286300,189,803600,8612,15500,157572,1000,254791972
1077,2016/6/6,月,1,4,9,23,30,36,5,2,197901400,13,9762200,321,474400,15244,8800,231542,1000,0
1078,2016/6/9,木,3,12,20,33,35,41,34,1,115777800,3,34733000,199,628300,9609,11400,157806,1000,0
1079,2016/6/13,月,8,12,19,24,30,36,42,4,26765200,9,10706000,393,294200,14781,6900,193542,1000,0
1080,2016/6/16,木,6,15,16,19,38,41,23,1,118773200,12,8907900,215,596600,10966,10300,172913,1000,0
1081,2016/6/20,月,6,8,13,17,18,20,28,0,0,6,16932600,240,507900,12616,8500,202671,1000,112885276
1082,2016/6/23,木,9,12,19,21,39,40,16,2,121707300,5,23495000,309,456200,13159,9400,202405,1000,0
1083,2016/6/27,月,10,13,15,18,25,38,20,3,38342600,2,51762100,280,443600,12477,8700,191647,1000,0
1084,2016/6/30,木,1,7,20,28,34,38,16,2,62278200,9,12455500,170,791200,8315,14200,152233,1000,0
1085,2016/7/4,月,3,20,21,30,34,35,23,1,120330700,4,27074100,264,492200,10882,10500,158671,1000,0
1086,2016/7/7,木,3,7,9,31,38,43,29,0,0,5,20635100,176,703400,10120,10700,177784,1000,114640897
1087,2016/7/11,月,10,13,26,27,30,36,6,1,245458400,6,19622400,214,660100,12149,10200,199421,1000,0
1088,2016/7/14,木,5,8,16,24,32,33,22,2,52484700,13,7267000,514,220500,16121,6200,193377,1000,0
1089,2016/7/18,月,5,17,19,22,41,42,4,1,110844700,8,12469900,198,604600,9164,11500,150369,1000,0
1090,2016/7/21,木,3,10,15,22,27,40,23,2,52371900,9,10474300,374,302400,13630,7300,191289,1000,0
1091,2016/7/25,月,21,22,24,26,28,30,38,15,8046100,2,54310800,347,375600,8833,13000,139155,1000,0
1092,2016/7/28,木,2,11,18,27,30,33,14,1,104835100,11,8577300,257,440500,13016,7600,195486,1000,0
1093,2016/8/1,月,4,19,26,40,42,43,9,0,0,3,35760000,146,881700,8073,14000,136131,1000,119201119
1094,2016/8/4,木,6,7,20,24,28,43,11,1,243901900,7,16032800,245,549600,11565,10200,190507,1000,0
1095,2016/8/8,月,3,6,15,18,23,27,38,2,46378400,18,4637800,471,212600,17901,4900,226412,1000,0
1096,2016/8/11,木,6,19,21,31,38,41,40,0,0,3,32235500,256,453300,8542,11900,140731,1000,107452884
1097,2016/8/15,月,1,5,8,14,19,21,4,1,220816300,11,9275100,309,396200,14524,7400,217395,1000,0
1098,2016/8/18,木,1,19,31,33,35,43,29,0,0,5,22216900,109,1222900,6443,18200,121343,1000,123428429
1099,2016/8/22,月,6,8,12,17,18,24,35,5,45971700,6,15964400,495,232200,20738,4800,259629,1000,0
1100,2016/8/25,木,2,6,16,23,32,35,37,3,37958600,7,14641000,316,389100,12108,8900,183363,1000,0
1101,2016/8/29,月,4,5,7,10,13,16,1,1,104501300,18,5225000,352,320600,14895,6600,215598,1000,0
1102,2016/9/1,木,3,6,9,13,36,37,32,2,53346000,5,19204400,334,344900,14321,7000,207390,1000,0
1103,2016/9/5,月,8,13,14,18,24,38,25,0,0,8,12223700,256,458300,13401,7700,199579,1000,108656081
1104,2016/9/8,木,15,25,32,33,36,38,40,1,240488900,8,14831000,147,968500,9710,12900,166967,1000,0
1105,2016/9/12,月,12,15,25,31,39,40,26,3,39244000,4,26489500,176,722400,10118,11000,165330,1000,0
1106,2016/9/15,木,1,4,8,10,18,33,15,3,35491900,7,13689600,285,403400,13184,7600,193826,1000,0
1107,2016/9/19,月,6,7,12,22,30,33,36,1,99931500,5,17987500,233,463100,11718,8100,184362,1000,0
1108,2016/9/22,木,12,25,29,32,38,43,35,0,0,2,49302700,217,545200,8895,11700,144072,1000,109562711
1109,2016/9/26,月,6,8,14,27,36,42,28,2,116339700,12,9233600,355,374500,15025,7800,223291,1000,0
1110,2016/9/29,木,1,6,21,34,36,39,29,1,119660300,3,35897700,138,936400,7404,15300,139014,1000,0
1111,2016/10/3,月,6,16,17,27,33,41,42,2,56059200,5,20181100,249,486200,10910,9700,173574,1000,0
1112,2016/10/6,木,6,9,15,19,39,42,34,0,0,1,98295100,218,541000,10804,9600,171416,1000,109217758
1113,2016/10/10,月,1,12,14,26,34,41,6,1,232610100,15,7403400,216,616900,10805,10800,172551,1000,0
1114,2016/10/13,木,2,7,9,28,38,39,26,0,0,8,11980300,190,605300,10923,9200,174790,1000,106492819
1115,2016/10/17,月,3,10,12,26,38,42,4,4,56683600,11,9837800,417,311400,16046,7100,232595,1000,0
1116,2016/10/20,木,1,11,33,34,35,38,29,0,0,0,0,168,764000,7807,14500,138057,1000,225823223
1117,2016/10/24,月,2,6,7,9,19,23,21,2,174617600,8,13883700,567,235000,21364,5500,282219,1000,0
1118,2016/10/27,木,1,11,21,25,34,36,28,0,0,6,17537400,281,449300,9877,11200,164430,1000,116917626
1119,2016/10/31,月,3,6,15,21,42,43,11,3,81465700,7,16390000,324,424900,13580,8900,211017,1000,0
1120,2016/11/3,木,10,12,13,29,35,39,33,0,0,4,25024400,178,674800,9105,11600,156071,1000,111220831
1121,2016/11/7,月,2,8,31,38,40,42,41,0,0,3,41424200,164,909300,9921,13200,178687,1000,249302847
1122,2016/11/10,木,22,24,29,31,32,34,40,0,0,1,135292500,182,892000,8596,16600,159494,1000,399629190
1123,2016/11/14,月,4,8,23,29,34,35,15,3,184681300,15,9264800,246,677900,14227,10300,231821,1000,0
1124,2016/11/17,木,1,16,24,28,40,42,33,1,120119000,2,54053100,192,675600,88801,12800,146276,1000,0
1125,2016/11/21,月,2,16,19,20,24,36,27,0,0,7,14989700,201,626400,10191,10800,165665,1000,116587730
1126,2016/11/24,木,4,5,26,30,34,42,27,2,121776000,6,19044400,163,841200,9404,12800,166812,1000,0
1127,2016/11/28,月,9,15,17,21,23,42,24,0,0,3,34377200,235,526600,10996,9900,177119,1000,114591920
1128,2016/12/1,木,3,15,21,29,30,35,39,0,0,8,14655600,318,442400,13056,9500,196830,1000,244865806
1129,2016/12/5,月,6,11,19,28,30,43,32,2,193235600,13,9803300,350,436900,15340,8700,233083,1000,0
1130,2016/12/8,木,1,11,37,38,39,42,26,1,121251200,5,21825000,214,611900,9379,12300,152854,1000,0
1131,2016/12/12,月,6,12,25,36,38,41,18,2,54306800,15,6516700,474,247400,15952,6400,210055,1000,0
1132,2016/12/15,木,4,5,24,29,33,35,40,1,116000500,2,52199700,200,626300,10015,11000,174763,1000,0
1133,2016/12/19,月,3,18,19,20,37,38,9,0,0,9,12135900,218,601200,10331,11100,172860,1000,121360932
1134,2016/12/22,木,5,6,12,14,30,38,29,0,0,15,7264000,318,411100,15140,7600,242773,1000,242429091
1135,2016/12/26,月,20,22,28,29,32,41,14,0,0,4,36650300,163,1079200,9168,16900,171912,1000,405320947
1136,2016/12/29,木,3,4,7,8,22,33,18,1,400000000,17,7754200,451,350700,20985,6600,304439,1000,151792210
1137,2017/1/5,木,1,18,21,31,37,41,20,0,0,4,33328600,279,573300,13786,10200,175278,1000,299920710
1138,2017/1/9,月,8,15,21,24,35,38,22,0,0,6,21156000,367,415000,16193,8200,237752,1000,440962245
1139,2017/1/12,木,4,6,14,17,23,33,26,1,400000000,9,14843800,337,475700,17517,8000,272459,1000,189401711
1140,2017/1/16,月,11,21,30,31,36,37,23,1,331666000,8,16004500,204,753100,11492,11700,182252,1000,0
1141,2017/1/19,木,1,4,10,14,24,26,29,3,37793100,4,25510100,334,366600,14334,7500,203639,1000,0
1142,2017/1/23,月,12,13,19,23,28,35,31,1,112869100,7,14511600,250,487500,12927,8300,196772,1000,0
1143,2017/1/26,木,19,21,31,39,42,43,29,1,126349600,5,22742700,141,967700,7737,15500,138227,1000,0
1144,2017/1/30,月,7,13,14,33,39,43,29,1,124530000,3,37358600,208,646500,10199,11600,164448,1000,0
1145,2017/2/2,木,1,4,15,18,25,28,36,0,0,3,33835800,269,452800,12030,8900,192292,1000,112787035
1146,2017/2/6,月,1,10,19,23,26,34,27,2,124691200,5,24586900,275,536400,11920,10900,197804,1000,0
1147,2017/2/9,木,2,3,10,16,26,27,23,2,102768800,13,4743300,484,137500,15880,4400,221368,1000,0
1148,2017/2/13,月,3,5,16,23,31,43,39,0,0,9,7745500,286,263200,12463,6300,192732,1000,232357669
1149,2017/2/16,木,2,14,22,23,35,43,31,0,0,9,9621000,315,296800,13606,7200,207026,1000,520980964
1150,2017/2/20,月,7,11,17,27,32,40,18,4,210763700,13,7432700,421,247800,17894,6100,254987,1000,0
1151,2017/2/23,木,5,23,25,26,29,31,19,1,200000000,6,11877700,227,339000,11400,7100,188551,1000,37547727
1152,2017/2/27,月,6,8,10,33,35,43,22,0,0,7,11649000,183,481200,10419,8900,188674,1000,309349226
1153,2017/3/2,木,4,15,20,24,26,30,29,0,0,7,12513200,265,356900,14004,7100,223686,1000,601316116
1154,2017/3/6,月,8,12,30,36,41,42,4,2,472134000,11,9353500,329,337700,14813,7900,237756,1000,0
1155,2017/3/9,木,14,19,22,23,28,43,25,0,0,2,35719700,222,347500,11858,6800,185830,1000,238123706
1156,2017/3/13,月,3,6,19,31,35,40,12,0,0,5,17651700,257,370800,13099,7600,214518,1000,532309257
1157,2017/3/16,木,5,17,20,28,39,42,1,1,600000000,6,16203700,361,290800,14908,7400,225173,1000,256373097
1158,2017/3/20,月,22,24,27,30,32,40,23,2,273100900,4,21737800,153,613700,8610,11500,159064,1000,0
1159,2017/3/23,木,1,4,15,16,23,30,17,1,200000000,8,8073900,322,216600,15157,4800,202033,1000,15299173
1160,2017/3/27,月,9,22,31,32,34,43,24,1,281850900,5,15993600,140,616800,8006,11300,148235,1000,0
1161,2017/3/30,木,1,2,12,16,19,40,18,1,200000000,4,17683000,169,452000,9989,8000,173373,1000,35766902
1162,2017/4/3,月,3,4,8,12,24,37,10,0,0,15,4228500,533,128500,20365,3500,265661,1000,247187990
1163,2017/4/6,木,11,17,19,24,33,41,9,1,522072300,8,10308500,293,303900,13538,6900,211028,1000,0
1164,2017/4/10,月,4,7,11,33,34,37,24,1,200000000,12,5738000,254,292700,12054,6500,186238,1000,29513853
1165,2017/4/13,木,18,20,21,24,40,42,25,1,285641000,7,10977200,182,455900,8533,10200,149378,1000,0
1166,2017/4/17,月,4,8,17,20,29,41,3,1,200000000,12,5951900,334,230900,12886,6300,185092,1000,38069652
1167,2017/4/20,木,6,13,20,25,36,42,28,3,97676200,12,6374100,285,289800,12469,7000,186704,1000,0
1168,2017/4/24,月,1,3,8,14,35,39,18,0,0,5,14103000,200,380700,11809,6800,195791,1000,235042467
1169,2017/4/27,木,19,24,25,36,37,43,10,1,525593200,2,43584000,300,313700,12042,8200,197378,1000,0
1170,2017/5/1,月,1,8,13,19,23,28,39,2,112794200,5,13535700,324,225500,14195,5400,215673,1000,0
1171,2017/5/4,木,9,10,13,21,34,36,40,3,75591500,8,8504300,196,374800,9078,8500,153236,1000,0
1172,2017/5/8,月,3,10,31,32,38,39,15,0,0,6,12203400,187,422800,8950,9300,156242,1000,244061225
1173,2017/5/11,木,5,7,11,16,33,38,25,2,245503400,17,4358000,379,211100,16837,5000,246227,1000,0
1174,2017/5/15,月,7,8,9,25,29,31,28,0,0,10,6684500,268,269300,12582,6000,195563,1000,222811225
1175,2017/5/18,木,2,4,6,21,27,37,10,1,469005400,13,5681500,357,223400,16235,5100,244460,1000,0
1176,2017/5/22,月,2,9,18,23,29,32,34,2,113683200,5,13642400,343,214700,12329,6300,178351,1000,0
1177,2017/5/25,木,2,5,21,22,23,38,36,1,200000000,7,9195400,267,260300,12979,5600,196818,1000,14553105
1178,2017/5/29,月,16,17,20,22,29,40,31,0,0,2,38521200,145,573800,8921,9800,153552,1000,271353304
1179,2017/6/1,木,5,12,27,36,39,40,37,0,0,9,8965800,272,320300,13286,6900,204998,1000,540321223
1180,2017/6/5,月,2,4,5,13,18,21,40,0,0,7,12405500,380,246700,17354,5700,271903,1000,829773653
1181,2017/6/8,木,15,16,17,29,31,32,12,2,589180700,4,26144900,376,300300,15734,7500,240752,1000,0
1182,2017/6/12,月,5,6,10,13,24,33,40,4,52790500,7,9050100,308,222100,14460,4900,220368,1000,0
1183,2017/6/15,木,2,19,22,25,32,36,39,0,0,4,17969600,172,451300,9751,8400,166975,1000,239586911
1184,2017/6/19,月,2,6,21,30,31,36,41,0,0,4,21252700,325,282400,13247,7300,213823,1000,522947436
1185,2017/6/22,木,6,15,18,26,27,31,38,1,600000000,10,9011000,377,258100,17174,5900,263353,1000,223304816
1186,2017/6/26,月,8,10,20,25,38,43,39,0,0,5,17591100,228,416600,12386,8100,206464,1000,516480549
1187,2017/6/29,木,3,13,18,20,24,31,37,1,600000000,8,11730300,301,336700,15090,7000,244160,1000,229279477
1188,2017/7/3,月,3,9,19,20,23,30,14,4,123969400,8,9997700,402,214800,17431,5200,244764,1000,0
1189,2017/7/6,木,8,24,28,30,38,41,32,1,200000000,3,25063900,160,507500,9950,8600,167540,1000,50631101
1190,2017/7/10,月,1,3,13,29,38,39,8,0,0,7,11250700,191,445300,10987,8100,185154,1000,313139337
1191,2017/7/13,木,3,5,11,20,25,32,30,2,291801500,5,16228300,438,200000,16621,5500,247922,1000,0
1192,2017/7/17,月,15,17,18,22,30,39,28,0,0,5,13824500,238,313600,9826,8000,153499,1000,230401766
1193,2017/7/20,木,1,2,7,8,10,42,28,0,0,5,15062800,327,248700,16158,5300,239004,1000,481440653
1194,2017/7/24,月,12,18,20,23,33,40,1,2,394326500,7,13166600,228,436500,12111,8600,209436,1000,0
1195,2017/7/27,木,1,4,17,22,35,42,7,5,46954900,4,17608600,255,298300,10543,7600,165130,1000,0
1196,2017/7/31,月,6,7,19,31,39,41,14,1,200000000,3,22883700,216,343200,11028,7100,180023,1000,28830082
1197,2017/8/3,木,3,24,28,36,37,39,27,2,133476300,2,35719500,189,408200,10904,7400,181310,1000,0
1198,2017/8/7,月,1,14,20,26,27,34,33,1,200000000,4,16698100,200,360600,10211,7400,155594,1000,22635058
1199,2017/8/10,木,9,10,11,20,28,40,17,2,124149600,7,9671600,279,262000,12758,6000,187608,1000,0
1200,2017/8/14,月,2,8,10,12,31,42,21,1,186945300,5,11217000,272,222600,13393,4700,192619,1000,0
1201,2017/8/17,木,1,15,19,22,26,28,33,1,200000000,8,8344300,190,379400,11053,6800,169391,1000,22509741
1202,2017/8/21,月,9,12,15,19,26,39,28,0,0,15,4580200,287,258500,12981,6000,197977,1000,251516680
1203,2017/8/24,木,2,4,6,37,39,42,41,0,0,3,26755000,218,397600,11542,7900,193197,1000,519058296
1204,2017/8/28,月,10,20,21,24,39,43,17,1,600000000,11,9295200,239,462000,13330,8700,222051,1000,259874500
1205,2017/8/31,木,12,25,26,32,35,42,2,0,0,12,7372300,229,417200,10902,9200,186995,1000,554757354
1206,2017/9/4,月,11,19,20,26,32,33,22,3,298063900,9,11314800,328,335200,15141,7600,236909,1000,0
1207,2017/9/7,木,6,16,17,20,22,43,34,0,0,6,12518700,142,571200,9054,9400,161484,1000,250367098
1208,2017/9/11,月,5,14,20,30,38,41,8,2,278697200,10,9211100,245,406000,12613,8300,202770,1000,0
1209,2017/9/14,木,11,12,24,32,38,40,7,0,0,5,14124200,227,335900,11198,7100,174254,1000,235396540
1210,2017/9/18,月,5,6,12,16,23,36,9,1,474683600,18,3988200,379,204500,18056,4500,257079,1000,0
1211,2017/9/21,木,3,8,24,25,26,28,43,4,51872600,9,6916500,354,189900,15478,4500,225683,1000,0
1212,2017/9/25,月,2,16,27,35,40,42,25,1,200000000,4,18797200,179,453600,9293,9200,153659,1000,50621917
1213,2017/9/28,木,3,13,22,26,30,39,1,1,287589500,10,7109200,286,268400,11979,6700,191061,1000,0
1214,2017/10/2,月,2,19,23,30,33,36,40,4,60794100,2,36477700,170,463400,9319,8900,163858,1000,0
1215,2017/10/5,木,3,6,9,15,21,42,7,2,106367500,5,12764500,446,154500,15810,4600,210838,1000,0
1216,2017/10/9,月,8,14,25,39,42,43,37,1,200000000,2,33513500,188,385000,9313,8200,152203,1000,23416379
1217,2017/10/12,木,14,16,17,34,36,41,25,2,137428500,5,15086900,164,496700,8190,10500,144960,1000,0
1218,2017/10/16,月,5,8,13,20,28,42,35,2,108143100,12,5407300,263,266400,12597,5800,187026,1000,0
1219,2017/10/19,木,14,22,24,36,39,42,32,1,200000000,1,67618600,209,349400,9559,8000,153497,1000,25387956
1220,2017/10/23,月,9,15,21,23,32,42,14,2,127209100,8,8588900,288,257600,11290,6900,171252,1000,0
1221,2017/10/26,木,3,10,11,31,33,36,21,2,108912600,10,6534900,261,270400,11642,6400,189890,1000,0
1222,2017/10/30,月,1,5,7,11,29,39,40,2,102038900,9,6802800,363,182100,14916,4600,211400,1000,0
1223,2017/11/2,木,12,22,28,30,36,43,34,1,200000000,3,22912700,146,508400,9084,8600,156754,1000,29120372
1224,2017/11/6,月,5,18,33,38,41,43,6,0,0,6,12802700,150,553000,9148,9500,156712,1000,285167109
1225,2017/11/9,木,19,22,25,30,33,34,36,0,0,6,14357700,169,550500,9751,10000,17343,1000,572312467
1226,2017/11/13,月,7,8,28,34,37,41,13,1,600000000,6,16576700,230,467000,13000,8700,224552,1000,303835637
1227,2017/11/16,木,1,8,14,28,40,43,6,3,198251700,7,12468300,240,392700,11979,8300,194037,1000,0
1228,2017/11/20,月,6,18,19,25,28,40,3,0,0,9,7774200,212,356400,10724,7400,175934,1000,233219529
1229,2017/11/23,木,10,28,35,37,39,43,16,0,0,5,16861300,149,611000,9112,10500,158194,1000,514233131
1230,2017/11/27,月,1,2,6,9,17,38,34,1,600000000,6,15095000,329,297300,18623,5500,285605,1000,216124593
1231,2017/11/30,木,1,14,16,24,32,36,2,1,494240100,9,9270800,209,431100,11103,8500,185932,1000,0
1232,2017/12/4,月,5,10,14,31,35,38,16,1,200000000,3,24468400,210,377500,9833,8500,166380,1000,44676530
1233,2017/12/7,木,2,7,12,21,29,33,16,1,269539600,14,4818600,373,195300,15786,4800,218994,1000,0
1234,2017/12/11,月,7,11,16,20,30,40,28,0,0,2,35404500,205,373000,10704,7500,168854,1000,236022484
1235,2017/12/14,木,8,17,24,34,36,42,33,0,0,5,15723000,323,262800,13818,6400,203612,1000,498064563
1236,2017/12/18,月,1,3,11,26,38,39,34,2,403855000,8,11612000,420,238800,18048,5800,268471,1000,0
1237,2017/12/21,木,1,4,6,35,38,40,27,0,0,4,18740800,167,484700,8606,9900,161338,1000,249870372
1238,2017/12/25,月,8,14,28,29,33,40,32,2,277207200,11,8306000,432,228400,15721,6600,228310,1000,0
1239,2017/12/28,木,2,19,27,28,30,38,22,1,200000000,8,9538300,191,431400,10944,7900,189837,1000,54348251
1240,2018/1/4,木,15,18,22,36,37,39,26,0,0,6,12293800,262,304000,11847,7100,183858,1000,300217992
1241,2018/1/8,月,4,7,15,17,23,25,8,1,573175500,15,5459300,364,242900,18667,5000,277009,1000,0
1242,2018/1/11,木,12,22,28,34,37,42,33,1,200000000,3,24857500,173,465500,10255,8200,167282,1000,48567751
1243,2018/1/15,月,23,24,32,37,41,42,29,1,322894600,7,11757200,187,475300,9881,9500,173164,1000,0
1244,2018/1/18,木,10,15,17,18,20,41,35,0,0,2,36995000,147,543500,7776,10800,146526,1000,246625579
1245,2018/1/22,月,13,15,27,30,31,39,8,0,0,11,7719600,320,286500,14731,6500,220599,1000,529670483
1246,2018/1/25,木,4,10,11,23,36,37,34,4,208129200,11,8259700,338,290300,17606,5800,259457,1000,0
1247,2018/1/29,月,4,7,17,18,26,36,35,3,78487100,5,14128100,265,287800,12698,6300,194401,1000,0
1248,2018/2/1,木,2,6,14,28,34,37,3,1,200000000,10,6616600,339,210700,14017,5300,193443,1000,20547536
1249,2018/2/5,月,5,8,15,20,25,27,6,3,82418700,7,9716400,341,215400,17409,4400,236417,1000,0
1250,2018/2/8,木,3,10,18,22,23,40,27,1,200000000,17,3846400,282,250400,130765,5700,186681,1000,17958783
1251,2018/2/12,月,21,28,31,33,34,40,23,0,0,2,37898500,142,576400,7296,11800,131873,1000,270607267
1252,2018/2/15,木,4,15,18,19,22,29,37,0,0,14,5893600,295,302000,14690,6400,234933,1000,545633736
1253,2018/2/19,月,1,12,14,24,33,37,15,1,600000000,5,19848100,275,389700,15566,7200,254671,1000,276426216
1254,2018/2/22,木,7,8,11,15,36,39,37,2,266505100,7,10996800,347,239500,16244,5400,249210,1000,0
1255,2018/2/26,月,2,14,15,27,40,43,41,1,200000000,9,8373700,216,376800,11043,7700,173151,1000,51204253
1256,2018/3/1,木,2,5,16,32,35,41,25,0,0,9,8648600,218,385600,11671,7600,178256,1000,310655473
1257,2018/3/5,月,1,11,19,23,32,37,14,2,303281400,13,6828800,299,320600,14077,7100,222893,1000,0
1258,2018/3/8,木,8,14,20,25,31,41,35,1,200000000,5,13728100,215,344700,9770,8000,156882,1000,28795810
1259,2018/3/12,月,10,16,20,26,33,36,41,0,0,7,11575700,214,408900,10048,9200,163850,1000,298888606
1260,2018/3/15,木,3,8,16,19,25,26,32,2,281942000,22,3613600,398,215700,18024,5000,259415,1000,0
1261,2018/3/19,月,9,20,26,29,30,34,42,0,0,3,24827700,143,562500,8652,9800,153917,1000,248268877
1262,2018/3/22,木,4,11,15,20,24,43,10,0,0,5,16225100,243,360500,12230,7500,205652,1000,518679054
1263,2018/3/26,月,3,8,13,14,31,37,6,1,600000000,5,19231500,352,295000,19174,5700,291858,1000,239194456
1264,2018/3/29,木,1,6,27,33,35,43,15,0,0,10,8745300,205,460700,11081,9000,189627,1000,530695336
1265,2018/4/2,月,5,20,26,27,28,33,12,1,600000000,17,5789300,303,350700,15212,7300,252506,1000,258748125
1266,2018/4/5,木,3,12,16,23,25,28,17,3,168675400,13,5706600,504,158900,22019,3800,274000,1000,0
1267,2018/4/9,月,4,18,31,33,34,41,9,1,200000000,8,9610300,174,477100,9289,9400,158285,1000,56267219
1268,2018/4/12,木,8,11,15,22,35,36,30,0,0,6,11633900,372,202600,16294,4800,223237,1000,288938801
1269,2018/4/16,月,9,10,11,33,39,42,25,0,0,11,8442300,259,387200,13658,7700,227667,1000,598482491
1270,2018/4/20,金,9,10,24,30,35,40,38,0,0,6,17602100,230,495900,12847,9300,220595,1000,950514135
1271,2018/4/23,月,1,11,14,27,39,42,32,1,600000000,12,9956600,463,278600,20219,6700,309541,1000,748766205
1272,2018/4/26,木,4,9,13,32,37,38,42,0,0,9,11430000,411,270300,17361,6700,266492,1000,1091655132
1273,2018/4/30,月,18,20,22,26,34,37,4,0,0,13,9101500,356,358900,15759,8500,253524,1000,1486043254
1274,2018/5/3,木,3,15,18,23,31,37,34,9,206748000,2,5352800,739,164200,26657,4800,354582,1000,0
1275,2018/5/7,月,7,19,21,28,40,41,3,1,200000000,9,8181300,309,257300,11991,7000,179635,1000,4542652
1276,2018/5/10,木,5,6,9,11,16,35,22,1,276629800,14,4954300,277,270400,15622,5000,233320,1000,0
1277,2018/5/14,月,12,16,20,22,31,43,33,1,200000000,1,7602400,176,466500,8578,10100,155018,1000,53416511
1278,2018/5/17,木,3,4,18,28,34,36,6,0,0,11,6614700,229,343100,12020,6900,203075,1000,295949279
1279,2018/5/21,月,4,10,16,17,20,24,31,0,0,8,10614400,270,339600,15008,6400,232650,1000,578991991
1280,2018/5/24,木,1,9,11,21,29,36,7,1,600000000,12,7665100,453,219200,16973,6100,263528,1000,285586726
1281,2018/5/28,月,3,7,9,15,29,40,17,1,571521400,4,21445800,346,267700,16452,5900,249985,1000,0
1282,2018/5/31,木,1,4,10,11,24,28,29,4,51367400,15,4109500,632,105300,20253,3400,246442,1000,0
1283,2018/6/4,月,1,26,27,30,37,38,4,0,0,5,15490600,140,597400,8184,10800,159189,1000,258168830
1284,2018/6/7,木,4,14,17,21,24,39,7,0,0,7,11765900,277,321100,13809,6800,216404,1000,532698735
1285,2018/6/11,月,7,8,13,36,38,42,6,3,280267300,3,30811300,298,334900,14645,7200,242303,1000,0
1286,2018/6/14,木,11,32,37,39,41,42,43,1,200000000,5,15152000,223,366800,9653,8900,151359,1000,52525496
1287,2018/6/18,月,9,21,23,34,37,38,40,2,161407700,5,16217900,207,423000,11588,7900,193422,1000,0
1288,2018/6/21,木,8,9,19,24,35,43,11,0,0,9,8119400,197,400600,10900,7600,181785,1000,243576796
1289,2018/6/25,月,6,9,16,24,29,37,3,1,522362900,27,3097700,399,226300,16548,5700,250180,1000,0
1290,2018/6/28,木,18,24,27,32,35,41,10,0,0,5,14982100,209,387000,10206,8300,161049,1000,249693798
1291,2018/7/2,月,2,6,8,12,13,17,1,1,506881500,14,5511300,514,162100,20846,4200,290663,1000,0
1292,2018/7/5,木,1,18,29,30,31,37,35,3,78782500,3,23635500,185,413900,9215,8700,152991,1000,0
1293,2018/7/9,月,2,5,15,27,30,35,11,1,200000000,13,5268800,280,264100,13415,5800,193522,1000,28310786
1294,2018/7/12,木,7,14,18,26,28,39,2,1,258113600,12,5745200,331,224900,14692,5300,205387,1000,0
1295,2018/7/16,月,14,23,31,37,39,43,32,1,200000000,3,23040400,161,463600,9057,8700,142032,1000,30396782
1296,2018/7/19,木,5,11,15,16,23,32,4,3,84258400,9,7412800,355,202900,15301,4900,212444,1000,0
1297,2018/7/23,月,1,2,7,29,34,42,41,1,200000000,1,69787900,123,612700,8865,8900,158700,1000,32618983
1298,2018/7/26,木,4,6,15,22,30,42,7,0,0,5,14020200,225,336400,11493,6900,188659,1000,266282024
1299,2018/7/30,月,3,12,24,28,38,39,10,2,259380200,17,4455600,424,192900,17776,4800,252669,1000,0
1300,2018/8/2,木,3,18,25,26,32,33,27,1,200000000,5,13105000,300,235800,13090,5700,183347,1000,18410686
1301,2018/8/6,月,6,7,9,16,30,41,22,0,0,3,23477200,199,382200,11338,7000,189255,1000,253175343
1302,2018/8/9,木,4,7,25,30,34,43,38,0,0,3,27331800,274,323100,11765,7900,175049,1000,526484438
1303,2018/8/13,月,7,10,24,33,35,42,43,0,0,6,14727200,255,374200,13263,7600,218284,1000,821019464
1304,2018/8/16,木,6,25,30,38,40,42,17,1,600000000,12,8887600,247,466300,13787,8800,229519,1000,576512858
1305,2018/8/20,月,4,6,19,36,38,40,28,0,0,10,9931800,256,418900,13785,8200,224118,1000,907562919
1306,2018/8/23,木,7,11,23,36,38,41,37,1,600000000,13,7710200,446,242700,18676,6100,280525,1000,641663268
1307,2018/8/27,月,6,25,27,28,30,43,14,1,600000000,7,14158900,255,419700,15399,7300,247462,1000,372026796
1308,2018/8/30,木,6,9,10,15,34,39,3,0,0,9,9668100,256,367000,14009,7000,230628,1000,662062930
1309,2018/9/3,月,24,32,34,36,41,43,23,1,600000000,10,10762100,252,461200,11693,10500,195021,1000,420789350
1310,2018/9/6,木,9,24,25,27,34,36,14,0,0,11,7524800,286,312500,14822,6300,227796,1000,696692533
1311,2018/9/10,月,12,23,26,29,36,37,15,3,335970100,11,8488000,325,310200,15349,6900,244472,1000,0
1312,2018/9/13,木,13,24,25,26,32,39,6,2,120471500,14,5163200,309,252600,13016,6300,193425,1000,0
1313,2018/9/17,月,5,12,21,31,36,43,27,1,200000000,6,11915800,181,426500,9087,8900,154134,1000,38309977
1314,2018/9/20,木,3,10,20,21,27,33,39,3,91653600,7,10142500,305,251300,13248,6100,194740,1000,0
1315,2018/9/24,月,3,8,23,30,32,40,31,1,200000000,4,17043400,190,387500,9841,7900,168580,1000,27238834
1316,2018/9/27,木,6,16,26,35,36,39,14,3,92137600,8,9344300,403,200300,11715,7200,167824,1000,0
1317,2018/10/1,月,6,10,13,19,32,43,22,0,0,11,6410700,182,418400,9855,8100,160730,1000,235054490
1318,2018/10/4,木,2,3,7,14,19,41,34,2,242181400,4,18698700,295,273800,13591,6200,216022,1000,0
1319,2018/10/8,月,9,10,19,21,28,30,43,0,0,2,31876300,284,242400,11520,6300,173918,1000,212501736
1320,2018/10/11,木,4,6,12,16,17,34,28,2,227401800,8,9086600,275,285400,14280,5800,223907,1000,0
1321,2018/10/15,月,10,24,31,40,41,43,33,2,127197300,2,38160400,149,553100,8502,10200,140450,1000,0
1322,2018/10/18,木,2,3,13,28,32,37,7,1,200000000,6,11355900,197,373500,10662,7200,174193,1000,27111518
1323,2018/10/22,月,5,6,10,24,29,40,26,0,0,5,13773400,252,295100,13424,5800,205184,1000,256661111
1324,2018/10/25,木,1,7,8,17,25,42,11,3,168286300,10,7446100,376,213800,17682,4800,246469,1000,0
1325,2018/10/29,月,8,18,23,26,33,38,34,0,0,8,8549000,320,230800,14327,5400,207614,1000,227968303
1326,2018/11/1,木,2,3,9,12,30,41,21,2,238587500,14,5340300,370,218200,16046,5300,239516,1000,0
1327,2018/11/5,月,2,3,13,22,23,30,27,2,115034500,6,11503800,298,250100,13371,5800,194287,1000,0
1328,2018/11/8,木,7,9,23,32,37,40,41,2,115973100,5,13917200,184,408400,9976,7900,168341,1000,0
1329,2018/11/12,月,11,15,18,22,37,42,31,1,200000000,9,7695100,270,277000,11969,6600,181089,1000,30846620
1330,2018/11/15,木,2,19,24,32,36,43,30,1,276653200,4,18436100,255,312300,11455,7300,170913,1000,0
1331,2018/11/19,月,2,14,30,31,38,39,26,0,0,2,36138000,132,591300,8849,9300,150446,1000,240912284
1332,2018/11/22,木,5,15,18,22,33,40,6,2,249251400,8,9659900,313,266600,13027,6700,196694,1000,0
1333,2018/11/26,月,2,9,15,22,26,35,5,1,200000000,3,22413900,285,254800,12504,6100,184902,1000,24132387
1334,2018/11/29,木,1,2,7,14,29,43,40,1,259569200,3,23544400,238,320500,11893,6700,186002,1000,0
1335,2018/12/3,月,10,16,19,34,35,39,4,4,62235400,3,24894900,151,534100,8255,10300,146445,1000,0
1336,2018/12/6,木,4,5,11,19,31,34,43,2,108017300,7,9258900,219,319600,11013,6700,179513,1000,0
1337,2018/12/10,月,3,6,21,28,29,34,15,4,55161000,7,9456400,242,295400,12290,6100,192483,1000,0
1338,2018/12/13,木,2,6,23,25,30,31,35,1,200000000,8,7908400,281,243100,12597,5700,195164,1000,10886363
1339,2018/12/17,月,1,10,15,33,34,42,39,1,265958300,2,38262000,181,456500,9806,8900,164196,1000,0
1340,2018/12/20,木,6,15,18,20,26,29,9,0,0,7,9991200,232,325500,10872,7300,176900,1000,233121796
1341,2018/12/24,月,9,12,15,16,26,39,34,2,243666700,9,8474000,313,263100,14275,6000,221101,1000,0
1342,2018/12/27,木,1,4,9,16,23,31,42,1,200000000,5,14089200,394,193000,15573,5100,219088,1000,34812633
1343,2019/1/7,月,2,8,10,12,19,23,16,2,149831600,22,3611700,755,113600,26068,2400,328489,1000,0
1344,2019/1/10,木,8,16,20,28,37,43,29,1,200000000,4,18371500,194,409000,9991,8300,159732,1000,44945823
1345,2019/1/14,月,1,15,26,27,29,33,18,0,0,5,14260400,239,322100,11606,7000,184888,1000,282612734
1346,2019/1/17,木,5,10,22,27,38,42,36,3,184111400,8,10114800,341,256200,13469,6800,207387,1000,0
1347,2019/1/21,月,8,10,11,18,36,43,7,2,116194600,8,8714800,214,351800,11399,6900,187011,1000,0
1348,2019/1/24,木,1,2,14,19,21,33,43,2,113126700,5,13575600,208,352400,10746,7200,169796,1000,0
1349,2019/1/28,月,2,16,19,32,34,42,33,0,0,3,24312300,189,416700,9216,9000,156759,1000,243115607
1350,2019/1/31,木,7,8,9,10,20,38,16,1,490945100,5,14870200,266,301800,14247,5900,218833,1000,0
1351,2019/2/4,月,8,14,18,22,28,29,5,1,200000000,15,4482000,262,277100,12969,5900,196665,1000,24096183
1352,2019/2/7,木,5,6,9,15,19,36,22,0,0,6,10431100,276,244800,14885,4700,224193,1000,232713045
1353,2019/2/11,月,2,11,12,19,21,24,36,3,151274200,5,13267000,444,161300,16918,4400,242167,1000,0
1354,2019/2/14,木,4,25,27,28,32,41,26,1,200000000,4,16938700,164,446100,9423,8200,153600,1000,25842518
1355,2019/2/18,月,5,15,27,29,34,37,12,1,270445900,13,5644800,269,294600,12215,6800,189030,1000,0
1356,2019/2/21,木,4,6,10,16,24,43,12,2,104132300,12,5206700,329,205000,13826,5100,202692,1000,0
1357,2019/2/25,月,2,3,8,15,19,28,21,5,37305200,13,4304500,552,109400,21182,3000,263356,1000,0
1358,2019/2/28,木,9,15,23,27,29,40,28,2,107316100,5,12878300,260,267400,12385,5900,181777,1000,0
1359,2019/3/4,月,6,8,14,18,25,41,9,0,0,5,12900800,222,313700,12333,5900,190707,1000,215007459
1360,2019/3/7,木,4,9,10,16,17,42,23,2,227332200,14,5135600,258,300900,14060,5800,223629,1000,0
1361,2019/3/11,月,3,4,12,18,28,38,32,0,0,10,6340500,421,162600,15412,4600,217530,1000,211345060
1362,2019/3/14,木,8,16,19,28,36,39,1,3,152305300,4,18418400,288,205000,15998,5200,220340,1000,0
1363,2019/3/18,月,2,5,23,36,37,41,43,0,0,6,11742300,236,322400,11466,7000,181252,1000,234838859
1364,2019/3/21,木,5,13,14,16,25,27,3,0,0,12,5981300,315,246000,14046,5800,211352,1000,474085347
1365,2019/3/25,月,4,7,14,20,31,41,32,0,0,7,12615000,247,386000,12322,8100,204590,1000,768425970
1366,2019/3/28,木,14,15,17,29,31,39,10,1,600000000,6,15806100,231,443300,11848,9100,206149,1000,484539363
1367,2019/4/1,月,3,8,11,14,22,41,34,1,600000000,15,5298400,495,173300,18166,4900,256988,1000,149454317
1368,2019/4/4,木,6,11,17,20,34,35,10,1,416288200,0,0,337,256500,11256,8100,182061,1000,80052792
1369,2019/4/8,月,12,15,25,32,41,43,7,0,0,4,19909400,167,515000,9797,9200,167043,1000,345502969
1370,2019/4/11,木,8,22,24,30,40,41,2,0,0,4,21354700,167,552300,9985,9700,181674,1000,630223174
1371,2019/4/15,月,4,5,6,7,24,28,30,2,452218500,16,5141600,422,210500,21478,4300,308457,1000,0
1372,2019/4/18,木,3,5,10,21,33,39,8,0,0,6,11361200,267,275700,12534,6200,197109,1000,227218151
1373,2019/4/22,月,1,10,13,18,20,41,11,2,256094200,5,17098700,181,510100,11130,8700,195255,1000,0
1374,2019/4/25,木,1,4,5,19,23,35,36,1,200000000,2,32868500,337,210600,13816,5400,206320,1000,19116746
1375,2019/4/29,月,2,5,21,22,31,38,28,0,0,11,6275100,253,294600,11021,7100,179333,1000,249197830
1376,2019/5/2,木,2,5,22,31,32,43,27,0,0,6,12929700,227,369000,11845,7400,176893,1000,507783386
1377,2019/5/6,月,1,7,13,24,40,43,20,2,401809500,2,44376800,249,384900,11683,8600,196190,1000,0
1378,2019/5/9,木,1,10,15,24,35,43,9,2,117942400,9,7863000,236,323800,10563,7600,166435,1000,0
1379,2019/5/13,月,1,2,19,21,24,37,32,1,200000000,1,70287000,227,334300,11153,7100,178505,1000,34282495
1380,2019/5/16,木,1,3,24,26,29,33,42,3,90915700,4,17885400,240,321900,11283,7200,190198,1000,0
1381,2019/5/20,月,2,4,5,16,19,38,25,1,200000000,13,4792800,293,229600,14524,4800,223635,1000,7685086
1382,2019/5/23,木,8,9,12,25,26,28,32,4,52124100,3,20081800,398,163400,17191,3900,231593,1000,0
1383,2019/5/27,月,2,4,9,15,18,39,24,1,200000000,10,6320000,260,262500,13944,5100,211631,1000,10661970
1384,2019/5/30,木,3,6,13,32,38,43,40,1,251413100,5,14445500,208,375000,10761,7600,174116,1000,0
1385,2019/6/3,月,9,20,28,35,41,43,23,2,128087300,3,25618300,136,610200,7458,11700,134863,1000,0
1386,2019/6/6,木,4,11,14,15,20,38,35,0,0,8,8291400,217,330100,10289,7300,173335,1000,221098245
1387,2019/6/10,月,11,27,29,30,37,38,33,1,490835000,3,26974500,304,287400,10283,8900,181090,1000,0
1388,2019/6/13,木,9,10,12,15,29,37,11,4,52668900,8,7900500,289,236100,13504,5300,202523,1000,0
1389,2019/6/17,月,6,16,21,23,26,42,43,0,0,6,12012400,222,350600,11404,7200,181209,1000,240241160
1390,2019/6/20,木,10,11,13,28,34,39,35,0,0,5,15977000,255,338300,12573,7200,200791,1000,506516251
1391,2019/6/24,月,3,12,23,31,36,42,43,2,403380500,10,9007600,347,280300,15723,6500,246490,1000,0
1392,2019/6/27,木,6,9,12,19,40,42,7,0,0,10,7036900,213,356700,12206,6500,191383,1000,234558536
1393,2019/7/1,月,7,11,26,32,42,43,24,0,0,5,17473900,196,481400,11336,8700,196898,1000,525782104
1394,2019/7/4,木,8,9,35,36,42,43,22,2,421482700,5,19031600,230,446800,11780,9200,199755,1000,0
1395,2019/7/8,月,5,16,18,27,30,43,25,1,200000000,6,12351500,180,444600,10104,8300,171744,1000,47022904
1396,2019/7/11,木,3,7,11,15,23,41,21,2,128244100,5,12568300,521,130200,18851,3800,245971,1000,0
1397,2019/7/15,月,9,18,19,21,25,26,7,1,200000000,8,8096300,194,360500,9903,7400,168920,1000,15896750
1398,2019/7/18,木,23,29,34,35,40,43,42,1,270589100,2,38205100,98,842000,6521,13300,124263,1000,0
1399,2019/7/22,月,7,20,21,33,41,43,8,0,0,6,11780500,197,387400,8780,9100,145496,1000,235603525
1400,2019/7/25,木,8,10,26,31,34,39,36,0,0,5,15859700,224,382300,11315,7900,186315,1000,499923455
1401,2019/7/29,月,2,13,23,24,25,33,36,2,392579300,9,9508100,369,250400,15582,6200,238611,1000,0
1402,2019/8/1,木,10,24,26,33,36,42,28,0,0,4,17535600,162,467600,8840,9000,152987,1000,233801199
1403,2019/8/5,月,1,3,10,27,34,41,22,0,0,4,19917000,254,338700,12939,7000,214360,1000,499352964
1404,2019/8/8,木,2,17,29,37,38,39,5,1,600000000,9,9733600,241,392500,12999,7600,209324,1000,191352294
1405,2019/8/12,月,3,4,6,19,23,24,42,2,198313700,4,15396100,433,153600,18918,3700,258033,1000,0
1406,2019/8/15,木,20,24,27,29,34,35,43,0,0,5,13512800,115,634400,6489,11800,120439,1000,225206073
1407,2019/8/19,月,10,13,19,28,33,39,15,0,0,6,13604700,282,312600,13905,6600,213240,1000,497291867
1408,2019/8/22,木,2,17,24,26,34,43,32,0,0,3,30636200,341,291000,14807,7000,219067,1000,803644212
1409,2019/8/26,月,5,6,8,20,22,25,13,3,378412300,19,5235800,548,196000,22618,5000,322026,1000,0
1410,2019/8/29,木,8,14,17,25,36,41,23,2,116189400,14,4979700,354,212600,12317,6400,174950,1000,0
1411,2019/9/2,月,2,5,7,20,25,28,3,3,73919900,14,4752100,428,167800,16007,4700,223818,1000,0
1412,2019/9/5,木,2,19,24,25,32,42,8,2,111720100,9,7448200,248,291900,11836,6400,176426,1000,0
1413,2019/9/9,月,7,13,17,21,24,26,12,0,0,6,11301700,237,308900,12881,6000,192008,1000,226026624
1414,2019/9/12,木,12,19,21,26,40,41,20,1,497554300,6,13576800,185,475500,10171,9100,169878,1000,0
1415,2019/9/16,月,1,3,7,34,39,40,33,0,0,26,2610100,142,516100,8491,9100,153636,1000,226201717
1416,2019/9/19,木,2,9,10,15,24,36,13,4,114223800,9,7690000,540,138400,18930,4100,250672,1000,0
1417,2019/9/23,月,3,10,25,26,27,31,5,3,67394900,5,12131400,262,250000,12800,5400,194714,1000,0
1418,2019/9/26,木,4,21,32,35,42,43,15,0,0,4,18158100,119,659100,7208,11400,132052,1000,242100541
1419,2019/9/30,月,5,10,11,12,21,37,41,1,475191400,7,9989900,414,182400,17696,4500,256745,1000,0
1420,2019/10/3,木,1,2,14,16,22,28,4,0,0,7,8963300,263,257600,11978,5900,183291,1000,209138253
1421,2019/10/7,月,2,14,20,23,37,43,30,2,237822500,3,26651500,224,385400,10954,8300,177542,1000,0
1422,2019/10/10,木,12,14,17,20,24,30,39,3,73241900,20,3295900,189,376600,9008,8300,158350,1000,0
1423,2019/10/14,月,11,24,29,36,37,42,13,1,200000000,3,20474900,188,352800,9194,7600,144451,1000,4742987
1424,2019/10/17,木,6,7,25,26,33,36,19,1,224539100,8,8242600,238,299200,11699,6400,185152,1000,0
1425,2019/10/21,月,1,24,28,33,35,42,27,0,0,3,23333300,132,572700,8250,9600,146503,1000,233326132
1426,2019/10/24,木,4,13,17,19,30,43,24,2,243874100,4,19082200,181,455400,10185,8500,170523,1000,0
1427,2019/10/28,月,1,7,25,26,38,41,31,1,200000000,3,22623200,232,315900,11149,6900,172439,1000,26224638
1428,2019/10/31,木,16,18,19,34,35,36,6,0,0,6,12586800,183,445600,8318,10300,142094,1000,277952941
1429,2019/11/4,月,4,8,13,18,21,23,22,2,260708500,9,8115700,279,282700,13994,5900,217089,1000,0
1430,2019/11/7,木,4,7,9,12,20,28,3,4,48503600,31,1877600,515,122000,18724,3500,233749,1000,0
1431,2019/11/11,月,2,27,28,33,38,40,30,1,200000000,5,14270800,134,575000,8834,9200,155601,1000,37840016
1432,2019/11/14,木,4,5,15,32,33,43,13,1,274604000,4,17757800,191,401600,9254,8700,155558,1000,0
1433,2019/11/18,月,3,5,12,16,38,42,6,0,0,7,8978700,238,285100,12422,5700,192389,1000,209498189
1434,2019/11/21,木,2,20,30,38,39,40,4,0,0,5,16046000,186,465800,8590,10600,144301,1000,476923544
1435,2019/11/25,月,2,4,16,21,22,40,9,1,600000000,4,20969700,258,351100,12594,7600,205039,1000,156510465
1436,2019/11/28,木,3,7,17,18,30,36,33,0,0,7,9861300,328,227200,14293,5500,204684,1000,386599935
1437,2019/12/2,月,3,11,24,25,37,40,14,0,0,7,11106200,423,198400,15215,5800,223791,1000,645738163
1438,2019/12/5,木,2,5,6,20,33,38,22,2,458648600,6,13578400,286,307600,15304,6000,245132,1000,0
1439,2019/12/9,月,11,17,23,28,34,41,4,3,77370500,23,3027600,269,279500,11160,7100,169673,1000,0
1440,2019/12/12,木,1,7,20,31,41,42,28,0,0,7,10081600,160,476300,8784,9100,146797,1000,235230661
1441,2019/12/16,月,12,22,24,33,35,42,36,1,515887800,6,14033300,265,343100,12851,7400,203573,1000,0
1442,2019/12/19,木,12,21,35,36,40,43,39,2,122984000,3,24597600,195,408600,8320,10100,139848,1000,0
1443,2019/12/23,月,2,4,8,10,22,33,28,2,106577600,12,5329000,322,214400,16570,4400,234330,1000,0
1444,2019/12/26,木,11,20,24,25,30,37,14,0,0,8,8796000,319,238200,11985,6700,185765,1000,234554381
1445,2019/12/30,月,3,14,24,29,30,42,21,1,507733800,8,10244500,219,404100,11964,7800,199939,1000,0
1446,2020/1/9,木,2,5,11,20,21,32,13,3,95828100,14,6160500,420,221700,18033,5400,261954,1000,0
1447,2020/1/13,月,2,9,12,13,14,22,10,3,70389900,12,5279400,358,191100,14934,4800,220287,1000,0
1448,2020/1/16,木,10,12,25,29,32,41,40,4,57688600,8,8653500,208,359400,9879,7900,165774,1000,0
1449,2020/1/20,月,6,19,20,26,34,38,4,3,78635800,11,6434000,298,256400,11826,6800,170543,1000,0
1450,2020/1/23,木,24,25,26,27,34,36,3,2,121327500,6,12133100,278,282800,9421,8800,156580,1000,0
1451,2020/1/27,月,2,6,10,20,24,43,34,10,21232800,19,3352600,1033,66500,19806,3600,223595,1000,0
1452,2020/1/30,木,17,19,29,31,37,39,35,1,200000000,6,12012500,249,312600,8697,9400,144177,1000,40243754
1453,2020/2/3,月,10,22,26,27,28,41,39,2,148241900,6,12812400,211,393400,10288,8500,181129,1000,0
1454,2020/2/6,木,3,15,19,34,37,40,41,1,200000000,7,10189700,205,375700,9095,8900,149738,1000,37752571
1455,2020/2/10,月,1,10,12,22,34,43,23,2,139607700,19,3812600,250,312900,11947,6900,186627,1000,0
1456,2020/2/13,木,2,18,19,24,29,31,33,0,0,3,20920900,179,378600,11032,6400,180866,1000,209202625
1457,2020/2/17,月,1,3,11,17,20,37,29,2,230610700,6,12601300,394,207200,15070,5700,230253,1000,0
1458,2020/2/20,木,4,16,19,22,26,29,6,0,0,6,11002400,227,314000,11489,6500,179086,1000,220041336
1459,2020/2/24,月,2,17,19,24,28,29,7,3,152341800,13,5469000,327,234800,16663,4800,234569,1000,0
1460,2020/2/27,木,3,6,10,15,29,30,4,3,67943900,22,2779600,447,147700,16563,4200,221261,1000,0
1461,2020/3/2,月,5,7,8,18,22,26,24,0,0,39,1573000,386,171600,15398,4500,222280,1000,204490218
1462,2020/3/5,木,4,18,19,28,33,36,9,1,453585500,7,10675800,282,286100,12642,6700,200604,1000,00
1463,2020/3/9,月,18,29,32,34,35,39,36,0,0,3,24833100,161,499700,7543,11200,130905,1000,248323703
1464,2020/3/12,木,8,13,14,18,29,31,23,1,504639300,8,9612100,293,283400,13297,6500,204099,1000,0
1465,2020/3/16,月,11,15,16,24,28,38,3,3,72464300,7,9317100,239,294700,12502,5900,197476,1000,0
1466,2020/3/19,木,6,10,15,18,32,40,35,0,0,3,22915200,181,410100,9044,8600,157669,1000,229144920
1467,2020/3/23,月,3,14,16,25,26,38,7,2,240980700,18,4213700,399,205200,15865,5400,219840,1000,0
1468,2020/3/26,木,4,8,15,24,25,31,26,1,200000000,5,12164100,408,160900,15347,4500,215839,1000,2729175
1469,2020/3/30,月,4,9,10,13,24,27,22,2,102077800,12,5035800,464,140600,16985,4000,228774,1000,0
1470,2020/4/2,木,4,8,14,16,39,40,23,0,0,2,33401700,181,398500,9724,7800,161360,1000,222671139
1471,2020/4/6,月,1,3,8,32,37,43,24,1,495652700,7,11699500,155,570600,9810,9500,184708,1000,0
1472,2020/4/9,木,1,6,7,9,23,40,43,1,197820500,7,8478300,266,240900,12982,5200,185354,1000,0
1473,2020/4/13,月,1,5,6,27,33,38,11,1,181579500,10,5447500,205,286900,9747,6300,159683,1000,0
1474,2020/4/16,木,4,6,8,22,27,32,26,1,182687800,10,5480800,262,225900,12337,5000,186340,1000,0
1475,2020/4/20,月,6,7,9,20,21,27,2,3,55886900,9,5588800,264,205700,12844,4400,179177,1000,0
1476,2020/4/23,木,6,22,38,40,41,42,35,0,0,4,14063100,73,832200,6343,10100,101900,1000,187502802
1477,2020/4/27,月,4,13,14,25,27,32,1,2,177912200,6,8416300,279,195400,9786,5800,146064,1000,0
1478,2020/4/30,木,7,12,15,21,40,42,32,0,0,2,23360200,132,382200,6302,8400,107783,1000,155729584
1479,2020/5/4,月,1,20,30,32,35,37,33,1,334097800,1,53512200,84,687900,4496,13500,84196,1000,0
1480,2020/5/7,木,2,4,5,6,24,34,39,0,0,1,37922500,217,188700,12994,3300,155185,1000,126404430
1481,2020/5/11,月,3,9,21,31,41,42,18,1,319783400,4,14503900,178,351900,8224,8000,133376,1000,0
1482,2020/5/14,木,8,26,28,32,41,43,14,0,0,3,18220400,119,496000,6370,9700,113798,1000,182198254
1483,2020/5/18,月,3,10,20,23,29,43,22,0,0,1,64859500,188,372500,10008,7300,167670,1000,398389709
1484,2020/5/21,木,4,12,17,18,23,41,28,0,0,8,9131900,265,297700,13373,6200,207773,1000,641899336
1485,2020/5/25,月,9,10,18,27,28,35,37,2,466750300,8,10935400,370,255300,15646,6300,238116,1000,0
1486,2020/5/28,木,18,24,29,33,39,42,34,1,200000000,4,16841300,172,422900,9156,8300,150614,1000,24543661
1487,2020/6/1,月,5,7,9,17,24,35,36,1,246318900,3,22178200,299,240300,14630,5100,219068,1000,0
1488,2020/6/4,木,4,10,11,17,34,37,38,0,0,3,20712500,284,236200,12465,5600,189787,1000,207118226
1489,2020/6/8,月,4,6,11,13,23,32,1,0,0,11,6594700,369,212300,16118,5100,250353,1000,448916617
1490,2020/6/11,木,7,19,24,29,39,43,11,2,364999800,11,7666100,220,413900,12134,7900,199045,1000,0
1491,2020/6/15,月,8,11,23,31,34,37,1,1,200000000,0,0,259,291100,11858,6700,186570,1000,102612262
1492,2020/6/18,木,4,16,18,32,38,42,36,2,181232600,7,11136900,222,379200,11960,7400,185658,1000,0
1493,2020/6/22,月,11,18,24,27,37,38,15,1,200000000,11,63864000,307,247100,14801,5400,217042,1000,34161074
1494,2020/6/25,木,8,15,17,24,26,38,27,1,262835300,7,9800600,369,200700,15227,5100,218029,1000,0
1495,2020/6/29,月,18,24,32,34,37,41,22,0,0,5,14732800,269,295700,12822,6500,179188,1000,245538914
1496,2020/7/2,木,5,9,13,16,17,34,37,2,256141800,8,10003200,253,3411600,13646,6600,216435,1000,0
1497,2020/7/6,月,6,22,28,30,35,37,8,1,200000000,3,24417100,169,468000,9249,9000,158982,1000,44163408
1498,2020/7/9,木,1,6,7,9,31,37,43,0,0,6,11521200,258,289300,14027,5600,213032,1000,274581523
1499,2020/7/13,月,10,11,27,28,29,37,13,1,536585000,13,6046400,365,232500,164800,5400,243349,1000,0
1500,2020/7/16,木,19,21,22,28,29,30,4,0,0,1,75501700,224,364000,8677,9900,152586,1000,251664236
1501,2020/7/20,月,6,10,13,25,31,38,15,26,19933500,10,7998500,602,143400,15538,5800,230344,1000,0
1502,2020/7/23,木,1,17,25,28,32,42,26,0,0,7,10029300,171,443300,8230,9700,142854,1000,234010543
1503,2020/7/27,月,1,8,16,35,40,42,20,1,521514300,4,21563400,236,394700,9751,10000,165939,1000,0
1504,2020/7/30,木,5,7,9,21,42,43,35,1,200000000,4,16900100,195,374300,10088,7600,171661,1000,25327438
1505,2020/8/3,月,1,2,14,15,21,34,19,1,278421000,3,25310100,197,416200,10296,8400,175685,1000,0
1506,2020/8/6,木,10,12,19,28,35,41,39,0,0,3,22161500,280,256400,10501,72000,166199,1000,221608616
1507,2020/8/10,月,19,20,22,30,35,43,29,0,0,5,16665500,158,569500,8351,11300,150448,1000,499358563
1508,2020/8/13,木,9,13,28,29,32,40,41,3,263028200,11,7901800,310,302800,14237,6900,216203,1000,0
1509,2020/8/17,月,6,11,12,34,36,41,43,1,200000000,3,23530700,209,364700,10936,7300,181042,1000,35299545
1510,2020/8/20,木,8,13,17,18,21,38,23,2,136105800,9,7897300,262,292900,13361,6000,200432,1000,0
1511,2020/8/24,月,11,16,22,24,38,40,6,1,200000000,5,14487400,198,395000,11001,7500,173331,1000,41449124
1512,2020/8/27,木,1,11,12,24,32,38,39,1,277445900,10,7080100,326,234500,15409,5200,224112,1000,0
1513,2020/8/31,月,13,14,18,19,25,42,5,1,200000000,4,18384000,170,467100,9710,8600,172911,1000,45111996
1514,2020/9/3,木,11,16,22,29,37,43,14,7,42779100,3,25435000,222,371200,10893,7900,178863,1000,0
1515,2020/9/7,月,5,9,17,21,27,29,30,0,0,7,9128400,332,207800,13667,5300,202489,1000,212989888
1516,2020/9/10,木,25,32,34,37,41,42,28,2,253136000,3,29329100,185,513600,9643,10400,157862,1000,0
1517,2020/9/14,月,14,25,27,30,39,41,8,1,200000000,4,18463300,147,508000,8661,9700,153333,1000,46170569
1518,2020/9/17,木,6,15,16,22,36,41,20,1,291679500,2,36827500,275,289200,12082,6900,178650,1000,0
1519,2020/9/21,月,5,8,20,21,27,43,9,0,0,8,8135500,248,283400,11615,6300,178299,1000,216940381
1520,2020/9/24,木,1,6,11,13,30,33,4,2,232863600,4,18659600,281,286800,13811,6100,212338,1000,0
1521,2020/9/28,月,17,21,22,40,41,42,13,3,83344800,6,12577100,183,445300,8464,10100,139994,1000,0
1522,2020/10/1,木,5,17,21,22,32,35,41,0,0,3,23112200,230,325500,10129,7800,159605,1000,231115292
1523,2020/10/5,月,2,15,17,25,34,38,27,0,0,14,5861500,219,404600,12080,7700,197630,1000,504644081
1524,2020/10/8,木,2,3,15,24,30,43,39,0,0,6,13708300,272,326500,13785,6800,219892,1000,778802175
1525,2020/10/12,月,3,7,20,21,28,32,24,6,181609300,16,5828600,323,311800,15861,6700,241661,1000,0
1526,2020/10/15,木,4,17,19,21,39,41,36,3,78738700,4,17716700,262,292100,10885,7400,174226,1000,0
1527,2020/10/19,月,2,5,9,11,27,32,33,3,68377800,9,6838000,400,166100,17653,3900,236061,1000,0
1528,2020/10/22,木,1,14,17,34,35,37,16,2,119727100,4,17959600,187,414800,8633,9400,147557,1000,0
1529,2020/10/26,月,3,19,26,28,33,40,1,0,0,5,14263300,228,337800,10932,7400,171838,1000,237713916
1530,2020/10/29,木,2,5,10,34,37,40,7,1,512112200,4,20580500,164,542100,10015,9300,178343,1000,0
1531,2020/11/2,月,2,6,7,10,30,33,14,0,0,5,13325500,271,265500,14114,5300,213504,1000,222085941
1532,2020/11/5,木,2,9,14,16,17,21,34,2,240046100,7,11057700,250,334300,13610,6400,224208,1000,0
1533,2020/11/9,月,15,22,27,37,38,41,5,2,117494300,11,6408900,222,342900,11570,6900,180971,1000,0
1534,2020/11/12,木,1,9,18,22,24,43,39,0,0,5,13683900,2112,348500,10940,7100,176794,1000,228058535
1535,2020/11/16,月,1,9,14,30,35,38,32,2,259475600,7,12467200,176,535500,9996,9900,176633,1000,0
1536,2020/11/19,木,2,5,9,30,37,40,28,1,200000000,3,22309600,254,284500,11880,6400,179760,1000,23089269
1537,2020/11/23,月,6,13,14,32,33,37,20,1,261378200,6,11914800,242,319000,10622,7600,170970,1000,0
1538,2020/11/26,木,8,14,19,33,35,40,38,0,0,2,36008400,171,454800,8973,9100,148552,1000,240048771
1539,2020/11/30,月,13,29,33,37,41,42,43,1,530475300,3,29043600,246,382500,11157,8900,179457,1000,0
1540,2020/12/3,木,1,20,25,28,33,37,31,2,118845000,5,14261800,143,538500,8086,10000,147506,1000,0
1541,2020/12/7,月,12,26,28,32,33,35,41,0,0,7,10348400,178,439500,9195,8900,158890,1000,241455786
1542,2020/12/10,木,11,12,16,17,20,36,18,0,0,1,81408600,203,433000,11041,8400,197546,1000,512809029
1543,2020/12/14,月,17,21,26,33,36,38,34,0,0,7,13559300,253,405100,12042,8900,207503,1000,829184615
1544,2020/12/17,木,3,11,25,26,39,42,34,1,600000000,7,13607700,447,230100,17871,6000,255915,1000,546688277
1545,2020/12/21,月,8,14,15,26,37,43,12,1,600000000,12,7720600,403,248200,15676,6700,232251,1000,255503255
1546,2020/12/24,木,1,18,19,24,31,40,16,2,275572000,4,22173700,273,350800,12448,8100,202658,1000,0
1547,2020/12/28,月,4,11,14,17,22,39,21,1,200000000,10,7516900,362,224200,15510,5500,233230,1000,50556777
1548,2021/1/4,月,18,24,26,35,39,42,32,0,0,2,39785700,227,378500,10473,8600,167576,1000,315786518
1549,2021/1/7,木,4,5,27,28,35,41,33,0,0,3,27345100,244,363000,13348,7000,207970,1000,589229311
1550,2021/1/11,月,8,11,22,32,37,42,41,1,600000000,5,17320300,268,348900,14542,6700,233369,1000,277893021
1551,2021/1/14,木,3,14,18,24,38,43,23,3,180897400,9,8826900,302,284000,14183,6300,218705,1000,0
1552,2021/1/18,月,5,9,15,30,32,39,11,1,200000000,4,19264300,214,388800,11524,7600,185083,1000,56849793
1553,2021/1/21,木,7,8,16,32,41,42,31,4,77867100,9,8487500,209,394700,10426,8300,175449,1000,0
1554,2021/1/25,月,6,14,16,27,40,42,26,2,124357100,4,18654100,191,421900,9880,8600,167174,1000,0
1555,2021/1/28,木,2,8,17,23,24,27,5,2,101798900,6,10180200,338,195100,15824,4400,231076,1000,0
1556,2021/2/1,月,10,19,28,30,38,42,18,0,0,4,19282600,171,487100,9192,9500,160550,1000,257093373
1557,2021/2/4,木,5,21,22,23,26,39,31,0,0,8,9945200,184,466900,11703,7700,195810,1000,522290979
1558,2021/2/8,月,1,12,25,27,39,42,16,1,600000000,7,12490300,329,287000,14877,6700,232071,1000,213722015
1559,2021/2/11,木,4,15,17,20,26,31,43,1,480866800,6,13357600,243,356100,12186,7500,191409,1000,0
1560,2021/2/15,月,7,19,24,32,40,42,22,1,200000000,6,12175200,265,297700,11625,7100,179639,1000,43496170
1561,2021/2/18,木,12,15,26,34,35,38,7,2,149668200,11,6977600,216,383700,10465,8300,165668,1000,0
1562,2021/2/22,月,2,4,15,16,26,33,25,0,0,12,5888600,293,260400,13686,5800,206126,1000,235538502
1563,2021/2/25,木,1,12,20,26,35,37,2,0,0,2,41506700,232,386400,10692,8800,182066,1000,512240826
1564,2021/3/1,月,5,6,18,20,27,37,7,3,268498000,6,14663100,277,343000,15724,6300,254101,1000,0
1565,2021/3/4,木,5,9,17,28,30,37,27,1,200000000,10,6611400,345,206900,13960,5400,199839,1000,20374543
1566,2021/3/8,月,12,13,20,24,30,35,34,2,139763500,5,15549600,194,432800,10349,8500,177380,1000,0
1567,2021/3/11,木,5,7,19,26,37,40,34,2,111522300,6,11152600,286,252600,12559,6000,186887,1000,0
1568,2021/3/15,月,2,5,7,10,16,34,14,0,0,5,13305700,261,275200,13564,5500,209052,1000,221755287
1569,2021/3/18,木,2,8,29,31,32,33,16,0,0,14,5765000,214,407300,10743,8500,184879,1000,490783276
1570,2021/3/22,月,1,19,22,23,31,36,24,1,600000000,6,14617500,239,396300,11847,8400,203824,1000,183123869
1571,2021/3/25,木,1,2,5,25,40,41,26,1,447344100,8,9908500,227,377100,11630,7700,190160,1000,0
1572,2021/3/29,月,4,6,10,19,28,38,40,4,54869000,4,16461200,432,164600,17072,4400,224595,1000,0
1573,2021/4/1,木,2,10,16,38,39,43,11,1,200000000,4,20173400,206,423000,10527,8700,174037,1000,68970442
1574,2021/4/5,月,1,2,3,20,31,32,13,1,321516000,7,10823700,282,290100,10628,8100,185386,1000,0
1575,2021/4/8,木,2,8,15,24,32,39,9,5,42570000,6,10642800,509,135400,15447,4700,198290,1000,0
1576,2021/4/12,月,5,7,10,17,29,32,37,1,200000000,6,11038000,296,241600,13636,5500,206274,1000,20753880
1577,2021/4/15,木,13,14,15,28,37,39,4,0,0,11,6768900,224,358900,11617,7300,177471,1000,268942151
1578,2021/4/19,月,3,15,17,19,21,34,4,2,273075900,11,7560500,265,338900,13193,7100,206455,1000,0
1579,2021/4/22,木,23,29,32,33,37,42,1,0,0,6,12516400,155,523200,9139,9300,151537,1000,250321018
1580,2021/4/26,月,5,7,11,12,24,31,3,9,54374500,28,2561300,756,102400,24592,3300,303210,1000,0
1581,2021/4/29,木,6,12,30,31,41,43,1,0,0,9,7678300,210,355300,9733,8100,153376,1000,230344081
1582,2021/5/3,月,18,32,35,36,39,41,28,0,0,4,21594400,196,475900,8856,11100,156476,1000,518260405
1583,2021/5/6,木,5,7,16,34,39,41,29,0,0,7,12722200,272,353500,13061,7700,210487,1000,815104198
1584,2021/5/10,月,13,15,18,30,37,43,9,1,600000000,8,12945100,262,426800,12708,9200,217627,1000,560297731
1585,2021/5/13,木,2,6,10,13,16,32,9,0,0,9,9272900,329,273900,15843,6000,248969,1000,838477235
1586,2021/5/17,月,2,13,19,27,40,42,14,0,0,8,12268300,303,349800,14154,7900,228239,1000,1165623025
1587,2021/5/20,木,16,21,22,27,36,43,37,0,0,10,10609500,265,432300,12914,9300,221825,1000,1519263024
1588,2021/5/24,月,6,16,27,31,32,34,11,0,0,5,21922100,319,371000,16401,7600,269544,1000,1884619690
1589,2021/5/27,木,11,21,25,31,36,39,32,1,600000000,10,11702000,274,461200,16236,8200,252875,1000,1674674315
1590,2021/5/31,月,10,12,15,29,33,42,17,1,600000000,9,11966900,374,311000,16918,7200,274415,1000,1433672168
1591,2021/6/3,木,7,9,18,21,26,43,14,1,600000000,8,12619300,335,325400,16471,6900,259810,1000,1170178009
1592,2021/6/7,月,4,16,25,30,36,43,19,1,600000000,13,7959700,292,382700,13156,8900,215757,1000,915087669
1593,2021/6/10,木,6,17,18,35,37,38,16,0,0,12,7639200,290,341300,15346,6800,242461,1000,1220647866
1594,2021/6/14,月,1,5,6,13,34,36,18,1,600000000,5,19837900,415,258100,15310,7300,265783,1000,951269641
1595,2021/6/17,木,16,21,30,32,40,43,15,1,600000000,6,18539400,205,586000,12152,10400,208449,1000,722046804
1596,2021/6/21,月,10,15,30,35,42,43,26,0,0,7,14727600,244,456200,12402,9400,207286,1000,1065679551
1597,2021/6/24,木,2,3,8,17,23,32,12,3,454290200,16,5572500,678,142000,23742,4200,314289,1000,0
1598,2021/6/28,月,9,11,26,28,39,43,1,1,200000000,7,11321300,233,367300,12232,7300,200172,1000,64156365
1599,2021/7/1,木,1,2,20,22,35,38,4,1,337889600,6,13687100,222,399500,9913,9400,171486,1000,0
1600,2021/7/5,月,7,14,22,35,37,39,24,1,200000000,10,7587600,261,313900,11686,7400,183089,1000,52913916
1601,2021/7/8,木,6,13,17,18,21,41,37,0,0,6,12277700,279,285100,12639,6600,199644,1000,298461714
1602,2021/7/12,月,1,2,7,14,32,42,33,0,0,4,20933100,282,320600,14031,6800,230385,1000,577560631
1603,2021/7/15,木,4,6,32,35,40,42,26,0,0,5,18857100,196,519500,11361,9400,193113,1000,891835621
1604,2021/7/19,月,12,21,23,36,37,38,6,4,303278000,16,6024100,306,340100,14598,7500,229118,1000,0
1605,2021/7/22,木,2,5,8,20,29,40,6,0,0,3,22472800,232,313800,12329,6200,187754,1000,224721445
1606,2021/7/26,月,18,23,25,26,32,34,43,1,505790600,33,2555200,239,381000,11356,8400,188067,1000,0
1607,2021/7/29,木,10,13,14,15,17,22,40,0,0,3,23159200,159,471900,9702,8100,166900,1000,231585365
1608,2021/8/2,月,10,18,22,23,25,35,19,1,509282000,6,13885200,232,387800,12572,7500,205473,1000,0
1609,2021/8/5,木,4,12,16,34,35,41,5,1,200000000,6,11578400,191,392800,9376,8400,157972,1000,31561885
1610,2021/8/9,月,1,8,13,22,41,42,40,0,0,4,17643400,194,392800,10501,7600,173671,1000,266800327
1611,2021/8/12,木,3,14,16,24,32,36,34,2,259020800,5,15074900,314,259200,14199,6000,211211,1000,0
1612,2021/8/16,月,5,8,12,16,27,38,42,8,25388800,16,3808400,529,124400,19245,3600,240064,1000,0
1613,2021/8/19,木,9,17,22,25,30,41,15,0,0,8,8568900,212,349200,10475,7400,162397,1000,228496717
1614,2021/8/23,月,4,5,20,29,40,43,24,0,0,2,43923000,201,471900,10038,9900,172594,1000,521307271
1615,2021/8/26,木,2,5,6,13,19,29,25,1,600000000,16,5080400,431,203600,18546,5000,280761,1000,192257783
1616,2021/8/30,月,1,4,6,21,34,41,12,1,478273700,9,9534100,231,401100,11883,8200,207857,1000,0
1617,2021/9/2,木,2,19,21,24,26,41,23,1,200000000,7,10506500,190,418000,10156,8200,173195,1000,45144696
1618,2021/9/6,月,2,10,14,17,37,43,38,0,0,6,13240100,295,290800,12782,7000,205625,1000,309939596
1619,2021/9/9,木,3,5,17,20,24,38,13,1,582585000,12,6816300,380,232400,16998,5400,243682,1000,0
1620,2021/9/13,月,7,15,19,24,25,28,11,0,0,6,11811700,262,292100,13224,6100,212875,1000,236227979
1621,2021/9/16,木,3,10,22,23,26,39,1,1,512063000,10,8275300,305,293000,15040,6200,233592,1000,0
1622,2021/9/20,月,16,29,34,35,40,41,26,0,0,4,19032000,144,570900,8811,9800,140530,1000,253752770
1623,2021/9/23,木,7,12,15,17,19,29,22,2,260837600,10,8037900,290,299300,14225,6400,229953,1000,0
1624,2021/9/27,月,3,5,17,25,33,39,19,4,57625000,15,4610100,451,165500,16407,4800,217094,1000,0
1625,2021/9/30,木,1,4,8,11,30,42,9,0,0,11,6022500,348,205500,16268,4600,224954,1000,220819031
1626,2021/10/4,月,9,11,19,23,30,43,27,0,0,5,16850200,274,332000,14435,6600,226053,1000,501647043
1627,2021/10/7,木,21,22,23,26,36,38,13,0,0,4,23683300,226,452600,11606,9300,199656,1000,817414530
1628,2021/10/11,月,1,3,10,12,26,42,13,2,563845400,8,11635700,432,232700,20482,5100,297732,1000,0
1629,2021/10/14,木,19,23,30,31,32,40,13,0,0,7,10802500,143,571000,7879,10900,142296,1000,252051095
1630,2021/10/18,月,10,11,24,33,34,36,42,4,136548900,5,17649200,241,395400,12433,8000,209522,1000,0
1631,2021/10/21,木,7,15,23,26,30,35,36,2,115123800,5,13935300,256,293900,11377,6900,179993,1000,0
1632,2021/10/25,月,1,9,24,28,31,41,2,3,80875700,8,9098800,198,397000,10176,8100,172404,1000,0
1633,2021/10/28,木,3,7,9,26,35,36,28,0,0,5,13634300,227,324300,11250,6900,188728,1000,227231251
1634,2021/11/1,月,18,19,20,23,29,35,17,0,0,5,17536000,194,488100,10330,9600,183460,1000,519489077
1635,2021/11/4,木,4,8,19,32,36,43,30,2,407945900,8,11115400,274,350400,12950,7800,209292,1000,0
1636,2021/11/8,月,1,12,24,26,30,36,29,4,59738300,8,8961000,259,298900,13857,5900,194786,1000,0
1637,2021/11/11,木,2,3,11,16,27,36,29,2,103420200,10,6205400,326,205500,14495,4800,220052,1000,0
1638,2021/11/15,月,21,25,26,35,39,40,18,0,0,5,15784300,116,734700,7532,11900,140514,1000,263064473
1639,2021/11/18,木,5,9,13,20,26,32,28,0,0,15,5235100,365,232300,14117,6300,211547,1000,524812177
1640,2021/11/22,月,8,9,19,21,27,30,17,2,401018100,10,8316900,378,237600,16800,5600,254068,1000,0
1641,2021/11/25,木,2,5,7,12,16,20,33,7,29018900,3,20313900,475,138500,17450,3900,230494,1000,0
1642,2021/11/29,月,5,15,16,24,34,39,13,1,200000000,5,14325400,258,299800,10761,7500,172029,1000,38749670
1643,2021/12/2,木,10,11,12,15,16,40,33,2,140904800,6,12153300,182,432600,10892,7600,184844,1000,0
1644,2021/12/6,月,1,9,14,28,32,40,15,1,200000000,4,18598900,240,334700,10030,8400,162899,1000,47978103
1645,2021/12/9,木,2,8,13,14,33,40,6,3,93784600,7,10002100,431,175400,14167,5600,191024,1000,0
1646,2021/12/13,月,3,19,21,29,39,43,25,0,0,2,37005900,179,446500,9827,8500,165594,1000,246698413
1647,2021/12/16,木,3,8,14,15,19,35,12,0,0,10,8045800,300,289600,14999,6100,229171,1000,514883908
1648,2021/12/20,月,2,3,22,26,35,42,38,3,275607500,7,13369200,260,388700,14628,7300,244002,1000,0
1649,2021/12/23,木,8,16,19,23,29,41,1,0,0,5,14179300,291,263100,12649,6300,194130,1000,236315434
1650,2021/12/27,月,1,3,15,33,39,43,30,4,132929600,5,17724700,258,370900,13849,7300,221232,1000,0
1651,2021/12/30,木,7,12,15,21,27,32,28,2,119491000,6,11949400,357,216800,14745,5500,216560,1000,0
1652,2022/1/6,木,8,15,16,23,38,43,2,2,119844100,8,8988600,334,232500,15134,5400,198935,1000,0
1653,2022/1/10,月,2,7,10,12,29,36,6,1,200000000,8,8373400,389,185900,16118,4700,227195,1000,23285229
1654,2022/1/13,木,9,10,14,21,22,33,26,0,0,4,19692900,256,332300,13504,6600,208882,1000,285849238
1655,2022/1/17,月,21,23,31,38,42,43,40,0,0,5,19268900,185,562400,9924,11000,180169,1000,606988061
1656,2022/1/20,木,11,12,14,28,36,38,37,2,462303000,5,19057700,303,339600,14723,7300,240889,1000,0
1657,2022/1/24,月,11,13,16,19,20,38,25,1,200000000,7,11051700,229,364800,10017,8800,168876,1000,57866369
1658,2022/1/27,木,10,11,19,29,30,36,37,2,160290900,11,7165200,281,302900,13573,6600,210222,1000,0
1659,2022/1/31,月,4,10,23,25,37,42,6,1,200000000,15,4981600,236,341900,11924,7100,189368,1000,49073733
1660,2022/2/3,木,3,13,29,35,42,43,15,1,321050200,5,16319100,175,503500,9686,9600,170616,1000,0
1661,2022/2/7,月,6,14,31,35,38,43,12,0,0,7,11143800,147,573000,8470,10500,152410,1000,260015227
1662,2022/2/10,木,4,17,18,25,26,27,32,1,518825300,7,11092200,322,260400,14880,5900,223911,1000,0
1663,2022/2/14,月,1,6,19,21,27,39,3,0,0,3,22810400,265,278800,12383,6300,190416,1000,228097048
1664,2022/2/17,木,7,10,17,20,21,27,15,1,498086000,11,7363500,394,222000,15377,6000,230196,1000,0
1665,2022/2/21,月,19,22,24,29,34,41,9,1,200000000,5,14855900,170,471800,9511,8900,160291,1000,47590471
1666,2022/2/24,木,14,16,26,37,41,43,31,0,0,3,26370100,180,474600,8781,10200,154486,1000,311283430
1667,2022/2/28,月,5,8,18,25,40,43,17,0,0,9,9643600,266,352300,13878,7100,224283,1000,600583728
1668,2022/3/3,木,5,16,21,24,31,34,29,1,600000000,7,14200400,245,438100,13351,8400,225803,1000,331915902
1669,2022/3/7,月,2,4,13,14,22,29,26,2,306391000,2,42131200,365,249300,17300,5500,254940,1000,0
1670,2022/3/10,木,1,16,20,23,32,37,18,0,0,7,10521000,205,387900,10177,8200,168079,1000,245483960
1671,2022/3/14,月,16,27,37,38,39,43,10,1,549305500,5,18229800,227,433600,12215,8500,198083,1000,0
1672,2022/3/17,木,6,17,22,27,37,42,34,2,114360000,3,22872700,312,237500,12599,6200,190739,1000,0
1673,2022/3/21,月,24,33,35,36,41,43,21,0,0,2,36758800,160,496200,7928,10500,139948,1000,245050874
1674,2022/3/24,木,14,19,25,29,33,43,31,1,522554500,5,16650700,202,445100,11443,8300,189233,1000,0
1675,2022/3/28,月,2,3,17,27,28,34,6,1,200000000,5,15388500,285,291500,14311,6100,225357,1000,56467348
1676,2022/3/31,木,5,13,21,27,31,36,11,0,0,6,12692400,316,260200,13050,6600,196907,1000,310308997
1677,2022/4/4,月,11,20,26,31,34,38,32,3,205631800,6,15329800,251,395700,10701,9800,185964,1000,0
1678,2022/4/7,木,3,15,17,21,22,23,13,2,109880500,6,10988400,277,257000,12978,5700,200889,1000,0
1679,2022/4/11,月,10,12,13,21,31,41,27,0,0,3,24452600,241,328700,11038,7500,177907,1000,244518910
1680,2022/4/14,木,4,19,29,32,35,42,25,0,0,4,20805300,233,385700,11332,8300,188617,1000,521914281
1681,2022/4/18,月,1,7,11,13,15,42,33,0,0,5,19115200,248,416200,15630,6900,261493,1000,840491202
1682,2022/4/21,木,6,9,10,21,33,41,14,0,0,11,9234200,373,294000,17452,6600,278571,1000,1179068911
1683,2022/4/25,月,6,15,28,30,32,43,21,3,526693900,7,17186800,350,371200,16464,8300,269939,1000,0
1684,2022/4/28,木,5,10,26,30,34,40,31,1,200000000,3,25291800,196,418000,9927,8700,165841,1000,52910000
1685,2022/5/2,月,1,26,27,28,33,37,8,1,332065800,7,11964200,154,587300,9785,9700,180626,1000,0
1686,2022/5/5,木,7,8,9,23,25,41,11,2,102693600,8,7702200,229,290500,11876,5900,189112,1000,0
1687,2022/5/9,月,20,21,23,26,29,35,22,0,0,8,9602900,195,425400,8438,10200,149755,1000,256069713
1688,2022/5/12,木,2,4,10,24,34,42,8,3,173844600,28,2844300,393,218800,15975,5600,224888,1000,0
1689,2022/5/16,月,4,7,21,22,34,42,31,5,48329100,5,14499200,261,299900,11145,7400,178764,1000,0
1690,2022/5/19,木,8,16,21,23,29,37,38,3,72360700,6,10854400,382,184100,13050,5600,188138,1000,0
1691,2022/5/23,月,13,16,18,29,33,41,26,0,0,2,36358400,234,335600,9859,8400,163684,1000,242381810
1692,2022/5/26,木,4,8,17,31,37,42,14,1,520778600,6,13920200,298,302600,13542,7000,214202,1000,0
1693,2022/5/30,月,7,8,21,23,34,36,11,1,200000000,7,9766000,336,219700,13770,5600,196104,1000,27866964
1694,2022/6/2,木,2,12,14,26,32,37,29,1,267868300,4,18000600,290,268100,13521,6000,199197,1000,0
1695,2022/6/6,月,3,8,14,18,28,37,39,1,200000000,3,21612900,311,225100,14464,5100,202022,1000,16122806
1696,2022/6/9,木,2,4,13,18,32,35,12,0,0,4,17990800,214,363100,10627,7700,174749,1000,255992308
1697,2022/6/13,月,2,3,11,12,22,35,26,1,516523200,16,4885100,416,202900,19347,4600,267267,1000,0
1698,2022/6/16,木,6,16,18,33,42,43,11,0,0,6,11776700,189,403700,10027,8000,161958,1000,235526810
1699,2022/6/20,月,4,6,16,27,39,42,1,1,507202600,10,8150500,347,253600,15571,5900,235257,1000,0
1700,2022/6/23,木,11,19,20,27,31,35,6,0,0,5,14267000,184,418600,9726,8300,158718,1000,237776885
1701,2022/6/27,月,5,8,27,30,33,39,10,3,168435800,10,8026100,278,311700,13957,6500,219062,1000,0
1702,2022/6/30,木,2,6,7,18,27,38,14,1,198347600,11,5409600,330,194700,15967,4200,220299,1000,0
1703,2022/7/4,月,14,22,23,30,33,38,18,1,200000000,7,10567800,194,411800,8986,9300,151198,1000,46576051
1704,2022/7/7,木,1,5,18,26,39,40,31,0,0,11,6705900,261,305200,10994,7600,172175,1000,292451884
1705,2022/7/11,月,3,6,9,28,37,41,5,2,272161500,6,12593900,365,223500,15628,5500,236791,1000,0
1706,2022/7/14,木,13,15,32,35,37,38,25,0,0,3,22771900,148,498500,8095,9600,136595,1000,227711765
1707,2022/7/18,月,14,16,28,34,35,36,26,1,489691600,9,8732900,284,298800,10901,8200,172327,1000,0
1708,2022/7/21,木,1,20,29,35,40,41,16,0,0,1,72542400,119,658300,6683,12300,117225,1000,241800268
1709,2022/7/25,月,3,4,7,20,22,41,5,1,496248600,6,12722800,339,243100,14145,6100,214848,1000,0
1710,2022/7/28,木,1,2,21,27,32,37,14,0,0,11,5897300,152,460900,9877,7400,165872,1000,216230165
1711,2022/8/1,月,3,32,33,34,35,40,5,0,0,2,43346600,148,632600,8686,11300,150390,1000,505198420
1712,2022/8/4,木,1,5,15,24,25,28,14,0,0,10,7820500,345,244800,15785,5600,235178,1000,765874905
1713,2022/8/8,月,6,32,38,39,40,42,37,0,0,9,10798600,180,583100,11550,9600,186956,1000,1089824702
1714,2022/8/11,木,11,15,20,26,33,42,16,0,0,7,13240100,279,358700,12313,8500,205132,1000,1398751276
1715,2022/8/15,月,2,6,15,16,32,37,25,5,340516100,12,7595900,574,171400,21046,4900,286778,1000,0
1716,2022/8/18,木,2,26,27,32,38,42,9,0,0,5,13511100,265,275300,11403,6700,174199,1000,225178871
1717,2022/8/22,月,15,21,23,24,33,36,40,1,505268900,9,9336600,215,422000,12251,7800,202259,1000,0
1718,2022/8/25,木,1,6,9,15,18,38,10,0,0,6,10784200,214,326500,13129,5600,202935,1000,215678318
1719,2022/8/29,月,4,11,15,16,35,39,36,3,163593600,6,13755500,235,379200,13216,7100,220615,1000,0
1720,2022/9/1,木,1,5,18,25,32,38,20,2,112190500,7,9616600,347,209500,12497,6100,182995,1000,0
1721,2022/9/5,月,7,8,14,17,22,39,30,4,56371800,5,13529600,306,238700,14160,5400,209185,1000,0
1722,2022/9/8,木,2,5,30,33,36,42,28,2,117408500,3,23482400,141,539500,8419,9500,148633,1000,0
1723,2022/9/12,月,6,10,15,16,30,38,26,0,0,10,6743000,282,258200,14304,5300,208888,1000,224760293
1724,2022/9/15,木,6,9,24,26,33,37,16,2,237946800,6,12557000,283,287500,14027,6100,226283,1000,0
1725,2022/9/19,月,2,10,16,17,20,28,1,1,200000000,10,6212700,257,261000,11045,6400,171906,1000,7084941
1726,2022/9/22,木,9,14,16,21,27,43,26,0,0,4,17855400,247,312200,11534,7000,178543,1000,245150001
1727,2022/9/26,月,3,13,16,22,33,42,15,2,254648900,8,9905800,299,286200,14002,6400,217491,1000,0
1728,2022/9/29,木,4,8,14,18,26,38,3,2,106579500,10,6394900,379,182200,14880,4900,201879,1000,0
1729,2022/10/3,月,11,15,24,25,28,31,9,0,0,7,9663200,238,306900,12410,6200,190327,1000,225468042
1730,2022/10/6,木,4,8,16,21,22,26,23,2,231356100,7,10167900,333,230800,15681,5100,231967,1000,0
1731,2022/10/10,月,3,7,19,21,32,35,6,3,71117500,8,8000900,287,240800,12152,6000,179159,1000,0
1732,2022/10/13,木,3,18,19,34,38,42,14,0,0,8,8568100,304,243500,9264,8400,149547,1000,228477301
1733,2022/10/17,月,22,24,25,27,29,39,7,1,516755500,5,17297200,217,430400,10142,9700,180344,1000,0
1734,2022/10/20,木,5,6,11,19,28,35,42,2,103129400,11,5625400,371,180100,14867,4700,209076,1000,0
1735,2022/10/24,月,1,21,24,33,40,41,12,0,0,6,12300800,158,504400,9053,9300,149442,1000,246009338
1736,2022/10/27,木,6,9,25,26,27,32,11,4,123702000,14,5331500,306,263400,14522,5800,223540,1000,0
1737,2022/10/31,月,12,14,22,24,29,33,3,0,0,12,5725000,236,314300,10954,7100,181503,1000,228993138
1738,2022/11/3,木,7,12,20,31,33,43,14,3,168079300,5,16515200,199,448100,10832,8600,181251,1000,0
1739,2022/11/7,月,1,7,12,36,37,39,41,1,200000000,11,6690100,164,484600,9844,8500,173012,1000,45299092
1740,2022/11/10,木,14,21,24,27,31,38,5,0,0,5,14684000,210,377500,10768,7700,180850,1000,290024789
1741,2022/11/14,月,4,14,17,19,22,42,6,2,282134100,12,6856300,250,355400,13897,6700,219304,1000,0
1742,2022/11/17,木,16,20,22,29,33,40,25,0,0,4,18222900,177,444700,8623,9600,143246,1000,242964451
1743,2022/11/21,月,3,17,18,19,20,42,9,1,525681400,7,12116800,252,363400,11987,8000,194416,1000,0
1744,2022/11/24,木,1,8,21,25,26,35,20,0,0,9,7256700,168,419800,10207,7300,171976,1000,217695740
1745,2022/11/28,月,7,9,10,21,39,40,32,0,0,5,16478300,273,325900,12451,7500,202287,1000,492325906
1746,2022/12/1,木,3,11,14,22,27,32,31,0,0,9,8922700,393,220600,17779,5100,266501,1000,760000989
1747,2022/12/5,月,1,9,11,14,15,40,32,0,0,7,13716500,326,318000,14944,7300,241368,1000,1080044049
1748,2022/12/8,木,8,11,23,28,36,39,6,2,600000000,17,5685600,435,239900,19062,5700,280635,1000,202218000
1749,2022/12/12,月,1,4,13,17,31,34,18,1,496122900,7,12596300,277,343700,12676,7900,208574,1000,0
1750,2022/12/15,木,3,15,18,21,34,40,1,1,200000000,6,12054600,242,322700,10233,8000,162161,1000,41084530
1751,2022/12/19,月,1,12,21,24,29,42,32,2,145793100,6,12525500,264,307400,13184,6500,208091,1000,0
1752,2022/12/22,木,2,5,15,20,22,36,8,0,0,8,8379700,277,261300,12088,6300,190890,1000,223452511
1753,2022/12/26,月,1,2,4,9,22,25,38,4,120198100,7,11029200,548,152100,21289,4100,281829,1000,0
1754,2022/12/29,木,3,6,7,19,35,39,21,0,0,15,4527300,277,264700,14117,5400,215037,1000,226358966
1755,2023/1/5,木,4,11,13,26,27,36,15,1,492706600,7,11415200,321,268800,15302,5900,232237,1000,0
1756,2023/1/9,月,19,25,29,36,37,41,2,3,90288300,8,10157700,186,471800,8873,10400,154982,1000,0
1757,2023/1/12,木,6,12,15,35,36,39,42,1,200000000,2,34642100,212,352900,11043,7100,177093,1000,30940310
1758,2023/1/16,月,7,14,28,32,42,43,17,2,143786400,9,8554700,270,307900,12191,7200,175124,1000,0
1759,2023/1/19,木,1,10,25,27,28,33,15,0,0,9,7412500,192,375200,10474,7200,175779,1000,222368506
1760,2023/1/23,月,8,14,18,38,39,42,30,0,0,4,20677700,266,335800,12546,7500,198360,1000,498062325
1761,2023/1/26,木,5,7,13,21,23,30,42,1,600000000,8,9644700,317,262800,15702,5600,234463,1000,155247670
1762,2023/1/30,月,1,6,7,20,37,40,10,2,211296300,10,8020600,223,388400,11560,7900,191530,1000,0
1763,2023/2/2,木,2,6,20,30,31,41,11,0,0,6,11800400,206,371100,9616,8400,160293,1000,236001349
1764,2023/2/6,月,16,21,26,31,39,42,41,0,0,6,14356700,177,525500,10495,9300,183634,1000,523127255
1765,2023/2/9,木,1,10,15,19,20,32,6,0,0,8,10742600,265,350200,12807,7600,212878,1000,809588526
1766,2023/2/13,月,16,19,25,26,35,43,38,1,600000000,5,19787000,241,443300,12399,9100,201471,1000,539361496
1767,2023/2/16,木,7,15,17,21,32,35,43,2,411168200,5,16979000,328,279500,14379,6700,223026,1000,0
1768,2023/2/20,月,6,21,30,32,39,40,34,0,0,3,25346400,164,500700,8552,10100,150881,1000,253456544
1769,2023/2/23,木,4,11,15,19,28,32,34,0,0,7,10585400,302,264900,14387,5800,217004,1000,500442562
1770,2023/2/27,月,1,11,18,24,37,43,28,2,398402400,9,9879000,339,283200,14554,6900,225402,1000,0
1771,2023/3/2,木,3,6,12,16,31,42,40,1,200000000,8,8080900,276,252900,13180,5500,205337,1000,15485862
1772,2023/3/6,月,5,21,22,30,32,36,16,0,0,9,8407600,185,441700,9844,8700,174141,1000,267706152
1773,2023/3/9,木,12,21,22,27,31,32,20,0,0,2,40108500,286,302900,11383,8000,196004,1000,535087487
1774,2023/3/13,月,17,18,26,30,36,40,3,0,0,11,8441600,184,545000,10167,10400,174847,1000,844604763
1775,2023/3/16,木,4,5,9,26,27,29,43,1,600000000,5,16722400,424,212900,17819,5300,267111,1000,523302617
1776,2023/3/20,月,5,11,18,25,33,38,32,8,99346200,17,4790700,511,172100,17514,5300,237601,1000,0
1777,2023/3/23,木,5,16,19,21,30,35,11,1,200000000,7,10282300,203,382900,11354,7200,180923,1000,39914722
1778,2023/3/27,月,9,19,24,25,26,39,34,0,0,6,12165300,223,353400,12239,6800,193701,1000,283213972
1779,2023/3/30,木,11,13,20,33,35,40,34,0,0,6,14013600,178,510100,9678,9900,165807,1000,563477875
1780,2023/4/3,月,1,5,19,26,35,37,32,0,0,13,6797500,355,268800,15712,6400,235858,1000,858029577
1781,2023/4/6,木,10,18,32,39,41,42,12,1,600000000,5,19640100,271,391300,11543,9700,199195,1000,585354422
1782,2023/4/10,月,7,31,32,36,39,42,34,0,0,6,15393600,211,472700,10577,9900,182324,1000,893217003
1783,2023/4/13,木,5,14,19,23,30,42,35,3,398379800,9,10064400,331,295500,13849,7400,225000,1000,0
1784,2023/4/17,月,3,19,30,32,36,40,42,0,0,12,6357500,193,426800,10005,8700,162735,1000,254293846
1785,2023/4/20,木,4,11,24,35,37,42,7,2,259104900,8,9897100,373,229200,15143,5900,214104,1000,0
1786,2023/4/24,月,2,5,6,26,33,35,13,3,74854700,1,67371500,270,269400,12831,5900,209893,1000,0
1787,2023/4/27,木,2,13,17,19,41,43,1,1,200000000,4,18013500,168,463100,8461,9700,149655,1000,40173376
1788,2023/5/1,月,3,14,16,19,26,39,9,3,94568500,6,12177000,467,168900,14438,5700,212411,1000,0
1789,2023/5/4,木,6,9,16,26,29,34,36,2,104929100,22,2861700,255,266600,10987,6500,169539,1000,0
1790,2023/5/8,月,6,14,18,22,29,30,36,1,200000000,17,3986900,253,289300,11445,6700,172214,1000,25920957
1791,2023/5/11,木,8,9,18,19,30,36,17,1,258224200,7,9956100,289,260400,13895,5700,204528,1000,0
1792,2023/5/15,月,1,4,16,31,32,41,30,0,0,4,17453500,245,307700,9198,8600,157342,1000,232706901
1793,2023/5/18,木,1,6,14,15,23,24,42,1,471004800,5,14298300,299,258200,13877,5800,215747,1000,0
1794,2023/5/22,月,24,29,32,35,36,40,39,1,200000000,0,0,138,578700,7407,11300,134471,1000,120468915
1795,2023/5/25,木,26,30,31,35,41,43,5,0,0,3,26201400,167,508300,7801,11400,135928,1000,382474902
1796,2023/5/29,月,2,5,15,16,23,26,32,1,600000000,25,2839300,394,194500,17769,4500,253912,1000,19076924
1797,2023/6/1,木,15,23,26,34,41,43,32,0,0,10,7531100,169,481200,8977,9500,146710,1000,270107659
1798,2023/6/5,月,4,5,19,32,34,37,41,1,537761200,7,11471200,232,373700,11820,7700,206986,1000,0
1799,2023/6/8,木,11,18,34,40,41,42,14,0,0,3,23387300,159,476500,7285,10900,129713,1000,233865642
1800,2023/6/12,月,6,12,13,15,17,41,27,0,0,4,19109900,194,425500,11398,7600,197422,1000,488656494
1801,2023/6/15,木,18,25,26,37,39,43,21,0,0,3,28285700,239,383400,12156,7900,192763,1000,771504813
1802,2023/6/19,月,1,9,34,35,39,42,33,1,600000000,8,12156000,210,500100,11367,9700,197331,1000,495654725
1803,2023/6/22,木,9,16,18,19,39,41,3,2,381595900,14,5733100,285,304100,13688,6600,206407,1000,0
1804,2023/6/26,月,12,14,18,25,36,42,26,0,0,7,10196400,242,318500,11685,6900,171226,1000,237908208
1805,2023/6/29,木,4,22,27,31,32,40,35,0,0,3,27572800,174,513400,10011,9400,168551,1000,513627388
1806,2023/7/3,月,11,30,35,38,40,43,12,0,0,6,15787100,180,568300,9382,11500,169096,1000,829360116
1807,2023/7/6,木,1,2,8,9,10,20,25,6,182247300,27,2934800,829,103200,24548,3600,283753,1000,0
1808,2023/7/10,月,2,10,27,38,40,41,11,1,200000000,7,10231100,176,439400,9544,8500,154445,1000,38718308
1809,2023/7/13,木,2,5,10,22,24,42,7,1,255706700,11,5918000,308,228200,14494,5100,205373,1000,0
1810,2023/7/17,月,4,17,26,30,31,43,25,0,0,6,11131300,203,355300,8916,8500,144812,1000,222620640
1811,2023/7/20,木,2,4,6,13,20,38,33,0,0,10,7240800,282,277200,12980,6300,205566,1000,463972886
1812,2023/7/24,月,10,13,18,28,36,39,7,2,372892500,10,8454600,226,404000,12342,7800,200246,1000,0
1813,2023/7/27,木,5,22,26,34,39,42,12,0,0,4,16555000,237,301700,10887,6900,160130,1000,220726195
1814,2023/7/31,月,1,2,13,21,23,31,5,3,159510400,9,8593700,248,336800,12018,7300,195835,1000,0
1815,2023/8/3,木,3,8,10,25,26,29,32,0,0,5,11573500,387,161400,15411,4200,209644,1000,192885681
1816,2023/8/7,月,2,21,25,34,35,40,6,0,0,1,85407600,217,425000,8684,11200,156533,1000,477568650
1817,2023/8/10,木,6,24,30,33,37,38,7,0,0,4,20066800,199,435600,11704,7800,193927,1000,745117766
1818,2023/8/14,月,2,11,23,25,34,36,1,3,338006100,5,16134500,292,298300,13468,6800,212589,1000,0
1819,2023/8/17,木,5,8,18,20,24,34,29,0,0,5,12806100,196,352800,10713,6800,175118,1000,213428141
1820,2023/8/21,月,5,10,30,35,36,41,23,0,0,3,27173000,183,481000,10318,9000,174492,1000,485149304
1821,2023/8/24,木,9,11,12,14,27,38,34,2,366131200,5,14827200,354,226100,16487,5100,240603,1000,0
1822,2023/8/28,月,5,18,21,22,26,42,8,1,200000000,12,5532400,254,282200,13028,5800,191145,1000,21290207
1823,2023/8/31,木,4,10,18,25,34,38,40,0,0,12,5783800,367,204200,13594,5800,191681,1000,252636681
1824,2023/9/4,月,6,7,13,18,25,43,33,1,516962700,9,8811100,317,270100,14658,6100,224083,1000,0
1825,2023/9/7,木,1,10,13,17,20,41,4,2,114153400,6,11415700,171,432500,9096,8500,154788,1000,0
1826,2023/9/11,月,7,14,18,19,22,25,38,0,0,9,7074700,254,270700,12145,5900,192732,1000,212235063
1827,2023/9/14,木,1,13,18,23,38,41,36,0,0,7,10890100,183,449800,11036,7800,179655,1000,466330270
1828,2023/9/18,月,1,6,9,16,18,22,8,1,600000000,32,2304300,381,209000,17596,4700,248601,1000,112124781
1829,2023/9/21,木,12,15,16,17,28,42,32,1,351361300,6,11962200,209,370800,10978,7400,182364,1000,0
1830,2023/9/25,月,4,10,23,29,31,36,6,0,0,10,6884600,246,302200,10774,7200,166683,1000,229479469
1831,2023/9/28,木,1,14,17,27,32,43,42,2,245962100,4,19684000,234,363300,10395,8600,169862,1000,0
1832,2023/10/2,月,2,7,20,25,35,40,6,3,79450400,1,71507700,207,373000,10163,8000,161849,1000,0
1833,2023/10/5,木,7,13,34,37,42,43,38,1,200000000,2,34012200,156,470900,8188,9400,139460,1000,26740704
1834,2023/10/9,月,14,21,30,38,40,42,20,0,0,7,10296000,128,608000,7299,11200,129422,1000,266974272
1835,2023/10/12,木,11,20,23,24,31,33,1,0,0,9,8338900,212,382300,10914,7800,185534,1000,517135946
1836,2023/10/16,月,13,17,18,22,23,41,26,2,399234500,7,12057500,325,280400,14141,6800,220563,1000,0
1837,2023/10/19,木,16,17,27,34,38,42,20,0,0,5,13849600,206,363000,9848,8000,156611,1000,230820246
1838,2023/10/23,月,3,13,23,28,30,43,5,3,165067400,3,23439000,623,137400,13401,6700,188156,1000,0
1839,2023/10/26,木,2,5,26,32,34,40,21,0,0,6,10869100,217,324500,10134,7300,158345,1000,217376707
1840,2023/10/30,月,4,9,15,21,26,33,13,0,0,6,12531700,354,229300,14922,5700,215161,1000,468003679
1841,2023/11/2,木,8,11,15,31,33,38,30,1,600000000,5,16042900,282,307100,13287,6800,215515,1000,135376643
1842,2023/11/6,月,4,6,9,24,26,29,35,7,52614100,6,11646400,429,175900,17538,4500,236521,1000,0
1843,2023/11/9,木,4,5,10,19,26,37,3,0,0,4,15128200,343,190500,14791,4600,201976,1000,201702992
1844,2023/11/13,月,12,15,28,31,34,43,9,1,475066400,15,5467400,247,358500,11122,8400,170228,1000,0
1845,2023/11/16,木,10,22,25,30,31,39,28,1,200000000,3,22239800,185,389400,9157,8300,150460,1000,22390898
1846,2023/11/20,月,6,8,15,16,33,37,34,0,0,3,22930400,278,267200,12611,6200,195059,1000,251687935
1847,2023/11/23,木,18,22,25,35,36,39,43,1,505533800,3,25385400,237,347000,11233,7700,177427,1000,0
1848,2023/11/27,月,3,23,26,27,31,35,10,1,200000000,2,34049500,173,425100,9904,7800,169010,1000,26989766
1849,2023/11/30,木,11,15,17,33,36,41,6,1,262837000,6,11792700,205,372700,9585,8400,165533,1000,0
1850,2023/12/4,月,1,8,23,30,36,41,39,0,0,2,35503500,201,381500,9540,8400,159827,1000,236682846
1851,2023/12/7,木,8,9,10,16,17,39,4,0,0,8,9377800,232,349200,12986,6500,215232,1000,486750428
1852,2023/12/11,月,15,16,24,26,35,43,38,0,0,6,15311900,251,395200,12819,8100,210184,1000,792979562
1853,2023/12/14,木,11,13,24,26,28,34,17,2,548747800,4,22839400,314,314200,14733,7000,243093,1000,0
1854,2023/12/18,月,7,8,12,25,30,32,40,0,0,7,9442700,327,218300,14206,5300,210210,1000,220323037
1855,2023/12/21,木,21,24,26,30,31,38,3,0,0,7,12570800,187,508100,10003,10000,181745,1000,513633078
1856,2023/12/25,月,4,10,19,31,34,35,43,1,600000000,13,7598500,259,411800,13102,8600,219102,1000,242890729
1857,2023/12/28,木,11,16,20,23,38,41,33,0,0,7,12363500,306,305400,13047,7500,206570,1000,531364755
1858,2024/1/4,木,12,13,17,22,35,40,5,0,0,9,9691800,206,457200,11798,8400,199393,1000,822109563
1859,2024/1/8,月,1,4,11,28,37,39,15,0,0,15,6239300,346,292100,16258,6500,258228,1000,1134064954
1860,2024/1/11,木,8,15,20,21,31,34,28,2,600000000,6,17360400,307,366400,15308,7700,246612,1000,281262616
1861,2024/1/15,月,2,12,13,27,39,40,30,2,282827200,6,14220000,351,262500,13602,7100,208568,1000,0
1862,2024/1/18,木,25,27,33,37,38,43,16,1,200000000,1,72133000,148,526300,8046,10200,150753,1000,40435498
1863,2024/1/22,月,15,20,24,37,38,39,27,0,0,3,25987200,179,470300,10298,8600,175448,1000,300299055
1864,2024/1/25,木,14,22,28,34,41,42,11,1,574191000,4,20542500,292,303900,12679,7300,189153,1000,0
1865,2024/1/29,月,3,5,18,21,26,36,34,3,73761800,5,13277500,377,190100,15703,4800,214137,1000,0
1866,2024/2/1,木,8,19,21,29,38,40,12,0,0,9,7776000,210,359900,9262,8600,155571,1000,233273334
1867,2024/2/5,月,1,6,17,28,40,42,4,1,504004900,4,20305500,222,395100,11102,8300,184650,1000,0
1868,2024/2/8,木,3,7,22,23,24,32,2,2,101919500,9,6794800,260,254000,12979,5300,197603,1000,0
1869,2024/2/12,月,7,8,16,28,36,37,29,1,200000000,5,12971000,231,303200,11680,6300,177874,1000,16177185
1870,2024/2/15,木,5,9,13,23,25,40,27,0,0,8,8582900,196,378300,11444,6800,191508,1000,245047218
1871,2024/2/19,月,7,13,22,24,38,42,14,2,254066500,12,6577300,347,245600,14440,6200,213290,1000,0
1872,2024/2/22,木,3,18,20,25,34,40,31,1,200000000,5,13761100,181,410500,8384,9300,146924,1000,29345751
1873,2024/2/26,月,6,15,26,33,39,41,42,2,131721800,7,10033000,384,197500,14774,5400,196590,1000,0
1874,2024/2/29,木,13,31,33,36,41,43,29,0,0,1,71605600,171,452200,7384,11000,125656,1000,238677746
1875,2024/3/4,月,11,15,16,24,38,39,29,3,166298400,7,11152500,369,228400,15220,5800,221321,1000,0
1876,2024/3/7,木,4,7,17,31,38,43,30,0,0,4,16642400,194,370500,9108,8300,154575,1000,221891680
1877,2024/3/11,月,1,11,13,16,21,37,6,0,0,112,6523700,226,374000,12403,7200,208897,1000,482832946
1878,2024/3/14,木,6,8,12,18,32,38,39,2,368908100,8,9562100,375,220300,16295,5300,244254,1000,0
1879,2024/3/18,月,1,8,14,27,29,37,6,1,200000000,4,17606700,237,320900,11861,6700,186500,1000,34749329
1880,2024/3/21,木,9,14,21,31,33,43,30,0,0,5,14756900,159,501100,8391,10000,147309,1000,280690425
1881,2024/3/25,月,2,9,22,31,33,35,30,2,275084000,7,11549400,234,373100,10559,8700,186641,1000,0
1882,2024/3/28,木,3,6,11,25,36,43,10,1,200000000,8,7658700,258,256400,12873,5400,187345,1000,4226616
1883,2024/4/1,月,3,11,24,25,28,32,5,1,230077300,11,6159700,345,212100,14484,5300,213554,1000,0
1884,2024/4/4,木,20,25,29,36,38,42,19,0,0,2,35137900,115,659900,6648,12000,119386,1000,234245366
1885,2024/4/8,月,2,6,7,16,17,41,32,1,489806400,5,15334100,259,319600,12940,6700,211391,1000,0
1886,2024/4/11,木,1,6,19,25,33,39,15,2,105659600,4,15849400,269,254500,10737,6700,169989,1000,0
1887,2024/4/15,月,5,7,15,18,36,37,20,0,0,5,12964400,249,281100,11669,6300,187506,1000,216067328
1888,2024/4/18,木,4,5,6,28,29,39,7,0,0,8,9405100,298,272600,13312,6400,215270,1000,466861903
1889,2024/4/22,月,7,15,21,27,28,32,24,1,600000000,8,10332900,353,252900,15300,6100,229808,1000,142399180
1890,2024/4/25,木,17,21,29,34,41,42,2,0,0,15,5261000,155,549800,9264,9700,153993,1000,405444399
1891,2024/4/29,月,2,16,23,38,40,43,33,0,0,3,27179500,262,336100,11701,7900,185746,1000,677231175
1892,2024/5/2,木,7,8,9,19,22,38,24,1,600000000,10,8059700,324,268600,16844,5400,257525,1000,345879883
1893,2024/5/6,月,25,31,33,35,37,42,16,2,310731000,2,41338600,214,417200,9289,10100,159161,1000,0
1894,2024/5/9,木,19,29,36,37,41,42,35,0,0,7,10073100,187,407200,7375,10900,131350,1000,235032541
1895,2024/5/13,月,6,18,29,33,35,40,1,2,247410400,6,12989800,225,374000,10976,8100,175662,1000,0
1896,2024/5/16,木,5,12,15,16,28,40,1,0,0,13,4883400,256,267800,12217,5900,180802,1000,211609968
1897,2024/5/20,月,7,23,27,30,34,36,28,0,0,4,19197300,190,436400,10691,8100,177758,1000,467565603
1898,2024/5/23,木,5,19,23,26,31,42,32,3,241813300,8,9670600,328,254700,13386,6500,201791,1000,0
1899,2024/5/27,月,2,4,9,19,33,36,3,0,0,6,10743400,182,382500,11060,6600,179671,1000,214862563
1900,2024/5/30,木,3,9,29,30,39,42,23,0,0,3,24853600,252,319500,11853,7100,180600,1000,463390688
1901,2024/6/3,月,14,15,26,28,33,37,4,1,600000000,12,6738400,335,260600,14591,6300,206185,1000,132921531
1902,2024/6/6,木,4,7,15,18,35,40,12,1,374961800,6,12102400,217,361300,11086,7400,178100,1000,0
1903,2024/6/10,月,18,19,23,25,27,32,20,2,110005700,7,9429300,272,262000,10176,7400,169575,1000,0
1904,2024/6/13,木,14,21,23,24,28,36,7,0,0,10,6361800,139,494200,9390,7700,150025,1000,212054878
1905,2024/6/17,月,4,5,17,20,29,30,40,4,114995300,6,12396700,300,267700,13294,6300,200847,1000,0
1906,2024/6/20,木,1,8,21,22,30,42,24,3,70838900,6,10626100,184,374200,9802,7400,155995,1000,0
1907,2024/6/24,月,10,14,21,23,24,40,28,0,0,10,6805200,161,456400,9247,8300,153544,1000,226835269
1908,2024/6/27,木,3,9,21,25,42,43,36,0,0,7,10544900,221,360700,10942,7600,180783,1000,472876951
1909,2024/7/1,月,3,5,7,8,22,27,28,1,600000000,12,5710900,579,127800,23201,3300,290738,1000,101308807
1910,2024/7/4,木,2,8,24,29,30,31,6,1,332909800,5,13896500,219,342600,12224,6400,190945,1000,0
1911,2024/7/8,月,4,8,9,14,16,41,15,0,0,5,12744300,196,351100,11681,6200,190010,1000,212398251
1912,2024/7/11,木,1,11,24,29,33,34,4,0,0,7,10381600,234,335300,10923,7500,180344,1000,454629017
1913,2024/7/15,月,2,5,22,23,29,33,17,2,347186900,10,7192500,253,307000,13362,6100,212688,1000,0
1914,2024/7/18,木,4,10,22,24,36,38,8,2,106724200,11,5821500,206,335700,9894,7300,164197,1000,0
1915,2024/7/22,月,4,10,14,19,24,40,15,0,0,4,15969200,215,320800,10894,6600,163172,1000,212916545
1916,2024/7/25,木,5,13,18,23,30,39,33,1,442499500,12,5739700,292,254700,12724,6100,190803,1000,0
1917,2024/7/29,月,3,12,14,29,30,33,21,1,200000000,7,9484800,271,264500,12663,5900,192714,1000,21305800
1918,2024/8/1,木,3,4,5,6,18,20,11,6,37642000,23,2668000,404,164000,16771,4100,211902,1000,0
1919,2024/8/5,月,5,17,19,21,38,41,6,3,70987400,7,9127200,225,306600,10185,7100,158281,1000,0
1920,2024/8/8,木,6,10,22,23,31,36,37,2,100599100,5,12072200,260,250700,11452,6000,172173,1000,0
1921,2024/8/12,月,1,2,13,25,33,41,31,1,200000000,4,15299900,241,274200,9700,7200,149266,1000,3992505
1922,2024/8/15,木,3,11,22,31,33,35,13,0,0,10,6250300,298,226500,11489,6200,170338,1000,212329390
1923,2024/8/19,月,6,7,18,30,34,37,3,0,0,5,14997600,198,409000,11074,7700,182470,1000,462281689
1924,2024/8/22,木,7,16,18,25,26,27,17,2,356524000,20,3761600,301,269900,14489,5900,213575,1000,0
1925,2024/8/26,月,5,9,11,18,34,37,22,0,0,15,4237200,277,247700,12133,5900,185476,1000,211853722
1926,2024/8/29,木,10,13,18,24,34,37,1,0,0,3,24128600,239,327000,10993,7500,175688,1000,453132589
1927,2024/9/2,月,2,11,18,26,32,36,10,1,600000000,7,11986700,271,334300,14045,6800,219772,1000,132813201
1928,2024/9/5,木,2,18,20,24,26,29,22,0,0,6,12347500,175,457100,10554,8000,180699,1000,379755871
1929,2024/9/9,月,7,10,12,20,40,43,4,0,0,10,8618100,258,360700,12018,8100,192678,1000,667019502
1930,2024/9/12,木,5,10,19,23,29,37,11,3,313326300,15,5459300,369,239600,16755,5500,249362,1000,0
1931,2024/9/16,月,9,23,27,30,33,41,4,1,200000000,8,8214700,173,410200,9168,8100,154755,1000,19052827
1932,2024/9/19,木,1,5,16,20,24,31,29,1,247212700,10,6845000,261,283200,11617,6700,178498,1000,0
1933,2024/9/23,月,3,7,9,10,12,30,16,3,57055600,18,2852800,748,74100,22295,2600,240816,1000,0
1934,2024/9/26,木,6,13,16,20,27,41,30,1,200000000,3,22262000,289,249500,10151,7500,156787,1000,22613429
1935,2024/9/30,月,3,8,12,14,17,40,2,0,0,7,9578300,224,323200,12312,6200,2014270,1000,246101056
1936,2024/10/3,木,1,6,19,29,33,35,26,0,0,4,18792900,189,429500,10886,7800,180864,1000,496665863
1937,2024/10/7,月,1,9,26,28,31,38,8,2,391290900,8,10722100,208,445300,11143,8700,195350,1000,0
1938,2024/10/10,木,5,9,14,32,39,41,24,1,200000000,9,7298600,234,303100,10125,7400,148890,1000,18953720
1939,2024/10/14,月,10,22,26,27,29,37,41,2,122236300,3,22552600,193,378500,9701,7900,168638,1000,0
1940,2024/10/17,木,2,14,15,25,26,42,9,1,200000000,10,6508300,309,227400,11787,6300,174482,1000,16939059
1941,2024/10/21,月,2,12,13,21,23,43,39,1,245989400,5,13743400,262,283200,11432,6800,184315,1000,0
1942,2024/10/24,木,1,16,18,26,27,35,29,0,0,2,32582500,160,439800,9166,8100,153660,1000,217209902
1943,2024/10/28,月,10,11,17,25,34,38,9,2,231601500,9,8200000,358,222600,14161,5900,207875,1000,0
1944,2024/10/31,木,6,11,21,33,39,42,18,2,105420000,9,7028200,232,284400,10307,7000,164246,1000,0
1945,2024/11/4,月,1,2,4,14,27,43,41,2,104034300,1,62422600,256,263300,11359,6200,176670,1000,0
1946,2024/11/7,木,8,9,11,27,36,38,18,0,0,10,5893100,251,253500,11780,5700,185328,1000,196432716
1947,2024/11/11,月,10,24,30,36,37,41,5,0,0,2,39957300,198,435800,9970,9100,168794,1000,462806084
1948,2024/11/14,木,18,29,30,38,39,43,40,2,377664000,3,29253100,242,391600,9781,10200,168091,1000,0
1949,2024/11/18,月,12,13,17,28,37,43,27,1,200000000,3,22391000,176,412100,9430,8100,159992,1000,23903437
1950,2024/11/21,木,9,20,26,28,30,42,6,0,0,7,10008700,144,525400,7846,10100,143282,1000,257432231
1951,2024/11/25,月,1,3,6,23,28,35,14,1,500141700,8,9101900,280,280800,14140,5800,219313,1000,0
1952,2024/11/28,木,24,25,31,32,34,40,12,1,200000000,6,11369800,151,487900,7319,10600,127375,1000,27389705
1953,2024/12/2,月,19,23,29,33,36,40,27,1,279082400,7,10787100,204,399700,10031,8500,164497,1000,0
1954,2024/12/5,木,2,10,15,25,35,37,22,0,0,8,7871200,198,343400,10493,6800,160003,1000,209893841
1955,2024/12/9,月,11,19,26,28,29,36,1,0,0,6,12670000,235,349300,11973,7200,197905,1000,463287000
1956,2024/12/12,木,2,19,21,24,35,42,17,0,0,11,7567700,322,279100,13655,6900,200037,1000,740760596
1957,2024/12/16,月,3,4,5,13,34,42,18,1,600000000,8,12233300,221,478200,15264,7300,254422,1000,466973777
1958,2024/12/19,木,1,15,16,20,21,25,19,1,600000000,6,14708400,261,365100,11862,8400,201654,1000,161134078
1959,2024/12/23,月,19,20,36,40,41,43,22,1,453644600,2,43878000,178,532400,8931,11200,149682,1000,0
1960,2024/12/26,木,10,22,27,28,31,32,8,1,200000000,4,18899500,181,451000,9695,8800,170170,1000,51986189
1961,2024/12/30,月,11,12,27,28,38,43,10,3,99354600,9,8202800,263,303100,12438,6700,197407,1000,0
1962,2025/1/6,月,4,8,19,22,32,37,26,0,0,9,7369600,262,273400,11441,6600,176426,1000,221083304
1963,2025/1/9,木,3,4,20,29,35,38,6,0,0,5,15889400,161,532900,9398,9600,169569,1000,485899223
1964,2025/1/13,月,2,5,28,33,35,36,34,2,380755400,5,16537200,281,317700,12805,7300,213836,1000,0
1965,2025/1/16,木,17,18,20,23,33,43,19,0,0,2,33951400,135,543200,7763,9900,137810,1000,226335385
1966,2025/1/20,月,4,12,25,29,34,36,32,2,245216100,8,9903900,246,347800,12579,7100,200098,1000,0
1967,2025/1/23,木,3,4,22,26,29,35,37,0,0,8,7820500,204,331200,10972,6500,172592,1000,208541317
1968,2025/1/27,月,6,13,15,22,35,41,37,1,467060300,4,19389500,259,323300,11600,7600,181112,1000,0
1969,2025/1/30,木,3,7,12,13,35,38,24,0,0,13,4642000,215,303100,10743,6400,178223,1000,201148825
1970,2025/2/3,月,11,26,27,31,36,37,42,1,473982200,2,40926300,220,401800,11701,7900,196648,1000,0
1971,2025/2/6,木,2,6,9,26,32,36,23,0,0,14,4379200,271,244300,12116,5700,180000,1000,204356057
1972,2025/2/10,月,3,14,27,28,32,36,12,2,232087100,11,7086100,336,250500,14284,6200,206312,1000,0
1973,2025/2/13,木,7,10,14,27,28,32,4,0,0,6,10257700,292,227600,13551,5100,183516,1000,205147427
1974,2025/2/17,月,2,6,13,21,24,30,43,0,0,6,13214000,313,273500,15614,5700,232116,1000,469420123
1975,2025/2/20,木,11,13,15,20,35,42,19,3,254048800,7,12545800,210,451600,10719,9300,189919,1000,0
1976,2025/2/24,月,4,6,22,30,33,36,2,1,200000000,2,32344900,222,314600,10492,7000,167538,1000,15625957
1977,2025/2/27,木,4,14,20,28,29,34,30,7,37160000,6,12225100,210,377200,10859,7700,173020,1000,0
1978,2025/3/3,月,23,25,26,30,34,35,12,1,200000000,2,36927800,160,498500,7633,11000,140461,1000,46177490
1979,2025/3/6,木,15,18,19,21,37,40,17,0,0,5,14252500,167,460800,9085,8900,151824,1000,283712254
1980,2025/3/10,月,1,2,13,19,35,41,3,2,288235400,4,21957600,239,396800,11996,8300,202581,1000,0
1981,2025/3/13,木,5,10,15,17,29,41,30,0,0,9,6953100,171,395200,10254,6900,160545,1000,208586608
1982,2025/3/17,月,20,21,23,28,32,34,6,0,0,3,26913200,167,522100,9007,10200,157954,1000,477710057
1983,2025/3/20,木,3,18,31,36,37,40,23,0,0,4,20259200,179,488900,10100,9100,174041,1000,747824533
1984,2025/3/24,月,4,19,28,29,34,40,3,1,600000000,5,18522400,310,322600,13861,7600,216030,1000,456522723
1985,2025/3/27,木,1,30,36,37,41,43,33,0,0,4,21698500,155,604700,8786,11200,152020,1000,745827333
1986,2025/3/31,月,14,20,29,31,41,42,24,0,0,6,15588700,211,478700,10627,10000,184279,1000,1057592440
1987,2025/4/3,木,8,12,25,28,32,42,27,1,600000000,4,22204700,349,274800,16113,6200,249001,1000,753645824
1988,2025/4/7,月,6,20,23,24,33,35,27,1,600000000,7,12610700,233,409100,13636,7300,221858,1000,447886685
1989,2025/4/10,木,15,17,23,29,35,43,8,0,0,12,6836700,262,338100,11276,8300,181594,1000,721346489
1990,2025/4/14,月,6,9,15,19,24,40,30,1,600000000,7,11973100,309,292900,14668,6500,230369,1000,400711088
1991,2025/4/17,木,1,5,12,16,17,40,4,2,333146900,3,26559100,278,309500,12511,7200,208004,1000,0
1992,2025/4/21,月,9,11,18,21,27,34,13,2,107593400,6,10759600,290,240400,13380,5500,194321,1000,0
1993,2025/4/24,木,7,12,13,35,37,42,31,1,200000000,4,16096700,205,339100,9632,7600,156719,1000,14616653
1994,2025/4/28,月,10,11,13,16,24,26,12,1,243750300,6,11457000,243,305500,11995,6500,193990,1000,0
1995,2025/5/1,木,2,4,8,26,27,37,19,3,66525400,11,5443100,294,219900,13244,5100,205361,1000,0
1996,2025/5/5,月,6,17,26,28,33,34,20,2,105651300,7,9056100,215,318400,10299,7000,161024,1000,0
1997,2025/5/8,木,5,16,17,28,36,40,14,0,0,4,16234200,243,288500,10860,6800,159161,1000,216449935
1998,2025/5/12,月,1,4,6,9,20,43,21,0,0,8,9467000,339,241200,15697,5500,221407,1000,468895009
1999,2025/5/15,木,17,31,34,35,36,38,2,0,0,4,21589900,164,568600,8953,11000,153346,1000,756752052
2000,2025/5/19,月,1,2,16,21,25,35,22,0,0,3,29635400,251,382500,12337,8200,206276,1000,1053097181
2001,2025/5/22,木,13,21,24,26,34,36,20,1,600000000,4,22686800,264,371200,13087,7900,215342,1000,755578703
2002,2025/5/26,月,1,17,19,23,36,42,15,0,0,6,15189600,296,332500,12726,8100,209910,1000,1059361065
2003,2025/5/29,木,1,5,10,13,35,40,39,5,272022200,2,45113900,277,351700,13487,7600,222715,1000,0
2004,2025/6/2,月,16,18,25,27,31,36,7,0,0,12,5928000,194,396000,10751,7500,167295,1000,237113181
2005,2025/6/5,木,3,7,18,27,33,34,6,0,0,10,7290300,403,195300,16493,5000,227754,1000,480117370
2006,2025/6/9,月,4,7,19,22,26,28,33,2,366756500,18,4223400,423,194000,18834,4600,261834,1000,0
2007,2025/6/12,木,6,18,23,24,30,35,38,1,200000000,5,12137800,305,214800,12826,5400,174837,1000,2290785
2008,2025/6/16,月,5,8,9,17,22,36,30,1,212980400,15,4213900,403,169300,16397,4300,232774,1000,0
2009,2025/6/19,木,8,17,20,35,36,40,12,2,110607700,5,13273300,173,414200,9240,8100,148204,1000,0
2010,2025/6/23,月,9,15,24,29,31,40,13,0,0,3,22850300,208,355900,9717,8000,153689,1000,228495598
2011,2025/6/26,木,12,14,18,24,30,42,4,1,482082100,13,5852100,292,281300,12185,7100,185280,1000,0
2012,2025/6/30,月,1,14,20,36,38,41,30,1,200000000,1,75217100,118,688400,7433,11500,136879,1000,50715673
2013,2025/7/3,木,7,12,30,31,39,43,42,2,144542500,1,71513100,170,454300,9667,8400,159724,1000,0
2014,2025/7/7,月,7,11,21,24,29,34,40,1,200000000,1,65549500,226,313200,12073,6100,193672,1000,18491184
2015,2025/7/10,木,6,8,13,16,20,23,26,4,55995600,10,6164900,480,138700,12155,5700,193300,1000,0
2016,2025/7/14,月,10,13,27,31,40,42,1,0,0,4,17191600,163,455600,8088,9700,140198,1000,229213996
2017,2025/7/17,木,2,4,11,22,24,35,8,3,148608000,18,3610200,384,182700,15751,4700,222132,1000,0
2018,2025/7/21,月,1,2,14,21,22,33,37,2,102179200,6,10218200,227,291600,10619,6500,159437,1000,0
2019,2025/7/24,木,7,13,14,21,39,42,9,2,109854100,9,7323800,248,287000,11742,6400,160438,1000,0
2020,2025/7/28,月,5,21,23,28,38,39,32,0,0,1,66651100,176,408900,9360,8100,157824,1000,222163139
2021,2025/7/31,木,2,17,22,29,30,43,31,0,0,8,9434100,216,377300,10525,8100,171200,1000,473732119
2022,2025/8/4,月,2,3,18,26,31,33,30,2,370901400,5,16084700,261,332700,13919,6500,223217,1000,0
2023,2025/8/7,木,1,20,28,29,31,43,5,1,2000000000,1,67678000,152,480800,7976,9600,132339,1000,25586133
2024,2025/8/11,月,10,13,16,29,34,42,21,2,130661400,8,8840400,191,399800,8973,8900,149650,1000,0
2025,2025/8/14,木,12,18,26,28,41,43,35,0,0,2,31221400,140,481600,7663,9200,135664,1000,208136262
2026,2025/8/18,月,2,5,8,11,20,26,28,6,71626100,20,3324400,649,110600,21880,3400,265529,1000,0
2027,2025/8/21,木,5,12,18,23,34,39,13,1,200000000,7,8620600,389,167500,12260,5600,169488,1000,1142580
2028,2025/8/25,月,6,10,12,19,21,42,16,0,0,6,10756700,334,208600,15152,4800,208583,1000,216271318
2029,2025/8/28,木,7,21,31,36,40,43,41,1,488049000,0,0,162,543500,9379,9900,164175,1000,81535997
2030,2025/9/1,月,3,7,28,29,32,36,13,0,0,4,18228100,264,298200,12618,6500,198695,1000,324569514
2031,2025/9/4,木,2,3,16,20,23,29,27,3,194184800,6,12899600,298,280400,14158,6200,218931,1000,0
2032,2025/9/8,月,8,15,27,33,37,39,31,1,200000000,7,9565500,366,197500,12928,5900,182907,1000,23188375
2033,2025/9/11,木,5,16,21,22,33,35,26,3,85086700,7,9946200,242,310700,10699,7400,167344,1000,0
2034,2025/9/15,月,2,13,22,25,35,37,17,2,106154000,9,7077100,198,347400,10984,6600,163768,1000,0
2035,2025/9/18,木,5,10,12,17,21,35,9,0,0,9,6565600,286,223100,12973,5100,187195,1000,196961791
2036,2025/9/22,月,7,10,17,26,35,42,33,1,454612800,7,11042500,275,303500,11927,7300,193947,1000,0
2037,2025/9/25,木,7,12,20,23,27,29,10,0,0,3,19538100,251,252100,12515,5300,188891,1000,195374667
2038,2025/9/29,月,5,31,37,39,41,42,33,1,468137300,10,8183100,156,566500,8779,10600,152703,1000,0
2039,2025/10/2,木,2,15,25,27,38,42,22,0,0,11,5874600,271,257500,11331,6500,169403,1000,215395177
2040,2025/10/6,月,7,12,14,15,24,30,32,1,474998900,8,9735400,301,279400,14739,6000,229684,1000,0
2041,2025/10/9,木,4,19,22,24,32,38,11,0,0,13,4834800,233,291300,10452,6800,156707,1000,209502018
2042,2025/10/13,月,9,14,29,38,41,43,12,1,470308700,5,15648900,179,472000,9622,9200,157062,1000,0
2043,2025/10/16,木,11,19,22,34,40,42,31,0,0,5,13422300,183,306000,8573,8900,142617,1000,223699102
2044,2025/10/20,月,1,6,11,26,33,40,14,0,0,6,13035600,291,290200,13818,6400,212520,1000,484403623
2045,2025/10/23,木,1,4,7,12,16,28,19,3,239377600,14,5008600,596,127000,21477,3700,272776,1000,0
2046,2025/10/27,月,2,5,10,22,25,38,14,3,65800600,21,2820100,470,136000,16168,4100,209575,1000,0
2047,2025/10/30,木,10,11,16,19,37,39,27,0,0,3,21072900,165,413700,8955,8000,155144,1000,210723088
2048,2025/11/3,月,8,13,18,32,37,43,27,0,0,7,11040800,162,515200,10649,8200,175084,1000,468334806
2049,2025/11/6,木,10,24,25,39,40,42,19,0,0,9,9503600,190,486100,10720,9100,179593,1000,753434862
2050,2025/11/10,月,6,11,15,21,25,32,5,0,0,10,9002800,309,314600,15774,6500,248843,1000,1053519923
2051,2025/11/13,木,3,15,27,28,31,39,20,2,600000000,15,6459800,481,217500,17971,6100,258708,1000,176502270
2052,2025/11/17,月,1,3,18,25,30,34,10,0,0,5,15641200,240,351900,12225,7300,195372,1000,437181358
2053,2025/11/20,木,20,28,31,35,37,41,13,0,0,4,21547200,145,641900,9252,10600,162769,1000,724468616
2054,2025/11/24,月,1,14,27,30,33,37,23,1,600000000,1,91661400,239,414100,12213,8500,203450,1000,429996617
2055,2025/11/27,木,11,12,14,17,21,26,2,0,0,9,8790700,258,331100,13553,6600,227553,1000,693711520
2056,2025/12/1,月,3,7,15,17,19,30,38,1,600000000,6,14641600,408,232500,17973,5500,262734,1000,386535047
2057,2025/12/4,木,5,7,21,22,38,41,24,3,217303700,7,11373600,263,326900,13310,6800,207944,1000,0
2058,2025/12/8,月,9,12,14,16,19,42,18,2,115587500,4,17338600,171,438000,9488,8300,172385,1000,0
2059,2025/12/11,木,2,13,26,28,38,43,3,2,110548300,6,11055100,193,371100,10577,7100,161791,1000,0
2060,2025/12/15,月,8,16,22,40,41,42,10,1,200000000,7,10426600,164,480600,8955,9300,147543,1000,43279462
2061,2025/12/18,木,5,6,13,21,33,34,40,1,276436400,3,23316400,319,236800,11939,6600,182215,1000,0
2062,2025/12/22,月,1,9,18,24,35,42,8,1,200000000,11,6782200,292,275900,12385,6800,192461,1000,48674501
2063,2025/12/25,木,4,28,29,30,38,42,15,0,0,6,13231600,144,595400,9010,10000,162075,1000,313298859
2064,2025/12/29,月,2,7,24,37,39,41,3,1,600000000,12,7315700,264,359100,14217,7000,227361,1000,5920512
2065,2026/1/5,月,6,18,21,31,37,40,3,0,0,5,15198300,215,381700,10741,8000,178338,1000,259218384
2066,2026/1/8,木,8,28,30,32,37,38,5,1,542887200,4,21275800,156,589100,10434,9300,185431,1000,0
2067,2026/1/12,月,3,4,12,15,32,42,31,0,0,6,11094200,195,368600,10677,7100,185401,1000,221877669
2068,2026/1/15,木,2,10,13,14,29,33,32,0,0,6,13131100,378,225000,14922,6000,223597,1000,484491749
2069,2026/1/19,月,6,17,23,27,33,35,4,9,86819200,11,8097000,361,266400,15509,6500,241214,1000,0
2070,2026/1/22,木,6,10,25,30,34,36,12,1,200000000,9,7397100,151,476100,8966,8400,156035,1000,21907185
2071,2026/1/26,月,15,24,29,32,33,35,14,0,0,4,18897900,253,322600,11221,7600,177707,1000,273871384
2072,2026/1/29,木,8,18,24,36,40,42,43,0,0,6,13209300,306,279700,12711,7100,188758,1000,538049454
2073,2026/2/2,月,2,12,14,24,26,29,8,0,0,13,6667900,378,247600,17612,5600,270616,1000,826984918
2074,2026/2/5,木,5,6,16,26,27,36,11,4,281563500,18,4987900,649,149400,19672,5200,263713,1000,0
2075,2026/2/9,月,7,10,14,16,35,37,11,0,0,2,33333300,177,406700,10275,7400,169978,1000,222215112
2076,2026/2/12,木,1,9,20,22,28,41,30,5,94842000,7,10800100,579,141000,14943,5700,195735,1000,0
2077,2026/2/16,月,17,18,23,24,26,43,10,0,0,4,17916200,155,499300,9258,8800,161757,1000,238876055
2078,2026/2/19,木,1,10,20,24,30,35,41,1,495292100,6,12821200,245,339000,12042,7200,181113,1000,0
2079,2026/2/23,月,5,11,15,17,24,39,31,0,0,16,3884800,311,215800,13225,5300,195301,1000,207185202
2080,2026/2/26,木,6,12,30,36,37,38,8,1,455170700,10,7439800,241,333300,13400,6300,198415,1000,0
2081,2026/3/2,月,14,31,32,37,41,42,22,0,0,3,24703300,154,519700,8262,10200,140455,1000,247024989
2082,2026/3/5,木,5,11,14,19,25,40,17,2,266807600,6,14329900,293,316900,14596,6700,232454,1000,0
2083,2026/3/9,月,8,10,13,17,26,29,43,0,0,7,9010700,302,225500,13544,5300,199383,1000,210243220
2084,2026/3/12,木,8,17,18,19,30,39,9,0,0,8,9460500,290,281800,11789,7300,183453,1000,462516068
2085,2026/3/16,月,6,8,13,26,35,43,14,1,600000000,3,26889600,276,315600,12985,7000,208313,1000,131403738
2086,2026/3/19,木,4,11,19,28,39,40,6,0,0,15,4915400,296,269000,12723,6600,188055,1000,377168743
2087,2026/3/23,月,7,10,15,18,26,39,13,1,600000000,9,8467700,302,272500,14390,6000,216634,1000,31193795
2088,2026/3/26,木,8,16,18,27,37,39,29,3,85315200,11,6129800,282,258200,12626,6000,184969,1000,0
2089,2026/3/30,月,9,16,18,32,37,43,13,0,0,11,6458300,162,473500,9049,8900,151757,1000,236800230
2090,2026/4/2,木,2,3,6,9,24,36,5,1,449917100,8,7992100,476,145000,19544,3700,251566,1000,0
2091,2026/4/6,月,6,16,21,25,28,43,9,0,0,2,34177100,187,394700,9022,8600,160010,1000,227840393
2092,2026/4/9,木,8,13,27,36,37,43,3,0,0,6,12644000,264,310300,11718,7300,181007,1000,480712171
2093,2026/4/13,月,2,10,21,26,29,38,12,0,0,16,5077800,329,266600,14455,6400,224282,1000,751519994
2094,2026/4/16,木,3,4,7,11,24,30,16,5,200321600,18,4168200,710,114100,25626,3300,316889,1000,0
2095,2026/4/20,月,13,20,22,23,28,30,29,0,0,5,14547300,175,448800,8524,9700,153085,1000,242447428
2096,2026/4/23,木,8,15,18,21,33,43,38,0,0,6,12574100,239,340900,12495,6800,190942,1000,493922051
2097,2026/4/27,月,3,20,24,27,34,42,37,0,0,4,21894400,261,362300,12217,8100,202554,1000,785838686
2098,2026/4/30,木,1,6,15,18,19,42,24,2,536215400,18,4776600,254,365500,14486,6700,235925,1000,0
2099,2026/5/4,月,19,21,34,36,39,42,43,0,0,2,36859100,126,631800,7983,10500,139177,1000,245719871
2100,2026/5/7,木,8,17,24,32,35,41,28,5,100644600,15,5150200,461,180900,15912,5500,212199,1000,0
2101,2026/5/11,月,1,17,29,33,40,42,21,2,119417600,3,23884300,158,489700,8609,9400,143366,1000,0
2102,2026/5/14,木,18,21,25,28,30,43,8,1,200000000,8,8382900,148,489300,8874,8600,147401,1000,23538243
2103,2026/5/18,月,1,2,4,5,8,38,39,2,121423400,6,10965700,523,135800,18465,4000,234935,1000,0
2104,2026/5/21,木,18,19,21,25,28,34,4,1,200000000,9,7195000,180,388500,9725,7500,153283,1000,15845051
2105,2026/5/25,月,5,26,28,30,36,40,32,0,0,5,15075200,159,511900,8406,10200,151323,1000,267091381
2106,2026/5/28,木,1,6,17,27,34,43,24,2,261492400,12,6397500,269,308200,12294,7100,193814,1000,0
2107,2026/6/1,月,5,8,27,32,36,39,38,1,200000000,6,11670300,241,313700,11251,7100,181175,1000,33399525
2108,2026/6/4,木,2,5,10,15,28,43,27,3,83434500,6,10845500,313,224500,13552,5400,195451,1000,0
2109,2026/6/8,月,6,11,19,31,38,41,3,1,200000000,6,10863700,234,300800,10718,6900,171685,1000,17268406
2110,2026/6/11,木,3,9,18,35,36,40,29,2,124941200,4,17446600,217,347300,11138,7100,167812,1000,0
2111,2026/6/15,月,1,5,8,12,37,43,36,0,0,5,12451400,259,259500,13929,5100,216748,1000,207517626
2112,2026/6/18,木,3,7,8,27,31,40,18,0,0,4,18589200,293,274000,14317,5900,218891,1000,455366461
2113,2026/6/22,月,2,5,32,36,38,42,14,0,0,8,10842600,225,416300,12885,7600,213988,1000,744495484
2114,2026/6/25,木,2,16,20,21,23,33,43,2,525897600,8,11524100,313,318000,13496,7700,212254,1000,0
2115,2026/6/29,月,1,3,11,34,35,42,23,0,0,8,8572400,171,433100,10071,7700,168868,1000,228591918
2116,2026/7/2,木,2,6,13,14,20,42,10,1,485666100,7,11017800,226,368500,12948,6700,216056,1000,0
2117,2026/7/6,月,4,7,26,27,35,41,34,0,0,4,17279500,213,350400,11374,6900,181867,1000,230386799
2118,2026/7/9,木,1,5,8,35,36,37,24,0,0,6,12588100,323,252500,14687,5800,223868,1000,482140962
2119,2026/7/13,月,15,18,20,22,30,38,42,1,600000000,2,44295500,193,495700,11079,9100,192434,1000,177434948
2120,2026/7/16,木,3,8,13,14,16,43,26,0,0,9,8040500,195,400700,11417,7200,201006,1000,418643783
2121,2026/7/20,月,1,3,10,17,25,26,36,1,600000000,11,7086200,479,175700,17960,4900,251843,1000,78463295
2122,2026/7/23,木,12,15,18,21,26,32,41,0,0,8,8735200,224,336900,10717,7400,174785,1000,311395743
